HIERARCHY
ROOT Root
{
  OFFSET 0.0 0.0 0.0
  CHANNELS 6 Xposition Yposition Zposition Zrotation Yrotation Xrotation
  JOINT Hips
  {
    OFFSET 0.0 100.0 0.0
    CHANNELS 6 Xposition Yposition Zposition Zrotation Yrotation Xrotation
    JOINT Spine1
    {
      OFFSET -0.013727 5.003763 -0.053727
      CHANNELS 3 Zrotation Yrotation Xrotation
      JOINT Spine2
      {
        OFFSET -0.0 7.125301 -0.029825
        CHANNELS 3 Zrotation Yrotation Xrotation
        JOINT Chest
        {
          OFFSET -1e-06 7.550063 -0.815971
          CHANNELS 3 Zrotation Yrotation Xrotation
          JOINT Neck1
          {
            OFFSET -0.181677 26.311295 -0.553348
            CHANNELS 3 Zrotation Yrotation Xrotation
            JOINT Neck2
            {
              OFFSET -3e-06 7.709397 2.302585
              CHANNELS 3 Zrotation Yrotation Xrotation
              JOINT Head
              {
                OFFSET -5e-06 6.128916 1.953709
                CHANNELS 3 Zrotation Yrotation Xrotation
                JOINT HeadEnd
                {
                  OFFSET 0.003598 16.065403 -1.835379
                  CHANNELS 3 Zrotation Yrotation Xrotation
                }
                JOINT Jaw
                {
                  OFFSET 0.002637 0.475592 3.094941
                  CHANNELS 3 Zrotation Yrotation Xrotation
                }
                JOINT LeftEye
                {
                  OFFSET 3.206381 5.380205 7.586883
                  CHANNELS 3 Zrotation Yrotation Xrotation
                }
                JOINT RightEye
                {
                  OFFSET -3.22244 5.361869 7.558234
                  CHANNELS 3 Zrotation Yrotation Xrotation
                }
              }
            }
          }
          JOINT LeftShoulder
          {
            OFFSET 1.621652 23.237164 5.113413
            CHANNELS 3 Zrotation Yrotation Xrotation
            JOINT LeftArm
            {
              OFFSET 14.919846 2e-06 -5.502326
              CHANNELS 3 Zrotation Yrotation Xrotation
              JOINT LeftForeArm
              {
                OFFSET 28.739307 0.0 -0.002588
                CHANNELS 3 Zrotation Yrotation Xrotation
                JOINT LeftHand
                {
                  OFFSET 27.093981 -1e-06 0.002609
                  CHANNELS 3 Zrotation Yrotation Xrotation
                  JOINT LeftHandThumb1
                  {
                    OFFSET 2.276482 -1.392045 3.191413
                    CHANNELS 3 Zrotation Yrotation Xrotation
                    JOINT LeftHandThumb2
                    {
                      OFFSET 4.012836 -1.828127 1.641654
                      CHANNELS 3 Zrotation Yrotation Xrotation
                      JOINT LeftHandThumb3
                      {
                        OFFSET 2.798515 0.0 -3e-06
                        CHANNELS 3 Zrotation Yrotation Xrotation
                        JOINT LeftHandThumbEnd
                        {
                          OFFSET 3.180793 -4e-06 4e-06
                          CHANNELS 3 Zrotation Yrotation Xrotation
                        }
                      }
                    }
                  }
                  JOINT LeftHandIndex1
                  {
                    OFFSET 3.247555 -0.531998 2.296169
                    CHANNELS 3 Zrotation Yrotation Xrotation
                    JOINT LeftHandIndex2
                    {
                      OFFSET 6.364578 0.01206 0.1786
                      CHANNELS 3 Zrotation Yrotation Xrotation
                      JOINT LeftHandIndex3
                      {
                        OFFSET 3.662364 0.0 0.0
                        CHANNELS 3 Zrotation Yrotation Xrotation
                        JOINT LeftHandIndex4
                        {
                          OFFSET 2.329242 4e-06 4e-06
                          CHANNELS 3 Zrotation Yrotation Xrotation
                          JOINT LeftHandIndexEnd
                          {
                            OFFSET 2.759615 -0.180537 -0.113024
                            CHANNELS 3 Zrotation Yrotation Xrotation
                          }
                        }
                      }
                    }
                  }
                  JOINT LeftHandMiddle1
                  {
                    OFFSET 3.163495 0.240981 1.000332
                    CHANNELS 3 Zrotation Yrotation Xrotation
                    JOINT LeftHandMiddle2
                    {
                      OFFSET 6.19078 -0.259278 -1.002548
                      CHANNELS 3 Zrotation Yrotation Xrotation
                      JOINT LeftHandMiddle3
                      {
                        OFFSET 4.35652 -4e-06 -1e-06
                        CHANNELS 3 Zrotation Yrotation Xrotation
                        JOINT LeftHandMiddle4
                        {
                          OFFSET 2.996877 -8e-06 0.0
                          CHANNELS 3 Zrotation Yrotation Xrotation
                          JOINT LeftHandMiddleEnd
                          {
                            OFFSET 2.304287 -0.294569 -0.031741
                            CHANNELS 3 Zrotation Yrotation Xrotation
                          }
                        }
                      }
                    }
                  }
                  JOINT LeftHandRing1
                  {
                    OFFSET 2.882643 -0.053652 -0.322543
                    CHANNELS 3 Zrotation Yrotation Xrotation
                    JOINT LeftHandRing2
                    {
                      OFFSET 5.854541 -0.486202 -1.373841
                      CHANNELS 3 Zrotation Yrotation Xrotation
                      JOINT LeftHandRing3
                      {
                        OFFSET 4.350578 0.0 3e-06
                        CHANNELS 3 Zrotation Yrotation Xrotation
                        JOINT LeftHandRing4
                        {
                          OFFSET 2.651321 7e-06 2e-06
                          CHANNELS 3 Zrotation Yrotation Xrotation
                          JOINT LeftHandRingEnd
                          {
                            OFFSET 1.936105 0.077687 -7.1e-05
                            CHANNELS 3 Zrotation Yrotation Xrotation
                          }
                        }
                      }
                    }
                  }
                  JOINT LeftHandPinky1
                  {
                    OFFSET 2.8655 -0.310005 -1.600378
                    CHANNELS 3 Zrotation Yrotation Xrotation
                    JOINT LeftHandPinky2
                    {
                      OFFSET 5.087849 -1.331141 -1.77123
                      CHANNELS 3 Zrotation Yrotation Xrotation
                      JOINT LeftHandPinky3
                      {
                        OFFSET 3.070974 4e-06 0.0
                        CHANNELS 3 Zrotation Yrotation Xrotation
                        JOINT LeftHandPinky4
                        {
                          OFFSET 1.549672 0.0 1e-06
                          CHANNELS 3 Zrotation Yrotation Xrotation
                          JOINT LeftHandPinkyEnd
                          {
                            OFFSET 1.944893 -0.157802 0.057219
                            CHANNELS 3 Zrotation Yrotation Xrotation
                          }
                        }
                      }
                    }
                  }
                }
              }
            }
          }
          JOINT RightShoulder
          {
            OFFSET -1.380118 23.180309 5.214158
            CHANNELS 3 Zrotation Yrotation Xrotation
            JOINT RightArm
            {
              OFFSET -15.037196 1.2e-05 -5.545604
              CHANNELS 3 Zrotation Yrotation Xrotation
              JOINT RightForeArm
              {
                OFFSET -28.736639 2e-06 -0.002597
                CHANNELS 3 Zrotation Yrotation Xrotation
                JOINT RightHand
                {
                  OFFSET -27.133619 -0.0 0.002613
                  CHANNELS 3 Zrotation Yrotation Xrotation
                  JOINT RightHandThumb1
                  {
                    OFFSET -2.274032 -1.383988 3.163127
                    CHANNELS 3 Zrotation Yrotation Xrotation
                    JOINT RightHandThumb2
                    {
                      OFFSET -4.011429 -1.827466 1.640914
                      CHANNELS 3 Zrotation Yrotation Xrotation
                      JOINT RightHandThumb3
                      {
                        OFFSET -2.794935 -4e-06 -3e-06
                        CHANNELS 3 Zrotation Yrotation Xrotation
                        JOINT RightHandThumbEnd
                        {
                          OFFSET -3.183852 4e-06 1e-06
                          CHANNELS 3 Zrotation Yrotation Xrotation
                        }
                      }
                    }
                  }
                  JOINT RightHandIndex1
                  {
                    OFFSET -3.253266 -0.520057 2.282866
                    CHANNELS 3 Zrotation Yrotation Xrotation
                    JOINT RightHandIndex2
                    {
                      OFFSET -6.341917 0.012471 0.178266
                      CHANNELS 3 Zrotation Yrotation Xrotation
                      JOINT RightHandIndex3
                      {
                        OFFSET -3.654871 -8e-06 -0.0
                        CHANNELS 3 Zrotation Yrotation Xrotation
                        JOINT RightHandIndex4
                        {
                          OFFSET -2.327586 0.0 1e-06
                          CHANNELS 3 Zrotation Yrotation Xrotation
                          JOINT RightHandIndexEnd
                          {
                            OFFSET -2.76179 -0.180656 -0.113078
                            CHANNELS 3 Zrotation Yrotation Xrotation
                          }
                        }
                      }
                    }
                  }
                  JOINT RightHandMiddle1
                  {
                    OFFSET -3.168106 0.246593 1.00103
                    CHANNELS 3 Zrotation Yrotation Xrotation
                    JOINT RightHandMiddle2
                    {
                      OFFSET -6.180828 -0.258836 -1.000895
                      CHANNELS 3 Zrotation Yrotation Xrotation
                      JOINT RightHandMiddle3
                      {
                        OFFSET -4.348901 0.0 -0.0
                        CHANNELS 3 Zrotation Yrotation Xrotation
                        JOINT RightHandMiddle4
                        {
                          OFFSET -3.00024 -4e-06 -2e-06
                          CHANNELS 3 Zrotation Yrotation Xrotation
                          JOINT RightHandMiddleEnd
                          {
                            OFFSET -2.30252 -0.29437 -0.031706
                            CHANNELS 3 Zrotation Yrotation Xrotation
                          }
                        }
                      }
                    }
                  }
                  JOINT RightHandRing1
                  {
                    OFFSET -2.88569 -0.067952 -0.308858
                    CHANNELS 3 Zrotation Yrotation Xrotation
                    JOINT RightHandRing2
                    {
                      OFFSET -5.854198 -0.48613 -1.373731
                      CHANNELS 3 Zrotation Yrotation Xrotation
                      JOINT RightHandRing3
                      {
                        OFFSET -4.33881 -4e-06 -0.0
                        CHANNELS 3 Zrotation Yrotation Xrotation
                        JOINT RightHandRing4
                        {
                          OFFSET -2.654903 -4e-06 4e-06
                          CHANNELS 3 Zrotation Yrotation Xrotation
                          JOINT RightHandRingEnd
                          {
                            OFFSET -1.933568 0.077527 -5.2e-05
                            CHANNELS 3 Zrotation Yrotation Xrotation
                          }
                        }
                      }
                    }
                  }
                  JOINT RightHandPinky1
                  {
                    OFFSET -2.866425 -0.342796 -1.584145
                    CHANNELS 3 Zrotation Yrotation Xrotation
                    JOINT RightHandPinky2
                    {
                      OFFSET -5.091371 -1.332055 -1.772385
                      CHANNELS 3 Zrotation Yrotation Xrotation
                      JOINT RightHandPinky3
                      {
                        OFFSET -3.062664 -4e-06 1e-06
                        CHANNELS 3 Zrotation Yrotation Xrotation
                        JOINT RightHandPinky4
                        {
                          OFFSET -1.546529 4e-06 -2e-06
                          CHANNELS 3 Zrotation Yrotation Xrotation
                          JOINT RightHandPinkyEnd
                          {
                            OFFSET -1.945119 -0.157718 0.057211
                            CHANNELS 3 Zrotation Yrotation Xrotation
                          }
                        }
                      }
                    }
                  }
                }
              }
            }
          }
        }
      }
    }
    JOINT LeftLeg
    {
      OFFSET 10.043214 -8.434526 2.595655
      CHANNELS 3 Zrotation Yrotation Xrotation
      JOINT LeftShin
      {
        OFFSET -1e-06 -43.221752 -0.802913
        CHANNELS 3 Zrotation Yrotation Xrotation
        JOINT LeftFoot
        {
          OFFSET 1e-06 -42.155094 -3.481523
          CHANNELS 3 Zrotation Yrotation Xrotation
          JOINT LeftToeBase
          {
            OFFSET 0.0 -5.059472 13.231529
            CHANNELS 3 Zrotation Yrotation Xrotation
            JOINT LeftToeEnd
            {
              OFFSET -0.009607 -1.647619 6.513017
              CHANNELS 3 Zrotation Yrotation Xrotation
            }
          }
        }
      }
    }
    JOINT RightLeg
    {
      OFFSET -10.047278 -8.29526 2.620317
      CHANNELS 3 Zrotation Yrotation Xrotation
      JOINT RightShin
      {
        OFFSET 1e-06 -43.362206 -0.805556
        CHANNELS 3 Zrotation Yrotation Xrotation
        JOINT RightFoot
        {
          OFFSET 2e-06 -42.117393 -3.478398
          CHANNELS 3 Zrotation Yrotation Xrotation
          JOINT RightToeBase
          {
            OFFSET -0.0 -5.079609 13.284196
            CHANNELS 3 Zrotation Yrotation Xrotation
            JOINT RightToeEnd
            {
              OFFSET 0.009532 -1.634378 6.460591
              CHANNELS 3 Zrotation Yrotation Xrotation
            }
          }
        }
      }
    }
  }
}
MOTION
Frames: 120
Frame Time: 0.03333333333333333
0.0 0.0 0.0 0.0 -0.0 0.0 -0.23658 60.341461 -1.525797 1.276617 0.233121 32.337868 -1.316997 0.111551 19.948223 -1.006458 0.54921 6.241586 -0.931573 0.299722 18.131382 -0.382572 3.036138 -30.388424 -0.733811 -1.690058 -3.503778 1.37861 -3.576298 7.168365 7.7e-05 -2.2e-05 7e-06 0.01304 -0.028792 -0.160194 0.861889 -3.799686 -10.702618 -0.844353 3.749817 -10.70243 0.476541 -19.427723 5.028682 8.568084 -43.372013 -39.838142 3.18462 -68.04084 -2.646118 9.260887 14.876478 4.523294 -5.882085 9.861413 0.702496 -10.93691 -0.360537 7.156209 2e-05 8.774814 8e-06 -15.875897 18.686157 6.660206 -1.844024 2.498495 -2.507267 -10.163523 4.6789 4.621122 -20.975899 -5e-05 2.7e-05 -21.226158 2.451642 -3.593945 0.0 -7e-06 -0.0 -1.362643 2.24075 -0.746301 -21.33482 0.584886 3.008325 -13.821137 -2.7e-05 2.6e-05 -23.887037 -0.249123 -0.839401 -59.594707 2.726374 -1.243031 -0.293978 1.679627 0.833284 -14.218172 0.093222 1.300566 -34.211838 -0.287606 0.967238 -20.033148 0.964529 1.212893 -1e-06 0.0 -0.0 -3.440267 0.788126 0.50171 -15.928205 -3.167272 2.999667 -6.338792 -1e-05 1.1e-05 -18.123348 3.648131 -4.905623 -4e-06 -0.0 0.0 2.269752 32.919895 5.395442 -25.997143 42.617287 -41.400963 2.794553 58.278332 2.451866 -20.918819 -13.240014 5.068434 2.243619 -5.255281 -3.180379 14.283004 -0.826552 6.952394 -2.8e-05 -12.690528 2.3e-05 16.735729 -17.770151 2.407989 1.665645 -1.955913 -2.878278 4.72774 -4.170537 4.993954 11.020422 2.2e-05 2.5e-05 12.108874 -3.735642 -2.866696 -0.0 2e-06 -0.0 1.291936 -1.928478 -1.498047 14.800026 0.567437 3.865623 14.242414 -1.341707 -6.660569 19.63172 0.143953 -0.648118 49.974667 -1.272822 -6.298792 0.352968 -1.51106 -0.031889 20.222664 3.684245 2.316631 18.787102 8e-06 6.4e-05 10.751562 -0.479875 1.397929 0.0 1e-06 0.0 3.27364 0.306094 -0.58 21.486769 11.830234 2.266066 8.162866 3e-06 2.8e-05 18.398891 -3.798982 -4.940429 3e-06 0.0 -1e-06 -2.423113 22.010975 -108.189133 -0.9775 -0.092096 104.928741 -4.298963 -15.176726 -27.502966 1.642365 -1.751963 -1.280959 0.0 0.0 2e-06 6.950987 -18.810877 -111.917412 0.031856 -0.113576 106.603477 0.00343 6.624979 -27.09956 -1.421 0.970866 -1.730663 -0.0 -1e-06 2e-06 
0.0 0.0 0.0 0.0 -0.0 0.0 -0.232902 60.161442 -1.469677 1.395981 0.397849 32.395336 -1.211682 0.079217 20.018894 -0.994779 0.559718 6.20322 -0.800152 0.337308 18.1015 -0.537608 2.984648 -30.439438 -0.719952 -1.870956 -3.488425 1.37325 -3.664147 7.26574 7.7e-05 -2.2e-05 6e-06 0.003876 -0.029038 -0.167185 0.848012 -3.79881 -10.674588 -0.847261 3.74569 -10.669309 0.390893 -19.517561 5.055521 8.921474 -43.296299 -40.129021 2.998723 -68.259003 -2.43345 9.039811 15.046923 4.071455 -5.882218 9.860955 0.703471 -10.936729 -0.360388 7.156621 -1.2e-05 8.774921 -1e-06 -15.816823 18.701399 6.681098 -1.844045 2.498516 -2.507322 -10.163718 4.679015 4.621037 -20.97632 2.8e-05 2e-06 -21.226763 2.451777 -3.59417 -1e-06 -6e-06 1e-06 -1.362723 2.240894 -0.746386 -21.335108 0.584854 3.008309 -13.82141 1.8e-05 7e-06 -23.887804 -0.249042 -0.839597 -59.759361 2.681732 -1.19723 -0.294074 1.679813 0.833192 -14.218285 0.093107 1.300562 -34.212601 -0.287506 0.967193 -20.033543 0.964599 1.212883 0.0 -0.0 0.0 -3.440553 0.788432 0.501526 -15.928164 -3.167507 2.999765 -6.338914 9e-06 7e-06 -18.123886 3.648219 -4.905829 -4e-06 2e-06 -1e-06 2.387614 32.837219 5.438478 -26.261442 42.182999 -41.602619 3.006546 58.750015 2.504652 -20.773367 -13.128536 5.429257 2.243608 -5.254788 -3.179583 14.282813 -0.826708 6.952776 3e-06 -12.690666 5e-06 16.634422 -17.79994 2.424701 1.665674 -1.955925 -2.878337 4.727844 -4.170621 4.993882 11.020637 -3e-06 2e-06 12.109264 -3.735749 -2.866874 0.0 -0.0 0.0 1.292015 -1.928609 -1.498144 14.800213 0.567507 3.8656 14.242712 -1.341734 -6.660738 19.632328 0.14392 -0.648317 49.985992 -1.301711 -6.227835 0.353069 -1.511223 -0.031999 20.2229 3.684374 2.316633 18.787472 -7e-06 1e-06 10.751735 -0.479887 1.397944 -0.0 -2e-06 -0.0 3.273931 0.305833 -0.580214 21.486834 11.830493 2.266166 8.163013 -1e-05 4e-06 18.399406 -3.798983 -4.94067 3e-06 -3e-06 -2e-06 -2.392328 21.850508 -108.349937 -0.931662 -0.04572 105.179855 -4.197248 -15.284666 -27.818697 1.645037 -1.755213 -1.362004 0.0 0.0 4e-06 6.89958 -18.96419 -112.181015 0.010128 -0.074786 106.855156 0.099267 6.620749 -27.245758 -1.42366 0.948365 -1.699575 0.0 -0.0 -4e-06 
0.0 0.0 0.0 0.0 -0.0 0.0 -0.186664 60.020149 -1.456269 1.504366 0.527682 32.369068 -1.124594 0.05186 20.076027 -0.94305 0.561573 6.1991 -0.744403 0.357206 18.091906 -0.626887 3.010557 -30.432076 -0.765798 -2.015515 -3.491188 1.298781 -3.731966 7.365626 7.7e-05 -2.2e-05 5e-06 -0.016157 -0.015361 -0.168752 0.82677 -3.78881 -10.6725 -0.864919 3.760414 -10.660963 0.366746 -19.568579 5.078853 9.182096 -43.135601 -40.234077 3.081846 -68.551903 -2.491248 8.842022 15.244069 3.544661 -5.881993 9.861496 0.702257 -10.936852 -0.360615 7.15614 7e-06 8.774793 7e-06 -15.827604 18.748592 6.663599 -1.84403 2.498497 -2.507262 -10.163563 4.678912 4.621113 -20.975977 -2.2e-05 -2e-05 -21.226294 2.451646 -3.594001 -2e-06 -3e-06 -0.0 -1.362677 2.240746 -0.746299 -21.334846 0.58493 3.008292 -13.821179 -1.7e-05 -1.5e-05 -23.887171 -0.24914 -0.839501 -59.911598 2.670237 -1.189365 -0.294019 1.679621 0.833282 -14.218176 0.093255 1.300562 -34.211979 -0.287608 0.967129 -20.033226 0.964501 1.212831 1e-06 2e-06 -0.0 -3.440338 0.788135 0.5017 -15.928168 -3.16723 2.999667 -6.338809 -6e-06 -8e-06 -18.123459 3.648135 -4.905685 -5e-06 -1e-06 -1e-06 2.405817 32.91452 5.412019 -26.303185 41.64621 -41.382915 2.839205 59.291889 2.323423 -20.51301 -13.250509 6.010844 2.243466 -5.255436 -3.180637 14.282958 -0.826443 6.952312 -8e-06 -12.690467 2.6e-05 16.60146 -17.817745 2.481716 1.665656 -1.955914 -2.878267 4.727762 -4.170528 4.99396 11.020434 4e-06 -3e-06 12.108932 -3.735636 -2.866707 0.0 0.0 1e-06 1.291972 -1.928453 -1.498039 14.800016 0.567379 3.865592 14.242455 -1.341714 -6.660588 19.631752 0.143955 -0.648209 50.071053 -1.324868 -6.166429 0.35301 -1.51102 -0.031883 20.222643 3.684159 2.31658 18.787113 -1e-06 -1.2e-05 10.751561 -0.479865 1.397878 0.0 -0.0 0.0 3.273711 0.30612 -0.580003 21.48671 11.830106 2.266022 8.162853 -7e-06 -6e-06 18.398895 -3.798949 -4.940508 3e-06 -3e-06 -1e-06 -2.338249 21.708 -108.438408 -0.887423 -0.001577 105.420311 -4.161815 -15.297845 -27.978451 1.650568 -1.748568 -1.417997 -0.0 -1e-06 -1e-06 6.91303 -19.195251 -112.380463 -0.005204 -0.05148 107.09864 0.171025 6.755596 -27.331259 -1.423007 0.943894 -1.643194 -0.0 -0.0 1e-06 
0.0 0.0 0.0 0.0 -0.0 0.0 -0.14845 59.926285 -1.451097 1.588915 0.594356 32.327595 -1.072259 0.032548 20.133423 -0.888659 0.564156 6.209755 -0.721763 0.369038 18.069075 -0.659182 3.030867 -30.418043 -0.8325 -2.088366 -3.491292 1.235353 -3.743768 7.46089 7.7e-05 -2.2e-05 9e-06 -0.035995 -0.000809 -0.17023 0.810408 -3.780756 -10.687635 -0.887437 3.779495 -10.672183 0.30951 -19.550686 5.116339 9.4793 -43.019135 -40.401459 3.072831 -68.796654 -2.506851 8.712722 15.401297 3.437902 -5.882204 9.861053 0.703037 -10.936769 -0.360431 7.156423 -6e-06 8.774906 -7e-06 -15.840469 18.783785 6.645473 -1.84404 2.49851 -2.5073 -10.163676 4.678995 4.621068 -20.976248 1e-05 1.8e-05 -21.22665 2.451764 -3.594109 0.0 -6e-06 1e-06 -1.362703 2.24087 -0.746353 -21.335052 0.584851 3.008329 -13.82136 8e-06 1.4e-05 -23.887657 -0.249046 -0.839542 -60.04623 2.671237 -1.178458 -0.294055 1.67978 0.833224 -14.21827 0.093119 1.300575 -34.21246 -0.287536 0.967207 -20.033472 0.964577 1.212889 -3e-06 3e-06 -1e-06 -3.440483 0.788369 0.501586 -15.928183 -3.167476 2.999753 -6.338893 4e-06 8e-06 -18.123795 3.648213 -4.905771 -4e-06 3e-06 -2e-06 2.364183 33.007496 5.385478 -26.32128 41.170372 -41.129959 2.541557 59.773212 2.080137 -20.306541 -13.502567 6.681877 2.243566 -5.254872 -3.17994 14.28284 -0.826648 6.952596 1e-06 -12.69065 -9e-06 16.599167 -17.855354 2.555502 1.665668 -1.955926 -2.878312 4.727821 -4.170609 4.993899 11.020588 0.0 0.0 12.109187 -3.735749 -2.866849 0.0 -3e-06 0.0 1.291999 -1.928586 -1.498116 14.800173 0.567497 3.865611 14.24265 -1.341747 -6.660701 19.63221 0.143924 -0.64829 50.213238 -1.367817 -6.13367 0.35305 -1.5112 -0.031971 20.222841 3.684362 2.316649 18.787388 5e-06 1e-06 10.751693 -0.479875 1.397934 0.0 3e-06 -1e-06 3.273865 0.305876 -0.580167 21.486834 11.830463 2.26618 8.16297 -1e-06 1e-06 18.399277 -3.798981 -4.940641 2e-06 -2e-06 0.0 -2.267565 21.5767 -108.467323 -0.839918 0.025458 105.631973 -4.168846 -15.29206 -28.045345 1.653422 -1.746537 -1.462103 -0.0 0.0 -3e-06 6.912641 -19.419523 -112.4879 -0.021478 -0.037922 107.282486 0.187746 6.902466 -27.427454 -1.420529 0.947948 -1.624794 0.0 -0.0 -2e-06 
0.0 0.0 0.0 0.0 -0.0 0.0 -0.120443 59.884609 -1.448513 1.638111 0.611277 32.306293 -1.050471 0.026659 20.189577 -0.844436 0.566959 6.229269 -0.718562 0.364341 18.044861 -0.653299 3.049265 -30.42878 -0.886226 -2.106617 -3.475924 1.213501 -3.726826 7.545077 7.7e-05 -2.2e-05 2e-06 -0.059341 0.016829 -0.168623 0.790476 -3.766996 -10.700029 -0.913957 3.800014 -10.68228 0.255338 -19.485104 5.13718 9.809288 -42.948143 -40.682606 2.910586 -68.957481 -2.393986 8.642951 15.515784 3.5921 -5.881995 9.861465 0.702197 -10.936891 -0.360613 7.156099 6e-06 8.774798 -2e-06 -15.836868 18.803083 6.632881 -1.844026 2.498495 -2.507258 -10.163539 4.678913 4.621118 -20.975904 -2.7e-05 -9e-06 -21.226171 2.451651 -3.593987 -1e-06 -7e-06 2e-06 -1.362662 2.240751 -0.746295 -21.334806 0.584915 3.008312 -13.821133 -2e-05 -2e-06 -23.887035 -0.249126 -0.839464 -60.097858 2.687293 -1.156584 -0.294004 1.679626 0.833288 -14.218155 0.093249 1.300576 -34.211826 -0.287602 0.967162 -20.033127 0.964515 1.212851 -1e-06 1e-06 -0.0 -3.440305 0.78814 0.501711 -15.928177 -3.167248 2.999676 -6.338783 -7e-06 -3e-06 -18.123335 3.648144 -4.905655 -4e-06 -3e-06 -2e-06 2.304636 33.107582 5.358982 -26.380316 40.811169 -41.010765 2.322097 60.144413 1.921821 -20.156965 -13.755713 7.271466 2.243362 -5.255394 -3.180592 14.282928 -0.826516 6.952365 3e-06 -12.690521 2.7e-05 16.602581 -17.878902 2.604673 1.665657 -1.955914 -2.878276 4.727768 -4.170551 4.993946 11.020426 -6e-06 -2.6e-05 12.108938 -3.735676 -2.866774 -1e-06 -2e-06 1e-06 1.291982 -1.928483 -1.498043 14.800009 0.567414 3.865566 14.242455 -1.341727 -6.66063 19.631741 0.143972 -0.648283 50.328434 -1.407341 -6.11591 0.353019 -1.511061 -0.031889 20.222622 3.684221 2.316561 18.787086 -4e-06 -5.2e-05 10.751535 -0.479861 1.397863 0.0 3e-06 1e-06 3.273716 0.306059 -0.580028 21.486692 11.830224 2.266029 8.162839 -5e-06 -1.8e-05 18.398859 -3.798962 -4.940582 2e-06 -3e-06 -2e-06 -2.217916 21.483402 -108.474098 -0.79401 0.034999 105.777321 -4.186388 -15.29298 -28.074009 1.653176 -1.754049 -1.465584 0.0 0.0 1e-06 6.935374 -19.586449 -112.543152 -0.037449 -0.031384 107.385597 0.178188 6.994712 -27.497286 -1.417437 0.953379 -1.618268 0.0 1e-06 4e-06 
0.0 0.0 0.0 0.0 -0.0 0.0 -0.09641 59.885361 -1.442804 1.637258 0.602005 32.286758 -1.045686 0.028515 20.246323 -0.826415 0.568452 6.24942 -0.731613 0.352755 18.03458 -0.60711 3.063311 -30.479412 -0.918307 -2.093731 -3.453085 1.228125 -3.691158 7.65795 7.7e-05 -2.2e-05 7e-06 -0.079122 0.030933 -0.168261 0.772794 -3.754281 -10.707332 -0.936006 3.81542 -10.689132 0.211894 -19.416542 5.139977 10.082049 -42.903744 -41.005791 2.662419 -69.030724 -2.205062 8.646736 15.563315 3.820022 -5.881974 9.861466 0.702042 -10.936943 -0.360756 7.155968 6e-06 8.774751 -1.7e-05 -15.838323 18.829165 6.620494 -1.844022 2.498497 -2.507247 -10.163498 4.678886 4.621129 -20.975788 -3.9e-05 -1.2e-05 -21.226 2.451589 -3.593946 -1e-06 -5e-06 1e-06 -1.36265 2.240719 -0.746296 -21.334736 0.58496 3.008324 -13.821066 -2.5e-05 -4e-06 -23.886827 -0.249157 -0.839439 -60.124619 2.721768 -1.157561 -0.293987 1.679584 0.833279 -14.218126 0.093309 1.3006 -34.211643 -0.287628 0.967154 -20.033024 0.964486 1.212843 -0.0 -2e-06 -1e-06 -3.440253 0.788077 0.501717 -15.928185 -3.167144 2.999691 -6.338758 -8e-06 -2e-06 -18.123213 3.648115 -4.905625 -4e-06 0.0 -3e-06 2.29332 33.212963 5.346642 -26.441147 40.580963 -40.989269 2.224808 60.400333 1.896672 -20.017365 -13.972824 7.537387 2.243442 -5.2551 -3.18042 14.282887 -0.826468 6.952387 1e-06 -12.690555 -2.6e-05 16.60499 -17.887236 2.611515 1.665661 -1.955926 -2.878281 4.727784 -4.170572 4.993918 11.020493 2e-06 -2.1e-05 12.109045 -3.73569 -2.866832 1e-06 1e-06 1e-06 1.291976 -1.92852 -1.498081 14.800077 0.567434 3.865608 14.242531 -1.341732 -6.660673 19.631937 0.143977 -0.648301 50.370491 -1.419477 -6.131392 0.353015 -1.51111 -0.031934 20.222721 3.684253 2.316634 18.787205 2.5e-05 -3.4e-05 10.751604 -0.479849 1.3979 0.0 -0.0 0.0 3.273741 0.306006 -0.580099 21.486784 11.83025 2.266156 8.162893 1.2e-05 -1.1e-05 18.399046 -3.798923 -4.940618 3e-06 -3e-06 -1e-06 -2.17909 21.433168 -108.446884 -0.75644 0.033547 105.862991 -4.168039 -15.27333 -28.109766 1.650697 -1.769318 -1.410476 0.0 0.0 2e-06 6.975494 -19.683075 -112.534225 -0.053927 -0.030437 107.406448 0.145463 7.034259 -27.516655 -1.415133 0.952889 -1.617311 -0.0 -0.0 2e-06 
0.0 0.0 0.0 0.0 -0.0 0.0 -0.065531 59.928883 -1.43676 1.580251 0.571958 32.253132 -1.049512 0.044017 20.311583 -0.837393 0.563845 6.263369 -0.753167 0.35196 18.032837 -0.533921 3.062191 -30.526281 -0.931311 -2.069981 -3.434856 1.249672 -3.624032 7.765018 7.7e-05 -2.2e-05 4e-06 -0.096841 0.042899 -0.168955 0.757631 -3.743799 -10.712041 -0.956374 3.829206 -10.6948 0.209508 -19.361746 5.158615 10.259024 -42.86264 -41.305004 2.48454 -69.065521 -2.050356 8.700727 15.557622 4.034071 -5.882015 9.86136 0.70232 -10.936845 -0.360727 7.156081 -1.2e-05 8.774769 -1.4e-05 -15.847993 18.859257 6.614226 -1.844038 2.498509 -2.507261 -10.163605 4.678939 4.621096 -20.976006 1.7e-05 -4.4e-05 -21.226318 2.451667 -3.594045 -3e-06 -8e-06 -1e-06 -1.36271 2.240772 -0.746325 -21.334877 0.584976 3.008299 -13.821205 3e-06 -3e-05 -23.88722 -0.249113 -0.839556 -60.154755 2.766959 -1.161147 -0.294053 1.679652 0.83325 -14.218178 0.093291 1.300587 -34.212032 -0.287562 0.967076 -20.033226 0.964507 1.212795 0.0 2e-06 -0.0 -3.440432 0.788201 0.501648 -15.928136 -3.167206 2.999712 -6.338817 5e-06 -1.6e-05 -18.12348 3.648165 -4.905727 -4e-06 -1e-06 -2e-06 2.327917 33.313747 5.357443 -26.440731 40.457375 -40.993958 2.235668 60.601292 1.979461 -19.895929 -14.16832 7.628548 2.243421 -5.254916 -3.180106 14.282799 -0.826543 6.952532 1.3e-05 -12.690612 -2.3e-05 16.622543 -17.886141 2.586196 1.665676 -1.955931 -2.878303 4.727831 -4.170608 4.99389 11.020575 -6e-06 -3.5e-05 12.109191 -3.735734 -2.866895 2e-06 -1e-06 -0.0 1.292017 -1.928578 -1.498118 14.800153 0.567464 3.865594 14.242658 -1.341748 -6.660735 19.632181 0.143952 -0.648388 50.3596 -1.403293 -6.165761 0.353067 -1.511183 -0.031977 20.222816 3.684302 2.316623 18.787342 1.9e-05 -6.6e-05 10.751659 -0.479854 1.397894 -0.0 -1e-06 1e-06 3.27389 0.305885 -0.580184 21.486795 11.830379 2.266181 8.162946 4e-06 -2.5e-05 18.399221 -3.798934 -4.940716 3e-06 -3e-06 -1e-06 -2.122825 21.432722 -108.379105 -0.74025 0.027687 105.897049 -4.158235 -15.208371 -28.130999 1.64896 -1.783036 -1.327183 1e-06 -1e-06 -1e-06 7.036422 -19.715918 -112.450203 -0.064777 -0.035337 107.351852 0.102297 7.055785 -27.480518 -1.413607 0.947024 -1.624853 0.0 -0.0 -2e-06 
0.0 0.0 0.0 0.0 -0.0 0.0 -0.028955 59.989716 -1.428079 1.483441 0.540952 32.231064 -1.062863 0.07627 20.366558 -0.87736 0.550708 6.276855 -0.763873 0.356912 18.028193 -0.42428 3.05467 -30.568287 -0.927741 -2.034124 -3.418873 1.234648 -3.539931 7.870947 7.7e-05 -2.2e-05 6e-06 -0.105867 0.047305 -0.167587 0.752831 -3.741999 -10.717279 -0.969911 3.837068 -10.702477 0.252797 -19.318588 5.176502 10.335032 -42.799492 -41.522045 2.408346 -69.108513 -1.968994 8.761741 15.534234 4.09472 -5.882159 9.861186 0.702808 -10.936852 -0.360558 7.156302 6e-06 8.774832 -6e-06 -15.850366 18.887671 6.605148 -1.844032 2.498507 -2.507283 -10.163606 4.678943 4.621089 -20.976074 -1e-05 2.2e-05 -21.226395 2.451692 -3.59402 0.0 -7e-06 1e-06 -1.36268 2.240803 -0.74634 -21.334929 0.584897 3.008336 -13.82124 -6e-06 2e-05 -23.887318 -0.249081 -0.839468 -60.158287 2.812168 -1.189194 -0.294021 1.679697 0.833236 -14.218219 0.093201 1.300587 -34.212154 -0.287561 0.96722 -20.03331 0.964555 1.21289 -1e-06 2e-06 -1e-06 -3.440388 0.788241 0.50163 -15.928191 -3.167328 2.999727 -6.338843 -1e-06 9e-06 -18.123562 3.648168 -4.905694 -4e-06 1e-06 -2e-06 2.41791 33.387955 5.38705 -26.443441 40.417339 -41.025085 2.381027 60.729378 2.163584 -19.740116 -14.366832 7.569793 2.243627 -5.254976 -3.180065 14.282891 -0.82662 6.952518 -1.7e-05 -12.690609 -1e-06 16.676971 -17.892382 2.533208 1.665667 -1.955921 -2.878301 4.727788 -4.170581 4.993919 11.020528 1.6e-05 1.6e-05 12.109056 -3.735697 -2.866776 -2e-06 1e-06 -1e-06 1.291973 -1.928553 -1.498093 14.800139 0.567486 3.865623 14.242565 -1.341724 -6.66064 19.632015 0.143946 -0.648201 50.329258 -1.366533 -6.208293 0.353013 -1.511159 -0.031944 20.222797 3.684335 2.316655 18.787294 1.6e-05 3.4e-05 10.751647 -0.479866 1.397936 -1e-06 2e-06 0.0 3.273792 0.305951 -0.58011 21.48683 11.830384 2.266152 8.162938 6e-06 1.3e-05 18.399137 -3.798972 -4.940543 3e-06 2e-06 -1e-06 -2.049974 21.469639 -108.305855 -0.743596 0.018806 105.902969 -4.179416 -15.119209 -28.12752 1.649253 -1.790481 -1.246562 0.0 0.0 2e-06 7.125905 -19.722742 -112.334549 -0.072907 -0.038591 107.258446 0.067895 7.073405 -27.473486 -1.412892 0.935568 -1.619699 0.0 -0.0 -4e-06 
0.0 0.0 0.0 0.0 -0.0 0.0 0.013136 60.038769 -1.40883 1.354633 0.514088 32.219456 -1.090222 0.116022 20.412933 -0.932466 0.538299 6.287967 -0.754766 0.366395 18.006775 -0.308338 3.048537 -30.579844 -0.916902 -1.990095 -3.407341 1.205542 -3.47826 7.987454 7.7e-05 -2.2e-05 5e-06 -0.104662 0.043894 -0.164167 0.758212 -3.749559 -10.7277 -0.973206 3.838675 -10.714019 0.311191 -19.273697 5.173485 10.280656 -42.713051 -41.59948 2.408493 -69.210434 -1.959583 8.830574 15.505038 4.142331 -5.882155 9.861043 0.703145 -10.936703 -0.360346 7.156505 -4e-06 8.77493 2e-06 -15.840243 18.919622 6.602602 -1.84405 2.498509 -2.507314 -10.163704 4.679013 4.621049 -20.976282 -4e-06 -8e-06 -21.226685 2.451745 -3.594145 -1e-06 -5e-06 -0.0 -1.362716 2.240897 -0.746362 -21.335091 0.584821 3.008299 -13.821374 -1e-06 -6e-06 -23.887688 -0.249086 -0.839581 -60.155239 2.84298 -1.233885 -0.294075 1.679818 0.833221 -14.218287 0.093078 1.300549 -34.212509 -0.287564 0.967163 -20.033482 0.964548 1.212868 0.0 1e-06 -0.0 -3.440539 0.788427 0.50156 -15.928174 -3.16754 2.99974 -6.338896 2e-06 -3e-06 -18.1238 3.648197 -4.90581 -4e-06 -2e-06 -2e-06 2.53269 33.426205 5.407418 -26.423689 40.45187 -41.060474 2.633445 60.788036 2.397886 -19.552065 -14.544948 7.406682 2.243555 -5.254644 -3.179501 14.282733 -0.826834 6.95285 -1e-06 -12.690768 -3e-06 16.761909 -17.907246 2.471924 1.665686 -1.955927 -2.87835 4.727863 -4.170658 4.993861 11.020688 0.0 -1.4e-05 12.109368 -3.735802 -2.866945 2e-06 1e-06 -0.0 1.292027 -1.928662 -1.498157 14.800272 0.567576 3.865592 14.242787 -1.341745 -6.660788 19.632509 0.143948 -0.648373 50.314754 -1.311143 -6.252073 0.353082 -1.511299 -0.032009 20.222969 3.684493 2.316637 18.787558 1e-05 -2e-05 10.751774 -0.479874 1.397951 0.0 2e-06 0.0 3.273976 0.305732 -0.580257 21.486885 11.830704 2.266212 8.163043 1e-06 -4e-06 18.399523 -3.798983 -4.940743 4e-06 -2e-06 -1e-06 -1.943264 21.530779 -108.221924 -0.760275 0.010206 105.90892 -4.208674 -15.034848 -28.139704 1.649672 -1.792029 -1.172263 -0.0 0.0 -2e-06 7.247684 -19.719296 -112.216896 -0.085221 -0.037361 107.17955 0.057309 7.097225 -27.491163 -1.413105 0.921085 -1.563831 0.0 -0.0 -4e-06 
0.0 0.0 0.0 0.0 -0.0 0.0 0.064394 60.07058 -1.377093 1.221383 0.49393 32.220707 -1.133516 0.149433 20.455109 -0.989375 0.528473 6.300827 -0.747034 0.377436 17.963041 -0.182482 3.038716 -30.565599 -0.909301 -1.931642 -3.394908 1.195785 -3.456817 8.084252 7.7e-05 -2.2e-05 4e-06 -0.098286 0.037356 -0.159083 0.769161 -3.760508 -10.738036 -0.971857 3.837376 -10.725621 0.372236 -19.217852 5.159754 10.160825 -42.599499 -41.578323 2.482999 -69.373627 -2.036786 8.91193 15.422315 4.299894 -5.882102 9.861511 0.701958 -10.936991 -0.360695 7.155909 1.8e-05 8.774764 -9e-06 -15.832355 18.94702 6.605704 -1.844014 2.498491 -2.507238 -10.16348 4.678871 4.621161 -20.975805 -4.5e-05 5.1e-05 -21.226013 2.451631 -3.593864 0.0 -5e-06 1e-06 -1.362629 2.240715 -0.746265 -21.334747 0.584927 3.008359 -13.821078 -2.9e-05 3.3e-05 -23.886873 -0.249113 -0.839343 -60.154999 2.851524 -1.252579 -0.293957 1.679574 0.833313 -14.218139 0.093279 1.300611 -34.211689 -0.287609 0.967252 -20.033066 0.964519 1.212888 -1e-06 2e-06 -0.0 -3.440205 0.78805 0.501784 -15.928215 -3.167173 2.99967 -6.338765 -1.4e-05 1.1e-05 -18.12322 3.64813 -4.905543 -4e-06 1e-06 -2e-06 2.657063 33.432602 5.437895 -26.351057 40.545254 -41.108173 2.851557 60.836578 2.566428 -19.361586 -14.718141 7.204057 2.243547 -5.255307 -3.180704 14.282975 -0.826481 6.952228 -3e-05 -12.690515 -3e-06 16.838564 -17.933693 2.427342 1.665649 -1.955914 -2.878262 4.727728 -4.170531 4.99396 11.020396 2.8e-05 9e-06 12.108844 -3.735639 -2.866704 -2e-06 -3e-06 0.0 1.29193 -1.928468 -1.49803 14.800006 0.567434 3.865623 14.242384 -1.341708 -6.660564 19.631639 0.143997 -0.648137 50.323856 -1.265639 -6.289543 0.352956 -1.511047 -0.03188 20.222645 3.684242 2.316642 18.787052 3.7e-05 3.2e-05 10.751534 -0.479845 1.397906 0.0 1e-06 -1e-06 3.273613 0.306114 -0.579981 21.486786 11.830202 2.266094 8.162832 1.6e-05 1.3e-05 18.3988 -3.798944 -4.940451 3e-06 -1e-06 -1e-06 -1.839972 21.602814 -108.15126 -0.783928 0.006578 105.947998 -4.205134 -14.952454 -28.171234 1.650127 -1.790019 -1.126872 0.0 0.0 4e-06 7.400029 -19.730007 -112.116562 -0.09925 -0.036885 107.129158 0.058952 7.148586 -27.535412 -1.413337 0.907106 -1.46042 -0.0 -0.0 3e-06 
0.0 0.0 0.0 0.0 -0.0 0.0 0.13 60.083534 -1.333709 1.087457 0.47558 32.212811 -1.183854 0.17155 20.487629 -1.030124 0.521136 6.317237 -0.771422 0.390571 17.923307 -0.040337 3.006511 -30.523989 -0.909149 -1.839705 -3.390689 1.207252 -3.438747 8.135332 7.7e-05 -2.2e-05 4e-06 -0.094084 0.032345 -0.153937 0.7766 -3.770706 -10.748153 -0.971321 3.838136 -10.734662 0.410447 -19.168455 5.17628 9.99601 -42.454624 -41.513744 2.643903 -69.584442 -2.193703 9.018184 15.253682 4.517609 -5.88202 9.861444 0.702265 -10.936916 -0.360634 7.156094 4e-06 8.774786 -2e-06 -15.851875 18.9466 6.600555 -1.844025 2.498494 -2.507256 -10.163528 4.678912 4.621124 -20.975868 -2.2e-05 -3e-06 -21.226107 2.451647 -3.593969 1e-06 -3e-06 -0.0 -1.36266 2.240754 -0.746296 -21.334799 0.584923 3.008315 -13.821126 -1.7e-05 2e-06 -23.886993 -0.24912 -0.839461 -60.16325 2.813678 -1.23326 -0.294 1.679628 0.833286 -14.21815 0.093254 1.300579 -34.211796 -0.28759 0.967169 -20.033108 0.964517 1.212849 -0.0 -1e-06 0.0 -3.440301 0.788144 0.501713 -15.928172 -3.167236 2.999674 -6.338778 -5e-06 0.0 -18.123308 3.648148 -4.905643 -4e-06 2e-06 -2e-06 2.76092 33.392548 5.468787 -26.214872 40.710247 -41.162285 2.957844 60.89077 2.623111 -19.173183 -14.86862 6.982672 2.243478 -5.255189 -3.180373 14.282923 -0.826564 6.952426 -5e-06 -12.690567 1.1e-05 16.899347 -17.971302 2.403831 1.665661 -1.955918 -2.878287 4.727765 -4.170564 4.993935 11.020455 7e-06 -6e-06 12.108963 -3.735682 -2.866772 -1e-06 -1e-06 1e-06 1.29197 -1.928516 -1.498066 14.800052 0.567449 3.865599 14.242478 -1.341729 -6.66063 19.631813 0.143962 -0.648235 50.365082 -1.225272 -6.309615 0.35301 -1.51111 -0.031913 20.222692 3.684277 2.316607 18.787151 7e-06 -5e-06 10.751576 -0.479861 1.397903 0.0 1e-06 0.0 3.273736 0.306006 -0.580062 21.486755 11.830302 2.266092 8.162876 0.0 1e-06 18.398956 -3.798972 -4.940553 3e-06 -3e-06 -1e-06 -1.717765 21.67536 -108.070869 -0.801676 0.012825 106.029175 -4.204119 -14.872384 -28.242603 1.650627 -1.787982 -1.105571 0.0 0.0 -0.0 7.564978 -19.767351 -112.011307 -0.107002 -0.038421 107.097382 0.07276 7.232275 -27.611652 -1.414473 0.90211 -1.350635 -0.0 -1e-06 -2e-06 
0.0 0.0 0.0 0.0 -0.0 0.0 0.20451 60.111572 -1.282789 0.962237 0.456479 32.203861 -1.232418 0.178811 20.504459 -1.053102 0.520023 6.334231 -0.821947 0.397476 17.894051 0.087256 2.968035 -30.492701 -0.898593 -1.757462 -3.391947 1.235858 -3.417309 8.113937 7.7e-05 -2.2e-05 6e-06 -0.099667 0.035281 -0.151181 0.771607 -3.772483 -10.758456 -0.978033 3.846225 -10.745386 0.423541 -19.118296 5.233516 9.798365 -42.316116 -41.484554 2.760495 -69.808487 -2.310467 9.178379 15.032859 4.654542 -5.882226 9.86113 0.702595 -10.936883 -0.360603 7.156154 8e-06 8.774834 -2.6e-05 -15.874081 18.951174 6.600711 -1.844025 2.498505 -2.507272 -10.163586 4.678939 4.621109 -20.976044 -3.2e-05 5.4e-05 -21.226334 2.451685 -3.593974 0.0 -7e-06 1e-06 -1.362657 2.240805 -0.746328 -21.334929 0.584882 3.00837 -13.821231 -2.2e-05 3.7e-05 -23.887281 -0.24909 -0.83941 -60.160076 2.760324 -1.194006 -0.293998 1.679695 0.833247 -14.218222 0.093193 1.300621 -34.212112 -0.287591 0.967271 -20.033289 0.964543 1.212921 -0.0 -3e-06 0.0 -3.440349 0.788228 0.501657 -15.928213 -3.16733 2.999755 -6.338835 -1.3e-05 1.5e-05 -18.123512 3.64816 -4.905648 -4e-06 3e-06 -1e-06 2.849029 33.331596 5.519939 -26.060484 40.92572 -41.253399 2.994685 60.945648 2.641643 -19.050362 -14.93085 6.7857 2.243607 -5.254964 -3.180269 14.282847 -0.826568 6.952422 -2.5e-05 -12.690607 -2.3e-05 16.934385 -17.985317 2.376471 1.665669 -1.955922 -2.87829 4.727792 -4.170582 4.993921 11.020548 2.4e-05 1.1e-05 12.109093 -3.735694 -2.866789 0.0 -2e-06 0.0 1.291969 -1.928551 -1.498087 14.800153 0.567487 3.86563 14.242599 -1.34172 -6.660646 19.632103 0.14396 -0.648211 50.379711 -1.190816 -6.32703 0.353009 -1.51115 -0.031942 20.222837 3.684337 2.31667 18.787323 4e-05 2.5e-05 10.751671 -0.479852 1.397934 0.0 3e-06 0.0 3.273787 0.305961 -0.580105 21.486881 11.830378 2.266186 8.16295 1.9e-05 4e-06 18.399193 -3.798927 -4.940567 3e-06 0.0 -1e-06 -1.578897 21.722698 -107.974121 -0.801252 0.022523 106.111855 -4.206177 -14.800047 -28.300652 1.64948 -1.791884 -1.101273 -0.0 0.0 -1e-06 7.710286 -19.812977 -111.892403 -0.110977 -0.040496 107.053658 0.07288 7.322185 -27.69648 -1.416272 0.902899 -1.277107 1e-06 -0.0 2e-06 
0.0 0.0 0.0 0.0 -0.0 0.0 0.279516 60.150738 -1.223434 0.862277 0.430948 32.210239 -1.281862 0.180737 20.513905 -1.075007 0.521473 6.345544 -0.882879 0.385485 17.885185 0.219383 2.949275 -30.490683 -0.872959 -1.691948 -3.396124 1.258752 -3.367129 8.04651 7.7e-05 -2.2e-05 7e-06 -0.104203 0.038236 -0.152251 0.766265 -3.773619 -10.769339 -0.982208 3.853793 -10.758443 0.409084 -19.074663 5.311367 9.583693 -42.198833 -41.534164 2.810283 -70.03614 -2.386553 9.364655 14.822465 4.713959 -5.882261 9.861205 0.702938 -10.936924 -0.360562 7.1563 -2e-06 8.77482 -0.0 -15.876503 18.941103 6.603061 -1.844021 2.498504 -2.507287 -10.163593 4.67894 4.621119 -20.976048 1.6e-05 6.5e-05 -21.226351 2.451742 -3.593959 0.0 -8e-06 -1e-06 -1.362667 2.240794 -0.746335 -21.334917 0.584919 3.00836 -13.821235 1.2e-05 4.8e-05 -23.887287 -0.249007 -0.839419 -60.128704 2.70393 -1.156759 -0.294015 1.679683 0.833243 -14.218204 0.093219 1.300593 -34.212132 -0.287492 0.967276 -20.033293 0.964605 1.212898 0.0 1e-06 -0.0 -3.440374 0.788226 0.501659 -15.928181 -3.167306 2.999715 -6.33884 5e-06 2.4e-05 -18.123531 3.64821 -4.905631 -4e-06 2e-06 -1e-06 2.905258 33.279507 5.553215 -25.877054 41.146297 -41.306206 2.926593 61.052773 2.600628 -18.971724 -14.943964 6.65667 2.243734 -5.254692 -3.179594 14.282911 -0.826645 6.95268 -8e-06 -12.690653 -2.5e-05 16.945005 -17.974634 2.351417 1.665658 -1.955932 -2.878325 4.727801 -4.170609 4.993888 11.020574 1.3e-05 3.1e-05 12.109132 -3.735731 -2.866833 1e-06 1e-06 -0.0 1.291969 -1.928597 -1.49814 14.800173 0.567511 3.865655 14.242611 -1.341737 -6.660686 19.632149 0.143909 -0.648202 50.354469 -1.147397 -6.331197 0.353008 -1.511209 -0.031997 20.222853 3.684372 2.316706 18.787367 -6e-06 8e-05 10.751697 -0.479887 1.397985 2e-06 -2e-06 -1e-06 3.273804 0.305879 -0.580182 21.48687 11.830457 2.266231 8.162982 0.0 4e-05 18.399252 -3.79901 -4.940545 3e-06 -3e-06 -2e-06 -1.445847 21.737436 -107.875252 -0.79634 0.035141 106.17588 -4.235252 -14.72853 -28.3281 1.648757 -1.796734 -1.135332 0.0 0.0 3e-06 7.820769 -19.855059 -111.785774 -0.111934 -0.04226 106.995979 0.066226 7.387885 -27.781189 -1.418517 0.904144 -1.250892 -0.0 -1e-06 -5e-06 
0.0 0.0 0.0 0.0 -0.0 0.0 0.349733 60.190094 -1.163545 0.774339 0.390165 32.255592 -1.337932 0.188058 20.513296 -1.094372 0.52528 6.352925 -0.955116 0.359631 17.899334 0.354262 2.949401 -30.511719 -0.834543 -1.625335 -3.40039 1.31113 -3.30796 7.949872 7.7e-05 -2.2e-05 5e-06 -0.105985 0.040108 -0.156571 0.761689 -3.773202 -10.774488 -0.981561 3.857975 -10.76385 0.409097 -19.027166 5.356475 9.334861 -42.102402 -41.657627 2.779998 -70.286972 -2.402021 9.57338 14.650517 4.716142 -5.882033 9.861358 0.702667 -10.936819 -0.360545 7.15631 -2e-06 8.774825 1.1e-05 -15.870333 18.900669 6.581677 -1.844036 2.498501 -2.507283 -10.163618 4.678953 4.621089 -20.976074 5e-06 -2.8e-05 -21.226423 2.451693 -3.594068 -1e-06 -9e-06 0.0 -1.362696 2.24079 -0.746326 -21.334917 0.584918 3.008284 -13.82124 4e-06 -1.7e-05 -23.887331 -0.249099 -0.839553 -60.074799 2.650465 -1.1426 -0.294044 1.679676 0.833253 -14.2182 0.093218 1.30055 -34.212139 -0.287552 0.967123 -20.033293 0.964543 1.212827 -1e-06 -2e-06 0.0 -3.440425 0.788234 0.501641 -15.928142 -3.167316 2.999686 -6.338836 6e-06 -6e-06 -18.12356 3.648175 -4.905739 -4e-06 1e-06 -2e-06 2.91942 33.241302 5.541349 -25.686443 41.356068 -41.382858 2.875267 61.219307 2.596841 -18.931612 -14.957974 6.63341 2.243446 -5.255158 -3.180139 14.282874 -0.826577 6.952563 1e-05 -12.69057 2.6e-05 16.921576 -17.952297 2.351687 1.66567 -1.955922 -2.878305 4.727809 -4.17058 4.993915 11.020523 -1.1e-05 -2.1e-05 12.109093 -3.735707 -2.866816 -0.0 1e-06 1e-06 1.29201 -1.928529 -1.498091 14.800098 0.567432 3.865574 14.242571 -1.341736 -6.660682 19.63199 0.143938 -0.648321 50.319809 -1.093302 -6.310454 0.353055 -1.511126 -0.031943 20.22274 3.684262 2.31658 18.787262 -1.4e-05 -3.6e-05 10.751623 -0.479882 1.397893 -0.0 -1e-06 1e-06 3.273844 0.305961 -0.580121 21.486734 11.830305 2.266072 8.162914 -1.3e-05 -1.3e-05 18.399107 -3.798981 -4.940629 3e-06 -2e-06 -1e-06 -1.338656 21.752441 -107.818802 -0.793471 0.0493 106.220528 -4.312722 -14.671595 -28.323158 1.649083 -1.800462 -1.154277 -0.0 0.0 -4e-06 7.926095 -19.883537 -111.733917 -0.110501 -0.044017 106.928474 0.05416 7.452954 -27.859076 -1.420851 0.907907 -1.247984 0.0 -0.0 -7e-06 
0.0 0.0 0.0 0.0 -0.0 0.0 0.415891 60.234173 -1.095442 0.691818 0.352645 32.363422 -1.386725 0.200033 20.488213 -1.115173 0.52172 6.362103 -1.03081 0.332083 17.9249 0.490585 2.958687 -30.542444 -0.770911 -1.566521 -3.398132 1.360021 -3.231453 7.84203 7.7e-05 -2.2e-05 6e-06 -0.106331 0.042213 -0.158941 0.757334 -3.769049 -10.76902 -0.978116 3.859063 -10.758186 0.388115 -19.003281 5.38567 9.106952 -42.00132 -41.822941 2.722253 -70.552299 -2.411261 9.836904 14.515819 4.731347 -5.882127 9.861252 0.70276 -10.936834 -0.360525 7.156301 -1e-06 8.77484 4e-06 -15.856545 18.846615 6.547775 -1.844033 2.498506 -2.507284 -10.163616 4.678952 4.621091 -20.976084 1e-06 1.5e-05 -21.226414 2.451712 -3.594023 0.0 -4e-06 1e-06 -1.362689 2.24081 -0.746332 -21.33494 0.584899 3.008319 -13.821254 1e-06 1e-05 -23.887346 -0.249072 -0.839491 -60.004715 2.622476 -1.147439 -0.294037 1.679704 0.833248 -14.218221 0.093194 1.300571 -34.212193 -0.287542 0.967188 -20.033319 0.964561 1.212866 0.0 1e-06 -0.0 -3.440426 0.788264 0.501636 -15.928168 -3.167345 2.999707 -6.338846 -0.0 5e-06 -18.123571 3.648183 -4.9057 -5e-06 -3e-06 -1e-06 2.915712 33.216209 5.527696 -25.59458 41.51685 -41.550728 2.897151 61.405022 2.670419 -18.897837 -15.00638 6.736638 2.243453 -5.254938 -3.179971 14.282766 -0.826674 6.952657 8e-06 -12.690663 6e-06 16.904205 -17.933825 2.351904 1.66568 -1.955923 -2.878317 4.727846 -4.170616 4.993887 11.02062 -1e-05 -3.1e-05 12.109272 -3.735754 -2.866899 -3e-06 -3e-06 1e-06 1.292026 -1.928593 -1.498117 14.800185 0.567497 3.865578 14.242711 -1.341745 -6.660749 19.632318 0.143957 -0.648392 50.286736 -1.046208 -6.312232 0.353079 -1.511208 -0.031969 20.22286 3.684369 2.316599 18.787424 7e-06 -6e-05 10.751706 -0.479863 1.397904 0.0 1e-06 0.0 3.27392 0.305852 -0.580185 21.486813 11.83049 2.266149 8.162982 -2e-06 -2.6e-05 18.399351 -3.798951 -4.940745 3e-06 -2e-06 -1e-06 -1.26524 21.769291 -107.831688 -0.789064 0.057653 106.240746 -4.397728 -14.656424 -28.278803 1.649249 -1.799785 -1.162844 0.0 0.0 3e-06 8.050303 -19.894556 -111.757401 -0.102237 -0.045919 106.8451 0.056581 7.484939 -27.886513 -1.423646 0.919302 -1.254366 0.0 -0.0 -0.0 
0.0 0.0 0.0 0.0 -0.0 0.0 0.478282 60.263897 -1.024993 0.621911 0.329665 32.517365 -1.422512 0.212783 20.471037 -1.123213 0.512892 6.363394 -1.101471 0.307686 17.93438 0.626686 2.983065 -30.490536 -0.716044 -1.510483 -3.3944 1.393377 -3.136471 7.673392 7.7e-05 -2.2e-05 6e-06 -0.104601 0.042424 -0.159074 0.754038 -3.76563 -10.758873 -0.971665 3.857049 -10.748829 0.363221 -19.001507 5.40813 8.903816 -41.918404 -42.001812 2.690643 -70.803772 -2.426708 10.15775 14.409165 4.779827 -5.882206 9.861023 0.703305 -10.936716 -0.360391 7.156556 -6e-06 8.774906 8e-06 -15.835746 18.792629 6.51012 -1.844051 2.498514 -2.507321 -10.163722 4.679015 4.621048 -20.976318 2.8e-05 -9e-06 -21.226749 2.451762 -3.594147 0.0 -5e-06 -0.0 -1.362729 2.240885 -0.746377 -21.33511 0.58486 3.008299 -13.821407 1.5e-05 -4e-06 -23.887785 -0.249053 -0.839595 -59.928307 2.607838 -1.156749 -0.294083 1.679802 0.833202 -14.218286 0.093115 1.30055 -34.212601 -0.28752 0.967161 -20.033537 0.964579 1.212863 -1e-06 0.0 -0.0 -3.440566 0.788418 0.501539 -15.928157 -3.167487 2.999745 -6.338913 8e-06 2e-06 -18.123878 3.64821 -4.905815 -4e-06 -2e-06 -3e-06 2.881041 33.148045 5.491832 -25.612328 41.667435 -41.746582 2.911356 61.567539 2.729514 -18.879583 -15.079118 6.96556 2.24359 -5.254796 -3.179644 14.282789 -0.826745 6.952766 8e-06 -12.690694 1.2e-05 16.910336 -17.92119 2.346979 1.665682 -1.955927 -2.878336 4.727851 -4.170629 4.993882 11.020658 -6e-06 -1e-06 12.109309 -3.735772 -2.866878 -1e-06 -0.0 0.0 1.292025 -1.928617 -1.498138 14.800237 0.567518 3.865596 14.24275 -1.341748 -6.660739 19.63241 0.143898 -0.648337 50.274155 -1.009226 -6.320387 0.353083 -1.51124 -0.031991 20.222919 3.684403 2.316625 18.787498 -1.5e-05 -1.4e-05 10.751747 -0.479888 1.397934 1e-06 3e-06 -1e-06 3.273967 0.30581 -0.58021 21.486837 11.830551 2.266159 8.163027 -1.3e-05 -5e-06 18.399462 -3.798998 -4.940704 3e-06 -3e-06 -1e-06 -1.224824 21.771469 -107.915054 -0.776506 0.05893 106.25985 -4.467096 -14.664144 -28.240025 1.649335 -1.797256 -1.13179 -0.0 -1e-06 -4e-06 8.187468 -19.915878 -111.842964 -0.084062 -0.045861 106.782204 0.076101 7.507336 -27.927534 -1.42596 0.934484 -1.231692 0.0 -0.0 -4e-06 
0.0 0.0 0.0 0.0 -0.0 0.0 0.537049 60.279488 -0.950839 0.568717 0.322104 32.691784 -1.4475 0.226522 20.461124 -1.121676 0.506043 6.36339 -1.160845 0.284897 17.935041 0.747805 3.022102 -30.377157 -0.689231 -1.456139 -3.400338 1.441577 -3.058665 7.515766 7.7e-05 -2.2e-05 6e-06 -0.103236 0.042155 -0.158393 0.750493 -3.764344 -10.756915 -0.965554 3.856012 -10.748421 0.340901 -19.020479 5.40696 8.736706 -41.850407 -42.136967 2.791782 -71.043282 -2.551568 10.502494 14.365312 4.928832 -5.882062 9.861349 0.702719 -10.936824 -0.360511 7.156334 -5e-06 8.774839 1.5e-05 -15.807286 18.745573 6.477354 -1.844036 2.498502 -2.507285 -10.163615 4.678954 4.62109 -20.97607 1.1e-05 -1.7e-05 -21.226418 2.451704 -3.594062 0.0 -3e-06 1e-06 -1.362697 2.240796 -0.746328 -21.334919 0.584911 3.008289 -13.821243 5e-06 -1e-05 -23.887346 -0.249083 -0.839544 -59.839172 2.601858 -1.171564 -0.294044 1.679687 0.833254 -14.218195 0.093206 1.300549 -34.212139 -0.28754 0.967137 -20.033298 0.964553 1.212834 -1e-06 -1e-06 0.0 -3.440415 0.788241 0.501649 -15.92815 -3.167329 2.999682 -6.33884 5e-06 -5e-06 -18.123562 3.648183 -4.905739 -4e-06 -1e-06 -1e-06 2.849505 33.053055 5.441655 -25.741295 41.782257 -41.924236 2.89481 61.696819 2.753847 -18.861042 -15.146129 7.243034 2.243558 -5.254999 -3.179946 14.28291 -0.826598 6.952606 3e-06 -12.690602 6e-06 16.925703 -17.915674 2.339926 1.665661 -1.955926 -2.87831 4.727803 -4.170591 4.993908 11.020542 -3e-06 6e-06 12.109106 -3.735727 -2.866828 0.0 -1e-06 0.0 1.291989 -1.928551 -1.498107 14.800117 0.567459 3.86561 14.242582 -1.341738 -6.660687 19.632053 0.143917 -0.648273 50.267056 -0.982809 -6.333663 0.353036 -1.511152 -0.031957 20.222775 3.684294 2.316633 18.7873 -1.7e-05 1.6e-05 10.751657 -0.479889 1.397935 -0.0 0.0 -1e-06 3.273811 0.305941 -0.580134 21.486778 11.830359 2.266139 8.162942 -1.3e-05 1.2e-05 18.399172 -3.799007 -4.940593 3e-06 -3e-06 -2e-06 -1.206316 21.754972 -108.029984 -0.760446 0.056217 106.281998 -4.503393 -14.65643 -28.234591 1.650227 -1.800321 -1.089452 0.0 0.0 4e-06 8.324307 -19.953026 -111.968811 -0.060724 -0.045924 106.740654 0.094641 7.518313 -27.976402 -1.427093 0.946753 -1.189185 -0.0 -0.0 3e-06 
0.0 0.0 0.0 0.0 -0.0 0.0 0.599055 60.275578 -0.875092 0.533539 0.322435 32.862267 -1.458757 0.240589 20.452854 -1.111292 0.501952 6.36293 -1.214181 0.269976 17.941076 0.829583 3.062167 -30.214937 -0.685746 -1.402045 -3.411041 1.536403 -3.029748 7.404193 7.7e-05 -2.2e-05 6e-06 -0.105251 0.043923 -0.15763 0.745206 -3.762734 -10.762456 -0.964261 3.858412 -10.754216 0.297997 -19.054291 5.395579 8.628519 -41.790771 -42.234394 3.058278 -71.303032 -2.803518 10.823908 14.420847 5.131836 -5.882135 9.861199 0.70272 -10.936865 -0.360586 7.156257 -2e-06 8.774831 -1.3e-05 -15.772601 18.711609 6.455175 -1.844026 2.498506 -2.507281 -10.163591 4.678947 4.621093 -20.976042 -4e-06 1.9e-05 -21.226343 2.45169 -3.594022 0.0 -6e-06 -0.0 -1.362674 2.240803 -0.746338 -21.334908 0.584907 3.008335 -13.821228 -0.0 1.4e-05 -23.88728 -0.249076 -0.839483 -59.7705 2.60201 -1.180971 -0.294023 1.679695 0.833239 -14.218198 0.093211 1.300594 -34.21209 -0.287555 0.967209 -20.03327 0.964554 1.21288 2e-06 3e-06 1e-06 -3.44038 0.788244 0.501632 -15.928177 -3.167316 2.999736 -6.338828 -4e-06 7e-06 -18.123505 3.648169 -4.905695 -4e-06 -2e-06 -3e-06 2.824168 32.945812 5.381672 -25.920776 41.845104 -42.09724 2.891133 61.842598 2.794536 -18.878389 -15.210817 7.565609 2.243585 -5.254972 -3.180054 14.282896 -0.826604 6.952528 -1.2e-05 -12.690601 -3e-06 16.939838 -17.903475 2.330645 1.665662 -1.955924 -2.878302 4.727792 -4.170581 4.993913 11.020518 1.6e-05 8e-06 12.109054 -3.735696 -2.866796 -1e-06 -2e-06 2e-06 1.291972 -1.928553 -1.498098 14.800118 0.567479 3.865621 14.242552 -1.341724 -6.660655 19.631985 0.143958 -0.648218 50.24276 -0.98202 -6.344617 0.353016 -1.511155 -0.031949 20.222788 3.684322 2.31665 18.78727 1.4e-05 3.2e-05 10.75164 -0.479867 1.397938 0.0 -0.0 0.0 3.273784 0.305947 -0.580116 21.486826 11.830379 2.266152 8.162929 3e-06 1.5e-05 18.399109 -3.798968 -4.940544 3e-06 -2e-06 -2e-06 -1.208809 21.730165 -108.168739 -0.748843 0.054929 106.333565 -4.518309 -14.614319 -28.2596 1.651962 -1.800992 -1.054506 -0.0 0.0 -2e-06 8.42873 -19.990971 -112.112854 -0.039201 -0.046906 106.73732 0.112308 7.522964 -28.020966 -1.427655 0.954403 -1.153484 -0.0 -0.0 2e-06 
0.0 0.0 0.0 0.0 -0.0 0.0 0.663529 60.264324 -0.809201 0.514117 0.328616 33.005604 -1.460899 0.240726 20.44566 -1.091276 0.501187 6.367468 -1.264022 0.26887 17.94853 0.887745 3.102551 -30.002647 -0.701497 -1.367916 -3.425886 1.640721 -3.004765 7.353572 7.7e-05 -2.2e-05 6e-06 -0.102751 0.04202 -0.158008 0.744514 -3.764647 -10.772376 -0.958408 3.856882 -10.763892 0.263271 -19.091032 5.374547 8.562877 -41.715294 -42.299919 3.384499 -71.578484 -3.111981 11.113248 14.545892 5.343863 -5.882023 9.861294 0.702181 -10.936879 -0.360741 7.156023 1e-06 8.774779 -3.1e-05 -15.756587 18.699162 6.434207 -1.844032 2.498506 -2.507255 -10.163552 4.678921 4.621106 -20.975937 -2.1e-05 -1.1e-05 -21.226213 2.451632 -3.594009 1e-06 -7e-06 2e-06 -1.362671 2.240769 -0.746314 -21.334824 0.584941 3.008332 -13.821146 -2.2e-05 -7e-06 -23.887056 -0.24914 -0.839477 -59.731842 2.596214 -1.195051 -0.294013 1.679643 0.83326 -14.21817 0.093274 1.300614 -34.211884 -0.287612 0.967153 -20.033154 0.9645 1.212851 -1e-06 0.0 -0.0 -3.440334 0.788172 0.50167 -15.928183 -3.167218 2.999737 -6.338793 -1e-05 -6e-06 -18.123367 3.648132 -4.905678 -5e-06 -1e-06 -3e-06 2.82091 32.845219 5.311925 -26.095333 41.88105 -42.206276 2.883451 61.9851 2.829661 -18.918373 -15.233766 7.872059 2.243467 -5.255038 -3.180454 14.282856 -0.826509 6.952351 -1.4e-05 -12.690584 -3.1e-05 16.943752 -17.879452 2.32164 1.665669 -1.955921 -2.878281 4.727781 -4.170577 4.993922 11.020501 1.8e-05 -1.2e-05 12.109028 -3.735689 -2.866802 -1e-06 -3e-06 -1e-06 1.291979 -1.928542 -1.49808 14.800103 0.567468 3.865618 14.242539 -1.341725 -6.660653 19.631958 0.143985 -0.648244 50.218517 -0.984395 -6.337547 0.353021 -1.511141 -0.031934 20.222763 3.684303 2.31665 18.787216 4.6e-05 -1.2e-05 10.751608 -0.479837 1.397907 -0.0 -1e-06 1e-06 3.273768 0.30597 -0.580102 21.486834 11.830334 2.266178 8.162903 2.2e-05 -5e-06 18.399048 -3.798916 -4.940579 3e-06 -2e-06 -3e-06 -1.240247 21.710573 -108.301628 -0.744828 0.057262 106.401886 -4.47839 -14.569246 -28.292095 1.654551 -1.792032 -1.044355 0.0 0.0 4e-06 8.482068 -20.028976 -112.240845 -0.020455 -0.046199 106.764015 0.156038 7.515682 -28.05361 -1.428183 0.958588 -1.131197 1e-06 -1e-06 2e-06 
0.0 0.0 0.0 0.0 -0.0 0.0 0.723834 60.242687 -0.763278 0.504287 0.327122 33.121059 -1.455995 0.236678 20.430323 -1.070296 0.505603 6.375496 -1.303386 0.277644 17.973171 0.92175 3.116776 -29.780851 -0.700303 -1.350379 -3.439557 1.721455 -2.969672 7.321092 7.7e-05 -2.2e-05 6e-06 -0.099818 0.039697 -0.157059 0.744911 -3.769013 -10.786336 -0.952609 3.856573 -10.775656 0.2135 -19.135542 5.372631 8.584475 -41.639339 -42.353165 3.77352 -71.810577 -3.485034 11.371629 14.693686 5.497388 -5.88197 9.861458 0.702434 -10.936865 -0.360612 7.156201 -2e-06 8.774788 1.3e-05 -15.755357 18.720715 6.421286 -1.844032 2.498502 -2.507267 -10.16357 4.678925 4.621101 -20.975941 -6e-06 -4e-05 -21.226221 2.451642 -3.594034 0.0 -7e-06 1e-06 -1.362685 2.240762 -0.746306 -21.334827 0.584942 3.008279 -13.821151 -4e-06 -2.2e-05 -23.887056 -0.249127 -0.839523 -59.740829 2.591289 -1.20662 -0.294032 1.679636 0.833269 -14.218158 0.093265 1.300555 -34.211884 -0.287579 0.967105 -20.03314 0.964517 1.21281 0.0 -0.0 0.0 -3.440367 0.788172 0.501677 -15.92815 -3.167235 2.999664 -6.338797 3e-06 -1e-05 -18.123388 3.648146 -4.905705 -4e-06 -3e-06 -3e-06 2.822812 32.752022 5.239352 -26.287991 41.909431 -42.323933 2.922593 62.06757 2.877343 -18.992775 -15.222441 8.174657 2.243481 -5.255198 -3.180328 14.282908 -0.826535 6.952446 -4e-06 -12.690546 1.6e-05 16.940863 -17.846497 2.307771 1.665667 -1.955918 -2.87829 4.727785 -4.170564 4.993933 11.020487 0.0 -8e-06 12.109022 -3.735686 -2.866775 -1e-06 -2e-06 0.0 1.291986 -1.928513 -1.498069 14.800073 0.56743 3.865593 14.242519 -1.341728 -6.660642 19.631897 0.143948 -0.64826 50.190372 -0.994039 -6.334669 0.353027 -1.511101 -0.031922 20.222717 3.684248 2.316603 18.787203 2e-06 -1.4e-05 10.751599 -0.479868 1.397896 -1e-06 -3e-06 1e-06 3.27378 0.306008 -0.580078 21.486752 11.83026 2.266082 8.162894 0.0 -5e-06 18.399021 -3.798964 -4.940569 3e-06 -2e-06 -1e-06 -1.275197 21.693136 -108.417007 -0.741774 0.060883 106.484108 -4.398565 -14.501266 -28.345621 1.655515 -1.778222 -1.062689 0.0 0.0 4e-06 8.490792 -20.066145 -112.360909 -0.004374 -0.040959 106.812187 0.217886 7.522968 -28.073465 -1.42833 0.95951 -1.1362 -1e-06 0.0 1e-06 
0.0 0.0 0.0 0.0 -0.0 0.0 0.777489 60.208767 -0.739863 0.488888 0.317537 33.213326 -1.443379 0.236919 20.406105 -1.052729 0.504347 6.377433 -1.318956 0.292802 18.009012 0.958196 3.113153 -29.555502 -0.666013 -1.337005 -3.442276 1.764993 -2.917976 7.282833 7.7e-05 -2.2e-05 6e-06 -0.095739 0.036813 -0.154034 0.748231 -3.774336 -10.800982 -0.947345 3.855884 -10.786564 0.165665 -19.174156 5.382211 8.605735 -41.59771 -42.420387 4.006184 -71.990227 -3.730179 11.620322 14.816366 5.626988 -5.882137 9.861096 0.703089 -10.93679 -0.36044 7.156467 -2e-06 8.774888 -0.0 -15.762492 18.758945 6.408815 -1.844039 2.49851 -2.507301 -10.163643 4.678979 4.621065 -20.976156 1e-06 6e-06 -21.226524 2.451725 -3.594094 0.0 -5e-06 -0.0 -1.3627 2.240853 -0.74636 -21.334982 0.58486 3.008315 -13.821292 2e-06 8e-06 -23.887457 -0.249079 -0.839528 -59.752594 2.592118 -1.217897 -0.29404 1.679758 0.833223 -14.218231 0.093135 1.300568 -34.212284 -0.287545 0.967198 -20.033381 0.964573 1.212886 0.0 2e-06 -0.0 -3.440453 0.788341 0.501585 -15.928174 -3.167437 2.999737 -6.338867 2e-06 7e-06 -18.123663 3.648187 -4.905759 -4e-06 3e-06 -2e-06 2.83701 32.688232 5.197749 -26.505926 41.93322 -42.39296 2.890654 62.049679 2.826094 -19.075176 -15.183101 8.526718 2.243556 -5.254882 -3.179788 14.282851 -0.826673 6.952677 -2e-06 -12.690639 4e-06 16.919542 -17.80641 2.308986 1.66567 -1.955925 -2.878322 4.727812 -4.170605 4.993896 11.020563 1e-06 -4e-06 12.109143 -3.735729 -2.866848 -0.0 2e-06 -0.0 1.291997 -1.928586 -1.498124 14.800151 0.567494 3.865601 14.242617 -1.34173 -6.660707 19.632103 0.143951 -0.648288 50.161858 -0.999517 -6.327951 0.353042 -1.511196 -0.031974 20.222822 3.684355 2.316628 18.787336 -4e-06 3e-06 10.751665 -0.479879 1.397931 0.0 -0.0 0.0 3.273857 0.305876 -0.580175 21.486811 11.830449 2.266147 8.162954 -5e-06 8e-06 18.399197 -3.798985 -4.940614 4e-06 -3e-06 -3e-06 -1.285322 21.678646 -108.518501 -0.740443 0.062554 106.573151 -4.318123 -14.440202 -28.389517 1.6559 -1.766928 -1.089853 0.0 1e-06 -3e-06 8.488037 -20.08596 -112.469437 0.007791 -0.034738 106.868668 0.268901 7.526116 -28.088772 -1.429066 0.955445 -1.144124 0.0 -0.0 -4e-06 
0.0 0.0 0.0 0.0 -0.0 0.0 0.818422 60.160423 -0.740093 0.476453 0.312314 33.268284 -1.425295 0.23621 20.38905 -1.034002 0.500682 6.361526 -1.305466 0.299339 18.032919 1.005031 3.099843 -29.304113 -0.620461 -1.316417 -3.438019 1.791562 -2.856206 7.218578 7.7e-05 -2.2e-05 8e-06 -0.09068 0.033138 -0.151708 0.752082 -3.78073 -10.813064 -0.94075 3.85453 -10.795261 0.127483 -19.210348 5.391665 8.577275 -41.604694 -42.412266 4.169575 -72.105499 -3.929984 11.859573 14.923666 5.728843 -5.882098 9.861318 0.70286 -10.936806 -0.360462 7.156401 1e-05 8.77484 2.2e-05 -15.774599 18.806496 6.407025 -1.844032 2.498497 -2.507293 -10.16361 4.678936 4.62109 -20.976076 -2.2e-05 2e-06 -21.226397 2.451671 -3.594017 0.0 -9e-06 0.0 -1.362686 2.240795 -0.746331 -21.334938 0.584879 3.008293 -13.821253 -1.2e-05 7e-06 -23.887367 -0.249114 -0.839489 -59.780788 2.591795 -1.217848 -0.294025 1.679682 0.833252 -14.218224 0.093189 1.300542 -34.212185 -0.287576 0.967183 -20.033314 0.96455 1.212865 -1e-06 -3e-06 0.0 -3.440397 0.788227 0.501637 -15.928185 -3.167336 2.999676 -6.338841 -5e-06 4e-06 -18.123569 3.648146 -4.905706 -5e-06 -0.0 -1e-06 2.85381 32.643742 5.182949 -26.682117 41.990379 -42.373062 2.805937 61.913643 2.724675 -19.130039 -15.098997 8.838835 2.243615 -5.254804 -3.179662 14.282841 -0.826732 6.952751 0.0 -12.690694 3e-06 16.886227 -17.759317 2.322527 1.665668 -1.955927 -2.878329 4.727826 -4.170622 4.993888 11.020617 1e-06 6e-06 12.109241 -3.735766 -2.866877 -3e-06 -0.0 0.0 1.291998 -1.928605 -1.498132 14.80019 0.567523 3.865609 14.242682 -1.341743 -6.66073 19.632278 0.143923 -0.648301 50.135017 -0.997773 -6.308232 0.353042 -1.511225 -0.031981 20.222876 3.684408 2.316648 18.787432 -8e-06 2.2e-05 10.751724 -0.479889 1.397957 0.0 1e-06 0.0 3.273865 0.305842 -0.580186 21.486841 11.830538 2.266179 8.162997 -4e-06 1.4e-05 18.399364 -3.799009 -4.940651 3e-06 -1e-06 -1e-06 -1.274037 21.650656 -108.590179 -0.739183 0.062863 106.682602 -4.250065 -14.380412 -28.445215 1.655583 -1.760737 -1.106684 0.0 0.0 3e-06 8.487288 -20.108536 -112.56015 0.023752 -0.026218 106.940857 0.277992 7.536993 -28.119642 -1.429049 0.948416 -1.127193 -1e-06 0.0 -2e-06 
0.0 0.0 0.0 0.0 -0.0 0.0 0.847581 60.100777 -0.747355 0.460132 0.309036 33.302128 -1.394248 0.231086 20.358599 -1.02131 0.492305 6.342751 -1.278239 0.298884 18.054331 1.060591 3.086112 -29.090797 -0.581208 -1.290877 -3.43447 1.826601 -2.812833 7.220829 7.7e-05 -2.2e-05 7e-06 -0.084059 0.027201 -0.150445 0.758307 -3.789765 -10.827244 -0.933339 3.851211 -10.804877 0.074727 -19.276901 5.43984 8.577868 -41.598385 -42.380539 4.342121 -72.162804 -4.129166 12.044346 14.99329 5.729246 -5.882131 9.861142 0.702798 -10.93685 -0.360624 7.156273 -1.6e-05 8.774825 -1.8e-05 -15.805954 18.837805 6.395389 -1.844037 2.498514 -2.507284 -10.163626 4.678968 4.62108 -20.976082 2.4e-05 -3e-06 -21.226416 2.451712 -3.594075 0.0 -7e-06 2e-06 -1.3627 2.240825 -0.746351 -21.334932 0.584928 3.008327 -13.821255 1.3e-05 -2e-06 -23.887348 -0.249055 -0.839544 -59.811462 2.587655 -1.203098 -0.294049 1.679719 0.83322 -14.218204 0.093219 1.300599 -34.212185 -0.287521 0.967163 -20.033306 0.964564 1.212851 0.0 -0.0 0.0 -3.440438 0.788291 0.501601 -15.928155 -3.167324 2.999756 -6.338844 7e-06 3e-06 -18.123569 3.648202 -4.905738 -5e-06 3e-06 -1e-06 2.899771 32.63063 5.21041 -26.854473 42.035755 -42.255234 2.665172 61.722496 2.603647 -19.152081 -14.997489 9.14788 2.243532 -5.254873 -3.179932 14.282811 -0.826643 6.952626 -5e-06 -12.690649 -9e-06 16.85737 -17.72868 2.341959 1.665676 -1.955928 -2.878314 4.727822 -4.170606 4.993892 11.020586 1e-05 -1.3e-05 12.109181 -3.73572 -2.866867 -1e-06 0.0 1e-06 1.292001 -1.928586 -1.498119 14.800175 0.567498 3.865602 14.242651 -1.341729 -6.66072 19.632208 0.143969 -0.648313 50.106522 -1.000196 -6.286829 0.353046 -1.511195 -0.031975 20.222857 3.684356 2.316636 18.787378 1.7e-05 -1.3e-05 10.751691 -0.479863 1.39793 0.0 -0.0 0.0 3.273865 0.305882 -0.580176 21.486839 11.830452 2.266176 8.16297 1e-05 -1e-06 18.399273 -3.798948 -4.940651 3e-06 0.0 -1e-06 -1.232075 21.613779 -108.649841 -0.7365 0.063766 106.811546 -4.201091 -14.299088 -28.509781 1.656264 -1.754512 -1.129652 0.0 0.0 -0.0 8.493964 -20.137337 -112.642731 0.037354 -0.023194 107.01799 0.276354 7.561863 -28.157866 -1.429942 0.944225 -1.110603 0.0 1e-06 -2e-06 
0.0 0.0 0.0 0.0 -0.0 0.0 0.865131 60.027546 -0.750678 0.456701 0.307259 33.327377 -1.363245 0.220487 20.318642 -1.010747 0.478726 6.316348 -1.246482 0.29205 18.069553 1.130794 3.084777 -28.920107 -0.550889 -1.282372 -3.43366 1.846881 -2.777788 7.264841 7.7e-05 -2.2e-05 9e-06 -0.077436 0.020748 -0.151407 0.764553 -3.796837 -10.835125 -0.926084 3.844874 -10.810835 0.03666 -19.362524 5.49979 8.562307 -41.577526 -42.354492 4.361759 -72.187119 -4.141306 12.119695 15.027053 5.559603 -5.88214 9.861093 0.702772 -10.936794 -0.360612 7.156297 -9e-06 8.774846 -2.1e-05 -15.824789 18.823198 6.37277 -1.844034 2.498513 -2.507284 -10.163654 4.678972 4.62107 -20.976189 8e-06 -1e-06 -21.226595 2.451707 -3.594107 -1e-06 -7e-06 1e-06 -1.362697 2.240826 -0.746358 -21.334993 0.584912 3.008331 -13.821324 1e-06 -2e-06 -23.887596 -0.249088 -0.83956 -59.833385 2.574404 -1.179669 -0.294045 1.679716 0.833215 -14.218239 0.093203 1.300603 -34.212364 -0.287553 0.967168 -20.033432 0.964552 1.212867 0.0 2e-06 -1e-06 -3.440447 0.788289 0.501588 -15.928176 -3.167349 2.999774 -6.338875 -0.0 -0.0 -18.123739 3.648173 -4.905784 -5e-06 0.0 -2e-06 2.97129 32.620071 5.261797 -27.000721 42.069439 -42.009335 2.42748 61.554108 2.431912 -19.124117 -14.959663 9.523403 2.243528 -5.254956 -3.180186 14.282845 -0.826549 6.952481 -4e-06 -12.690599 -2e-05 16.829985 -17.714029 2.370327 1.66567 -1.955926 -2.878295 4.727807 -4.170591 4.993907 11.020556 8e-06 -6e-06 12.109145 -3.735709 -2.866834 -1e-06 -1e-06 1e-06 1.291992 -1.928552 -1.498104 14.80014 0.56747 3.865612 14.242608 -1.341732 -6.660681 19.63212 0.14395 -0.648279 50.104851 -1.013891 -6.263989 0.35304 -1.511155 -0.031961 20.222811 3.684304 2.316648 18.787319 2.1e-05 -1.1e-05 10.751659 -0.479859 1.397917 -1e-06 3e-06 1e-06 3.273826 0.305937 -0.580139 21.486826 11.830352 2.26618 8.162942 1.1e-05 -7e-06 18.399189 -3.798944 -4.940621 3e-06 -0.0 -2e-06 -1.178188 21.576748 -108.708244 -0.728727 0.067233 106.944641 -4.176843 -14.243336 -28.588385 1.655315 -1.749056 -1.136112 -0.0 -1e-06 1e-06 8.489447 -20.183756 -112.724197 0.042449 -0.021151 107.122116 0.247404 7.598015 -28.246078 -1.430912 0.940712 -1.109233 0.0 -0.0 -5e-06 
0.0 0.0 0.0 0.0 -0.0 0.0 0.875511 59.952499 -0.747577 0.47576 0.31896 33.351513 -1.335668 0.200271 20.279791 -0.996806 0.464379 6.283167 -1.21173 0.272951 18.060652 1.204822 3.098023 -28.775793 -0.523621 -1.291601 -3.433121 1.836738 -2.74289 7.294387 7.7e-05 -2.2e-05 8e-06 -0.072201 0.015417 -0.152447 0.768689 -3.800452 -10.83452 -0.91965 3.837601 -10.810271 -0.00298 -19.456535 5.551178 8.527852 -41.551151 -42.320488 4.12744 -72.188324 -3.889815 12.085182 15.041639 5.202606 -5.882027 9.861429 0.702803 -10.936864 -0.360485 7.156369 -1e-06 8.774819 3e-05 -15.828291 18.773018 6.346043 -1.844032 2.498498 -2.507288 -10.16358 4.678938 4.6211 -20.975967 6e-06 -1.5e-05 -21.226244 2.451686 -3.594012 0.0 -7e-06 1e-06 -1.362691 2.240783 -0.746321 -21.334858 0.584909 3.008279 -13.821184 8e-06 -5e-06 -23.887136 -0.249084 -0.839507 -59.832874 2.556011 -1.163255 -0.294036 1.679667 0.833266 -14.218168 0.093222 1.300528 -34.211975 -0.28754 0.967141 -20.033192 0.964556 1.212828 0.0 3e-06 -0.0 -3.44039 0.788218 0.501661 -15.92814 -3.167293 2.999644 -6.338809 7e-06 -0.0 -18.123413 3.648173 -4.905684 -4e-06 0.0 -2e-06 3.046287 32.586605 5.293249 -27.06599 42.116589 -41.672447 2.193801 61.46162 2.264252 -19.100822 -14.959616 9.943348 2.243594 -5.254986 -3.179705 14.282847 -0.826707 6.952769 3e-06 -12.690637 3.6e-05 16.789557 -17.693932 2.399269 1.665671 -1.95592 -2.878329 4.727834 -4.170601 4.993899 11.020615 -8e-06 4e-06 12.109239 -3.735735 -2.866838 2e-06 -1e-06 -0.0 1.292007 -1.928566 -1.498117 14.800187 0.567477 3.865588 14.242694 -1.341735 -6.660712 19.632296 0.143902 -0.648306 50.101089 -1.025227 -6.241372 0.353061 -1.511174 -0.031967 20.222851 3.684332 2.316601 18.787437 -2.6e-05 4e-06 10.751723 -0.479903 1.397932 -0.0 -2e-06 -1e-06 3.273896 0.305902 -0.580158 21.486786 11.830429 2.266089 8.162999 -1.9e-05 4e-06 18.399387 -3.79902 -4.940652 4e-06 -3e-06 -2e-06 -1.132338 21.534481 -108.77562 -0.713711 0.071456 107.066673 -4.178359 -14.228784 -28.652344 1.654038 -1.744761 -1.135684 -0.0 0.0 -3e-06 8.478013 -20.239752 -112.811401 0.047634 -0.019228 107.24321 0.207405 7.615406 -28.347546 -1.431691 0.940005 -1.122843 0.0 1e-06 -7e-06 
0.0 0.0 0.0 0.0 -0.0 0.0 0.879248 59.892738 -0.73864 0.510166 0.345783 33.387558 -1.310826 0.178331 20.240614 -0.981435 0.450199 6.247173 -1.179736 0.24266 18.031389 1.3011 3.107603 -28.651175 -0.507645 -1.292188 -3.430503 1.808156 -2.71395 7.350493 7.7e-05 -2.2e-05 7e-06 -0.067093 0.010591 -0.153965 0.77324 -3.803223 -10.835017 -0.913948 3.830556 -10.810886 -0.009244 -19.536156 5.564218 8.518684 -41.515553 -42.226318 3.812722 -72.154327 -3.591851 11.964663 15.074782 4.681886 -5.882066 9.861277 0.70231 -10.936874 -0.360667 7.156086 5e-06 8.774808 -2.4e-05 -15.810738 18.71843 6.322231 -1.84403 2.498504 -2.507259 -10.163565 4.678924 4.621101 -20.975979 -2.8e-05 -1e-06 -21.226288 2.451648 -3.594023 0.0 -5e-06 2e-06 -1.362662 2.240772 -0.746313 -21.334858 0.584911 3.008336 -13.821183 -2.3e-05 3e-06 -23.887161 -0.249134 -0.839471 -59.803047 2.527471 -1.176014 -0.294003 1.679655 0.83326 -14.218188 0.093239 1.300606 -34.211971 -0.287615 0.967181 -20.033216 0.964509 1.21287 1e-06 -0.0 0.0 -3.440325 0.788176 0.50167 -15.928198 -3.167269 2.999732 -6.338809 -1.1e-05 1e-06 -18.123451 3.648139 -4.905688 -5e-06 -2e-06 -3e-06 3.124057 32.537151 5.295578 -27.075274 42.178322 -41.364014 2.101911 61.444691 2.189646 -19.102682 -14.958176 10.430367 2.2434 -5.255223 -3.180639 14.282875 -0.826483 6.952314 -1e-05 -12.690539 -1.1e-05 16.755951 -17.68021 2.417831 1.665662 -1.955919 -2.878271 4.727765 -4.170557 4.993934 11.020446 1.6e-05 -3e-05 12.108961 -3.735663 -2.866802 0.0 -1e-06 0.0 1.291969 -1.928501 -1.498058 14.800042 0.56744 3.865592 14.242478 -1.341717 -6.660645 19.631809 0.144019 -0.648286 50.100338 -1.023936 -6.228358 0.353009 -1.51109 -0.031909 20.222685 3.68426 2.316601 18.787117 4.5e-05 -4.3e-05 10.751558 -0.479837 1.397879 0.0 -0.0 1e-06 3.273711 0.306039 -0.580058 21.486774 11.830254 2.266111 8.162854 1.7e-05 -1.8e-05 18.398903 -3.798899 -4.94059 3e-06 -2e-06 -2e-06 -1.119344 21.500494 -108.863258 -0.699439 0.073507 107.17057 -4.174849 -14.267941 -28.691498 1.652829 -1.747117 -1.126433 0.0 0.0 3e-06 8.467643 -20.293606 -112.918983 0.056817 -0.015492 107.363602 0.178076 7.601623 -28.417765 -1.431959 0.939521 -1.138506 0.0 -0.0 -0.0 
0.0 0.0 0.0 0.0 -0.0 0.0 0.876617 59.853874 -0.732025 0.548264 0.369782 33.442951 -1.293956 0.161437 20.211815 -0.969177 0.4359 6.210271 -1.149574 0.216167 17.988392 1.394165 3.113264 -28.559448 -0.517944 -1.306252 -3.427714 1.796685 -2.704955 7.439263 7.7e-05 -2.2e-05 7e-06 -0.06203 0.007431 -0.155517 0.778575 -3.803789 -10.837316 -0.90903 3.824606 -10.813384 -0.001296 -19.608919 5.544438 8.567478 -41.46854 -42.029411 3.625679 -72.066422 -3.421085 11.802537 15.121619 4.160502 -5.882094 9.861383 0.702583 -10.936828 -0.360439 7.156271 1.2e-05 8.774853 2.3e-05 -15.781309 18.688761 6.328694 -1.844031 2.498493 -2.507277 -10.163588 4.67893 4.621109 -20.976042 -3.5e-05 1e-05 -21.226349 2.451682 -3.593988 0.0 -8e-06 -3e-06 -1.362674 2.240792 -0.746303 -21.334917 0.584857 3.008303 -13.821226 -2e-05 9e-06 -23.88728 -0.249117 -0.839454 -59.796574 2.510763 -1.191627 -0.294017 1.67968 0.833281 -14.218213 0.093171 1.300543 -34.212082 -0.2876 0.967197 -20.033274 0.964528 1.212871 1e-06 -2e-06 0.0 -3.440364 0.788211 0.501684 -15.928194 -3.167359 2.999663 -6.33883 -9e-06 4e-06 -18.123516 3.648148 -4.905668 -3e-06 0.0 -3e-06 3.169735 32.491886 5.278228 -27.042297 42.213348 -41.102253 2.072076 61.505554 2.163814 -19.14394 -14.920454 10.978674 2.243559 -5.255125 -3.180111 14.282892 -0.82669 6.952568 -6e-06 -12.690624 3.1e-05 16.739861 -17.672235 2.429608 1.665664 -1.955917 -2.878305 4.727796 -4.170582 4.993925 11.020529 3e-06 7e-06 12.109078 -3.73572 -2.866783 1e-06 -2e-06 0.0 1.291986 -1.92855 -1.498078 14.800118 0.567485 3.865591 14.242569 -1.341731 -6.66065 19.632023 0.143934 -0.64824 50.121723 -1.025405 -6.222816 0.35303 -1.511153 -0.031923 20.222778 3.684338 2.316605 18.787279 -8e-06 8e-06 10.751644 -0.47988 1.397915 -1e-06 3e-06 1e-06 3.273806 0.305945 -0.580083 21.486771 11.830427 2.26608 8.16293 -9e-06 5e-06 18.39913 -3.799011 -4.940578 3e-06 -3e-06 -2e-06 -1.137466 21.485872 -108.951378 -0.690895 0.07488 107.235466 -4.14009 -14.343232 -28.709522 1.651265 -1.757921 -1.107134 -1e-06 0.0 4e-06 8.441977 -20.310905 -113.022614 0.062628 -0.011409 107.461151 0.17887 7.550375 -28.459282 -1.431295 0.931886 -1.179197 0.0 -0.0 -2e-06 
0.0 0.0 0.0 0.0 -0.0 0.0 0.868496 59.842503 -0.731441 0.586582 0.394946 33.525723 -1.278638 0.150417 20.18745 -0.961518 0.42221 6.175344 -1.122375 0.202871 17.940826 1.441776 3.101173 -28.520483 -0.538896 -1.33829 -3.428358 1.796422 -2.701658 7.525308 7.7e-05 -2.2e-05 6e-06 -0.064467 0.009668 -0.156116 0.779113 -3.799243 -10.838996 -0.914188 3.82435 -10.815857 0.016649 -19.692482 5.527439 8.708491 -41.383572 -41.747711 3.691073 -71.938988 -3.449087 11.594703 15.172536 3.717879 -5.882265 9.861036 0.703055 -10.936859 -0.360504 7.156353 0.0 8.774871 -1.5e-05 -15.754173 18.681324 6.357706 -1.844031 2.498511 -2.507291 -10.163628 4.67897 4.621089 -20.976128 2e-06 6e-05 -21.226463 2.451748 -3.594018 0.0 -7e-06 1e-06 -1.362682 2.24085 -0.746354 -21.334978 0.584874 3.008364 -13.821286 9e-06 4.2e-05 -23.887413 -0.249023 -0.839444 -59.827785 2.518367 -1.204417 -0.294026 1.679751 0.833223 -14.21824 0.093156 1.300602 -34.212273 -0.287523 0.967276 -20.033371 0.964593 1.212919 0.0 3e-06 -0.0 -3.440424 0.788321 0.501605 -15.928191 -3.167402 2.99976 -6.338863 -1e-06 2.2e-05 -18.123627 3.648206 -4.905681 -5e-06 -3e-06 -2e-06 3.172838 32.441757 5.237524 -26.981476 42.230576 -40.840923 2.013627 61.596264 2.110707 -19.198111 -14.858441 11.500582 2.243628 -5.254773 -3.179722 14.282855 -0.826699 6.952678 -4e-06 -12.690671 -9e-06 16.764803 -17.674725 2.429341 1.665668 -1.955927 -2.878325 4.727815 -4.170615 4.99389 11.020585 7e-06 1.2e-05 12.109161 -3.735749 -2.866846 -2e-06 -0.0 -1e-06 1.291991 -1.928609 -1.49813 14.800185 0.567524 3.86562 14.242639 -1.34174 -6.660705 19.632174 0.143931 -0.648264 50.167175 -1.046561 -6.233067 0.353034 -1.511226 -0.031981 20.222866 3.684394 2.316662 18.787388 0.0 2.9e-05 10.751695 -0.479882 1.397955 0.0 -0.0 0.0 3.273858 0.305846 -0.580182 21.486851 11.83051 2.266193 8.162976 -1e-06 1.5e-05 18.399271 -3.798997 -4.940611 3e-06 -1e-06 -2e-06 -1.175695 21.475307 -109.042595 -0.682724 0.073539 107.237022 -4.105078 -14.43891 -28.686905 1.649167 -1.769287 -1.084032 0.0 0.0 3e-06 8.409725 -20.305563 -113.107185 0.058926 -0.010777 107.517166 0.200376 7.476608 -28.492228 -1.429987 0.92104 -1.223592 -0.0 -0.0 4e-06 
0.0 0.0 0.0 0.0 -0.0 0.0 0.849904 59.861885 -0.736069 0.626277 0.424568 33.640186 -1.262328 0.146443 20.161907 -0.962611 0.407703 6.144717 -1.089668 0.192213 17.889271 1.447387 3.096991 -28.536322 -0.571553 -1.38439 -3.430681 1.802886 -2.717703 7.585665 7.7e-05 -2.2e-05 5e-06 -0.07358 0.016288 -0.156134 0.774797 -3.790921 -10.840108 -0.92787 3.829114 -10.817221 0.059942 -19.762035 5.50705 8.88085 -41.277328 -41.477421 3.785091 -71.807671 -3.504275 11.361946 15.203403 3.40964 -5.882117 9.861123 0.702828 -10.936811 -0.360573 7.156318 -4e-06 8.774847 -1.4e-05 -15.740686 18.69146 6.394702 -1.844035 2.498511 -2.507289 -10.163631 4.678968 4.621074 -20.976116 2e-06 -6e-06 -21.226469 2.451698 -3.594082 1e-06 -3e-06 2e-06 -1.36269 2.240824 -0.746351 -21.334959 0.584904 3.008322 -13.821278 2e-06 -1e-06 -23.887434 -0.249088 -0.839531 -59.867409 2.542905 -1.205479 -0.294039 1.679721 0.833222 -14.218221 0.093194 1.300589 -34.212227 -0.287557 0.967173 -20.033346 0.964549 1.212867 -2e-06 3e-06 -1e-06 -3.440431 0.788289 0.501596 -15.92817 -3.167351 2.999753 -6.33885 -2e-06 3e-06 -18.123615 3.648175 -4.905747 -4e-06 -2e-06 -1e-06 3.120755 32.40493 5.162257 -26.865149 42.231865 -40.563847 1.933088 61.69986 2.059037 -19.290136 -14.770337 12.011777 2.243575 -5.254878 -3.179953 14.282854 -0.826633 6.952594 -4e-06 -12.690642 -1e-05 16.788649 -17.67885 2.437437 1.665668 -1.955927 -2.878312 4.727811 -4.170605 4.993899 11.020573 8e-06 4e-06 12.109151 -3.735735 -2.866839 1e-06 0.0 -0.0 1.291994 -1.928578 -1.498112 14.800166 0.567495 3.865617 14.242625 -1.341737 -6.660695 19.632143 0.14394 -0.648268 50.209999 -1.081391 -6.245198 0.353039 -1.511187 -0.031968 20.222836 3.684352 2.316651 18.787359 8e-06 1.3e-05 10.751684 -0.479873 1.397938 -0.0 -1e-06 1e-06 3.273839 0.305896 -0.580157 21.486839 11.830445 2.266184 8.162968 3e-06 7e-06 18.399263 -3.798985 -4.940619 3e-06 -3e-06 -1e-06 -1.238844 21.465443 -109.154587 -0.676549 0.071161 107.166885 -4.0647 -14.532326 -28.614958 1.647618 -1.77706 -1.064249 0.0 0.0 1e-06 8.397799 -20.28397 -113.183777 0.045327 -0.01437 107.523758 0.228391 7.368792 -28.546076 -1.427761 0.907702 -1.263419 0.0 -0.0 -5e-06 
0.0 0.0 0.0 0.0 -0.0 0.0 0.813945 59.902416 -0.742258 0.6737 0.474227 33.764355 -1.242334 0.146734 20.140858 -0.964398 0.389265 6.124002 -1.065486 0.184077 17.839975 1.411679 3.118321 -28.59667 -0.601889 -1.450961 -3.426744 1.804882 -2.767798 7.608027 7.7e-05 -2.2e-05 3e-06 -0.082538 0.021727 -0.154711 0.771208 -3.785565 -10.843381 -0.941642 3.834154 -10.818821 0.137165 -19.822557 5.489007 9.051928 -41.148735 -41.280434 3.753343 -71.68689 -3.463248 11.172837 15.193326 3.195421 -5.881956 9.861531 0.702063 -10.936861 -0.360723 7.156026 -2.1e-05 8.774766 -0.0 -15.735168 18.727505 6.441028 -1.844036 2.498501 -2.507252 -10.163596 4.678939 4.621113 -20.975988 3.7e-05 -5.3e-05 -21.226322 2.451689 -3.59404 0.0 -8e-06 0.0 -1.362708 2.240749 -0.746293 -21.334843 0.584996 3.008281 -13.821187 1.8e-05 -4.1e-05 -23.887194 -0.24908 -0.839579 -59.915466 2.570784 -1.201913 -0.294065 1.679626 0.833283 -14.21815 0.093309 1.300573 -34.211994 -0.287534 0.967035 -20.033205 0.964517 1.212762 -1e-06 3e-06 -0.0 -3.440425 0.788173 0.501693 -15.928114 -3.16719 2.999676 -6.338809 1e-05 -2e-05 -18.123482 3.648186 -4.905728 -4e-06 -2e-06 -2e-06 3.063609 32.382351 5.087835 -26.75065 42.207394 -40.318512 1.86853 61.794586 2.043588 -19.408699 -14.644279 12.435575 2.2434 -5.25516 -3.1804 14.282814 -0.826467 6.95243 1e-06 -12.690538 -8e-06 16.816807 -17.689064 2.448585 1.665674 -1.955924 -2.878285 4.727812 -4.170572 4.993916 11.020545 -2e-06 -3e-05 12.109131 -3.735685 -2.866829 0.0 -2e-06 -1e-06 1.292009 -1.928517 -1.498091 14.800115 0.56742 3.865587 14.242606 -1.341728 -6.660682 19.632084 0.143959 -0.648328 50.25457 -1.112691 -6.25691 0.35306 -1.511106 -0.031943 20.222771 3.68423 2.316599 18.787291 2.5e-05 -5.8e-05 10.75164 -0.479852 1.397884 -1e-06 2e-06 0.0 3.273849 0.305991 -0.580127 21.486778 11.83023 2.266117 8.162921 7e-06 -3e-05 18.399147 -3.798908 -4.940664 3e-06 -3e-06 -2e-06 -1.317584 21.434202 -109.270363 -0.680048 0.06451 107.043449 -4.041623 -14.570849 -28.536133 1.647678 -1.784345 -1.043464 -1e-06 0.0 1e-06 8.402148 -20.254398 -113.265045 0.025558 -0.019384 107.492523 0.233796 7.231045 -28.578485 -1.425763 0.893509 -1.28338 1e-06 -0.0 -1e-06 
0.0 0.0 0.0 0.0 -0.0 0.0 0.758987 59.961803 -0.749919 0.740221 0.54531 33.878834 -1.225374 0.147025 20.137005 -0.965601 0.369679 6.10309 -1.055673 0.171136 17.799757 1.355162 3.140851 -28.677872 -0.635217 -1.516584 -3.427439 1.795055 -2.830291 7.595194 7.7e-05 -2.2e-05 4e-06 -0.087621 0.024225 -0.152332 0.770629 -3.782758 -10.842574 -0.950579 3.835643 -10.8148 0.232078 -19.869761 5.456754 9.201708 -41.002956 -41.115826 3.650018 -71.580521 -3.372642 10.996168 15.162478 2.996714 -5.882147 9.861297 0.702392 -10.936849 -0.360535 7.156118 1.2e-05 8.774837 -7e-06 -15.724733 18.766306 6.492775 -1.84403 2.498499 -2.507267 -10.163579 4.678928 4.62112 -20.976015 -4e-05 2.9e-05 -21.226295 2.451679 -3.593969 1e-06 -4e-06 -1e-06 -1.36266 2.240793 -0.746304 -21.334915 0.584869 3.008338 -13.821213 -2.6e-05 1.9e-05 -23.887226 -0.249107 -0.839423 -59.962353 2.591365 -1.197014 -0.294 1.679682 0.833274 -14.218221 0.093182 1.300588 -34.212055 -0.287613 0.967225 -20.033257 0.964517 1.21289 0.0 3e-06 -0.0 -3.440348 0.788215 0.501694 -15.928213 -3.167346 2.999695 -6.338825 -1.1e-05 8e-06 -18.123478 3.648155 -4.905641 -4e-06 -2e-06 -3e-06 3.032865 32.354881 5.025968 -26.65753 42.192039 -40.119862 1.827081 61.879997 2.052694 -19.549059 -14.475485 12.786149 2.243513 -5.25506 -3.180352 14.282866 -0.826606 6.952415 -2.3e-05 -12.690609 -9e-06 16.834814 -17.705658 2.469298 1.665663 -1.955916 -2.878288 4.727775 -4.17058 4.993929 11.020495 2.5e-05 -9e-06 12.109015 -3.735691 -2.866799 3e-06 1e-06 -0.0 1.291972 -1.92855 -1.498073 14.800101 0.567495 3.865608 14.242527 -1.341718 -6.660646 19.631914 0.144004 -0.64823 50.296303 -1.134836 -6.262438 0.353011 -1.511153 -0.031923 20.222763 3.684347 2.316633 18.787199 4.4e-05 -1e-06 10.751598 -0.47984 1.39791 -0.0 -1e-06 -0.0 3.273759 0.305956 -0.580082 21.486834 11.830411 2.266149 8.162897 1.8e-05 -1e-06 18.399017 -3.798932 -4.940561 3e-06 -3e-06 0.0 -1.426207 21.386438 -109.368439 -0.69456 0.055914 106.880669 -4.039879 -14.569633 -28.44869 1.648776 -1.786546 -1.035953 -0.0 0.0 -3e-06 8.408368 -20.23958 -113.332634 0.007206 -0.021182 107.433685 0.22447 7.071467 -28.57436 -1.423584 0.881761 -1.283489 0.0 -0.0 -5e-06 
0.0 0.0 0.0 0.0 -0.0 0.0 0.690164 60.023506 -0.753967 0.804048 0.638876 33.983349 -1.20701 0.150514 20.152187 -0.968405 0.346277 6.089612 -1.043552 0.158159 17.762735 1.286466 3.15708 -28.769413 -0.659742 -1.583023 -3.429556 1.747074 -2.882052 7.552377 7.7e-05 -2.2e-05 9e-06 -0.085998 0.022147 -0.147865 0.776313 -3.78448 -10.835808 -0.952453 3.832703 -10.805717 0.321229 -19.907377 5.435677 9.37562 -40.842056 -40.996044 3.582154 -71.46627 -3.305111 10.827728 15.150396 2.88623 -5.882265 9.86095 0.703439 -10.936716 -0.360382 7.156579 -1.4e-05 8.774919 2e-06 -15.708327 18.811237 6.551065 -1.844052 2.498515 -2.507324 -10.163741 4.679026 4.621047 -20.976364 4.1e-05 6e-06 -21.226809 2.451795 -3.59415 1e-06 -5e-06 -1e-06 -1.362734 2.240903 -0.746384 -21.335142 0.584862 3.008316 -13.821437 2.9e-05 5e-06 -23.887867 -0.249015 -0.839603 -60.009823 2.617811 -1.204407 -0.29409 1.679825 0.833195 -14.218299 0.093108 1.300561 -34.212677 -0.287487 0.967181 -20.033577 0.964601 1.212869 0.0 4e-06 -0.0 -3.440595 0.788452 0.501524 -15.928157 -3.167512 2.99976 -6.338927 1.1e-05 5e-06 -18.123934 3.648231 -4.905818 -4e-06 -2e-06 -2e-06 3.019478 32.318729 5.000131 -26.617672 42.176537 -40.038757 1.836534 61.962322 2.097695 -19.679811 -14.279048 13.085516 2.243655 -5.254436 -3.179239 14.28272 -0.826738 6.952899 -3e-06 -12.690733 -3.5e-05 16.851969 -17.721085 2.487457 1.665683 -1.955937 -2.878355 4.727878 -4.170656 4.993838 11.02074 6e-06 0.0 12.109426 -3.735772 -2.866959 2e-06 1e-06 -0.0 1.292026 -1.92867 -1.498196 14.80032 0.567555 3.865623 14.242844 -1.34174 -6.660805 19.632633 0.14393 -0.648356 50.330437 -1.143025 -6.2683 0.353082 -1.511305 -0.032059 20.223034 3.684449 2.316684 18.787634 1.9e-05 6e-06 10.751819 -0.479877 1.397981 1e-06 -1e-06 -0.0 3.274014 0.30573 -0.58032 21.486938 11.83061 2.266276 8.163085 8e-06 6e-06 18.399654 -3.798955 -4.940736 4e-06 -3e-06 0.0 -1.54704 21.3423 -109.453766 -0.714238 0.049786 106.697823 -4.034464 -14.574123 -28.380211 1.647686 -1.775994 -1.030647 0.0 0.0 3e-06 8.428206 -20.234423 -113.384308 -0.010489 -0.019365 107.366646 0.222163 6.912012 -28.561853 -1.421652 0.874787 -1.283914 0.0 -0.0 -4e-06 
0.0 0.0 0.0 0.0 -0.0 0.0 0.613787 60.0909 -0.76605 0.858857 0.736621 34.071068 -1.191315 0.156724 20.182186 -0.977604 0.318935 6.082951 -1.022348 0.153224 17.719275 1.225393 3.16934 -28.866531 -0.679251 -1.639694 -3.424829 1.664932 -2.925296 7.50666 7.7e-05 -2.2e-05 6e-06 -0.08241 0.019712 -0.144786 0.783244 -3.787308 -10.830218 -0.952111 3.830494 -10.799532 0.415263 -19.937017 5.4271 9.525247 -40.68438 -40.954823 3.443188 -71.355431 -3.163579 10.71912 15.145802 2.94358 -5.882043 9.861388 0.702731 -10.936877 -0.360476 7.156331 4e-06 8.774834 2.2e-05 -15.684792 18.859892 6.613624 -1.84403 2.498495 -2.507283 -10.163555 4.678926 4.621106 -20.975939 -1.5e-05 -0.0 -21.2262 2.451676 -3.594003 0.0 -6e-06 1e-06 -1.362671 2.240785 -0.746314 -21.334843 0.584886 3.008295 -13.821158 -6e-06 6e-06 -23.887083 -0.249099 -0.839474 -60.04092 2.657796 -1.216011 -0.294011 1.679677 0.833272 -14.218169 0.093198 1.300543 -34.211903 -0.287565 0.96718 -20.033161 0.964547 1.212856 1e-06 0.0 1e-06 -3.44034 0.788214 0.501675 -15.92817 -3.167328 2.999662 -6.3388 1e-06 6e-06 -18.123386 3.648169 -4.905672 -4e-06 0.0 -2e-06 3.026407 32.271 5.011548 -26.598236 42.168739 -40.064281 1.908674 62.060513 2.172806 -19.779356 -14.099727 13.407643 2.243674 -5.255011 -3.179821 14.282887 -0.826751 6.952701 -9e-06 -12.690666 3.5e-05 16.871452 -17.723686 2.501328 1.665664 -1.955917 -2.878319 4.727813 -4.170597 4.993913 11.020605 5e-06 2.5e-05 12.109206 -3.735745 -2.866801 -2e-06 -0.0 0.0 1.291986 -1.928567 -1.498099 14.800179 0.567506 3.865603 14.242659 -1.341734 -6.660676 19.632259 0.143898 -0.648232 50.36105 -1.137419 -6.272233 0.353034 -1.511178 -0.031945 20.222853 3.684372 2.316629 18.787424 -1.8e-05 4.3e-05 10.751723 -0.479901 1.397952 1e-06 -0.0 -0.0 3.273839 0.305919 -0.580111 21.486818 11.830486 2.266105 8.162993 -1.3e-05 1.8e-05 18.399351 -3.79903 -4.940584 4e-06 -3e-06 -2e-06 -1.665048 21.313459 -109.505913 -0.737203 0.047029 106.495293 -4.032603 -14.639387 -28.329433 1.64525 -1.768324 -1.028481 0.0 0.0 1e-06 8.450348 -20.227905 -113.406761 -0.02847 -0.01868 107.292122 0.214256 6.791704 -28.531324 -1.419927 0.866892 -1.278216 -1e-06 1e-06 -4e-06 
0.0 0.0 0.0 0.0 -0.0 0.0 0.536758 60.180832 -0.785404 0.908998 0.822635 34.12888 -1.184572 0.157839 20.222769 -0.988279 0.291229 6.077766 -1.005824 0.150957 17.680206 1.186573 3.18107 -28.950092 -0.691628 -1.678216 -3.414256 1.556727 -2.940659 7.477463 7.7e-05 -2.2e-05 7e-06 -0.072878 0.012683 -0.143148 0.794743 -3.794913 -10.826253 -0.944896 3.824299 -10.795066 0.479729 -19.962591 5.427199 9.647762 -40.538647 -40.946774 3.313365 -71.233139 -3.02137 10.706632 15.145175 3.103409 -5.881979 9.861747 0.701888 -10.93702 -0.360659 7.155933 2.6e-05 8.774733 2.1e-05 -15.662804 18.900194 6.671702 -1.84401 2.498479 -2.507235 -10.163418 4.678836 4.621179 -20.975637 -6.5e-05 2.9e-05 -21.225765 2.451576 -3.593811 1e-06 -8e-06 1e-06 -1.362617 2.240665 -0.746245 -21.334635 0.584935 3.00832 -13.820975 -3.8e-05 2.5e-05 -23.886568 -0.249156 -0.839315 -60.05592 2.697663 -1.221144 -0.293939 1.679516 0.83334 -14.218091 0.093316 1.300564 -34.211391 -0.287639 0.967222 -20.032898 0.964495 1.212865 0.0 2e-06 1e-06 -3.440134 0.787958 0.501824 -15.928205 -3.1671 2.999591 -6.338715 -1.5e-05 8e-06 -18.122993 3.648096 -4.905492 -4e-06 3e-06 -2e-06 3.060536 32.220131 5.044258 -26.559685 42.163563 -40.15295 2.05713 62.193012 2.306265 -19.879705 -13.932106 13.633288 2.243553 -5.255473 -3.18066 14.283064 -0.826525 6.952278 -1.5e-05 -12.690502 3.5e-05 16.880028 -17.718927 2.512556 1.665641 -1.955908 -2.878263 4.72771 -4.170522 4.993979 11.020349 9e-06 2.1e-05 12.108758 -3.73565 -2.866655 1e-06 -3e-06 0.0 1.29193 -1.92845 -1.498011 14.799946 0.567413 3.865608 14.242323 -1.341722 -6.660531 19.631495 0.143943 -0.648109 50.382114 -1.114475 -6.273088 0.352961 -1.511023 -0.031854 20.222557 3.684207 2.316606 18.786982 -1.4e-05 5.1e-05 10.751503 -0.479878 1.397902 0.0 1e-06 0.0 3.273588 0.306135 -0.579937 21.486698 11.830183 2.266019 8.16281 -5e-06 2.4e-05 18.398708 -3.799012 -4.940402 4e-06 -2e-06 -2e-06 -1.766065 21.298496 -109.497726 -0.755182 0.045704 106.280136 -4.01916 -14.741433 -28.293694 1.642521 -1.764514 -1.020714 0.0 0.0 3e-06 8.47613 -20.216835 -113.379593 -0.042286 -0.021586 107.189537 0.179559 6.701019 -28.491407 -1.418558 0.863658 -1.259469 0.0 1e-06 3e-06 
0.0 0.0 0.0 0.0 -0.0 0.0 0.464563 60.28278 -0.805899 0.955239 0.889583 34.14381 -1.188974 0.15585 20.265825 -0.997089 0.270559 6.081439 -0.996448 0.141649 17.680563 1.178001 3.166963 -29.012671 -0.695038 -1.664905 -3.403451 1.44194 -2.944981 7.461467 7.7e-05 -2.2e-05 8e-06 -0.068624 0.008252 -0.141565 0.800659 -3.801164 -10.82983 -0.94275 3.821884 -10.794421 0.527841 -19.982897 5.462929 9.72309 -40.406319 -41.024681 3.248824 -71.12693 -2.942469 10.776998 15.115605 3.254478 -5.882062 9.861326 0.702475 -10.93685 -0.360535 7.156187 -3e-06 8.77484 -0.0 -15.649579 18.918079 6.709612 -1.84403 2.4985 -2.507273 -10.163585 4.678945 4.621107 -20.975998 -1.1e-05 -3e-06 -21.226294 2.451693 -3.594027 0.0 -7e-06 1e-06 -1.362682 2.240803 -0.746307 -21.33489 0.584892 3.008314 -13.8212 -4e-06 -5e-06 -23.887201 -0.249088 -0.839511 -60.027058 2.708656 -1.211915 -0.294027 1.679693 0.833272 -14.21819 0.093194 1.300572 -34.212032 -0.287572 0.967162 -20.03323 0.964527 1.21285 -1e-06 3e-06 -0.0 -3.440384 0.788244 0.501673 -15.928172 -3.167343 2.999696 -6.33882 -0.0 -2e-06 -18.123459 3.64818 -4.905694 -4e-06 3e-06 -2e-06 3.109097 32.170033 5.081625 -26.492474 42.147858 -40.300877 2.214389 62.362099 2.444734 -20.016167 -13.767902 13.806316 2.243582 -5.255005 -3.180069 14.282853 -0.826728 6.95257 -8e-06 -12.690676 1e-05 16.870611 -17.720783 2.529322 1.665667 -1.955918 -2.878308 4.727808 -4.170601 4.993917 11.020573 1.1e-05 9e-06 12.109146 -3.735745 -2.866802 1e-06 0.0 -0.0 1.291991 -1.928581 -1.498086 14.800166 0.567524 3.865603 14.242629 -1.341734 -6.660666 19.632185 0.143932 -0.648238 50.408356 -1.089377 -6.261876 0.353035 -1.511194 -0.031932 20.222834 3.684398 2.316632 18.787361 8e-06 1.6e-05 10.751688 -0.479871 1.397931 0.0 1e-06 0.0 3.273834 0.305895 -0.580108 21.48683 11.830518 2.266135 8.162968 2e-06 2e-06 18.399265 -3.79899 -4.940609 4e-06 -2e-06 -2e-06 -1.835091 21.293112 -109.4226 -0.774176 0.04613 106.065987 -4.046702 -14.842901 -28.238329 1.641496 -1.764432 -1.009476 -0.0 0.0 -1e-06 8.500459 -20.212286 -113.306908 -0.045822 -0.024449 107.067871 0.118482 6.649233 -28.471785 -1.418216 0.869379 -1.206518 0.0 -0.0 -1e-06 
0.0 0.0 0.0 0.0 -0.0 0.0 0.399048 60.37991 -0.813331 0.998559 0.930068 34.133484 -1.198843 0.144862 20.316521 -1.00001 0.259358 6.091632 -0.995014 0.124123 17.711494 1.169946 3.139935 -29.036457 -0.700102 -1.634713 -3.405319 1.336818 -2.940036 7.442635 7.7e-05 -2.2e-05 6e-06 -0.070854 0.008302 -0.140922 0.800355 -3.801777 -10.836754 -0.947308 3.82253 -10.796287 0.544984 -19.981256 5.526842 9.792112 -40.311096 -41.173855 3.280797 -71.01783 -2.954891 10.856467 15.051304 3.414244 -5.882141 9.861242 0.702665 -10.93681 -0.360512 7.156263 5e-06 8.774853 -3e-06 -15.629711 18.924749 6.747398 -1.844035 2.498501 -2.507281 -10.163627 4.678953 4.621093 -20.976124 -1.5e-05 1.3e-05 -21.22646 2.451699 -3.594028 0.0 -7e-06 1e-06 -1.362683 2.240815 -0.746326 -21.334963 0.584876 3.008325 -13.821272 -1.4e-05 1e-05 -23.8874 -0.249094 -0.839484 -59.97654 2.697574 -1.168464 -0.29403 1.679709 0.833251 -14.218236 0.093174 1.300576 -34.212234 -0.287579 0.967199 -20.033356 0.964538 1.21288 -1e-06 3e-06 -0.0 -3.440414 0.788264 0.501645 -15.928191 -3.167367 2.999715 -6.338854 -2e-06 5e-06 -18.123619 3.648164 -4.905705 -4e-06 0.0 -2e-06 3.142392 32.136551 5.116529 -26.412632 42.110161 -40.520519 2.394195 62.531197 2.598767 -20.151691 -13.635611 13.924183 2.243563 -5.25488 -3.179922 14.282817 -0.826664 6.952629 -4e-06 -12.690659 -9e-06 16.871332 -17.728636 2.528631 1.665676 -1.955925 -2.878315 4.727823 -4.17061 4.993896 11.020606 8e-06 -3e-06 12.109221 -3.735743 -2.866865 -3e-06 -1e-06 0.0 1.292002 -1.928587 -1.498117 14.800192 0.56751 3.865609 14.242674 -1.341736 -6.660713 19.632267 0.14394 -0.648299 50.417503 -1.079378 -6.255735 0.353046 -1.511201 -0.03197 20.222868 3.684371 2.316644 18.787413 1.7e-05 -2e-06 10.75171 -0.479868 1.397937 -0.0 -1e-06 1e-06 3.273875 0.305876 -0.580169 21.486845 11.830474 2.266182 8.162986 4e-06 -1e-06 18.399324 -3.798967 -4.940652 3e-06 -4e-06 -3e-06 -1.875179 21.287315 -109.31263 -0.791163 0.045216 105.872803 -4.076659 -14.910457 -28.172386 1.640486 -1.768425 -1.01379 0.0 0.0 1e-06 8.513765 -20.204878 -113.213493 -0.051143 -0.025911 106.944984 0.033286 6.633777 -28.468454 -1.418126 0.881443 -1.168889 -0.0 -0.0 1e-06 
0.0 0.0 0.0 0.0 -0.0 0.0 0.334946 60.472542 -0.818693 1.053822 0.954197 34.122452 -1.21398 0.137737 20.361923 -0.998014 0.251558 6.109526 -0.987131 0.103253 17.755619 1.139402 3.129353 -29.029339 -0.71152 -1.63031 -3.413866 1.244838 -2.937819 7.431464 7.7e-05 -2.2e-05 1e-06 -0.079292 0.01381 -0.143765 0.795593 -3.796123 -10.841556 -0.959972 3.828025 -10.801217 0.550491 -19.973524 5.622619 9.843728 -40.258472 -41.431175 3.240536 -70.952911 -2.891708 10.919797 14.987373 3.637931 -5.882077 9.861326 0.702608 -10.936831 -0.360479 7.156255 3e-06 8.774853 6e-06 -15.612849 18.913881 6.774268 -1.844035 2.498499 -2.507279 -10.163597 4.678946 4.621098 -20.976034 -1.6e-05 0.0 -21.226347 2.451696 -3.594028 -1e-06 -6e-06 -0.0 -1.362677 2.240805 -0.746314 -21.334911 0.584871 3.008308 -13.821221 -1.2e-05 5e-06 -23.887249 -0.249101 -0.839488 -59.920124 2.672842 -1.10603 -0.294024 1.6797 0.83327 -14.218208 0.09317 1.300559 -34.212082 -0.287587 0.967178 -20.033262 0.964531 1.212864 -2e-06 1e-06 -0.0 -3.440382 0.788247 0.501667 -15.928183 -3.167369 2.999687 -6.338827 -0.0 2e-06 -18.123507 3.64817 -4.905696 -4e-06 -1e-06 -3e-06 3.148848 32.104153 5.144341 -26.359713 42.025528 -40.72855 2.491307 62.670471 2.692432 -20.203432 -13.572181 14.049525 2.243543 -5.255042 -3.179991 14.28286 -0.82671 6.952638 -2e-06 -12.690647 2.7e-05 16.880291 -17.753206 2.531284 1.665665 -1.955917 -2.87831 4.727812 -4.170599 4.993913 11.020565 1e-06 -3e-06 12.109154 -3.735739 -2.866828 0.0 -2e-06 1e-06 1.291991 -1.928563 -1.498092 14.800142 0.567495 3.865589 14.242619 -1.341736 -6.660689 19.632141 0.143938 -0.648291 50.448341 -1.07347 -6.249576 0.353039 -1.511173 -0.03194 20.222805 3.684358 2.316602 18.787342 -5e-06 -5e-06 10.751675 -0.479879 1.397922 1e-06 -3e-06 1e-06 3.273832 0.305916 -0.580119 21.486795 11.83046 2.266102 8.162954 -7e-06 1e-06 18.399227 -3.798996 -4.940624 2e-06 1e-06 -1e-06 -1.928351 21.281637 -109.199974 -0.806116 0.042776 105.682228 -4.094156 -14.970404 -28.105265 1.640489 -1.777302 -1.019953 0.0 0.0 1e-06 8.520559 -20.210922 -113.117485 -0.059048 -0.030791 106.821747 -0.068626 6.644998 -28.487247 -1.418919 0.888561 -1.162725 0.0 -0.0 -1e-06 
0.0 0.0 0.0 0.0 -0.0 0.0 0.271706 60.557766 -0.828928 1.121579 0.967411 34.12468 -1.229715 0.135411 20.395782 -0.993122 0.248445 6.128654 -0.974236 0.07699 17.809721 1.098686 3.137668 -28.999767 -0.723658 -1.643694 -3.424979 1.161337 -2.928267 7.403811 7.7e-05 -2.2e-05 6e-06 -0.084331 0.017272 -0.146716 0.793743 -3.790646 -10.835313 -0.968724 3.82999 -10.797407 0.557964 -19.955944 5.726392 9.882259 -40.229935 -41.684963 3.296896 -70.956512 -2.893583 10.923664 14.979952 3.809892 -5.882013 9.861547 0.701751 -10.936996 -0.360837 7.155805 7e-06 8.774716 -2.4e-05 -15.589666 18.880363 6.787116 -1.844013 2.498493 -2.50723 -10.163473 4.67887 4.621156 -20.975758 -3.4e-05 1.6e-05 -21.225952 2.451604 -3.593884 0.0 -6e-06 1e-06 -1.362642 2.240693 -0.746267 -21.334703 0.584979 3.008349 -13.821044 -2.5e-05 1e-05 -23.886761 -0.249132 -0.839385 -59.845764 2.659722 -1.079702 -0.293972 1.679547 0.833304 -14.218113 0.093341 1.300625 -34.211578 -0.287613 0.967187 -20.032991 0.964497 1.212852 3e-06 1e-06 1e-06 -3.440217 0.78802 0.501771 -15.928191 -3.167086 2.999686 -6.338748 -1e-05 2e-06 -18.123161 3.648121 -4.905563 -4e-06 1e-06 -1e-06 3.148034 32.088356 5.14656 -26.347927 41.884861 -40.872673 2.532983 62.774242 2.754441 -20.184694 -13.566964 14.089254 2.243431 -5.255478 -3.180956 14.283008 -0.826378 6.952132 -1.4e-05 -12.690443 3e-06 16.885059 -17.780094 2.543013 1.665648 -1.955913 -2.878245 4.727718 -4.170518 4.993976 11.020345 1.4e-05 -7e-06 12.108771 -3.735617 -2.866686 0.0 -3e-06 0.0 1.291942 -1.928439 -1.498011 14.799946 0.567382 3.865608 14.242324 -1.341713 -6.660545 19.63147 0.143979 -0.648164 50.484161 -1.06551 -6.239481 0.352968 -1.511003 -0.031858 20.222557 3.684146 2.316609 18.786943 2.4e-05 -6e-06 10.751472 -0.479845 1.39787 1e-06 -0.0 1e-06 3.273602 0.306162 -0.579952 21.486706 11.830067 2.266052 8.162788 1e-05 -3e-06 18.398655 -3.798933 -4.94045 3e-06 -0.0 -2e-06 -1.988264 21.274384 -109.102112 -0.813526 0.042919 105.492584 -4.118145 -15.027989 -28.026337 1.640435 -1.784563 -1.040188 0.0 0.0 4e-06 8.543967 -20.249321 -113.041618 -0.063769 -0.03757 106.695801 -0.158705 6.665164 -28.50248 -1.419112 0.888661 -1.171392 -0.0 -1e-06 5e-06 
0.0 0.0 0.0 0.0 -0.0 0.0 0.208304 60.619186 -0.840863 1.193376 0.960641 34.14809 -1.240156 0.133596 20.419594 -0.985092 0.248389 6.142225 -0.959597 0.05426 17.864492 1.051221 3.165595 -28.941456 -0.752429 -1.673864 -3.436921 1.109593 -2.914321 7.320088 7.7e-05 -2.2e-05 5e-06 -0.086584 0.01889 -0.147057 0.792826 -3.785718 -10.82144 -0.972885 3.829088 -10.787233 0.556897 -19.921713 5.793621 9.840248 -40.222805 -41.866257 3.461856 -71.06913 -2.985262 10.92887 15.007215 3.946338 -5.882157 9.861116 0.703025 -10.936762 -0.360503 7.156425 -1.5e-05 8.774871 -3e-06 -15.570459 18.841055 6.790086 -1.844042 2.498512 -2.507299 -10.163688 4.678996 4.62106 -20.976233 2.9e-05 -1.4e-05 -21.226643 2.451746 -3.594127 0.0 -6e-06 1e-06 -1.362719 2.240849 -0.746361 -21.335032 0.5849 3.008306 -13.821349 1.7e-05 -8e-06 -23.887619 -0.249052 -0.839587 -59.778645 2.649721 -1.072179 -0.294074 1.679757 0.833214 -14.21825 0.093171 1.300573 -34.212444 -0.287514 0.967147 -20.033453 0.964572 1.212847 -2e-06 -1e-06 0.0 -3.44052 0.788349 0.501572 -15.928148 -3.167404 2.999745 -6.338889 1.1e-05 -2e-06 -18.123774 3.648211 -4.905794 -4e-06 3e-06 -1e-06 3.102464 32.090343 5.130258 -26.343788 41.708782 -41.018147 2.54756 62.87534 2.793148 -20.140409 -13.582092 14.090637 2.243566 -5.254743 -3.17962 14.282744 -0.826702 6.952778 -4e-06 -12.690681 -5e-06 16.872734 -17.792681 2.554076 1.665682 -1.95593 -2.878337 4.727858 -4.170629 4.993868 11.020679 3e-06 -1.4e-05 12.109339 -3.735749 -2.866918 0.0 -0.0 0.0 1.292023 -1.928613 -1.498154 14.800254 0.567516 3.865594 14.242769 -1.341729 -6.660769 19.632477 0.143948 -0.64836 50.519005 -1.055572 -6.221838 0.353081 -1.511233 -0.03201 20.222946 3.684394 2.31663 18.787525 1.5e-05 -1.7e-05 10.751764 -0.479875 1.397941 -0.0 -1e-06 1e-06 3.273962 0.305827 -0.580246 21.486872 11.83051 2.266186 8.163031 2e-06 -9e-06 18.399483 -3.79895 -4.940712 4e-06 -5e-06 -2e-06 -2.054197 21.2771 -109.056709 -0.811316 0.046507 105.337387 -4.142659 -15.082474 -27.926937 1.64062 -1.791307 -1.051232 -0.0 0.0 -2e-06 8.581202 -20.290796 -113.01712 -0.062479 -0.044586 106.617065 -0.247576 6.706102 -28.507183 -1.418342 0.891083 -1.197227 -0.0 -1e-06 -5e-06 
0.0 0.0 0.0 0.0 -0.0 0.0 0.138769 60.666718 -0.845245 1.270687 0.960167 34.183041 -1.241884 0.124176 20.432526 -0.98616 0.252469 6.145135 -0.923639 0.026812 17.915142 1.015553 3.215444 -28.855667 -0.801743 -1.704125 -3.444535 1.095743 -2.929062 7.189617 7.7e-05 -2.2e-05 5e-06 -0.084586 0.017504 -0.146903 0.794554 -3.782414 -10.807178 -0.971174 3.823882 -10.775066 0.553795 -19.875914 5.832629 9.771996 -40.226818 -42.00338 3.59959 -71.256943 -3.090279 10.955892 15.031967 4.161651 -5.88206 9.8615 0.702365 -10.936897 -0.360533 7.156157 1.3e-05 8.774807 1.8e-05 -15.565571 18.804167 6.780593 -1.844022 2.498491 -2.507264 -10.163536 4.678904 4.621135 -20.97591 -3e-05 2e-05 -21.226164 2.451665 -3.593938 0.0 -6e-06 1e-06 -1.362656 2.24075 -0.746288 -21.334831 0.584901 3.008309 -13.821151 -1.8e-05 1.4e-05 -23.887075 -0.249112 -0.839417 -59.718235 2.655908 -1.072648 -0.293993 1.679625 0.833296 -14.218169 0.093233 1.300558 -34.211853 -0.287588 0.9672 -20.033148 0.964531 1.212861 -1e-06 1e-06 -0.0 -3.440299 0.788133 0.50173 -15.928185 -3.167262 2.999641 -6.338793 -5e-06 5e-06 -18.123356 3.648155 -4.905614 -5e-06 -2e-06 -2e-06 3.053277 32.113903 5.132895 -26.373381 41.515121 -41.204742 2.63136 62.944012 2.885307 -20.078117 -13.554673 13.997469 2.243573 -5.255266 -3.180359 14.282976 -0.826593 6.952414 -1.6e-05 -12.690554 2.9e-05 16.85755 -17.78299 2.547448 1.66565 -1.955912 -2.878283 4.727753 -4.170551 4.993954 11.020443 1e-05 1.7e-05 12.108923 -3.735678 -2.866713 -1e-06 -0.0 0.0 1.291954 -1.928502 -1.498047 14.800043 0.56745 3.865606 14.242446 -1.341722 -6.660583 19.631758 0.143944 -0.648158 50.513771 -1.045856 -6.209258 0.352989 -1.511088 -0.031893 20.222681 3.68427 2.316616 18.78714 -3e-06 3.5e-05 10.751579 -0.479878 1.397916 -0.0 -1e-06 -0.0 3.2737 0.306043 -0.580012 21.486753 11.830298 2.266063 8.162879 -6e-06 1.5e-05 18.398945 -3.799005 -4.94048 3e-06 1e-06 -1e-06 -2.109159 21.269581 -109.038986 -0.798501 0.044287 105.207512 -4.160601 -15.133237 -27.820244 1.640762 -1.801683 -1.052611 0.0 0.0 2e-06 8.628411 -20.345259 -113.03083 -0.058663 -0.049791 106.579803 -0.318224 6.748904 -28.529305 -1.416752 0.893921 -1.212685 -0.0 -1e-06 -2e-06 
0.0 0.0 0.0 0.0 -0.0 0.0 0.066639 60.698391 -0.845257 1.328154 0.97215 34.221199 -1.229118 0.113199 20.427984 -0.991407 0.249396 6.146917 -0.860772 0.006836 17.959408 0.984971 3.267642 -28.767391 -0.843293 -1.694998 -3.445563 1.108735 -2.958522 7.063867 7.7e-05 -2.2e-05 3e-06 -0.087976 0.019881 -0.147644 0.790522 -3.777364 -10.800056 -0.974311 3.824281 -10.770057 0.515475 -19.842352 5.851629 9.704929 -40.226265 -42.126312 3.684418 -71.491371 -3.181756 10.979525 15.090899 4.508502 -5.882136 9.861243 0.70296 -10.936856 -0.36054 7.15637 -3e-06 8.774823 1e-05 -15.598428 18.775326 6.755284 -1.844032 2.498507 -2.507293 -10.163617 4.678952 4.62109 -20.97607 9e-06 1.2e-05 -21.226391 2.451704 -3.594024 1e-06 -6e-06 -0.0 -1.362687 2.240801 -0.746342 -21.334921 0.584918 3.008311 -13.82124 1.2e-05 1.1e-05 -23.8873 -0.24906 -0.839499 -59.694653 2.664274 -1.074953 -0.294039 1.679691 0.833235 -14.218201 0.093218 1.300564 -34.212151 -0.287524 0.967189 -20.0333 0.964575 1.212862 0.0 1e-06 -0.0 -3.440419 0.788253 0.501625 -15.928159 -3.167309 2.999701 -6.338845 4e-06 1e-05 -18.123552 3.648185 -4.905697 -5e-06 -3e-06 -2e-06 2.979359 32.154297 5.119452 -26.425789 41.348137 -41.355621 2.683022 62.959702 2.955516 -19.989134 -13.518405 13.857944 2.243626 -5.254886 -3.179867 14.282842 -0.826576 6.952604 -5e-06 -12.690598 -1.4e-05 16.860836 -17.778965 2.537025 1.665668 -1.955929 -2.878314 4.727821 -4.170594 4.993894 11.020606 7e-06 1e-05 12.109208 -3.735711 -2.866832 -2e-06 -1e-06 0.0 1.291996 -1.92856 -1.498123 14.800192 0.567465 3.865622 14.242677 -1.341733 -6.660697 19.632282 0.143922 -0.648274 50.490833 -1.039395 -6.20123 0.353042 -1.511161 -0.031982 20.222874 3.6843 2.316657 18.787424 1e-05 1.4e-05 10.751719 -0.479874 1.397942 -2e-06 -1e-06 -1e-06 3.27386 0.305928 -0.580169 21.486849 11.830345 2.266176 8.162993 3e-06 4e-06 18.399351 -3.79895 -4.940627 3e-06 -2e-06 -1e-06 -2.130605 21.267382 -109.038101 -0.786879 0.036114 105.092056 -4.208062 -15.163208 -27.730854 1.642245 -1.815612 -1.037579 1e-06 -0.0 -3e-06 8.699774 -20.384983 -113.066574 -0.056341 -0.057321 106.554504 -0.358325 6.792725 -28.566368 -1.415639 0.897381 -1.193223 0.0 -0.0 -4e-06 
0.0 0.0 0.0 0.0 -0.0 0.0 -0.005568 60.718216 -0.849455 1.37545 0.991439 34.247807 -1.206671 0.102463 20.423006 -0.985998 0.236049 6.151093 -0.815723 0.003692 17.979574 0.98042 3.294848 -28.677164 -0.847611 -1.64307 -3.443253 1.11633 -2.963735 6.941957 7.7e-05 -2.2e-05 6e-06 -0.097482 0.025949 -0.149569 0.779362 -3.771017 -10.7951 -0.982272 3.830154 -10.765469 0.48094 -19.838428 5.861376 9.639374 -40.199608 -42.190308 3.852365 -71.74173 -3.359211 11.015144 15.161994 4.903504 -5.882092 9.861327 0.702164 -10.936938 -0.360704 7.155982 9e-06 8.774777 -2.3e-05 -15.639238 18.762911 6.722631 -1.84402 2.498499 -2.507248 -10.163518 4.6789 4.62113 -20.975868 -4e-05 2.6e-05 -21.226089 2.451635 -3.593922 1e-06 -5e-06 -0.0 -1.362648 2.240757 -0.746298 -21.334797 0.584923 3.008352 -13.821109 -2.6e-05 2.1e-05 -23.886923 -0.249119 -0.839393 -59.692112 2.676152 -1.085905 -0.29398 1.679632 0.833277 -14.218164 0.093265 1.300618 -34.211784 -0.287611 0.967217 -20.033098 0.96451 1.212879 -1e-06 -0.0 -1e-06 -3.440281 0.788136 0.501709 -15.928203 -3.167212 2.999714 -6.338778 -1e-05 6e-06 -18.123272 3.648134 -4.905599 -4e-06 2e-06 -1e-06 2.938457 32.177162 5.104595 -26.504501 41.252972 -41.499657 2.720809 62.966614 3.015456 -19.885723 -13.531112 13.677284 2.243575 -5.254871 -3.180263 14.282825 -0.826616 6.952428 -2.5e-05 -12.690653 -3.7e-05 16.861547 -17.77993 2.533247 1.66567 -1.955925 -2.878291 4.7278 -4.170604 4.993912 11.020568 3.1e-05 2e-06 12.109133 -3.735717 -2.866825 1e-06 -2e-06 0.0 1.291974 -1.928582 -1.498091 14.80017 0.567526 3.865632 14.242605 -1.341729 -6.660666 19.632139 0.143981 -0.648224 50.458431 -1.043503 -6.194942 0.353013 -1.511195 -0.031948 20.222857 3.684398 2.316682 18.787338 5.6e-05 1.5e-05 10.751678 -0.479838 1.397937 -0.0 -1e-06 1e-06 3.273793 0.305906 -0.580128 21.486902 11.83048 2.266229 8.162955 2.8e-05 0.0 18.399225 -3.798916 -4.940599 3e-06 -4e-06 -2e-06 -2.141632 21.262297 -109.039192 -0.780276 0.023777 104.988205 -4.308748 -15.169002 -27.657545 1.644501 -1.830556 -0.994114 -0.0 0.0 -3e-06 8.767735 -20.403198 -113.10228 -0.055386 -0.06513 106.53418 -0.386867 6.803403 -28.61846 -1.414819 0.900052 -1.126837 0.0 -0.0 -2e-06 
0.0 0.0 0.0 0.0 -0.0 0.0 -0.072342 60.725796 -0.861842 1.402484 1.01586 34.260944 -1.173878 0.090613 20.425728 -0.975749 0.220882 6.157309 -0.78642 0.00541 17.984964 0.998532 3.288527 -28.596691 -0.832327 -1.550858 -3.441073 1.128562 -2.937879 6.809234 7.7e-05 -2.2e-05 9e-06 -0.104544 0.030071 -0.150183 0.77005 -3.768305 -10.792437 -0.986921 3.83532 -10.760489 0.434246 -19.860138 5.864938 9.613815 -40.131542 -42.193771 4.180507 -71.964539 -3.65335 11.024972 15.232141 5.244985 -5.882144 9.861185 0.702838 -10.936867 -0.360543 7.156301 4e-06 8.774831 -5e-06 -15.671308 18.772469 6.697973 -1.84403 2.498504 -2.507285 -10.163579 4.678937 4.621093 -20.976015 -1.8e-05 2.1e-05 -21.226301 2.451679 -3.594009 -1e-06 -8e-06 -1e-06 -1.362673 2.240806 -0.746338 -21.334908 0.584887 3.008331 -13.821213 -1.2e-05 2.2e-05 -23.887226 -0.249098 -0.839454 -59.678299 2.689296 -1.103884 -0.29401 1.679699 0.83324 -14.218205 0.093196 1.300582 -34.212048 -0.287568 0.967226 -20.033241 0.964554 1.212892 -1e-06 0.0 -0.0 -3.440362 0.788237 0.501635 -15.928196 -3.167321 2.999719 -6.338826 -5e-06 1.2e-05 -18.123459 3.648158 -4.90567 -5e-06 -2e-06 -1e-06 2.920388 32.176357 5.078424 -26.597687 41.220875 -41.67469 2.755906 62.992104 3.051369 -19.783821 -13.575594 13.477246 2.243613 -5.254928 -3.180022 14.282852 -0.826634 6.95255 -2e-05 -12.690624 -6e-06 16.85881 -17.775099 2.51507 1.665667 -1.955922 -2.878302 4.727801 -4.17059 4.993906 11.020569 1.8e-05 1e-05 12.10913 -3.735705 -2.866812 0.0 -3e-06 0.0 1.291981 -1.928564 -1.498102 14.800166 0.5675 3.865619 14.242615 -1.341719 -6.660669 19.632156 0.143959 -0.648227 50.40741 -1.041301 -6.196329 0.353016 -1.511169 -0.031951 20.222851 3.684354 2.316653 18.787355 2.5e-05 2.5e-05 10.751681 -0.479863 1.397942 0.0 2e-06 1e-06 3.273811 0.30593 -0.580131 21.486855 11.830416 2.266168 8.162962 1.2e-05 9e-06 18.399229 -3.798945 -4.940585 4e-06 -3e-06 -2e-06 -2.144737 21.266994 -109.045547 -0.784377 0.011018 104.912796 -4.414369 -15.141194 -27.589725 1.645468 -1.834846 -0.942474 -0.0 0.0 -1e-06 8.816296 -20.397772 -113.120941 -0.056308 -0.068453 106.519203 -0.395044 6.77799 -28.681303 -1.414613 0.902462 -1.028291 -0.0 -1e-06 2e-06 
0.0 0.0 0.0 0.0 -0.0 0.0 -0.132736 60.719032 -0.879168 1.415005 1.017273 34.263939 -1.146262 0.083765 20.435728 -0.970255 0.205377 6.161426 -0.773675 0.003325 17.992414 1.019638 3.269408 -28.552328 -0.800795 -1.443214 -3.436086 1.15282 -2.883866 6.686913 7.7e-05 -2.2e-05 7e-06 -0.106194 0.030927 -0.149285 0.765044 -3.769916 -10.791768 -0.985037 3.838166 -10.757616 0.386392 -19.870701 5.851542 9.646839 -40.049587 -42.218861 4.466411 -72.134598 -3.868098 10.979296 15.31596 5.518782 -5.882087 9.861301 0.702485 -10.936834 -0.360676 7.156173 -1.7e-05 8.774796 -1.4e-05 -15.685072 18.783367 6.680802 -1.844037 2.498509 -2.507272 -10.163637 4.678964 4.621092 -20.976109 3.7e-05 -2.3e-05 -21.226477 2.45172 -3.59407 0.0 -8e-06 -1e-06 -1.362715 2.24079 -0.746333 -21.334936 0.584974 3.00831 -13.821259 2e-05 -1.8e-05 -23.887388 -0.249055 -0.839565 -59.651348 2.690866 -1.111443 -0.29407 1.679676 0.833243 -14.218198 0.093264 1.300591 -34.212196 -0.287515 0.967106 -20.033323 0.964548 1.212813 1e-06 -1e-06 0.0 -3.44047 0.788248 0.501636 -15.928136 -3.167264 2.999724 -6.338851 1e-05 -1e-05 -18.123629 3.648192 -4.905751 -4e-06 1e-06 -2e-06 2.915096 32.152493 5.052647 -26.705826 41.232826 -41.904346 2.808388 63.04781 3.060414 -19.703754 -13.634689 13.406838 2.243444 -5.254942 -3.180143 14.282774 -0.826558 6.952528 0.0 -12.690607 -2.3e-05 16.841625 -17.767071 2.497568 1.66568 -1.955928 -2.878308 4.727825 -4.170599 4.993897 11.020586 7e-06 -3.1e-05 12.109179 -3.735708 -2.866866 1e-06 2e-06 -0.0 1.292009 -1.928568 -1.498113 14.800168 0.567467 3.865592 14.242655 -1.34173 -6.660718 19.632181 0.143977 -0.64834 50.35144 -1.032781 -6.196559 0.353064 -1.51117 -0.031973 20.222845 3.684314 2.316621 18.787355 3.4e-05 -4.8e-05 10.751671 -0.47985 1.397904 -0.0 -2e-06 -2e-06 3.273891 0.305905 -0.580182 21.486828 11.830368 2.266172 8.162952 1e-05 -2.4e-05 18.399231 -3.798907 -4.940686 3e-06 -1e-06 -1e-06 -2.144335 21.291058 -109.05426 -0.802594 0.001774 104.860237 -4.509479 -15.069889 -27.538971 1.646052 -1.828686 -0.911552 -0.0 0.0 -5e-06 8.832134 -20.355392 -113.12075 -0.060462 -0.065274 106.511185 -0.405962 6.754217 -28.751511 -1.415169 0.899155 -0.948526 0.0 -0.0 -4e-06 
0.0 0.0 0.0 0.0 -0.0 0.0 -0.183971 60.71627 -0.901481 1.432781 1.011515 34.253773 -1.127475 0.071423 20.450901 -0.967637 0.192926 6.16655 -0.767095 -0.011172 17.992254 1.059122 3.260736 -28.509539 -0.765114 -1.338557 -3.428422 1.16988 -2.816735 6.603446 7.7e-05 -2.2e-05 6e-06 -0.096747 0.024708 -0.146805 0.770257 -3.779058 -10.793344 -0.97126 3.834478 -10.758229 0.340445 -19.880991 5.843796 9.700089 -39.963345 -42.263111 4.688124 -72.242615 -4.02167 10.92178 15.413847 5.727707 -5.882168 9.860998 0.702904 -10.936746 -0.36057 7.156356 -7e-06 8.774864 -2.5e-05 -15.700276 18.801134 6.6605 -1.844045 2.498517 -2.507291 -10.163691 4.678993 4.621048 -20.976257 1e-05 -1.3e-05 -21.226679 2.451717 -3.594145 0.0 -8e-06 -1e-06 -1.362706 2.240855 -0.746371 -21.335052 0.584896 3.008323 -13.821355 2e-06 -7e-06 -23.887655 -0.249092 -0.839582 -59.633575 2.684672 -1.130533 -0.294067 1.679767 0.833199 -14.218268 0.093168 1.300604 -34.212471 -0.287561 0.967161 -20.033478 0.964542 1.212872 0.0 2e-06 -0.0 -3.440506 0.788354 0.501553 -15.928176 -3.167399 2.999797 -6.338892 1e-06 -4e-06 -18.123798 3.648179 -4.905812 -5e-06 2e-06 -1e-06 2.890781 32.123726 5.023849 -26.788609 41.260113 -42.140667 2.914286 63.12178 3.095112 -19.633905 -13.675053 13.383981 2.243519 -5.254669 -3.179908 14.282743 -0.826615 6.952601 -5e-06 -12.690678 -4.8e-05 16.823877 -17.75593 2.483115 1.665682 -1.955936 -2.878318 4.727846 -4.170631 4.993873 11.020646 1.4e-05 -2.2e-05 12.109286 -3.735745 -2.866924 -1e-06 -0.0 0.0 1.29201 -1.928624 -1.498142 14.800241 0.56752 3.865618 14.242733 -1.341737 -6.660755 19.632387 0.143967 -0.64835 50.303318 -1.010152 -6.195477 0.353062 -1.511244 -0.032009 20.222923 3.684395 2.316674 18.787466 4.9e-05 -2.9e-05 10.75173 -0.479842 1.397935 0.0 2e-06 -2e-06 3.273921 0.305816 -0.580236 21.486904 11.830506 2.266265 8.163003 2e-05 -1.5e-05 18.399395 -3.79891 -4.940713 3e-06 -0.0 -2e-06 -2.135451 21.299273 -109.039047 -0.819986 0.000543 104.804108 -4.600756 -14.983166 -27.483644 1.64692 -1.816326 -0.906703 0.0 0.0 -0.0 8.823442 -20.305902 -113.108368 -0.067482 -0.061659 106.496017 -0.425587 6.751076 -28.793144 -1.41686 0.895234 -0.880841 0.0 -0.0 -4e-06 
0.0 0.0 0.0 0.0 -0.0 0.0 -0.232715 60.723835 -0.928636 1.464032 0.989526 34.246811 -1.122038 0.060019 20.460243 -0.962686 0.176211 6.174662 -0.771326 -0.023234 17.989494 1.088642 3.243453 -28.473286 -0.720404 -1.256259 -3.421827 1.194275 -2.753769 6.587981 7.7e-05 -2.2e-05 8e-06 -0.089568 0.020421 -0.143677 0.774034 -3.786566 -10.798048 -0.960834 3.833415 -10.76416 0.292372 -19.911669 5.834797 9.779164 -39.880356 -42.28083 4.921225 -72.263 -4.197641 10.85331 15.535089 5.837276 -5.882145 9.861191 0.702669 -10.936911 -0.360549 7.15621 2.3e-05 8.774827 -1.2e-05 -15.721692 18.813848 6.641124 -1.84402 2.498498 -2.507275 -10.163525 4.67891 4.621114 -20.975904 -6.2e-05 5.3e-05 -21.226131 2.451639 -3.593934 0.0 -4e-06 -0.0 -1.362635 2.240789 -0.746321 -21.334845 0.584857 3.008358 -13.821143 -3.3e-05 4.6e-05 -23.887012 -0.24912 -0.839364 -59.629868 2.669127 -1.136974 -0.293963 1.679674 0.833258 -14.218195 0.093187 1.300597 -34.211884 -0.287617 0.967295 -20.033161 0.964535 1.212935 -1e-06 0.0 -0.0 -3.440268 0.78819 0.501669 -15.928235 -3.16732 2.999722 -6.338793 -1.9e-05 2.1e-05 -18.123314 3.64813 -4.905598 -4e-06 0.0 -3e-06 2.834421 32.099514 5.001068 -26.881166 41.271481 -42.333351 3.016212 63.149349 3.131473 -19.545774 -13.695732 13.433606 2.24364 -5.254913 -3.180145 14.282903 -0.826622 6.952458 -2.4e-05 -12.690629 -2.3e-05 16.818596 -17.749773 2.473645 1.665655 -1.955921 -2.878294 4.727777 -4.17059 4.99392 11.020512 2.8e-05 2e-05 12.109034 -3.735705 -2.866784 -0.0 2e-06 -1e-06 1.291955 -1.92857 -1.49809 14.800127 0.567512 3.865641 14.242537 -1.341723 -6.660636 19.631985 0.143962 -0.64817 50.26495 -0.97878 -6.194295 0.352991 -1.511176 -0.03194 20.222797 3.684367 2.316685 18.787258 3.6e-05 5.1e-05 10.751637 -0.479858 1.397949 1e-06 -1e-06 -0.0 3.273742 0.305933 -0.580099 21.48687 11.830433 2.266198 8.162925 1.9e-05 2e-05 18.399088 -3.79895 -4.940519 3e-06 -1e-06 -2e-06 -2.126263 21.286123 -109.008171 -0.830807 0.005271 104.725677 -4.698797 -14.884745 -27.427006 1.648135 -1.806945 -0.93009 -0.0 0.0 -2e-06 8.788484 -20.24332 -113.099876 -0.076411 -0.060862 106.461037 -0.455602 6.752402 -28.820124 -1.419982 0.893814 -0.845908 -0.0 -0.0 3e-06 
0.0 0.0 0.0 0.0 -0.0 0.0 -0.275078 60.756153 -0.961781 1.509816 0.953968 34.262325 -1.128436 0.044853 20.461752 -0.953757 0.164882 6.180256 -0.78639 -0.037724 17.988628 1.076519 3.229331 -28.428591 -0.681252 -1.216594 -3.420491 1.239186 -2.715844 6.58789 7.7e-05 -2.2e-05 8e-06 -0.087299 0.019594 -0.140891 0.774199 -3.788581 -10.800395 -0.956643 3.834053 -10.769127 0.225138 -19.947538 5.850693 9.89694 -39.841553 -42.364254 5.010077 -72.17926 -4.266018 10.831769 15.637375 5.948443 -5.882122 9.861285 0.70289 -10.936829 -0.360366 7.156391 1.5e-05 8.77488 2.3e-05 -15.737815 18.813631 6.622887 -1.844037 2.498495 -2.507296 -10.163595 4.678947 4.621097 -20.976046 -3.7e-05 2.1e-05 -21.226347 2.451699 -3.594012 1e-06 -6e-06 1e-06 -1.362673 2.240821 -0.746324 -21.334936 0.584828 3.008305 -13.821231 -1.6e-05 1.9e-05 -23.88728 -0.249096 -0.839461 -59.615574 2.646282 -1.114776 -0.294014 1.679724 0.833263 -14.218223 0.093123 1.300539 -34.212112 -0.287587 0.967225 -20.033281 0.964544 1.21289 -2e-06 0.0 -0.0 -3.440374 0.788271 0.501653 -15.928201 -3.167427 2.999671 -6.338831 -4e-06 1.1e-05 -18.123503 3.648168 -4.90568 -4e-06 -1e-06 -2e-06 2.75495 32.091106 5.012649 -26.987902 41.235615 -42.461754 3.002532 63.123852 3.090244 -19.48897 -13.693251 13.544714 2.243665 -5.254956 -3.179802 14.2829 -0.826813 6.952694 -1.4e-05 -12.6907 3.4e-05 16.820059 -17.748819 2.46628 1.665662 -1.955914 -2.878321 4.727801 -4.170607 4.993917 11.020563 9e-06 2.2e-05 12.109123 -3.735761 -2.866797 2e-06 -2e-06 0.0 1.291978 -1.928585 -1.498093 14.800156 0.567538 3.865605 14.242602 -1.341735 -6.660667 19.632116 0.143925 -0.648217 50.246723 -0.957111 -6.190713 0.353019 -1.511207 -0.031938 20.222826 3.684431 2.316633 18.78735 -1.4e-05 4.7e-05 10.751683 -0.479892 1.397951 1e-06 -4e-06 -0.0 3.273812 0.305879 -0.580107 21.486816 11.830581 2.266121 8.162968 -7e-06 2.1e-05 18.399242 -3.799037 -4.940574 3e-06 -2e-06 -1e-06 -2.139524 21.253187 -108.980873 -0.837139 0.009391 104.605156 -4.788397 -14.778623 -27.357473 1.649122 -1.803901 -0.950362 1e-06 -0.0 -0.0 8.727223 -20.1646 -113.100319 -0.082185 -0.062282 106.386719 -0.496499 6.763258 -28.806917 -1.42272 0.899217 -0.840364 -1e-06 0.0 -4e-06 
0.0 0.0 0.0 0.0 -0.0 0.0 -0.309332 60.798084 -1.00717 1.561728 0.918043 34.289482 -1.138303 0.029901 20.462292 -0.946337 0.156308 6.182561 -0.796003 -0.054444 17.99247 1.03927 3.225338 -28.372627 -0.661035 -1.206099 -3.419144 1.285002 -2.697962 6.578632 7.7e-05 -2.2e-05 9e-06 -0.092255 0.024436 -0.141792 0.76636 -3.782048 -10.798714 -0.958981 3.837689 -10.772106 0.140952 -19.981703 5.905487 10.015839 -39.84724 -42.519981 4.942273 -72.052414 -4.21386 10.858758 15.734564 6.094075 -5.88212 9.8613 0.70271 -10.936869 -0.360489 7.156292 1.2e-05 8.774847 5e-06 -15.744851 18.797123 6.61301 -1.844024 2.498498 -2.507281 -10.163579 4.678937 4.621102 -20.976019 -2e-05 2.2e-05 -21.226324 2.45169 -3.594004 0.0 -6e-06 -0.0 -1.362671 2.240797 -0.746321 -21.334894 0.584872 3.008324 -13.821212 -1.1e-05 2e-05 -23.887243 -0.249097 -0.839455 -59.599636 2.627533 -1.074586 -0.294006 1.679686 0.833264 -14.2182 0.093178 1.300567 -34.212063 -0.287573 0.967218 -20.033264 0.964551 1.212882 -0.0 -2e-06 0.0 -3.440347 0.788221 0.50167 -15.928191 -3.167349 2.999691 -6.338827 -4e-06 9e-06 -18.123503 3.648166 -4.905673 -5e-06 2e-06 -3e-06 2.669844 32.084339 5.046035 -27.108093 41.191601 -42.498795 2.855929 63.015072 2.939497 -19.41843 -13.682788 13.684803 2.243544 -5.255136 -3.180135 14.282928 -0.826639 6.952528 -1e-06 -12.690595 2.6e-05 16.837103 -17.754383 2.455425 1.66566 -1.955916 -2.878301 4.727782 -4.170575 4.993929 11.020494 0.0 2e-06 12.10902 -3.735709 -2.866779 1e-06 0.0 1e-06 1.291975 -1.928539 -1.498076 14.800081 0.567469 3.865594 14.242519 -1.341729 -6.660646 19.631905 0.143948 -0.648244 50.247082 -0.950933 -6.186764 0.353018 -1.51114 -0.031919 20.222729 3.684306 2.316608 18.78721 -7e-06 6e-06 10.751604 -0.479877 1.397909 0.0 2e-06 1e-06 3.27377 0.305966 -0.580076 21.486755 11.830372 2.266082 8.162901 -8e-06 5e-06 18.399036 -3.799 -4.940567 3e-06 2e-06 -1e-06 -2.152378 21.206614 -108.955086 -0.841419 0.008113 104.46154 -4.859002 -14.680604 -27.277733 1.64899 -1.808845 -0.969999 -0.0 0.0 -3e-06 8.638686 -20.072029 -113.097214 -0.08753 -0.065011 106.299561 -0.539194 6.753794 -28.781929 -1.425548 0.899791 -0.838809 -1e-06 1e-06 -4e-06 
0.0 0.0 0.0 0.0 -0.0 0.0 -0.338998 60.840023 -1.060101 1.61585 0.883301 34.299152 -1.147733 0.01941 20.463821 -0.940766 0.144385 6.187511 -0.813542 -0.071209 18.024334 1.001311 3.219732 -28.332947 -0.644937 -1.192153 -3.41327 1.324226 -2.694708 6.580687 7.7e-05 -2.2e-05 8e-06 -0.097071 0.029264 -0.144515 0.760568 -3.774491 -10.792446 -0.962894 3.840079 -10.770718 0.073136 -20.022387 5.983093 10.069226 -39.865536 -42.685539 4.929172 -71.975868 -4.226775 10.902297 15.813592 6.260086 -5.882109 9.861375 0.702299 -10.936873 -0.360609 7.15609 6e-06 8.774813 -1e-05 -15.749817 18.768404 6.599872 -1.84403 2.4985 -2.507259 -10.163575 4.678927 4.62112 -20.976032 -1.6e-05 1.9e-05 -21.226355 2.451686 -3.593989 -1e-06 -7e-06 -0.0 -1.362669 2.240769 -0.746299 -21.334888 0.584909 3.008333 -13.821213 -1.3e-05 1e-05 -23.887257 -0.249096 -0.839457 -59.575512 2.628346 -1.046898 -0.29401 1.67965 0.833278 -14.218199 0.093226 1.300591 -34.212063 -0.287588 0.967195 -20.033262 0.964521 1.21287 -1e-06 2e-06 -0.0 -3.440348 0.788178 0.5017 -15.928187 -3.167277 2.999701 -6.338827 -5e-06 1e-06 -18.123507 3.648157 -4.905661 -4e-06 3e-06 -2e-06 2.602921 32.091259 5.082828 -27.199015 41.143776 -42.494305 2.674334 62.896111 2.749793 -19.353245 -13.625733 13.833347 2.24341 -5.255256 -3.180652 14.282931 -0.826419 6.95227 3e-06 -12.690504 -1.8e-05 16.868969 -17.758083 2.439217 1.665655 -1.95592 -2.878265 4.727756 -4.170553 4.993943 11.020415 3e-06 -2.2e-05 12.108914 -3.735667 -2.866775 -1e-06 -0.0 0.0 1.291967 -1.928491 -1.498051 14.800013 0.567406 3.865604 14.242432 -1.341734 -6.660619 19.631693 0.143977 -0.648257 50.270191 -0.953184 -6.179498 0.353007 -1.511073 -0.031905 20.222639 3.684203 2.316617 18.787066 2.3e-05 -3.3e-05 10.751529 -0.479843 1.397874 -1e-06 2e-06 1e-06 3.273698 0.306053 -0.580044 21.486736 11.83018 2.266111 8.162836 7e-06 -1.5e-05 18.398832 -3.798928 -4.940561 4e-06 -3e-06 0.0 -2.149702 21.162889 -108.899155 -0.846811 0.003845 104.309929 -4.934217 -14.594059 -27.203226 1.647875 -1.816748 -0.977058 -0.0 -1e-06 5e-06 8.534061 -19.972408 -113.06498 -0.092189 -0.069225 106.206886 -0.582269 6.718427 -28.759754 -1.428486 0.897798 -0.850004 -0.0 -1e-06 2e-06 
0.0 0.0 0.0 0.0 -0.0 0.0 -0.373944 60.867413 -1.114849 1.66441 0.863929 34.287689 -1.153594 0.007024 20.466881 -0.930248 0.135505 6.189813 -0.849013 -0.092227 18.059088 0.957631 3.213224 -28.27639 -0.62284 -1.170296 -3.410627 1.380099 -2.711986 6.570586 7.7e-05 -2.2e-05 4e-06 -0.101103 0.032907 -0.146867 0.754657 -3.767411 -10.781533 -0.964899 3.840274 -10.763251 0.01072 -20.054182 6.069393 10.00745 -39.895439 -42.790882 5.008866 -72.0056 -4.322576 10.950919 15.884476 6.39526 -5.882113 9.861281 0.702674 -10.936825 -0.360416 7.156288 8e-06 8.774876 1e-05 -15.758087 18.726826 6.569595 -1.84403 2.498498 -2.507287 -10.163606 4.678953 4.621097 -20.97607 -2.6e-05 1e-05 -21.226389 2.45171 -3.594036 0.0 -9e-06 0.0 -1.362682 2.240825 -0.746314 -21.334932 0.58484 3.008313 -13.821239 -1.5e-05 8e-06 -23.887304 -0.2491 -0.839484 -59.564823 2.631071 -1.040324 -0.29402 1.679721 0.833268 -14.218224 0.093136 1.300557 -34.212132 -0.287588 0.967195 -20.033285 0.964534 1.212873 -1e-06 -0.0 -1e-06 -3.44039 0.788276 0.50166 -15.928189 -3.167422 2.999684 -6.338835 -2e-06 5e-06 -18.123529 3.648175 -4.905697 -4e-06 -1e-06 -2e-06 2.559588 32.10194 5.11212 -27.205122 41.120499 -42.473282 2.553351 62.8368 2.606991 -19.333172 -13.499962 13.988777 2.243624 -5.254999 -3.180059 14.282876 -0.826705 6.952556 -1.4e-05 -12.690653 1e-05 16.879566 -17.753748 2.439222 1.665664 -1.955916 -2.878308 4.727796 -4.170595 4.993922 11.020556 1.4e-05 1.5e-05 12.109114 -3.735727 -2.866789 -1e-06 -1e-06 1e-06 1.291979 -1.928568 -1.498088 14.800155 0.567511 3.865613 14.242598 -1.341726 -6.660652 19.632111 0.143944 -0.648212 50.302998 -0.963345 -6.166047 0.353019 -1.511178 -0.031931 20.222824 3.684385 2.316638 18.787327 1.3e-05 3.2e-05 10.75167 -0.479868 1.397935 -1e-06 2e-06 -1e-06 3.273803 0.305917 -0.580096 21.486832 11.830486 2.266133 8.162955 1e-06 1e-05 18.399206 -3.798991 -4.940573 3e-06 -0.0 -3e-06 -2.125401 21.139437 -108.834396 -0.852851 -0.001218 104.178688 -5.019594 -14.553722 -27.139748 1.647324 -1.822666 -0.977585 -0.0 0.0 -3e-06 8.429706 -19.873251 -113.015442 -0.088075 -0.070205 106.13533 -0.600171 6.669744 -28.75284 -1.431074 0.899002 -0.860862 0.0 1e-06 -2e-06 
0.0 0.0 0.0 0.0 -0.0 0.0 -0.426712 60.877407 -1.171458 1.706531 0.87251 34.265713 -1.160352 -0.010334 20.474039 -0.917421 0.11906 6.186635 -0.892672 -0.11432 18.072863 0.922637 3.224369 -28.204494 -0.602172 -1.164221 -3.412764 1.438659 -2.721487 6.5475 7.7e-05 -2.2e-05 5e-06 -0.104957 0.035382 -0.147633 0.747959 -3.762631 -10.774529 -0.965544 3.839996 -10.758591 -0.024143 -20.073799 6.12166 9.791797 -39.926182 -42.821476 5.031977 -72.157982 -4.365497 11.025392 15.941861 6.486712 -5.88213 9.861065 0.702922 -10.936759 -0.360507 7.156374 0.0 8.774872 -1.4e-05 -15.771372 18.699734 6.543727 -1.844042 2.498511 -2.507296 -10.163663 4.678984 4.621058 -20.9762 -7e-06 -7e-06 -21.226583 2.451702 -3.594114 0.0 -4e-06 1e-06 -1.362703 2.240852 -0.746363 -21.335018 0.584872 3.008313 -13.821321 -8e-06 -2e-06 -23.887548 -0.249105 -0.839553 -59.58976 2.625627 -1.047603 -0.294055 1.679757 0.833215 -14.218256 0.093152 1.30058 -34.212364 -0.287576 0.967171 -20.033417 0.964535 1.212877 -2e-06 1e-06 -0.0 -3.440471 0.788341 0.501574 -15.928179 -3.167415 2.99976 -6.338873 -4e-06 0.0 -18.123699 3.648169 -4.905777 -4e-06 3e-06 -2e-06 2.522703 32.103287 5.123685 -27.105476 41.151752 -42.425735 2.440868 62.856846 2.456105 -19.325729 -13.367983 14.182461 2.24349 -5.254827 -3.179868 14.282803 -0.826654 6.952653 2e-06 -12.69066 -1.7e-05 16.856384 -17.758047 2.461759 1.665675 -1.955929 -2.878319 4.727828 -4.170617 4.993885 11.02059 3e-06 -1.9e-05 12.109197 -3.735745 -2.866894 -1e-06 1e-06 -0.0 1.292008 -1.9286 -1.498129 14.800177 0.567502 3.865597 14.242658 -1.341738 -6.660736 19.632204 0.143958 -0.648337 50.331871 -0.967647 -6.156957 0.353058 -1.511215 -0.031984 20.222853 3.684372 2.316633 18.787376 1.6e-05 -2.4e-05 10.751687 -0.479869 1.397927 1e-06 -4e-06 1e-06 3.273881 0.305851 -0.580199 21.486834 11.83048 2.266188 8.162971 4e-06 -8e-06 18.399277 -3.798959 -4.940681 3e-06 -2e-06 -1e-06 -2.07744 21.119333 -108.777084 -0.85031 -0.006414 104.081734 -5.097142 -14.55335 -27.094204 1.647311 -1.829316 -0.972597 -0.0 0.0 -1e-06 8.337446 -19.790468 -112.961098 -0.074814 -0.067878 106.103333 -0.6137 6.627386 -28.782507 -1.432909 0.901475 -0.858745 0.0 -0.0 -2e-06 
0.0 0.0 0.0 0.0 -0.0 0.0 -0.497711 60.878193 -1.232504 1.740299 0.916711 34.258854 -1.167974 -0.034943 20.477324 -0.911001 0.099438 6.181364 -0.918309 -0.140938 18.064175 0.884389 3.25626 -28.155394 -0.595563 -1.184522 -3.41601 1.504252 -2.730019 6.542926 7.7e-05 -2.2e-05 5e-06 -0.103213 0.03369 -0.148561 0.747142 -3.762461 -10.773341 -0.960901 3.836035 -10.757414 -0.059966 -20.092495 6.134561 9.495312 -39.942165 -42.805191 4.976328 -72.40844 -4.332019 11.117966 15.97839 6.565371 -5.882126 9.861266 0.7026 -10.936952 -0.360643 7.156174 -1e-06 8.774798 -1.5e-05 -15.785264 18.688694 6.52272 -1.844021 2.498504 -2.50727 -10.163541 4.678924 4.621119 -20.975922 -4e-06 4e-05 -21.226185 2.451692 -3.593968 0.0 -7e-06 -0.0 -1.362658 2.240776 -0.746322 -21.334814 0.584928 3.008356 -13.821154 2e-06 3.1e-05 -23.887056 -0.249051 -0.839428 -59.625305 2.608683 -1.059974 -0.293996 1.679652 0.833256 -14.218161 0.093243 1.300607 -34.211887 -0.287534 0.967242 -20.033169 0.964574 1.212891 -1e-06 0.0 -0.0 -3.44031 0.788181 0.501673 -15.928181 -3.167259 2.999725 -6.338799 -2e-06 1.9e-05 -18.123363 3.648184 -4.905634 -4e-06 -3e-06 -2e-06 2.50635 32.100342 5.120661 -26.957731 41.199501 -42.400768 2.41027 62.954922 2.378903 -19.332575 -13.239614 14.450047 2.243575 -5.255196 -3.180321 14.282952 -0.826523 6.952432 -1.3e-05 -12.69053 1.3e-05 16.797052 -17.758978 2.486689 1.665657 -1.95592 -2.878283 4.727764 -4.170551 4.993936 11.020468 1.3e-05 1.2e-05 12.10897 -3.735662 -2.866747 -0.0 -0.0 -1e-06 1.291961 -1.928498 -1.498067 14.800062 0.567433 3.865613 14.242485 -1.341715 -6.660615 19.631853 0.143956 -0.648194 50.332054 -0.963561 -6.156278 0.352999 -1.511077 -0.031918 20.222708 3.684241 2.316626 18.787174 8e-06 3.2e-05 10.751597 -0.479873 1.397922 1e-06 -0.0 1e-06 3.273716 0.306052 -0.580052 21.486776 11.83023 2.26609 8.162889 0.0 1.4e-05 18.398983 -3.798972 -4.940504 3e-06 2e-06 -1e-06 -2.017298 21.094519 -108.765907 -0.841183 -0.011945 104.018562 -5.131756 -14.589375 -27.039385 1.646842 -1.834631 -0.965587 0.0 1e-06 3e-06 8.269166 -19.733513 -112.932571 -0.055168 -0.063421 106.113571 -0.622209 6.581923 -28.837145 -1.432757 0.906411 -0.848827 -0.0 -1e-06 -0.0 
0.0 0.0 0.0 0.0 -0.0 0.0 -0.588744 60.881001 -1.287243 1.766657 0.986103 34.258423 -1.173666 -0.06069 20.478031 -0.917028 0.078653 6.17012 -0.931096 -0.169267 18.058195 0.853021 3.302347 -28.147371 -0.601736 -1.220002 -3.42071 1.569671 -2.748882 6.566543 7.7e-05 -2.2e-05 6e-06 -0.093313 0.026183 -0.151402 0.755295 -3.768398 -10.77283 -0.948811 3.826638 -10.754345 -0.110763 -20.10836 6.129108 9.192456 -39.924389 -42.746925 4.949122 -72.731125 -4.310716 11.18395 16.004768 6.595285 -5.882139 9.861116 0.703154 -10.936792 -0.360464 7.156487 -7e-06 8.774867 6e-06 -15.816281 18.688129 6.498309 -1.844038 2.49851 -2.507304 -10.163657 4.678981 4.621063 -20.976175 1.8e-05 -8e-06 -21.226545 2.45173 -3.594111 0.0 -8e-06 0.0 -1.362707 2.240846 -0.746362 -21.33499 0.584889 3.0083 -13.821304 1.5e-05 -2e-06 -23.887501 -0.249064 -0.839571 -59.680656 2.591775 -1.079181 -0.294055 1.67975 0.833213 -14.218233 0.093165 1.300559 -34.212315 -0.287523 0.967171 -20.033381 0.964577 1.212861 0.0 -0.0 0.0 -3.440478 0.788332 0.501575 -15.928155 -3.167401 2.999731 -6.338867 7e-06 3e-06 -18.123661 3.6482 -4.905771 -4e-06 1e-06 -2e-06 2.512229 32.08519 5.103451 -26.785225 41.251362 -42.397968 2.48076 63.143261 2.418052 -19.326756 -13.150855 14.837596 2.243643 -5.254658 -3.179514 14.282794 -0.826695 6.952786 -2e-06 -12.690688 -2e-05 16.741709 -17.766249 2.505063 1.665677 -1.955931 -2.878338 4.727847 -4.170633 4.993865 11.020665 7e-06 5e-06 12.109304 -3.735755 -2.866908 -2e-06 1e-06 0.0 1.292008 -1.928621 -1.498161 14.800245 0.567524 3.865623 14.242743 -1.341745 -6.660758 19.632425 0.143924 -0.648321 50.325958 -0.957635 -6.161446 0.353055 -1.511243 -0.032016 20.22294 3.684403 2.316669 18.78751 1e-05 1.9e-05 10.751761 -0.479881 1.397965 -1e-06 1e-06 1e-06 3.273921 0.305814 -0.580242 21.486883 11.830523 2.266227 8.163032 -2e-06 1.1e-05 18.399467 -3.798974 -4.940674 4e-06 -1e-06 -3e-06 -1.959465 21.067986 -108.78447 -0.840213 -0.016339 103.951401 -5.150596 -14.611114 -26.967199 1.647183 -1.836927 -0.944616 -0.0 0.0 -2e-06 8.22129 -19.688467 -112.915199 -0.041195 -0.063657 106.129555 -0.625486 6.509989 -28.891106 -1.431777 0.911693 -0.831802 0.0 -0.0 -4e-06 
0.0 0.0 0.0 0.0 -0.0 0.0 -0.687565 60.894627 -1.332566 1.788535 1.067254 34.261219 -1.175358 -0.076514 20.477182 -0.925379 0.052045 6.158422 -0.93784 -0.188474 18.04775 0.822344 3.350039 -28.159433 -0.608511 -1.271933 -3.423206 1.630605 -2.786837 6.614028 7.7e-05 -2.2e-05 8e-06 -0.08119 0.016992 -0.154763 0.766876 -3.776567 -10.76918 -0.935762 3.816301 -10.746778 -0.155212 -20.128941 6.094107 8.900444 -39.873852 -42.621876 4.890322 -73.074661 -4.269466 11.244472 16.004381 6.575971 -5.882194 9.861073 0.702857 -10.936753 -0.360525 7.156336 -8e-06 8.774874 -1.9e-05 -15.832058 18.702248 6.480902 -1.844046 2.498513 -2.507291 -10.163701 4.678996 4.621063 -20.976282 1.8e-05 -5e-06 -21.226702 2.451745 -3.594124 -1e-06 -6e-06 2e-06 -1.362717 2.240856 -0.746354 -21.33507 0.584888 3.008325 -13.821378 7e-06 -5e-06 -23.887712 -0.249068 -0.839577 -59.723736 2.590775 -1.088809 -0.294068 1.679762 0.833222 -14.218274 0.093159 1.300591 -34.212513 -0.287543 0.967158 -20.033503 0.964553 1.212857 0.0 3e-06 -0.0 -3.440516 0.788356 0.501582 -15.92817 -3.167418 2.999763 -6.338897 3e-06 -3e-06 -18.123821 3.648202 -4.905796 -4e-06 1e-06 -1e-06 2.567808 32.054405 5.111496 -26.608372 41.292385 -42.386345 2.638839 63.389565 2.58038 -19.323797 -13.092479 15.257611 2.243545 -5.254839 -3.17992 14.282722 -0.826684 6.952661 -1.6e-05 -12.690675 -9e-06 16.715948 -17.772123 2.516597 1.665679 -1.955924 -2.878319 4.727853 -4.170618 4.99388 11.020688 1.2e-05 -1.3e-05 12.109354 -3.735737 -2.866889 1e-06 -1e-06 0.0 1.292022 -1.928596 -1.498127 14.800257 0.56752 3.865593 14.242772 -1.341726 -6.660742 19.632488 0.143961 -0.648338 50.326668 -0.959294 -6.164136 0.353067 -1.511212 -0.031983 20.22296 3.684398 2.316633 18.787533 3.7e-05 -2.6e-05 10.75177 -0.479857 1.397931 1e-06 -3e-06 -1e-06 3.273944 0.305856 -0.580207 21.486895 11.830503 2.266178 8.163031 1.3e-05 -2e-05 18.399506 -3.798916 -4.940726 4e-06 -1e-06 0.0 -1.920389 21.040941 -108.807983 -0.846903 -0.019206 103.849998 -5.173601 -14.609139 -26.88092 1.648817 -1.835067 -0.885687 0.0 0.0 -0.0 8.178701 -19.636629 -112.893448 -0.038082 -0.064971 106.142082 -0.601334 6.42552 -28.939137 -1.430846 0.921066 -0.808448 -0.0 -0.0 1e-06 
0.0 0.0 0.0 0.0 -0.0 0.0 -0.78091 60.920834 -1.368545 1.805335 1.144244 34.270603 -1.181096 -0.087661 20.477148 -0.936641 0.025987 6.15398 -0.950898 -0.197092 18.042816 0.810468 3.381115 -28.191877 -0.628912 -1.326351 -3.425119 1.687046 -2.830291 6.678242 7.7e-05 -2.2e-05 6e-06 -0.073407 0.010804 -0.155804 0.774254 -3.781348 -10.763316 -0.927058 3.808341 -10.737 -0.183508 -20.162386 6.056344 8.666633 -39.763226 -42.468529 4.872612 -73.407341 -4.269094 11.300369 15.948304 6.50241 -5.882166 9.861187 0.702811 -10.936764 -0.360456 7.156345 9e-06 8.774872 1e-06 -15.82242 18.730682 6.473643 -1.844042 2.498505 -2.507291 -10.163653 4.678959 4.621079 -20.976202 -2.6e-05 2.2e-05 -21.226585 2.451703 -3.594041 0.0 -5e-06 2e-06 -1.362693 2.240824 -0.746335 -21.335026 0.584856 3.008322 -13.821332 -1.5e-05 1.5e-05 -23.8876 -0.249104 -0.839483 -59.740768 2.590922 -1.085483 -0.294035 1.679723 0.833242 -14.218268 0.093149 1.300568 -34.212387 -0.287586 0.967219 -20.033443 0.964543 1.2129 0.0 -0.0 0.0 -3.440443 0.788281 0.501624 -15.928201 -3.1674 2.999717 -6.338877 -7e-06 3e-06 -18.123734 3.648156 -4.905726 -4e-06 -1e-06 -2e-06 2.662252 32.023197 5.145034 -26.479885 41.332336 -42.35498 2.760189 63.618267 2.728768 -19.299658 -13.046614 15.712574 2.243526 -5.254948 -3.180004 14.282839 -0.826638 6.952596 -1e-06 -12.690636 -6e-06 16.70982 -17.786463 2.527147 1.665666 -1.955924 -2.87831 4.727816 -4.170604 4.993901 11.02057 6e-06 -7e-06 12.109171 -3.735731 -2.866854 -1e-06 -0.0 0.0 1.291997 -1.928573 -1.498108 14.800151 0.567489 3.865601 14.242626 -1.341734 -6.660701 19.632154 0.143951 -0.64829 50.334373 -0.971391 -6.160137 0.353043 -1.51118 -0.031963 20.222826 3.684345 2.316633 18.787355 1.2e-05 -7e-06 10.751681 -0.479869 1.39793 0.0 -0.0 1e-06 3.27385 0.305901 -0.580153 21.486814 11.830429 2.266159 8.162957 4e-06 -4e-06 18.399229 -3.798967 -4.940632 3e-06 1e-06 -2e-06 -1.917566 21.026947 -108.833252 -0.865429 -0.022376 103.733231 -5.188344 -14.585477 -26.813396 1.650084 -1.83022 -0.821945 -1e-06 0.0 4e-06 8.137362 -19.573446 -112.869804 -0.040175 -0.066169 106.138634 -0.566816 6.325593 -28.94376 -1.431116 0.931035 -0.778875 -0.0 -1e-06 -4e-06 
0.0 0.0 0.0 0.0 -0.0 0.0 -0.853254 60.951233 -1.405976 1.811522 1.204449 34.284824 -1.193361 -0.091694 20.482347 -0.947448 0.005518 6.157782 -0.963534 -0.203155 18.039747 0.798845 3.384382 -28.225178 -0.649699 -1.36827 -3.423273 1.735104 -2.867061 6.720137 7.7e-05 -2.2e-05 4e-06 -0.07034 0.008306 -0.154822 0.776542 -3.783034 -10.75724 -0.922639 3.804526 -10.729266 -0.209587 -20.187895 6.016138 8.509451 -39.642498 -42.316402 4.905171 -73.67112 -4.322417 11.316194 15.856358 6.41443 -5.882082 9.861316 0.702517 -10.936825 -0.360579 7.156195 -5e-06 8.774829 -6e-06 -15.792878 18.770325 6.48152 -1.844033 2.498504 -2.507272 -10.163613 4.67895 4.621098 -20.976078 2e-06 -5e-06 -21.226418 2.451704 -3.594041 1e-06 -6e-06 -0.0 -1.362691 2.240798 -0.746318 -21.334929 0.584913 3.008311 -13.821248 -3e-06 -4e-06 -23.887346 -0.249089 -0.839514 -59.75563 2.592446 -1.080035 -0.294039 1.679683 0.833255 -14.218208 0.093216 1.300578 -34.212154 -0.287562 0.967152 -20.033308 0.964531 1.212847 0.0 3e-06 -0.0 -3.440418 0.788236 0.501655 -15.928165 -3.167312 2.999709 -6.338839 -2e-06 -4e-06 -18.123566 3.648176 -4.905718 -4e-06 2e-06 -2e-06 2.767754 32.004353 5.183614 -26.401096 41.372498 -42.290806 2.797192 63.774925 2.783782 -19.287733 -12.977512 16.193966 2.243525 -5.255052 -3.180095 14.282814 -0.826656 6.952598 -1.5e-05 -12.690627 1e-05 16.714701 -17.79851 2.538833 1.665672 -1.95592 -2.87831 4.727818 -4.170593 4.993905 11.020595 1.3e-05 -1e-05 12.1092 -3.735714 -2.866845 1e-06 1e-06 -0.0 1.291995 -1.928551 -1.498096 14.800172 0.56749 3.865584 14.242649 -1.341717 -6.660697 19.632217 0.143975 -0.648293 50.358772 -0.985717 -6.154364 0.353039 -1.511155 -0.031945 20.222843 3.684349 2.316607 18.787374 2.8e-05 -1.1e-05 10.751696 -0.479866 1.397923 -2e-06 0.0 0.0 3.273844 0.305942 -0.58013 21.48683 11.830423 2.266115 8.16297 5e-06 -8e-06 18.399296 -3.798936 -4.940644 4e-06 -2e-06 -1e-06 -1.92127 21.031469 -108.847672 -0.889768 -0.026639 103.618698 -5.213686 -14.558844 -26.794411 1.649929 -1.817693 -0.767506 0.0 0.0 -0.0 8.084094 -19.49448 -112.826706 -0.047496 -0.065558 106.125046 -0.535758 6.261322 -28.944197 -1.432172 0.932286 -0.742766 0.0 -0.0 -2e-06 
0.0 0.0 0.0 0.0 -0.0 0.0 -0.903544 60.987316 -1.434103 1.813748 1.250937 34.279411 -1.202 -0.095311 20.492638 -0.961922 -0.009845 6.170909 -0.980564 -0.20436 18.051077 0.79943 3.357992 -28.259834 -0.66495 -1.381192 -3.417234 1.775742 -2.903081 6.777542 7.7e-05 -2.2e-05 6e-06 -0.070094 0.008707 -0.152631 0.777734 -3.783502 -10.757967 -0.922657 3.804791 -10.728022 -0.215308 -20.205505 6.00137 8.410664 -39.53867 -42.190586 4.999868 -73.83625 -4.46523 11.302981 15.740832 6.344743 -5.882115 9.86124 0.702704 -10.936889 -0.360557 7.156263 4e-06 8.774829 -7e-06 -15.759878 18.810768 6.498027 -1.844025 2.498503 -2.507281 -10.163563 4.678934 4.621099 -20.975969 -2.3e-05 2.3e-05 -21.226238 2.451674 -3.594006 0.0 -5e-06 -1e-06 -1.362664 2.240794 -0.74633 -21.334864 0.584891 3.008334 -13.821177 -1.2e-05 2.2e-05 -23.887121 -0.249094 -0.839451 -59.781811 2.593819 -1.07663 -0.294004 1.679687 0.833249 -14.218186 0.093199 1.300585 -34.211967 -0.287573 0.967226 -20.033201 0.964553 1.212892 0.0 3e-06 -0.0 -3.440335 0.788226 0.501651 -15.928194 -3.167323 2.999717 -6.338809 -7e-06 1e-05 -18.123402 3.64816 -4.905663 -4e-06 3e-06 -1e-06 2.892002 32.015598 5.247343 -26.355036 41.41452 -42.271069 2.833611 63.83952 2.823994 -19.280731 -12.90263 16.61017 2.243508 -5.255105 -3.180126 14.282906 -0.826607 6.952556 -7e-06 -12.69059 1.7e-05 16.751568 -17.811722 2.535297 1.665659 -1.955921 -2.878301 4.727784 -4.170576 4.993919 11.020496 7e-06 -6e-06 12.109029 -3.735692 -2.86681 -1e-06 0.0 1e-06 1.291973 -1.928533 -1.498086 14.800086 0.567462 3.865592 14.242528 -1.341721 -6.660668 19.631935 0.143965 -0.648263 50.384918 -0.997607 -6.1701 0.353014 -1.511131 -0.031937 20.222734 3.684299 2.316608 18.78722 5e-06 3e-06 10.751613 -0.479874 1.397917 0.0 1e-06 -1e-06 3.273757 0.305975 -0.5801 21.486773 11.830349 2.266102 8.162906 -6e-06 4e-06 18.399055 -3.798976 -4.940576 3e-06 -2e-06 -1e-06 -1.934511 21.041666 -108.830734 -0.920024 -0.031467 103.517647 -5.238983 -14.538377 -26.79291 1.64873 -1.806296 -0.764396 -1e-06 0.0 -0.0 8.007448 -19.423712 -112.745689 -0.061799 -0.066476 106.097908 -0.511834 6.253926 -28.914309 -1.434566 0.920989 -0.709984 -0.0 -1e-06 -4e-06 
0.0 0.0 0.0 0.0 -0.0 0.0 -0.935878 61.023479 -1.458674 1.82316 1.286549 34.253941 -1.203151 -0.102198 20.516771 -0.969058 -0.026035 6.185596 -1.008394 -0.201679 18.062031 0.794811 3.315459 -28.2997 -0.66754 -1.377723 -3.407885 1.81769 -2.936283 6.845779 7.7e-05 -2.2e-05 6e-06 -0.074507 0.012141 -0.147495 0.776586 -3.784309 -10.766281 -0.929673 3.811176 -10.735312 -0.226119 -20.213076 6.009879 8.383807 -39.4785 -42.106289 5.078623 -73.902412 -4.592937 11.278246 15.660438 6.290084 -5.882236 9.861048 0.702938 -10.936782 -0.360552 7.156335 -7e-06 8.774858 -1.7e-05 -15.740871 18.854692 6.523461 -1.844035 2.498512 -2.507293 -10.163678 4.678982 4.621073 -20.976233 1.7e-05 1.8e-05 -21.226635 2.451741 -3.594087 0.0 -6e-06 -0.0 -1.362701 2.240844 -0.74636 -21.335049 0.584893 3.008337 -13.821352 8e-06 9e-06 -23.887634 -0.249059 -0.839536 -59.846779 2.606453 -1.057214 -0.294052 1.679749 0.833215 -14.218267 0.093173 1.300599 -34.212444 -0.287536 0.967194 -20.033464 0.964563 1.212875 -0.0 -1e-06 0.0 -3.440488 0.788325 0.501587 -15.928177 -3.167386 2.999766 -6.338891 3e-06 5e-06 -18.123774 3.648192 -4.905761 -4e-06 3e-06 -2e-06 3.003025 32.050873 5.324253 -26.310995 41.469463 -42.315159 2.926633 63.849823 2.915869 -19.323318 -12.832279 16.93589 2.243644 -5.254774 -3.17986 14.282785 -0.826658 6.952633 -2e-05 -12.690667 -2.6e-05 16.823526 -17.825489 2.518862 1.665671 -1.955927 -2.878317 4.727826 -4.170609 4.993885 11.020633 2.5e-05 9e-06 12.109256 -3.735723 -2.866864 0.0 -1e-06 0.0 1.29199 -1.928595 -1.498127 14.800228 0.567523 3.865627 14.242701 -1.341719 -6.660711 19.632364 0.143964 -0.648258 50.427517 -1.014108 -6.211924 0.353035 -1.511208 -0.031984 20.222933 3.684397 2.316672 18.787466 4.2e-05 2.3e-05 10.751746 -0.479856 1.397957 -0.0 0.0 -1e-06 3.273863 0.305877 -0.580183 21.486916 11.830492 2.266221 8.163013 1.8e-05 9e-06 18.399406 -3.798928 -4.940629 3e-06 -2e-06 -1e-06 -1.973016 21.056517 -108.792831 -0.943528 -0.034315 103.436867 -5.252346 -14.561195 -26.79327 1.64776 -1.799855 -0.803166 -1e-06 0.0 6e-06 7.903898 -19.384338 -112.640114 -0.078558 -0.068196 106.058479 -0.50636 6.296947 -28.877729 -1.436722 0.902628 -0.68426 -0.0 -0.0 1e-06 
0.0 0.0 0.0 0.0 -0.0 0.0 -0.962284 61.055904 -1.48 1.833737 1.304555 34.227589 -1.202598 -0.115848 20.549004 -0.969628 -0.031049 6.198762 -1.041665 -0.200909 18.07773 0.776634 3.277687 -28.362156 -0.671693 -1.373691 -3.400132 1.85573 -2.968874 6.891949 7.7e-05 -2.2e-05 9e-06 -0.075802 0.012941 -0.14147 0.777947 -3.787853 -10.77456 -0.933213 3.815295 -10.74441 -0.233431 -20.214228 6.035491 8.429479 -39.450958 -42.142418 5.04054 -73.892715 -4.597718 11.254842 15.570683 6.175459 -5.882044 9.861455 0.70228 -10.936984 -0.36062 7.156064 1e-05 8.774784 -1e-06 -15.749037 18.885223 6.530424 -1.844012 2.498493 -2.507253 -10.163477 4.678889 4.621144 -20.975777 -3.3e-05 3.4e-05 -21.225967 2.451645 -3.593905 0.0 -5e-06 1e-06 -1.362638 2.24074 -0.746289 -21.334726 0.584913 3.008337 -13.821052 -1.8e-05 2.6e-05 -23.886772 -0.249099 -0.839377 -59.887032 2.618819 -1.043478 -0.293968 1.67961 0.833297 -14.218127 0.093258 1.300585 -34.21162 -0.287585 0.967228 -20.03302 0.964533 1.212874 0.0 1e-06 -1e-06 -3.440224 0.788105 0.501743 -15.928196 -3.167216 2.999664 -6.338755 -8e-06 1.3e-05 -18.123167 3.648147 -4.905571 -5e-06 -0.0 -1e-06 3.096404 32.114193 5.415606 -26.282642 41.510071 -42.448811 3.03068 63.83387 3.008147 -19.371298 -12.693671 17.088884 2.243508 -5.255285 -3.180462 14.282952 -0.826534 6.952382 -9e-06 -12.690535 2e-05 16.853439 -17.818264 2.514603 1.665657 -1.955916 -2.878278 4.727761 -4.17055 4.993948 11.020452 6e-06 -2e-06 12.108952 -3.735675 -2.866744 -2e-06 -0.0 0.0 1.291961 -1.928495 -1.498049 14.800035 0.567429 3.865598 14.242451 -1.341723 -6.660604 19.631758 0.143952 -0.648211 50.454517 -1.024926 -6.231342 0.353006 -1.511079 -0.031897 20.222675 3.684241 2.316603 18.787136 3e-06 2e-06 10.751568 -0.479866 1.397895 -0.0 -3e-06 -1e-06 3.273708 0.306051 -0.580023 21.486738 11.830236 2.266062 8.162864 -3e-06 -1e-06 18.398914 -3.798972 -4.940523 3e-06 1e-06 -1e-06 -2.014097 21.086073 -108.757195 -0.950115 -0.033273 103.372444 -5.272878 -14.625141 -26.791325 1.646674 -1.791572 -0.846048 -1e-06 1e-06 2e-06 7.805305 -19.367311 -112.542953 -0.08932 -0.068222 106.008392 -0.528637 6.365012 -28.859667 -1.437979 0.894654 -0.660939 -1e-06 -2e-06 -2e-06 
0.0 0.0 0.0 0.0 -0.0 0.0 -0.983863 61.088634 -1.496565 1.850251 1.291332 34.216717 -1.202136 -0.127779 20.587009 -0.968929 -0.023537 6.206924 -1.067035 -0.202847 18.088219 0.730583 3.249979 -28.443989 -0.668018 -1.397488 -3.399802 1.86751 -2.989264 6.91501 7.7e-05 -2.2e-05 8e-06 -0.075448 0.012757 -0.137998 0.780578 -3.788387 -10.775336 -0.93515 3.815044 -10.748235 -0.26069 -20.212206 6.041928 8.505291 -39.453121 -42.23695 4.961959 -73.844734 -4.546165 11.228868 15.476738 5.973603 -5.882013 9.861233 0.702812 -10.936751 -0.360493 7.156381 -8e-06 8.774858 7e-06 -15.764212 18.891548 6.533582 -1.84404 2.498507 -2.507291 -10.163653 4.678983 4.62106 -20.976128 5e-06 -5.8e-05 -21.226488 2.451691 -3.59414 0.0 -7e-06 -0.0 -1.362716 2.240837 -0.746344 -21.33497 0.584888 3.008268 -13.821276 1e-06 -3.5e-05 -23.887432 -0.249122 -0.839618 -59.900425 2.620994 -1.025248 -0.294071 1.679742 0.833234 -14.218218 0.093176 1.300544 -34.212223 -0.287571 0.967082 -20.033319 0.964524 1.212816 -0.0 -1e-06 0.0 -3.440485 0.788326 0.501594 -15.928144 -3.167387 2.99971 -6.338854 8e-06 -1.3e-05 -18.123632 3.648175 -4.905807 -4e-06 -1e-06 -2e-06 3.155137 32.195858 5.487545 -26.250626 41.522362 -42.588009 3.08614 63.821854 3.03635 -19.439468 -12.491962 17.105255 2.243502 -5.254913 -3.179933 14.282783 -0.826619 6.952631 7e-06 -12.690631 -8e-06 16.808439 -17.790077 2.528506 1.665678 -1.955926 -2.878314 4.727842 -4.170608 4.993889 11.020626 -4e-06 -1.6e-05 12.109261 -3.735735 -2.86687 -2e-06 -1e-06 1e-06 1.29202 -1.928582 -1.498123 14.800202 0.567477 3.865593 14.242706 -1.34174 -6.660728 19.632311 0.143933 -0.64834 50.444477 -1.03317 -6.22124 0.353077 -1.51119 -0.03198 20.222885 3.684331 2.316621 18.787436 1e-05 -3.3e-05 10.751712 -0.479869 1.397917 -0.0 -1e-06 -2e-06 3.273924 0.305876 -0.580188 21.486824 11.830422 2.266159 8.162992 1e-06 -1.9e-05 18.399359 -3.798948 -4.940693 3e-06 -1e-06 -2e-06 -2.058275 21.111303 -108.730049 -0.940138 -0.030039 103.319801 -5.273989 -14.681965 -26.781578 1.644772 -1.783126 -0.872231 -0.0 0.0 -2e-06 7.716965 -19.357632 -112.482361 -0.095543 -0.06507 105.957405 -0.585108 6.438638 -28.827404 -1.438458 0.899037 -0.651377 0.0 -0.0 -4e-06 
0.0 0.0 0.0 0.0 -0.0 0.0 -0.98403 61.132957 -1.508205 1.871081 1.251467 34.211239 -1.201686 -0.137363 20.628391 -0.970643 -0.005755 6.217358 -1.090835 -0.215748 18.096674 0.677036 3.2485 -28.529621 -0.67428 -1.438064 -3.408738 1.849437 -2.982754 6.890665 7.7e-05 -2.2e-05 6e-06 -0.069519 0.008526 -0.136052 0.788458 -3.788928 -10.763994 -0.931322 3.807097 -10.739539 -0.29603 -20.208536 6.026386 8.576628 -39.462715 -42.380878 4.916418 -73.823296 -4.508406 11.216007 15.399573 5.79919 -5.882042 9.861266 0.702547 -10.936816 -0.360586 7.156217 -1.1e-05 8.774831 -9e-06 -15.770658 18.885414 6.546378 -1.844037 2.498505 -2.507277 -10.163621 4.678965 4.621087 -20.97607 1.1e-05 -3.4e-05 -21.226406 2.451697 -3.594086 -1e-06 -4e-06 2e-06 -1.362702 2.240812 -0.746328 -21.334917 0.584917 3.008301 -13.821231 2e-06 -2.2e-05 -23.887297 -0.249096 -0.839565 -59.897263 2.616699 -0.999951 -0.294048 1.67971 0.833245 -14.218203 0.09321 1.300577 -34.212135 -0.287566 0.967111 -20.033274 0.964519 1.212826 -0.0 -1e-06 0.0 -3.440431 0.788275 0.501634 -15.928151 -3.167328 2.999721 -6.338831 6e-06 -8e-06 -18.123528 3.648176 -4.905745 -5e-06 0.0 -2e-06 3.168655 32.296329 5.515964 -26.179216 41.503952 -42.687168 3.155604 63.845215 3.062298 -19.543789 -12.258665 17.054726 2.243435 -5.25493 -3.180014 14.282776 -0.826639 6.952617 5e-06 -12.690647 -7e-06 16.716377 -17.74148 2.550722 1.66568 -1.955926 -2.878316 4.727834 -4.170612 4.993888 11.020598 -2e-06 -3.3e-05 12.10922 -3.735733 -2.866889 -1e-06 0.0 1e-06 1.292018 -1.928586 -1.498118 14.80018 0.567488 3.86558 14.242682 -1.341739 -6.660742 19.632246 0.143959 -0.648374 50.394928 -1.034599 -6.189317 0.35307 -1.511199 -0.031976 20.222847 3.684349 2.316606 18.787394 1.6e-05 -6e-05 10.751687 -0.479863 1.3979 0.0 3e-06 0.0 3.27391 0.305867 -0.580188 21.486818 11.830458 2.266158 8.162967 1e-06 -2.3e-05 18.399286 -3.798941 -4.940719 3e-06 2e-06 -0.0 -2.106624 21.123444 -108.697891 -0.916203 -0.022974 103.267242 -5.253047 -14.710945 -26.757292 1.642114 -1.776196 -0.894327 0.0 0.0 1e-06 7.631269 -19.354597 -112.437149 -0.095623 -0.061821 105.888161 -0.629125 6.518876 -28.766329 -1.437779 0.910747 -0.669987 0.0 -0.0 -4e-06 
0.0 0.0 0.0 0.0 -0.0 0.0 -0.967564 61.184925 -1.518109 1.89065 1.18799 34.215076 -1.207373 -0.138113 20.667223 -0.966707 0.00913 6.22684 -1.123409 -0.226446 18.104471 0.619097 3.250005 -28.61113 -0.673717 -1.482873 -3.419007 1.80947 -2.939184 6.833419 7.7e-05 -2.2e-05 7e-06 -0.062358 0.00246 -0.137212 0.798011 -3.790051 -10.751678 -0.92681 3.79629 -10.729618 -0.304949 -20.204561 5.988161 8.6024 -39.482922 -42.617828 4.784099 -73.854454 -4.386391 11.229655 15.351786 5.735096 -5.88207 9.861373 0.702545 -10.936911 -0.360613 7.156199 2e-06 8.774793 3e-06 -15.753377 18.868538 6.56415 -1.844021 2.498498 -2.507275 -10.163548 4.678916 4.621112 -20.975927 -1.4e-05 9e-06 -21.226196 2.45166 -3.59398 0.0 -6e-06 -1e-06 -1.362662 2.240756 -0.746315 -21.33482 0.584928 3.008322 -13.821145 -5e-06 1.3e-05 -23.887051 -0.249091 -0.83945 -59.903931 2.613054 -0.974655 -0.294002 1.679632 0.833263 -14.218166 0.093252 1.300577 -34.211895 -0.28756 0.967196 -20.033165 0.96455 1.212863 -2e-06 -0.0 -1e-06 -3.440319 0.788156 0.501682 -15.928172 -3.167238 2.999686 -6.338798 -1e-06 7e-06 -18.123358 3.648157 -4.905645 -4e-06 2e-06 -3e-06 3.124683 32.380581 5.503117 -26.07653 41.476017 -42.704914 3.143051 63.875473 3.015244 -19.633028 -12.06059 17.023092 2.243573 -5.255198 -3.180319 14.282986 -0.826513 6.9524 -7e-06 -12.690528 7e-06 16.617298 -17.71261 2.593734 1.665652 -1.955918 -2.878283 4.727755 -4.170552 4.993945 11.020443 6e-06 1.7e-05 12.108921 -3.73567 -2.866729 2e-06 1e-06 1e-06 1.291956 -1.928499 -1.49806 14.800043 0.567425 3.865618 14.24245 -1.341726 -6.6606 19.631769 0.143936 -0.648172 50.369701 -1.038042 -6.156559 0.352995 -1.511082 -0.031912 20.222679 3.684231 2.316637 18.78714 -2e-06 3.6e-05 10.751576 -0.47988 1.39792 -1e-06 1e-06 -2e-06 3.2737 0.306042 -0.580041 21.486759 11.83023 2.266098 8.16288 0.0 1.7e-05 18.398941 -3.798986 -4.940482 3e-06 0.0 -1e-06 -2.162666 21.13829 -108.663895 -0.896327 -0.016465 103.197762 -5.240692 -14.720067 -26.72369 1.640338 -1.777126 -0.901049 0.0 0.0 2e-06 7.550367 -19.351255 -112.403664 -0.097928 -0.060742 105.794907 -0.643325 6.620591 -28.703236 -1.436164 0.91853 -0.702967 0.0 1e-06 -2e-06 
0.0 0.0 0.0 0.0 -0.0 0.0 -0.94138 61.224789 -1.534411 1.911477 1.122335 34.234367 -1.213148 -0.136921 20.701777 -0.962715 0.018087 6.243896 -1.146414 -0.234515 18.100433 0.547674 3.250288 -28.700035 -0.678679 -1.515393 -3.423252 1.754667 -2.880579 6.778479 7.7e-05 -2.2e-05 7e-06 -0.057406 -0.002443 -0.139605 0.804067 -3.790077 -10.743016 -0.923254 3.786837 -10.721615 -0.30818 -20.218018 5.946315 8.587957 -39.485294 -42.955254 4.495022 -73.950439 -4.127086 11.299493 15.318183 5.838351 -5.881998 9.861493 0.702462 -10.936915 -0.36061 7.156192 -5e-06 8.774782 1.4e-05 -15.730598 18.845512 6.582056 -1.844022 2.498494 -2.507269 -10.163541 4.678918 4.621119 -20.975885 5e-06 -2e-05 -21.226151 2.451667 -3.593993 0.0 -5e-06 1e-06 -1.362672 2.240747 -0.746306 -21.334791 0.584945 3.008291 -13.821128 5e-06 -9e-06 -23.887011 -0.249088 -0.839503 -59.932056 2.603123 -0.953945 -0.294019 1.679622 0.833276 -14.218137 0.093272 1.300558 -34.21183 -0.287548 0.967129 -20.033121 0.964536 1.212817 -1e-06 1e-06 -0.0 -3.440328 0.788145 0.5017 -15.928144 -3.167222 2.999656 -6.33879 5e-06 -1e-06 -18.12335 3.648175 -4.905672 -4e-06 1e-06 -3e-06 3.028706 32.455643 5.453131 -25.975824 41.421101 -42.630634 3.038889 63.884933 2.892509 -19.679298 -11.905973 16.994661 2.243594 -5.255134 -3.180078 14.282944 -0.826599 6.952543 -8e-06 -12.69057 2.3e-05 16.55558 -17.720438 2.646522 1.665655 -1.955922 -2.878299 4.727781 -4.170566 4.993929 11.020503 4e-06 1.8e-05 12.109032 -3.73569 -2.866761 -2e-06 -2e-06 2e-06 1.291969 -1.928522 -1.498082 14.800091 0.567448 3.865608 14.242534 -1.341724 -6.660635 19.631966 0.143925 -0.648207 50.397736 -1.049471 -6.135352 0.353014 -1.511109 -0.031931 20.222738 3.684271 2.316624 18.787249 -1.3e-05 3.4e-05 10.751632 -0.479885 1.397932 -0.0 -2e-06 -2e-06 3.273757 0.305999 -0.580075 21.486767 11.830304 2.266084 8.162924 -9e-06 1.6e-05 18.399105 -3.799003 -4.94053 4e-06 -4e-06 0.0 -2.222567 21.146946 -108.651901 -0.883803 -0.013446 103.136375 -5.230052 -14.739048 -26.692419 1.639645 -1.791399 -0.919632 -0.0 0.0 -1e-06 7.485123 -19.353643 -112.398773 -0.10384 -0.063501 105.706413 -0.666097 6.720427 -28.643122 -1.434467 0.9144 -0.742719 0.0 -0.0 -2e-06 
0.0 0.0 0.0 0.0 -0.0 0.0 -0.905542 61.253006 -1.558697 1.93609 1.058123 34.265583 -1.206705 -0.132672 20.726292 -0.961075 0.020953 6.261355 -1.164591 -0.236953 18.103937 0.453205 3.246106 -28.803305 -0.670923 -1.535032 -3.421102 1.67707 -2.819809 6.740702 7.7e-05 -2.2e-05 4e-06 -0.059571 -0.002335 -0.143926 0.804433 -3.788564 -10.746991 -0.928231 3.785883 -10.726195 -0.315728 -20.259821 5.923795 8.586662 -39.465122 -43.346611 4.180564 -74.060638 -3.845974 11.393831 15.260957 6.023637 -5.882041 9.86145 0.702331 -10.936905 -0.360591 7.156134 7e-06 8.774795 7e-06 -15.714708 18.834858 6.609166 -1.84402 2.498496 -2.507262 -10.163535 4.678906 4.621123 -20.975889 -2.9e-05 2e-06 -21.226133 2.451639 -3.59396 0.0 -7e-06 -2e-06 -1.362656 2.240754 -0.746291 -21.334806 0.584911 3.008314 -13.821127 -1.8e-05 7e-06 -23.886993 -0.249114 -0.839444 -59.961884 2.609768 -0.933675 -0.293992 1.679627 0.833288 -14.218157 0.093244 1.300569 -34.211826 -0.287593 0.967178 -20.033117 0.964522 1.212854 0.0 4e-06 -0.0 -3.440297 0.788142 0.501717 -15.928183 -3.167243 2.999666 -6.338786 -4e-06 3e-06 -18.123316 3.648144 -4.905636 -4e-06 3e-06 -3e-06 2.899929 32.540573 5.396099 -25.89201 41.309505 -42.522854 2.924992 63.89521 2.786414 -19.721992 -11.809333 16.918798 2.243533 -5.255188 -3.180418 14.282951 -0.826494 6.952357 -5e-06 -12.690535 -9e-06 16.548697 -17.749823 2.686211 1.665655 -1.955918 -2.878277 4.72776 -4.170557 4.993941 11.020447 8e-06 6e-06 12.108941 -3.735674 -2.866754 -2e-06 1e-06 0.0 1.291964 -1.928502 -1.498063 14.800045 0.56743 3.865615 14.242462 -1.341728 -6.660612 19.631775 0.143956 -0.648202 50.439651 -1.075029 -6.13865 0.353002 -1.511088 -0.031913 20.222689 3.68424 2.316637 18.787138 1.5e-05 1.4e-05 10.751568 -0.479862 1.39791 -0.0 -3e-06 -0.0 3.273714 0.306033 -0.580052 21.486765 11.830236 2.266119 8.162871 3e-06 9e-06 18.398922 -3.79896 -4.940514 5e-06 -1e-06 1e-06 -2.273238 21.133471 -108.666336 -0.872751 -0.014483 103.099472 -5.223464 -14.746071 -26.651976 1.640273 -1.814785 -0.958077 0.0 0.0 1e-06 7.430708 -19.368496 -112.420998 -0.111848 -0.068301 105.634529 -0.71709 6.846482 -28.600744 -1.433379 0.904813 -0.799998 0.0 -0.0 -0.0 
0.0 0.0 0.0 0.0 -0.0 0.0 -0.867805 61.263489 -1.586228 1.949552 0.973308 34.299774 -1.195103 -0.122131 20.736399 -0.963604 0.027253 6.277339 -1.187336 -0.24062 18.120037 0.327634 3.237085 -28.921553 -0.645121 -1.524886 -3.412817 1.618919 -2.788935 6.698212 7.7e-05 -2.2e-05 4e-06 -0.071379 0.004704 -0.146589 0.794251 -3.782346 -10.75257 -0.941829 3.793825 -10.730784 -0.34335 -20.304838 5.918695 8.618109 -39.438793 -43.683147 4.154186 -74.133568 -3.823136 11.453289 15.209769 6.163029 -5.881951 9.861485 0.701878 -10.93689 -0.360764 7.155908 -2e-06 8.774756 -2e-05 -15.693401 18.840021 6.647253 -1.844028 2.498499 -2.50724 -10.163539 4.678907 4.621122 -20.975889 -2e-05 -3.1e-05 -21.226162 2.451623 -3.59399 -1e-06 -5e-06 1e-06 -1.362677 2.240739 -0.746287 -21.334785 0.584964 3.00831 -13.821117 -2.1e-05 -2.6e-05 -23.886993 -0.249155 -0.83949 -59.981514 2.627792 -0.921057 -0.294018 1.679611 0.833291 -14.218151 0.093302 1.300599 -34.2118 -0.287621 0.967097 -20.0331 0.964477 1.21281 2e-06 3e-06 1e-06 -3.440325 0.788127 0.501714 -15.928165 -3.167172 2.999696 -6.338778 -8e-06 -1.6e-05 -18.123318 3.648128 -4.905664 -5e-06 -1e-06 -2e-06 2.783997 32.636494 5.351359 -25.866163 41.159126 -42.423 2.851443 63.926125 2.734429 -19.755514 -11.732882 16.751316 2.243382 -5.255428 -3.180798 14.282907 -0.826442 6.952243 -9e-06 -12.690479 1.6e-05 16.542419 -17.760756 2.712771 1.665662 -1.955916 -2.878262 4.727763 -4.170537 4.993959 11.020418 7e-06 -2.3e-05 12.108899 -3.735637 -2.866724 -1e-06 1e-06 -0.0 1.291978 -1.928465 -1.498031 14.800014 0.567396 3.865575 14.242438 -1.341713 -6.660591 19.631693 0.143988 -0.648235 50.453125 -1.094945 -6.150871 0.35302 -1.511043 -0.031882 20.222643 3.684184 2.316574 18.787081 3e-05 -4.7e-05 10.751533 -0.479847 1.397858 -0.0 0.0 -1e-06 3.273732 0.306087 -0.580013 21.486723 11.830142 2.266036 8.162837 4e-06 -2.6e-05 18.398832 -3.798915 -4.940546 4e-06 -4e-06 -1e-06 -2.311565 21.133017 -108.709282 -0.865859 -0.016389 103.10112 -5.221621 -14.758038 -26.598211 1.640549 -1.832262 -0.990557 0.0 0.0 4e-06 7.401918 -19.368677 -112.476639 -0.118422 -0.070179 105.584984 -0.787462 6.9696 -28.558138 -1.43207 0.90025 -0.841023 0.0 -0.0 -2e-06 
0.0 0.0 0.0 0.0 -0.0 0.0 -0.833723 61.273872 -1.609723 1.955831 0.882315 34.331375 -1.178507 -0.108844 20.736128 -0.969265 0.03602 6.277115 -1.210632 -0.245363 18.148506 0.217987 3.238358 -29.010727 -0.61824 -1.502317 -3.403697 1.532026 -2.757736 6.660913 7.7e-05 -2.2e-05 5e-06 -0.077205 0.00821 -0.147996 0.788316 -3.778958 -10.75302 -0.947508 3.79735 -10.728388 -0.383306 -20.345396 5.93316 8.65583 -39.418194 -43.942036 4.317557 -74.152481 -3.980193 11.467488 15.132664 6.250379 -5.882005 9.861398 0.70238 -10.936777 -0.360515 7.156208 1.2e-05 8.774839 8e-06 -15.676324 18.83857 6.681563 -1.844036 2.498499 -2.507274 -10.1636 4.678932 4.621092 -20.976044 -4.3e-05 -3.2e-05 -21.22636 2.451635 -3.594036 0.0 -5e-06 1e-06 -1.362686 2.240783 -0.746312 -21.334915 0.584878 3.008282 -13.821224 -2.9e-05 -2.3e-05 -23.887289 -0.249172 -0.839528 -59.989681 2.654355 -0.923692 -0.294025 1.679668 0.833273 -14.218213 0.093196 1.30055 -34.212093 -0.287639 0.967125 -20.033272 0.964488 1.212841 0.0 2e-06 -0.0 -3.440387 0.788202 0.501668 -15.928185 -3.167326 2.999674 -6.338827 -8e-06 -1.2e-05 -18.123524 3.648121 -4.905725 -4e-06 -2e-06 -4e-06 2.719177 32.716732 5.325203 -25.892189 41.001438 -42.341381 2.824317 63.97533 2.74256 -19.754475 -11.647411 16.504688 2.24348 -5.255176 -3.180322 14.282903 -0.826676 6.952485 -4e-06 -12.690629 2.6e-05 16.530582 -17.748211 2.71981 1.665663 -1.955912 -2.878295 4.727777 -4.170584 4.993936 11.020487 1e-06 -8e-06 12.109026 -3.735729 -2.866791 -3e-06 1e-06 0.0 1.291983 -1.928542 -1.498063 14.800076 0.567487 3.865583 14.242519 -1.341735 -6.660653 19.631905 0.143958 -0.648263 50.419132 -1.100344 -6.167885 0.353024 -1.511145 -0.031906 20.222719 3.684345 2.316598 18.787203 2e-06 -1.3e-05 10.751601 -0.479869 1.3979 -0.0 -1e-06 -0.0 3.273768 0.305948 -0.580063 21.486755 11.830437 2.266094 8.162895 -6e-06 -5e-06 18.399038 -3.798996 -4.940596 3e-06 1e-06 -1e-06 -2.329076 21.12669 -108.749359 -0.858024 -0.01654 103.108231 -5.252268 -14.740515 -26.536119 1.641009 -1.83993 -0.987122 0.0 1e-06 3e-06 7.390677 -19.362331 -112.540207 -0.122721 -0.071818 105.543991 -0.849871 7.074049 -28.502768 -1.430628 0.898065 -0.852899 -0.0 -0.0 2e-06 
0.0 0.0 0.0 0.0 -0.0 0.0 -0.801094 61.28149 -1.642635 1.952533 0.789823 34.363869 -1.158335 -0.08964 20.728045 -0.972133 0.041766 6.269861 -1.223401 -0.245441 18.17647 0.110941 3.250919 -29.078171 -0.599207 -1.487605 -3.392128 1.429188 -2.719552 6.646783 7.7e-05 -2.2e-05 9e-06 -0.082364 0.011413 -0.148531 0.783866 -3.774072 -10.74669 -0.953118 3.798448 -10.718894 -0.426649 -20.401062 5.948651 8.693172 -39.402843 -44.130733 4.51776 -74.104416 -4.150079 11.422166 15.057258 6.285943 -5.882109 9.861159 0.703055 -10.936791 -0.360436 7.156456 -1.6e-05 8.774891 7e-06 -15.651413 18.843128 6.718227 -1.844041 2.498509 -2.507303 -10.163653 4.678999 4.621066 -20.976164 3e-05 -2.1e-05 -21.226545 2.451762 -3.594143 0.0 -6e-06 -0.0 -1.362712 2.240857 -0.746351 -21.334984 0.584879 3.008297 -13.821297 2e-05 -1e-05 -23.887476 -0.249043 -0.839596 -60.011257 2.681564 -0.921257 -0.294062 1.679764 0.833228 -14.218224 0.093145 1.300554 -34.212303 -0.287504 0.967136 -20.033381 0.964578 1.212836 -1e-06 2e-06 -0.0 -3.440483 0.788364 0.501589 -15.928144 -3.167449 2.99973 -6.338864 1.3e-05 1e-06 -18.123682 3.648237 -4.905794 -5e-06 -4e-06 -4e-06 2.686352 32.776428 5.319755 -25.993284 40.838779 -42.258751 2.78443 64.026756 2.756829 -19.699818 -11.595308 16.2139 2.24354 -5.254977 -3.179897 14.282847 -0.826652 6.952644 1.2e-05 -12.690629 1.4e-05 16.550735 -17.742014 2.700497 1.665669 -1.955926 -2.878317 4.727829 -4.170599 4.993901 11.020583 -7e-06 -9e-06 12.109176 -3.735736 -2.86684 -2e-06 -1e-06 0.0 1.292008 -1.928572 -1.498113 14.800158 0.567474 3.86559 14.242643 -1.341743 -6.660703 19.632164 0.14392 -0.648319 50.378136 -1.102823 -6.203941 0.35306 -1.511181 -0.03196 20.222822 3.684325 2.316614 18.787365 -1.2e-05 -1.6e-05 10.751677 -0.479885 1.397915 -1e-06 2e-06 0.0 3.273886 0.305893 -0.580155 21.486786 11.830423 2.266124 8.162966 -1.2e-05 -7e-06 18.399254 -3.798991 -4.940657 4e-06 -2e-06 -2e-06 -2.333088 21.121119 -108.798126 -0.849881 -0.017089 103.1175 -5.310285 -14.6996 -26.470379 1.642486 -1.847574 -0.952738 0.0 0.0 -0.0 7.403223 -19.357872 -112.621437 -0.128593 -0.070757 105.507507 -0.889337 7.1879 -28.43261 -1.428811 0.890702 -0.830315 -1e-06 -1e-06 -1e-06 
0.0 0.0 0.0 0.0 -0.0 0.0 -0.77034 61.282104 -1.684715 1.935843 0.711181 34.382423 -1.136912 -0.073727 20.730556 -0.969825 0.042199 6.264294 -1.224083 -0.241235 18.200863 0.029521 3.271477 -29.111752 -0.58403 -1.467554 -3.383277 1.312871 -2.657856 6.674873 7.7e-05 -2.2e-05 1e-05 -0.086341 0.013686 -0.149145 0.778727 -3.770505 -10.738266 -0.955713 3.798933 -10.70892 -0.450598 -20.463364 5.96148 8.738466 -39.384205 -44.285595 4.708684 -74.000862 -4.293185 11.328684 14.985034 6.284072 -5.882152 9.861312 0.702286 -10.93692 -0.360603 7.156049 1.8e-05 8.774817 -1.6e-05 -15.626305 18.857748 6.749743 -1.844017 2.498495 -2.507254 -10.163517 4.678898 4.621137 -20.975904 -6.3e-05 5.8e-05 -21.226149 2.45164 -3.593908 0.0 -6e-06 -0.0 -1.362633 2.24076 -0.746294 -21.334831 0.584874 3.008366 -13.821143 -3.7e-05 3.7e-05 -23.887045 -0.249124 -0.839359 -60.024094 2.704374 -0.932239 -0.29396 1.679637 0.833282 -14.21819 0.093212 1.300611 -34.211876 -0.287634 0.96728 -20.033161 0.964513 1.212922 -1e-06 2e-06 -0.0 -3.440243 0.788132 0.501726 -15.928233 -3.167279 2.999706 -6.338794 -1.8e-05 1.5e-05 -18.123341 3.64813 -4.905587 -4e-06 -1e-06 -2e-06 2.66683 32.823376 5.312147 -26.134329 40.682411 -42.159206 2.718931 64.071106 2.747396 -19.609045 -11.53776 16.015305 2.243545 -5.255137 -3.180483 14.282966 -0.826538 6.952327 -1.4e-05 -12.690579 -1.2e-05 16.586382 -17.747694 2.681842 1.665652 -1.955919 -2.878275 4.72775 -4.170563 4.993943 11.020438 2e-05 9e-06 12.108929 -3.735687 -2.866757 -0.0 1e-06 -0.0 1.291945 -1.928521 -1.498053 14.800045 0.567466 3.865625 14.242447 -1.34173 -6.660606 19.631775 0.143965 -0.648185 50.354477 -1.097025 -6.233096 0.352979 -1.511111 -0.031906 20.222685 3.684294 2.316656 18.787125 2.2e-05 2.5e-05 10.751573 -0.479859 1.397916 1e-06 -2e-06 -0.0 3.273669 0.306017 -0.580033 21.486795 11.830323 2.266145 8.162869 1e-05 1.2e-05 18.398928 -3.798965 -4.940503 4e-06 -3e-06 0.0 -2.328601 21.125666 -108.843925 -0.850204 -0.018394 103.13266 -5.367418 -14.634175 -26.418312 1.644458 -1.849985 -0.903276 0.0 0.0 3e-06 7.446249 -19.373299 -112.702888 -0.129032 -0.068234 105.461899 -0.907203 7.316851 -28.358236 -1.426431 0.881791 -0.794156 1e-06 -0.0 -0.0 
0.0 0.0 0.0 0.0 -0.0 0.0 -0.737847 61.274792 -1.728063 1.911762 0.632207 34.391167 -1.124205 -0.062175 20.744349 -0.97032 0.047243 6.265501 -1.217829 -0.23147 18.21414 0.001485 3.273915 -29.110092 -0.564873 -1.418407 -3.378615 1.19391 -2.586493 6.742208 7.7e-05 -2.2e-05 7e-06 -0.086249 0.0137 -0.150753 0.777569 -3.769644 -10.735145 -0.954289 3.797461 -10.703981 -0.45514 -20.510777 5.968391 8.782413 -39.381954 -44.455444 4.822119 -73.882721 -4.3672 11.203926 14.913364 6.256647 -5.882041 9.861324 0.702341 -10.936865 -0.360654 7.156109 -9e-06 8.77481 -1.4e-05 -15.592196 18.879599 6.780535 -1.844035 2.498506 -2.507267 -10.163586 4.678947 4.621102 -20.975992 6e-06 -2.2e-05 -21.226299 2.451684 -3.594047 0.0 -7e-06 2e-06 -1.36269 2.240791 -0.746316 -21.334869 0.584932 3.008315 -13.821193 -0.0 -1.5e-05 -23.887188 -0.249096 -0.839534 -60.010815 2.723066 -0.96238 -0.294038 1.679678 0.83326 -14.218175 0.093242 1.300589 -34.212006 -0.287573 0.967115 -20.033209 0.964519 1.212822 -0.0 -3e-06 1e-06 -3.440398 0.788232 0.501667 -15.928148 -3.167285 2.999717 -6.338818 2e-06 -8e-06 -18.123472 3.648178 -4.905721 -4e-06 3e-06 -3e-06 2.662751 32.865562 5.3105 -26.290758 40.518711 -42.132042 2.721131 64.130676 2.77523 -19.559141 -11.499132 15.960448 2.243477 -5.255125 -3.180307 14.282848 -0.826532 6.952464 -6e-06 -12.690566 -2e-06 16.612156 -17.756483 2.679236 1.665667 -1.955922 -2.878289 4.727798 -4.170571 4.99392 11.02054 8e-06 -1.4e-05 12.109104 -3.735683 -2.866804 2e-06 2e-06 -0.0 1.291991 -1.928523 -1.498085 14.800117 0.567442 3.865594 14.24259 -1.341721 -6.660669 19.632067 0.143968 -0.648285 50.349621 -1.091303 -6.235317 0.353035 -1.511118 -0.031937 20.222778 3.684266 2.316615 18.787291 2.8e-05 -2.4e-05 10.751647 -0.479861 1.397905 0.0 1e-06 0.0 3.273811 0.305996 -0.580105 21.486794 11.830284 2.266112 8.162925 6e-06 -1.3e-05 18.399145 -3.798931 -4.940613 4e-06 1e-06 -1e-06 -2.318623 21.137777 -108.882881 -0.860279 -0.020799 103.164787 -5.405778 -14.565414 -26.388016 1.64616 -1.847521 -0.868358 -1e-06 1e-06 5e-06 7.50747 -19.397295 -112.784027 -0.125377 -0.064362 105.422737 -0.92665 7.470304 -28.285614 -1.424474 0.87176 -0.755067 0.0 1e-06 3e-06 
0.0 0.0 0.0 0.0 -0.0 0.0 -0.712121 61.255665 -1.77725 1.892197 0.56171 34.395195 -1.118979 -0.054376 20.772816 -0.97331 0.052886 6.27549 -1.213684 -0.217228 18.20933 0.012482 3.27219 -29.085735 -0.547085 -1.34964 -3.378102 1.080984 -2.517129 6.828017 7.7e-05 -2.2e-05 5e-06 -0.082343 0.011207 -0.14959 0.780843 -3.774097 -10.736786 -0.949845 3.796397 -10.706117 -0.437902 -20.547583 5.962271 8.847329 -39.394234 -44.611938 5.015451 -73.776459 -4.519066 11.072415 14.869564 6.229166 -5.8822 9.861077 0.702748 -10.936858 -0.360598 7.156222 -8e-06 8.774842 -2.4e-05 -15.560894 18.913288 6.814837 -1.844033 2.49851 -2.507281 -10.163624 4.678967 4.621092 -20.97611 1.6e-05 2.5e-05 -21.226458 2.451731 -3.594048 0.0 -5e-06 -0.0 -1.362685 2.240831 -0.746346 -21.334963 0.584903 3.00836 -13.821279 6e-06 1.7e-05 -23.887426 -0.249042 -0.839506 -59.996231 2.743225 -0.988058 -0.294033 1.679728 0.833228 -14.218224 0.093193 1.300617 -34.212219 -0.287536 0.967209 -20.033344 0.964559 1.21288 -0.0 -2e-06 0.0 -3.440419 0.788292 0.501618 -15.928183 -3.167354 2.999766 -6.338855 -1e-06 7e-06 -18.123602 3.648196 -4.90571 -4e-06 0.0 -2e-06 2.666431 32.901707 5.313123 -26.43614 40.342056 -42.214092 2.844867 64.217972 2.88774 -19.563715 -11.463719 15.968122 2.243617 -5.254744 -3.179915 14.282826 -0.826644 6.952572 -2.4e-05 -12.690673 -3.6e-05 16.61964 -17.754282 2.677757 1.665667 -1.955928 -2.878313 4.727806 -4.170613 4.993891 11.020585 3e-05 3e-06 12.109166 -3.735717 -2.866863 0.0 -0.0 0.0 1.291977 -1.928599 -1.498124 14.80019 0.56753 3.865635 14.242641 -1.341725 -6.660702 19.632217 0.143978 -0.648248 50.348091 -1.079135 -6.224638 0.353015 -1.511216 -0.031978 20.222883 3.684402 2.316688 18.787378 4.6e-05 3e-05 10.751698 -0.479851 1.397962 0.0 2e-06 -1e-06 3.273814 0.305871 -0.580173 21.486908 11.830506 2.266243 8.162976 2.2e-05 1.3e-05 18.399281 -3.798933 -4.940602 4e-06 -3e-06 0.0 -2.326263 21.150143 -108.927094 -0.868487 -0.022257 103.221344 -5.413381 -14.508191 -26.367853 1.647476 -1.843815 -0.876678 0.0 0.0 4e-06 7.575593 -19.426407 -112.872925 -0.119088 -0.062465 105.403908 -0.958449 7.627207 -28.212143 -1.423114 0.863577 -0.737038 -0.0 -0.0 2e-06 
0.0 0.0 0.0 0.0 -0.0 0.0 -0.698426 61.22731 -1.834936 1.877043 0.499766 34.389965 -1.124133 -0.042381 20.808792 -0.976189 0.060174 6.292315 -1.220867 -0.198915 18.216467 0.071781 3.263615 -29.053152 -0.531981 -1.262336 -3.37845 0.968035 -2.435918 6.940672 7.7e-05 -2.2e-05 9e-06 -0.075817 0.006006 -0.144807 0.788893 -3.78374 -10.741885 -0.945171 3.795451 -10.712355 -0.375978 -20.575745 5.944037 8.976779 -39.413113 -44.811657 5.268699 -73.683746 -4.729749 10.916981 14.871758 6.181283 -5.882133 9.8613 0.702373 -10.936918 -0.360629 7.156094 1.4e-05 8.774807 -1.5e-05 -15.556164 18.933393 6.830497 -1.844023 2.498495 -2.507261 -10.163537 4.678911 4.621124 -20.975941 -4e-05 4.4e-05 -21.226208 2.451655 -3.593943 0.0 -8e-06 -1e-06 -1.36264 2.240758 -0.746308 -21.334833 0.5849 3.008358 -13.821161 -2.3e-05 3.3e-05 -23.8871 -0.249104 -0.839391 -59.996811 2.742395 -0.987175 -0.293977 1.67964 0.83327 -14.218187 0.09323 1.300607 -34.211922 -0.287601 0.967259 -20.033194 0.964533 1.212909 -0.0 -1e-06 0.0 -3.440276 0.78815 0.501701 -15.928217 -3.167259 2.999713 -6.338802 -1.3e-05 1.3e-05 -18.123384 3.648141 -4.905618 -5e-06 -3e-06 -3e-06 2.65819 32.926167 5.326932 -26.563782 40.138149 -42.395069 3.019909 64.340874 3.026008 -19.587086 -11.435848 16.002443 2.243518 -5.255162 -3.180522 14.282912 -0.82647 6.952303 -3e-05 -12.690527 -1.8e-05 16.607323 -17.758585 2.686452 1.665656 -1.955919 -2.878273 4.727755 -4.170553 4.993941 11.020454 3.2e-05 -3e-06 12.108939 -3.735641 -2.866751 0.0 -1e-06 1e-06 1.291955 -1.928497 -1.498062 14.80006 0.567438 3.865619 14.242455 -1.341705 -6.660602 19.631796 0.144 -0.64817 50.360245 -1.06215 -6.211059 0.352985 -1.511084 -0.031915 20.222708 3.684252 2.316645 18.787134 5e-05 1.4e-05 10.751569 -0.479838 1.397909 1e-06 -3e-06 -0.0 3.273685 0.306054 -0.580051 21.486818 11.830226 2.266134 8.162869 2e-05 3e-06 18.398918 -3.798906 -4.940502 3e-06 -2e-06 -2e-06 -2.326154 21.165405 -108.97493 -0.866218 -0.020178 103.290955 -5.435221 -14.487308 -26.334007 1.6481 -1.841603 -0.918754 0.0 1e-06 4e-06 7.651369 -19.457422 -112.966133 -0.114169 -0.062992 105.411667 -1.008132 7.762229 -28.15345 -1.422468 0.862586 -0.74098 0.0 -0.0 -2e-06 
0.0 0.0 0.0 0.0 -0.0 0.0 -0.705315 61.190559 -1.905546 1.854524 0.457797 34.372177 -1.127966 -0.034861 20.844557 -0.980915 0.0765 6.310287 -1.219814 -0.185462 18.239361 0.143997 3.254187 -29.003309 -0.521152 -1.185119 -3.380722 0.849864 -2.332816 7.064475 7.7e-05 -2.2e-05 6e-06 -0.071057 0.001623 -0.138392 0.795006 -3.794296 -10.752023 -0.942369 3.797483 -10.724707 -0.299396 -20.590038 5.945473 9.190841 -39.428131 -45.094662 5.360598 -73.574707 -4.807049 10.8026 14.885326 6.126594 -5.881987 9.861517 0.702006 -10.936891 -0.360627 7.156014 7e-06 8.774796 1e-06 -15.570808 18.931696 6.834817 -1.844028 2.498494 -2.507246 -10.163531 4.678906 4.621125 -20.975903 -4e-05 -1e-05 -21.226179 2.45164 -3.593979 0.0 -8e-06 1e-06 -1.36266 2.240741 -0.746278 -21.334797 0.584913 3.008307 -13.821125 -2.5e-05 -8e-06 -23.887009 -0.249147 -0.839461 -60.003929 2.723893 -0.955005 -0.293997 1.679615 0.833302 -14.218157 0.093245 1.300579 -34.211838 -0.287626 0.967146 -20.033138 0.96449 1.212842 1e-06 2e-06 -0.0 -3.440294 0.788124 0.501738 -15.928185 -3.167241 2.999663 -6.338783 -9e-06 -6e-06 -18.123322 3.648139 -4.905652 -5e-06 -1e-06 -2e-06 2.638706 32.941204 5.360666 -26.71212 39.941574 -42.574986 3.112925 64.405403 3.074847 -19.596041 -11.384617 16.116768 2.243393 -5.255501 -3.180907 14.28298 -0.826411 6.952174 -2e-06 -12.690462 1.7e-05 16.588451 -17.749414 2.696754 1.665652 -1.955912 -2.87825 4.72774 -4.170527 4.993974 11.020379 4e-06 -1.3e-05 12.10884 -3.735639 -2.866693 -0.0 1e-06 1e-06 1.29196 -1.928449 -1.498011 14.79997 0.567379 3.865588 14.242376 -1.341724 -6.660564 19.631563 0.143964 -0.648205 50.376438 -1.040271 -6.195561 0.352999 -1.511019 -0.03186 20.22258 3.684157 2.316581 18.78701 9e-06 -3.2e-05 10.751498 -0.47985 1.397859 -0.0 0.0 -2e-06 3.273667 0.306127 -0.579971 21.486692 11.830099 2.266027 8.162807 -1e-06 -1.6e-05 18.398743 -3.798942 -4.940504 3e-06 -1e-06 0.0 -2.297107 21.182192 -109.016205 -0.850648 -0.0165 103.359352 -5.455487 -14.49191 -26.301943 1.647152 -1.841711 -0.958819 -1e-06 1e-06 4e-06 7.744169 -19.482281 -113.051483 -0.120229 -0.065519 105.447746 -1.065692 7.867319 -28.102955 -1.422166 0.870768 -0.760857 1e-06 -0.0 -4e-06 
0.0 0.0 0.0 0.0 -0.0 0.0 -0.727901 61.159397 -1.977438 1.822222 0.435129 34.342339 -1.139091 -0.031318 20.883923 -0.984534 0.099006 6.327757 -1.202067 -0.181755 18.269579 0.218342 3.24459 -28.957451 -0.505129 -1.121019 -3.383534 0.716389 -2.19547 7.166715 7.7e-05 -2.2e-05 7e-06 -0.066537 -0.00257 -0.136629 0.800238 -3.801916 -10.759579 -0.939539 3.797557 -10.736614 -0.234984 -20.600487 5.954256 9.468736 -39.41045 -45.483505 5.136481 -73.461159 -4.612232 10.710526 14.876388 6.085882 -5.882187 9.861311 0.702639 -10.936991 -0.360602 7.156162 2e-05 8.774784 -3e-06 -15.59983 18.921125 6.820857 -1.844012 2.498495 -2.507268 -10.163494 4.678879 4.62114 -20.975842 -4.8e-05 8e-05 -21.22604 2.451643 -3.593858 0.0 -6e-06 -0.0 -1.362615 2.240741 -0.746309 -21.33478 0.584897 3.008368 -13.821099 -2.6e-05 6.2e-05 -23.886894 -0.249094 -0.839304 -59.99984 2.703966 -0.919605 -0.293948 1.679614 0.83327 -14.21816 0.093244 1.3006 -34.211758 -0.287584 0.967328 -20.033096 0.96456 1.212935 0.0 -0.0 0.0 -3.440206 0.788094 0.501714 -15.928235 -3.16722 2.999688 -6.338778 -1.6e-05 2.8e-05 -18.123232 3.648135 -4.905526 -5e-06 -1e-06 -2e-06 2.618468 32.974529 5.383989 -26.858335 39.770824 -42.691154 3.144517 64.393616 3.075057 -19.56056 -11.319923 16.279617 2.243721 -5.255003 -3.180166 14.282991 -0.826566 6.952416 -2.3e-05 -12.69058 -1.4e-05 16.556055 -17.733776 2.704815 1.665646 -1.95592 -2.878288 4.727747 -4.170568 4.993939 11.020469 2.8e-05 3.7e-05 12.10894 -3.735687 -2.866734 -0.0 2e-06 -0.0 1.291929 -1.928533 -1.498071 14.800081 0.567478 3.865652 14.242466 -1.341724 -6.660592 19.631851 0.143936 -0.648113 50.379242 -1.014115 -6.177271 0.352963 -1.511131 -0.03192 20.222731 3.684312 2.316694 18.78718 1e-05 8.5e-05 10.7516 -0.479872 1.397953 0.0 -0.0 1e-06 3.273665 0.306001 -0.580047 21.486841 11.830336 2.26617 8.162901 9e-06 3.9e-05 18.398998 -3.798983 -4.940447 2e-06 -3e-06 0.0 -2.238179 21.201679 -109.037514 -0.829832 -0.014858 103.400505 -5.489027 -14.519486 -26.239758 1.645413 -1.843142 -0.999895 -0.0 -1e-06 1e-06 7.856539 -19.498259 -113.112343 -0.127839 -0.072681 105.478828 -1.128523 7.946642 -28.060186 -1.422034 0.881638 -0.799018 -1e-06 0.0 -0.0 
0.0 0.0 0.0 0.0 -0.0 0.0 -0.757052 61.142124 -2.044765 1.780741 0.424834 34.28759 -1.153686 -0.025862 20.92701 -0.988172 0.121752 6.341838 -1.179205 -0.182985 18.315367 0.264041 3.23942 -28.926329 -0.481018 -1.070477 -3.384657 0.60735 -2.061096 7.253822 7.7e-05 -2.2e-05 7e-06 -0.066061 -0.00382 -0.141468 0.801607 -3.803636 -10.76372 -0.940871 3.797749 -10.746046 -0.178787 -20.614487 5.975348 9.804728 -39.341766 -45.906872 4.766019 -73.340561 -4.304946 10.615451 14.855983 6.053092 -5.88217 9.861265 0.702691 -10.936838 -0.360521 7.15625 5e-06 8.774837 4e-06 -15.63672 18.895676 6.780879 -1.84403 2.498501 -2.50728 -10.163614 4.67894 4.621104 -20.97608 -1.3e-05 2.7e-05 -21.226398 2.451699 -3.593988 -1e-06 -6e-06 1e-06 -1.36268 2.240796 -0.746321 -21.334946 0.58489 3.008326 -13.821252 -6e-06 1.4e-05 -23.887346 -0.249081 -0.839462 -59.970085 2.685274 -0.913675 -0.294021 1.679688 0.833259 -14.218224 0.093192 1.300573 -34.21217 -0.287567 0.967215 -20.03331 0.964547 1.212877 -1e-06 1e-06 -1e-06 -3.440399 0.78823 0.501663 -15.928187 -3.167335 2.999695 -6.338851 -1e-06 8e-06 -18.12359 3.64817 -4.905676 -4e-06 -3e-06 -2e-06 2.625988 33.02895 5.419914 -26.986338 39.626232 -42.733315 3.128241 64.336327 3.060948 -19.482985 -11.217648 16.394558 2.243586 -5.254813 -3.179886 14.28284 -0.826636 6.952597 -1.1e-05 -12.69065 -2.5e-05 16.527267 -17.710978 2.709542 1.665666 -1.955924 -2.878314 4.727802 -4.170609 4.993894 11.020558 1.5e-05 -1e-06 12.109129 -3.735724 -2.86686 -2e-06 2e-06 -0.0 1.291983 -1.92859 -1.49812 14.800161 0.567513 3.865622 14.242611 -1.341729 -6.660702 19.632116 0.143965 -0.648265 50.37812 -0.978505 -6.151315 0.353024 -1.511203 -0.031975 20.222834 3.684375 2.316667 18.787336 2.7e-05 1.2e-05 10.751667 -0.479861 1.397945 -2e-06 -1e-06 -0.0 3.273824 0.305881 -0.580173 21.486864 11.83047 2.266213 8.162959 1.2e-05 1e-05 18.399204 -3.798951 -4.94061 3e-06 -3e-06 -1e-06 -2.164733 21.244846 -109.018692 -0.817159 -0.014995 103.402916 -5.533475 -14.548513 -26.180807 1.643724 -1.843346 -1.0094 -0.0 0.0 -1e-06 7.971793 -19.508656 -113.126259 -0.134088 -0.082249 105.482277 -1.166678 8.02038 -28.018255 -1.422004 0.894745 -0.842894 0.0 -0.0 -1e-06 
0.0 0.0 0.0 0.0 -0.0 0.0 -0.787139 61.130203 -2.108871 1.730303 0.416472 34.215366 -1.17343 -0.011298 20.960077 -0.998231 0.131682 6.353703 -1.164101 -0.178012 18.37533 0.304699 3.235534 -28.911402 -0.45293 -1.016345 -3.374699 0.521579 -1.940172 7.329073 7.7e-05 -2.2e-05 1e-05 -0.068632 -0.002156 -0.148324 0.800502 -3.798879 -10.76225 -0.945513 3.797158 -10.747833 -0.122171 -20.636141 5.996143 10.135962 -39.234917 -46.256191 4.482394 -73.202652 -4.082762 10.496059 14.835388 6.079996 -5.882055 9.861235 0.702457 -10.936781 -0.360591 7.156182 -1e-05 8.774848 -1.6e-05 -15.659976 18.854652 6.732073 -1.844042 2.498508 -2.507273 -10.163646 4.678974 4.621079 -20.976141 6e-06 -3.3e-05 -21.226521 2.451704 -3.59411 0.0 -7e-06 -0.0 -1.362709 2.240825 -0.746329 -21.334969 0.584905 3.008306 -13.82128 -2e-06 -2.7e-05 -23.887444 -0.2491 -0.839582 -59.91774 2.6759 -0.93073 -0.294055 1.67972 0.833248 -14.21822 0.093197 1.300584 -34.212227 -0.287578 0.967102 -20.03334 0.964513 1.212826 0.0 1e-06 -0.0 -3.440458 0.788288 0.501629 -15.92816 -3.167357 2.999735 -6.338851 2e-06 -1.1e-05 -18.123634 3.648178 -4.905774 -5e-06 0.0 -2e-06 2.664933 33.103645 5.485234 -27.079218 39.521618 -42.738159 3.071353 64.256218 3.036445 -19.377016 -11.131201 16.466612 2.243396 -5.255004 -3.180219 14.282748 -0.826652 6.952548 -1.2e-05 -12.690648 1e-06 16.514091 -17.697058 2.71355 1.665681 -1.955923 -2.878303 4.727825 -4.170605 4.993899 11.020583 1.1e-05 -4.2e-05 12.109198 -3.735718 -2.866884 0.0 -0.0 0.0 1.292013 -1.928577 -1.4981 14.800168 0.567503 3.865568 14.242655 -1.341721 -6.660728 19.6322 0.144013 -0.648361 50.391865 -0.953006 -6.120512 0.353061 -1.511188 -0.03195 20.222841 3.684374 2.31659 18.78735 4.9e-05 -6.9e-05 10.751665 -0.479845 1.397894 1e-06 1e-06 0.0 3.273875 0.305889 -0.58016 21.486828 11.83047 2.266137 8.162947 1.4e-05 -3.2e-05 18.399225 -3.798905 -4.940703 3e-06 -3e-06 -3e-06 -2.090012 21.316029 -108.969177 -0.820022 -0.013932 103.380669 -5.569588 -14.576783 -26.132219 1.64185 -1.847653 -0.977437 0.0 0.0 1e-06 8.068224 -19.490177 -113.092323 -0.136007 -0.089864 105.468193 -1.180358 8.06559 -27.993736 -1.421211 0.906579 -0.880867 0.0 -0.0 -2e-06 
0.0 0.0 0.0 0.0 -0.0 0.0 -0.826503 61.114822 -2.169675 1.682089 0.417668 34.136768 -1.193964 0.002768 20.988213 -1.005004 0.128278 6.363091 -1.156326 -0.168147 18.420637 0.320748 3.241394 -28.890072 -0.441149 -0.977336 -3.36383 0.460342 -1.848687 7.381101 7.7e-05 -2.2e-05 4e-06 -0.076111 0.003561 -0.154595 0.794031 -3.789754 -10.75853 -0.954462 3.800281 -10.74769 -0.071214 -20.667114 6.013072 10.395045 -39.113838 -46.473297 4.367761 -73.085419 -3.986378 10.405416 14.823845 6.244866 -5.882073 9.861505 0.702332 -10.936953 -0.360594 7.156115 2.4e-05 8.774772 1.5e-05 -15.680741 18.82287 6.700531 -1.844016 2.498489 -2.507258 -10.163494 4.678874 4.621142 -20.975815 -5.4e-05 3.2e-05 -21.226015 2.451611 -3.593879 1e-06 -4e-06 3e-06 -1.362634 2.240722 -0.746286 -21.334766 0.584908 3.008326 -13.82109 -3.2e-05 2.7e-05 -23.886885 -0.249135 -0.839359 -59.861542 2.677735 -0.953046 -0.293966 1.679589 0.833294 -14.21815 0.093261 1.300567 -34.211716 -0.287613 0.967239 -20.033066 0.964527 1.212885 1e-06 1e-06 -0.0 -3.440231 0.788071 0.501745 -15.928203 -3.167198 2.99964 -6.338766 -1.5e-05 1.3e-05 -18.123224 3.648117 -4.905563 -4e-06 1e-06 -2e-06 2.70524 33.171768 5.555264 -27.124746 39.473801 -42.683159 2.93343 64.167099 2.95451 -19.296587 -11.085619 16.537704 2.243593 -5.255169 -3.180362 14.283003 -0.826512 6.952356 -9e-06 -12.690538 -3e-06 16.51952 -17.691513 2.718929 1.665648 -1.955917 -2.878277 4.727743 -4.170553 4.993949 11.020416 1.4e-05 1.9e-05 12.108872 -3.735671 -2.86672 -2e-06 1e-06 0.0 1.291946 -1.928505 -1.49806 14.800026 0.56744 3.865631 14.242414 -1.34173 -6.660588 19.631685 0.143938 -0.648152 50.432022 -0.941667 -6.089753 0.352981 -1.511093 -0.03191 20.222662 3.684252 2.316653 18.7871 2e-06 4.7e-05 10.751556 -0.479869 1.397926 1e-06 -3e-06 -0.0 3.273665 0.306036 -0.58003 21.486769 11.830257 2.266121 8.162863 -2e-06 2.5e-05 18.398878 -3.798988 -4.940466 4e-06 0.0 -1e-06 -2.033391 21.393078 -108.928925 -0.829137 -0.018921 103.367393 -5.585243 -14.600887 -26.085503 1.641289 -1.853904 -0.927427 -0.0 -1e-06 2e-06 8.139483 -19.460764 -113.031883 -0.131764 -0.092722 105.469719 -1.163142 8.095237 -27.99367 -1.42021 0.916784 -0.892937 -0.0 -0.0 1e-06 
0.0 0.0 0.0 0.0 -0.0 0.0 -0.880954 61.094379 -2.233265 1.641399 0.416373 34.045567 -1.21652 0.008232 21.009289 -1.020725 0.12524 6.37224 -1.15248 -0.168846 18.445345 0.330083 3.255013 -28.870743 -0.453977 -0.917179 -3.355481 0.440486 -1.795662 7.420515 7.7e-05 -2.2e-05 4e-06 -0.086192 0.010956 -0.158002 0.783153 -3.780737 -10.75493 -0.963942 3.806552 -10.745639 -0.04181 -20.690405 6.017824 10.555347 -38.991955 -46.548878 4.441457 -73.0233 -4.032498 10.341427 14.839363 6.501851 -5.882059 9.861305 0.70271 -10.936857 -0.360477 7.15633 1.3e-05 8.774846 1e-05 -15.705528 18.812527 6.682641 -1.844026 2.498496 -2.507283 -10.163559 4.678927 4.621097 -20.975967 -4e-05 1e-06 -21.226254 2.451651 -3.594023 0.0 -6e-06 1e-06 -1.362658 2.24079 -0.746319 -21.334864 0.584865 3.008306 -13.821179 -2.3e-05 7e-06 -23.887154 -0.249132 -0.839475 -59.848175 2.676092 -0.96841 -0.294003 1.679681 0.833259 -14.218193 0.093178 1.300556 -34.211971 -0.287601 0.967196 -20.033209 0.964532 1.212879 1e-06 0.0 1e-06 -3.44032 0.788209 0.501661 -15.928196 -3.167344 2.999687 -6.338811 -4e-06 7e-06 -18.123434 3.648147 -4.905694 -5e-06 0.0 -2e-06 2.745728 33.239307 5.59586 -27.126177 39.501034 -42.614208 2.845628 64.060478 2.912357 -19.282665 -11.070302 16.52384 2.243587 -5.25515 -3.180224 14.282961 -0.826613 6.952466 -1e-06 -12.690585 2e-05 16.544348 -17.697323 2.712806 1.665654 -1.955915 -2.878291 4.727773 -4.17057 4.993939 11.020477 2e-06 1.6e-05 12.108985 -3.735712 -2.866746 3e-06 0.0 -0.0 1.291968 -1.928535 -1.498063 14.800075 0.567464 3.865606 14.242501 -1.341738 -6.660622 19.631874 0.14392 -0.648211 50.466999 -0.935024 -6.072308 0.353009 -1.511126 -0.031913 20.222715 3.684297 2.316627 18.787199 -1.6e-05 2.5e-05 10.751604 -0.479883 1.397917 -1e-06 1e-06 0.0 3.273743 0.305984 -0.580049 21.486755 11.830353 2.266094 8.162901 -9e-06 1.1e-05 18.399021 -3.799011 -4.940531 3e-06 1e-06 -1e-06 -1.984285 21.472179 -108.884209 -0.841522 -0.026817 103.374542 -5.591754 -14.615135 -26.048899 1.641776 -1.860129 -0.866747 -0.0 -1e-06 -2e-06 8.184014 -19.417179 -112.957039 -0.120957 -0.09064 105.491196 -1.160075 8.086597 -28.000759 -1.41879 0.918131 -0.866551 0.0 1e-06 2e-06 
0.0 0.0 0.0 0.0 -0.0 0.0 -0.946001 61.063396 -2.279905 1.61771 0.425052 33.952976 -1.229094 0.01436 21.015322 -1.045767 0.108829 6.380227 -1.153477 -0.17194 18.461433 0.338287 3.282799 -28.858025 -0.477843 -0.857391 -3.351358 0.436603 -1.779407 7.45705 7.7e-05 -2.2e-05 7e-06 -0.096222 0.018072 -0.159654 0.772683 -3.77389 -10.751562 -0.973339 3.814001 -10.743034 -0.01513 -20.722166 6.029009 10.634652 -38.864117 -46.551075 4.573092 -73.021454 -4.132505 10.308858 14.873687 6.818775 -5.882148 9.861328 0.702152 -10.936971 -0.360716 7.155954 2.4e-05 8.77477 -2.8e-05 -15.743604 18.814981 6.665108 -1.844018 2.498499 -2.507246 -10.163489 4.678879 4.621144 -20.975838 -6.1e-05 6.2e-05 -21.226044 2.451617 -3.593871 0.0 -8e-06 -1e-06 -1.362628 2.240733 -0.746294 -21.334776 0.584917 3.008381 -13.821098 -3.7e-05 4.2e-05 -23.886902 -0.249125 -0.839325 -59.864971 2.672467 -0.975197 -0.293952 1.679604 0.833285 -14.218164 0.093266 1.30063 -34.211739 -0.287628 0.967286 -20.033085 0.964514 1.212923 -0.0 -1e-06 0.0 -3.440217 0.788083 0.501734 -15.928237 -3.167194 2.999716 -6.338772 -1.9e-05 1.7e-05 -18.123243 3.648119 -4.905556 -5e-06 3e-06 -1e-06 2.793048 33.279274 5.624786 -27.120071 39.581341 -42.570595 2.828601 63.942421 2.92112 -19.326128 -11.106685 16.499079 2.243586 -5.25525 -3.180646 14.282977 -0.826514 6.952257 -2.8e-05 -12.690544 -4e-06 16.58643 -17.710146 2.694988 1.665648 -1.955912 -2.87826 4.727735 -4.170546 4.99396 11.02042 3e-05 1.7e-05 12.108885 -3.735653 -2.866706 -1e-06 -0.0 0.0 1.291934 -1.92849 -1.498034 14.80003 0.567452 3.865628 14.242419 -1.341717 -6.660568 19.631741 0.143973 -0.648127 50.480145 -0.929008 -6.075022 0.352963 -1.51107 -0.031881 20.222672 3.684265 2.316655 18.78709 3.1e-05 4.8e-05 10.75156 -0.47985 1.397919 -1e-06 3e-06 -2e-06 3.273627 0.306079 -0.579983 21.486807 11.830261 2.266119 8.162861 1.5e-05 1.5e-05 18.398893 -3.798947 -4.940457 4e-06 0.0 -1e-06 -1.940907 21.528482 -108.840446 -0.854961 -0.034385 103.396263 -5.629018 -14.596215 -26.021345 1.643938 -1.865669 -0.81443 0.0 1e-06 -0.0 8.180482 -19.372316 -112.879181 -0.113833 -0.09178 105.538857 -1.14009 8.038011 -28.020716 -1.417798 0.913471 -0.820752 1e-06 -1e-06 1e-06 
0.0 0.0 0.0 0.0 -0.0 0.0 -1.001375 61.020916 -2.309556 1.608801 0.4355 33.863506 -1.235494 0.019653 21.019754 -1.071761 0.087303 6.384936 -1.166375 -0.183329 18.468699 0.368516 3.300618 -28.824013 -0.506377 -0.780249 -3.352175 0.434871 -1.77116 7.472908 7.7e-05 -2.2e-05 6e-06 -0.102196 0.022567 -0.157929 0.768135 -3.770544 -10.748373 -0.980294 3.819156 -10.739031 5.7e-05 -20.771664 6.030785 10.640327 -38.715595 -46.450195 4.880866 -73.045609 -4.381318 10.276011 14.908052 7.111012 -5.882042 9.86136 0.702177 -10.93684 -0.360595 7.156043 7e-06 8.774821 -8e-06 -15.78503 18.825205 6.64624 -1.84403 2.498499 -2.507258 -10.16358 4.678933 4.621112 -20.975981 -3.1e-05 -1.4e-05 -21.226269 2.451662 -3.594009 0.0 -5e-06 1e-06 -1.36268 2.240789 -0.746296 -21.334879 0.584895 3.008312 -13.821185 -2.3e-05 -1.3e-05 -23.887154 -0.249135 -0.839487 -59.889061 2.654834 -0.96072 -0.29402 1.67968 0.833282 -14.218197 0.093208 1.300583 -34.211979 -0.287626 0.967139 -20.033195 0.964482 1.212841 0.0 1e-06 -1e-06 -3.440372 0.78822 0.501686 -15.928183 -3.167316 2.999697 -6.338811 -7e-06 -1e-05 -18.123434 3.648147 -4.905687 -5e-06 2e-06 -2e-06 2.835665 33.29528 5.641091 -27.12007 39.70396 -42.593243 2.884699 63.849094 2.984971 -19.41634 -11.22361 16.496233 2.24342 -5.255 -3.18027 14.282814 -0.826631 6.952495 1e-06 -12.690647 -8e-06 16.639574 -17.725235 2.661937 1.665674 -1.955924 -2.878299 4.727805 -4.170602 4.993913 11.020542 7e-06 -2.6e-05 12.109112 -3.735732 -2.866848 2e-06 1e-06 -1e-06 1.291999 -1.928576 -1.49809 14.800131 0.567498 3.865588 14.242595 -1.341736 -6.660697 19.632063 0.143978 -0.648316 50.459045 -0.922652 -6.089955 0.353043 -1.511184 -0.031942 20.222786 3.684357 2.316614 18.787283 2.6e-05 -4.4e-05 10.751634 -0.479853 1.397899 0.0 1e-06 0.0 3.273833 0.305896 -0.580136 21.486809 11.830452 2.266153 8.162922 8e-06 -2e-05 18.399132 -3.798942 -4.940657 3e-06 -1e-06 -2e-06 -1.911616 21.555927 -108.810455 -0.87164 -0.040023 103.445992 -5.684637 -14.548737 -25.99127 1.648415 -1.869904 -0.804403 0.0 0.0 3e-06 8.139672 -19.333765 -112.8125 -0.108152 -0.09459 105.612282 -1.09718 7.95781 -28.044462 -1.418228 0.908249 -0.774423 1e-06 -0.0 -0.0 
0.0 0.0 0.0 0.0 -0.0 0.0 -1.037573 60.98386 -2.32336 1.603222 0.441124 33.786438 -1.249145 0.025442 21.019424 -1.086124 0.065583 6.384399 -1.178882 -0.200506 18.467588 0.431106 3.282678 -28.770544 -0.508173 -0.686454 -3.353176 0.40767 -1.718753 7.48078 7.7e-05 -2.2e-05 7e-06 -0.103354 0.023564 -0.156185 0.765372 -3.768728 -10.743673 -0.979535 3.818821 -10.735121 -0.012475 -20.819031 6.033575 10.606881 -38.571301 -46.297737 5.180444 -73.062675 -4.610566 10.241985 14.97127 7.366215 -5.882178 9.861135 0.702938 -10.936871 -0.360561 7.156341 -1.2e-05 8.774842 -1.1e-05 -15.815199 18.846403 6.628605 -1.844033 2.498509 -2.507294 -10.163625 4.678974 4.621088 -20.976101 3.3e-05 2.2e-05 -21.226439 2.451752 -3.59406 0.0 -5e-06 1e-06 -1.362695 2.240827 -0.74635 -21.334955 0.584912 3.00834 -13.821273 2.1e-05 1.7e-05 -23.887405 -0.24902 -0.839519 -59.905739 2.641267 -0.949703 -0.294043 1.679722 0.833227 -14.218211 0.0932 1.300595 -34.212234 -0.287495 0.967202 -20.033348 0.964592 1.21287 0.0 1e-06 -0.0 -3.440441 0.788302 0.501611 -15.928157 -3.167355 2.999745 -6.338854 9e-06 1.1e-05 -18.123613 3.648223 -4.905722 -5e-06 3e-06 -3e-06 2.876206 33.27816 5.661196 -27.16604 39.877102 -42.654381 2.923554 63.748047 3.009954 -19.469557 -11.381978 16.521317 2.243605 -5.254918 -3.179893 14.282857 -0.826641 6.952628 -9e-06 -12.690629 2e-06 16.669577 -17.742413 2.635796 1.665668 -1.955926 -2.878311 4.727812 -4.170599 4.993901 11.020585 1.3e-05 8e-06 12.109173 -3.735718 -2.866826 -2e-06 -2e-06 1e-06 1.29199 -1.928565 -1.498114 14.80017 0.56749 3.865612 14.242629 -1.341726 -6.660685 19.632185 0.143937 -0.648246 50.426567 -0.922878 -6.098886 0.353039 -1.511175 -0.031967 20.222841 3.684346 2.316644 18.787374 9e-06 2.3e-05 10.751697 -0.479873 1.397945 -1e-06 -3e-06 -0.0 3.273839 0.305919 -0.580152 21.486839 11.830416 2.266154 8.162974 0.0 1.1e-05 18.399275 -3.798971 -4.940597 4e-06 -2e-06 -1e-06 -1.891908 21.571962 -108.787659 -0.890927 -0.045753 103.500298 -5.727899 -14.479382 -25.969681 1.652344 -1.871673 -0.811858 0.0 0.0 4e-06 8.063821 -19.28561 -112.738869 -0.102978 -0.093606 105.672363 -1.044597 7.853251 -28.089584 -1.419288 0.900551 -0.74221 -0.0 -0.0 4e-06 
0.0 0.0 0.0 0.0 -0.0 0.0 -1.051352 60.963654 -2.316884 1.593355 0.440689 33.728928 -1.261801 0.035224 21.007847 -1.09201 0.043138 6.384372 -1.184138 -0.22469 18.464973 0.491685 3.238728 -28.727102 -0.467149 -0.584656 -3.348936 0.357431 -1.64777 7.499304 7.7e-05 -2.2e-05 4e-06 -0.097259 0.020264 -0.152985 0.767043 -3.772332 -10.740166 -0.968767 3.815415 -10.731988 -0.058945 -20.855169 6.044671 10.549942 -38.447578 -46.135712 5.439408 -73.093178 -4.826161 10.245141 15.063906 7.657352 -5.88202 9.861446 0.702286 -10.936917 -0.360607 7.156094 1.2e-05 8.77479 3e-06 -15.837284 18.887854 6.616827 -1.844021 2.498495 -2.507258 -10.163512 4.678897 4.62113 -20.975853 -4.4e-05 7e-06 -21.22608 2.451624 -3.593947 0.0 -6e-06 1e-06 -1.362649 2.240748 -0.746292 -21.334784 0.584906 3.00832 -13.8211 -2.5e-05 8e-06 -23.886923 -0.249139 -0.839425 -59.921638 2.64559 -0.949863 -0.29398 1.679621 0.833287 -14.218154 0.093244 1.300576 -34.211773 -0.287617 0.967191 -20.033094 0.964505 1.212864 -1e-06 1e-06 -1e-06 -3.440266 0.788123 0.501717 -15.928191 -3.167238 2.999668 -6.338777 -9e-06 3e-06 -18.123274 3.648133 -4.905627 -5e-06 -1e-06 -1e-06 2.939435 33.241364 5.712923 -27.260691 40.062897 -42.786469 3.023504 63.685974 3.062447 -19.495411 -11.513182 16.61628 2.243525 -5.255335 -3.180507 14.282959 -0.826566 6.952368 -1.1e-05 -12.69055 3e-05 16.695829 -17.73875 2.604701 1.665654 -1.955912 -2.878276 4.727758 -4.17055 4.993954 11.020445 1e-05 5e-06 12.108939 -3.735672 -2.866724 -1e-06 0.0 1e-06 1.291959 -1.928492 -1.498039 14.800038 0.56744 3.865596 14.242461 -1.341725 -6.660595 19.631798 0.143954 -0.648192 50.393829 -0.924998 -6.106356 0.352998 -1.511075 -0.03188 20.222672 3.684258 2.316601 18.78714 6e-06 1e-05 10.751574 -0.479866 1.397898 -0.0 -3e-06 -1e-06 3.273699 0.306054 -0.58 21.486736 11.830275 2.266048 8.162872 -1e-06 4e-06 18.398949 -3.798978 -4.94051 5e-06 -3e-06 -1e-06 -1.875027 21.567423 -108.76638 -0.906708 -0.050648 103.53904 -5.729621 -14.405663 -25.946623 1.65381 -1.868139 -0.823253 0.0 0.0 1e-06 7.952141 -19.209944 -112.648308 -0.096387 -0.091425 105.700508 -0.959755 7.736148 -28.113298 -1.42114 0.897173 -0.727558 -1e-06 0.0 -4e-06 
0.0 0.0 0.0 0.0 -0.0 0.0 -1.042152 60.961044 -2.298788 1.5874 0.4318 33.674534 -1.274778 0.031129 21.011965 -1.084358 0.022806 6.382247 -1.208527 -0.246947 18.461596 0.557945 3.18285 -28.682663 -0.417078 -0.483534 -3.343921 0.32794 -1.591938 7.508487 7.7e-05 -2.2e-05 4e-06 -0.08656 0.013831 -0.151287 0.771122 -3.778466 -10.736678 -0.95133 3.808543 -10.729189 -0.118479 -20.851187 6.062951 10.46268 -38.373531 -46.053589 5.514127 -73.16452 -4.907413 10.311785 15.15155 7.988542 -5.882124 9.861215 0.70304 -10.936823 -0.360441 7.156444 6e-06 8.774855 1.4e-05 -15.867106 18.929508 6.59943 -1.844032 2.498502 -2.507298 -10.163606 4.678949 4.621077 -20.976067 -1.3e-05 2e-06 -21.226381 2.451688 -3.594046 0.0 -7e-06 -2e-06 -1.362675 2.240821 -0.746341 -21.334934 0.584866 3.008304 -13.821245 -4e-06 1e-05 -23.887329 -0.249095 -0.839497 -59.928082 2.651783 -0.975638 -0.294025 1.679716 0.83324 -14.218217 0.093169 1.300549 -34.212135 -0.287557 0.967201 -20.033287 0.964562 1.212876 -1e-06 3e-06 -1e-06 -3.440395 0.788272 0.501617 -15.928181 -3.167369 2.999697 -6.338837 -0.0 1e-05 -18.123539 3.648163 -4.905713 -4e-06 0.0 -4e-06 3.006707 33.189556 5.763267 -27.340895 40.263794 -42.94154 3.130637 63.693687 3.103699 -19.487856 -11.588454 16.724848 2.243703 -5.254945 -3.17975 14.282908 -0.826812 6.952719 -8e-06 -12.690694 4e-05 16.697872 -17.720438 2.584891 1.665658 -1.955917 -2.878326 4.727801 -4.170605 4.993916 11.020576 4e-06 3.1e-05 12.109139 -3.735761 -2.866788 -2e-06 -4e-06 0.0 1.291975 -1.928586 -1.498098 14.800164 0.567531 3.865608 14.242622 -1.341739 -6.660666 19.632166 0.143899 -0.648213 50.361584 -0.912255 -6.101175 0.353026 -1.511206 -0.031942 20.222837 3.684416 2.316637 18.787392 -2.5e-05 5.7e-05 10.751706 -0.4799 1.397958 -0.0 -1e-06 -4e-06 3.273827 0.305878 -0.580111 21.486818 11.830568 2.266117 8.162985 -1.4e-05 2.8e-05 18.399294 -3.799054 -4.940563 4e-06 -3e-06 -2e-06 -1.862276 21.546709 -108.722496 -0.918416 -0.051373 103.569427 -5.715385 -14.336884 -25.945646 1.654258 -1.859354 -0.842189 -0.0 0.0 -3e-06 7.812962 -19.135273 -112.538811 -0.086059 -0.087837 105.706482 -0.871487 7.642001 -28.113216 -1.423614 0.897974 -0.698702 0.0 1e-06 2e-06 
0.0 0.0 0.0 0.0 -0.0 0.0 -1.014764 60.957802 -2.279451 1.589364 0.420018 33.617184 -1.288509 0.010445 21.030458 -1.071637 0.008601 6.386863 -1.239881 -0.26663 18.472202 0.600981 3.132726 -28.639177 -0.392969 -0.415514 -3.340669 0.337512 -1.556225 7.480763 7.7e-05 -2.2e-05 5e-06 -0.076749 0.00803 -0.14863 0.775072 -3.785578 -10.736261 -0.935664 3.804114 -10.729845 -0.15281 -20.824217 6.087717 10.363217 -38.346703 -46.058159 5.492407 -73.269058 -4.913926 10.438402 15.221538 8.331295 -5.882133 9.861246 0.702748 -10.936831 -0.360563 7.156283 -7e-06 8.774834 -0.0 -15.901517 18.949245 6.581161 -1.844037 2.498508 -2.507284 -10.163636 4.678965 4.62109 -20.97612 1.7e-05 1e-06 -21.226477 2.451725 -3.594058 -1e-06 -5e-06 2e-06 -1.3627 2.24081 -0.746336 -21.334953 0.584918 3.008318 -13.821271 1e-05 0.0 -23.887398 -0.249055 -0.839524 -59.943344 2.646542 -0.985902 -0.294052 1.679704 0.833243 -14.218217 0.093213 1.300577 -34.212227 -0.287527 0.967158 -20.033344 0.964561 1.212844 1e-06 2e-06 1e-06 -3.44045 0.78827 0.501631 -15.928155 -3.167328 2.999715 -6.338855 5e-06 0.0 -18.123631 3.648196 -4.905733 -5e-06 -1e-06 -3e-06 3.055054 33.130795 5.819784 -27.393942 40.441883 -43.095875 3.187994 63.75378 3.093843 -19.472988 -11.574302 16.806606 2.243529 -5.254796 -3.179774 14.282733 -0.826659 6.952724 -9e-06 -12.690665 -1.1e-05 16.68141 -17.694319 2.580673 1.665684 -1.955929 -2.878327 4.727851 -4.170619 4.993872 11.020663 1.1e-05 -2.1e-05 12.109324 -3.735723 -2.866916 2e-06 1e-06 1e-06 1.292018 -1.928597 -1.49814 14.800241 0.567506 3.865594 14.242753 -1.341722 -6.660763 19.632448 0.143974 -0.648357 50.340027 -0.889345 -6.091631 0.35307 -1.511207 -0.032002 20.222935 3.684376 2.316626 18.787506 3.5e-05 -3.2e-05 10.751754 -0.479861 1.397935 -0.0 -2e-06 -1e-06 3.273929 0.305862 -0.58023 21.486881 11.830463 2.26618 8.163019 1e-05 -1.5e-05 18.399464 -3.798915 -4.940722 5e-06 -3e-06 -1e-06 -1.848647 21.515985 -108.665459 -0.922571 -0.046381 103.605156 -5.722775 -14.285365 -25.969349 1.653249 -1.845666 -0.857822 0.0 0.0 3e-06 7.644747 -19.077282 -112.424042 -0.072613 -0.080966 105.719009 -0.784106 7.575208 -28.111477 -1.42594 0.904414 -0.677745 0.0 -0.0 -1e-06 
0.0 0.0 0.0 0.0 -0.0 0.0 -0.972179 60.955292 -2.266166 1.601901 0.399949 33.56321 -1.297771 -0.014892 21.058758 -1.057972 0.000805 6.398907 -1.268352 -0.290971 18.490911 0.605861 3.090072 -28.59833 -0.389542 -0.406024 -3.342049 0.357389 -1.533976 7.424309 7.7e-05 -2.2e-05 3e-06 -0.0735 0.006471 -0.146827 0.774456 -3.788356 -10.740286 -0.92849 3.803787 -10.735129 -0.17903 -20.796923 6.12791 10.26521 -38.354259 -46.141422 5.379842 -73.395264 -4.850712 10.617079 15.279465 8.627721 -5.882096 9.861373 0.702394 -10.936865 -0.360567 7.156149 2e-06 8.774817 4e-06 -15.927304 18.947927 6.565651 -1.844032 2.498499 -2.507269 -10.163586 4.678937 4.621113 -20.975998 -1.1e-05 6e-06 -21.226286 2.451691 -3.593995 0.0 -8e-06 0.0 -1.362679 2.240786 -0.746306 -21.334881 0.584908 3.00832 -13.821192 -3e-06 2e-06 -23.887171 -0.249087 -0.839478 -59.958954 2.619969 -0.969494 -0.294023 1.679671 0.833276 -14.218193 0.093219 1.300575 -34.212013 -0.287568 0.967166 -20.033226 0.964532 1.212843 -0.0 -1e-06 0.0 -3.440382 0.788215 0.501687 -15.928172 -3.167306 2.999685 -6.338814 -1e-06 -1e-06 -18.123453 3.648173 -4.905672 -4e-06 -2e-06 -2e-06 3.085512 33.079304 5.864922 -27.441618 40.598991 -43.188046 3.141529 63.80965 3.003512 -19.445276 -11.501745 16.881546 2.243442 -5.255122 -3.180268 14.282839 -0.826646 6.952518 -2e-06 -12.690624 1.9e-05 16.648693 -17.670458 2.589653 1.665672 -1.955915 -2.878298 4.727805 -4.170591 4.99392 11.02054 -1e-06 -2.3e-05 12.109118 -3.735725 -2.866827 -2e-06 1e-06 0.0 1.291997 -1.92855 -1.498078 14.800117 0.567478 3.865573 14.242594 -1.341735 -6.660685 19.632063 0.143955 -0.64832 50.312565 -0.859129 -6.083061 0.353045 -1.511155 -0.031926 20.222769 3.68433 2.316586 18.787283 1e-05 -4.5e-05 10.751635 -0.479866 1.397891 -0.0 -3e-06 -2e-06 3.273828 0.305929 -0.580109 21.486769 11.830409 2.266098 8.162924 -4e-06 -2.1e-05 18.399143 -3.798964 -4.940663 4e-06 -2e-06 -1e-06 -1.834788 21.471609 -108.596954 -0.918185 -0.038834 103.632698 -5.745266 -14.235206 -26.009703 1.651956 -1.830487 -0.885498 0.0 0.0 3e-06 7.453257 -19.042349 -112.320335 -0.061316 -0.073607 105.732201 -0.694119 7.528727 -28.105116 -1.428259 0.914145 -0.696694 0.0 -0.0 -4e-06 
0.0 0.0 0.0 0.0 -0.0 0.0 -0.921851 60.945881 -2.26172 1.636507 0.374813 33.503086 -1.309365 -0.041202 21.10047 -1.052297 -0.002969 6.41587 -1.278435 -0.3281 18.512897 0.586334 3.067124 -28.565144 -0.412261 -0.454478 -3.349462 0.375399 -1.51187 7.341077 7.7e-05 -2.2e-05 8e-06 -0.070488 0.005508 -0.145785 0.77499 -3.78776 -10.740837 -0.922958 3.801445 -10.736569 -0.205679 -20.777779 6.166222 10.163063 -38.384068 -46.205662 5.271065 -73.514381 -4.782648 10.781699 15.363059 8.839218 -5.882083 9.861238 0.702787 -10.936741 -0.360448 7.156363 -1.1e-05 8.774886 5e-06 -15.930814 18.926079 6.568909 -1.844049 2.498505 -2.507293 -10.163684 4.678994 4.621066 -20.976233 2.3e-05 -3.4e-05 -21.226652 2.451749 -3.594138 0.0 -5e-06 -0.0 -1.362728 2.240845 -0.746339 -21.335028 0.584883 3.008283 -13.821342 1.2e-05 -2.7e-05 -23.887625 -0.249071 -0.839613 -59.986088 2.591219 -0.924658 -0.294077 1.679754 0.833242 -14.218247 0.093147 1.300549 -34.212444 -0.287539 0.967101 -20.033457 0.96454 1.212821 0.0 3e-06 -1e-06 -3.440521 0.788351 0.501607 -15.92814 -3.167435 2.999709 -6.338884 9e-06 -1.1e-05 -18.123781 3.648207 -4.905805 -5e-06 0.0 -2e-06 3.086503 33.043892 5.874747 -27.466724 40.739151 -43.181892 3.011033 63.824951 2.852749 -19.403942 -11.411343 17.000494 2.243417 -5.255194 -3.1801 14.282814 -0.82666 6.952635 1.4e-05 -12.690607 4.7e-05 16.600368 -17.659136 2.612199 1.665675 -1.955916 -2.878312 4.727835 -4.170591 4.993909 11.020569 -1.8e-05 -3e-05 12.109179 -3.735729 -2.866835 1e-06 1e-06 -0.0 1.292025 -1.928543 -1.49809 14.800132 0.567451 3.865548 14.242645 -1.34174 -6.660712 19.632147 0.143927 -0.648376 50.289818 -0.847029 -6.075187 0.353079 -1.511147 -0.031936 20.222784 3.684293 2.316546 18.787329 -1.3e-05 -7e-05 10.751649 -0.479882 1.397873 -0.0 -2e-06 -1e-06 3.273902 0.305933 -0.580129 21.486727 11.830379 2.266037 8.162945 -1.6e-05 -2.9e-05 18.399229 -3.798987 -4.940703 4e-06 -2e-06 0.0 -1.838923 21.412931 -108.515556 -0.9062 -0.029828 103.662476 -5.756578 -14.178847 -26.050146 1.650121 -1.823313 -0.918691 -0.0 0.0 -6e-06 7.241811 -19.034443 -112.223366 -0.053368 -0.067002 105.751587 -0.599708 7.474035 -28.113695 -1.430101 0.919909 -0.753092 0.0 -0.0 -4e-06 
0.0 0.0 0.0 0.0 -0.0 0.0 -0.866354 60.938011 -2.268897 1.686435 0.35046 33.453995 -1.324738 -0.058881 21.142324 -1.042037 -0.010151 6.430346 -1.28112 -0.372484 18.529203 0.541687 3.057916 -28.544861 -0.43456 -0.539984 -3.356614 0.393726 -1.503187 7.251497 7.7e-05 -2.2e-05 6e-06 -0.069387 0.005129 -0.148322 0.775059 -3.784159 -10.737276 -0.920787 3.797382 -10.734052 -0.225016 -20.769753 6.193957 10.095459 -38.443062 -46.241665 5.090486 -73.56424 -4.663779 10.902549 15.47376 8.914922 -5.882133 9.861333 0.702099 -10.936911 -0.36066 7.155978 1.6e-05 8.774803 -2.3e-05 -15.910502 18.87776 6.573277 -1.844022 2.498499 -2.507246 -10.163539 4.678906 4.621135 -20.975958 -4.1e-05 4.8e-05 -21.226233 2.451663 -3.593924 0.0 -6e-06 1e-06 -1.362648 2.24076 -0.746288 -21.33485 0.584897 3.008363 -13.821173 -3.1e-05 2.8e-05 -23.887148 -0.249108 -0.839387 -60.003265 2.558422 -0.871977 -0.293982 1.679638 0.833287 -14.218197 0.093229 1.300617 -34.211956 -0.28762 0.967247 -20.033226 0.964511 1.2129 -0.0 -1e-06 0.0 -3.440285 0.788142 0.501725 -15.928224 -3.167265 2.999714 -6.338803 -1.6e-05 1e-05 -18.123404 3.648139 -4.905602 -4e-06 0.0 -2e-06 3.077485 33.026863 5.869432 -27.476927 40.841167 -43.091576 2.859329 63.831287 2.704548 -19.348078 -11.355231 17.165646 2.243443 -5.255016 -3.18049 14.282849 -0.826516 6.952353 -2.2e-05 -12.690601 -4.2e-05 16.546259 -17.655697 2.645177 1.665666 -1.955921 -2.878277 4.727773 -4.170583 4.993921 11.020494 2.9e-05 -2.3e-05 12.109027 -3.735684 -2.866834 -1e-06 3e-06 -0.0 1.291966 -1.928545 -1.498077 14.800095 0.567485 3.865617 14.242528 -1.341721 -6.660671 19.631952 0.144019 -0.648268 50.281834 -0.845473 -6.074698 0.353004 -1.511143 -0.031934 20.22275 3.684325 2.316655 18.787205 6.4e-05 -1.8e-05 10.751608 -0.479825 1.397914 -0.0 -2e-06 -0.0 3.27373 0.305969 -0.580103 21.486849 11.830354 2.266198 8.162892 2.6e-05 -6e-06 18.399023 -3.798892 -4.940593 4e-06 -3e-06 0.0 -1.88486 21.356533 -108.447372 -0.892765 -0.022433 103.675034 -5.755151 -14.133557 -26.071106 1.648759 -1.823639 -0.935705 -1e-06 0.0 2e-06 7.048802 -19.043724 -112.162849 -0.047689 -0.058786 105.762428 -0.499303 7.425867 -28.111969 -1.431663 0.921734 -0.801869 -0.0 -0.0 7e-06 
0.0 0.0 0.0 0.0 -0.0 0.0 -0.803287 60.941376 -2.284147 1.73516 0.315026 33.418133 -1.341284 -0.063413 21.167171 -1.036059 -0.019708 6.438868 -1.285599 -0.423288 18.563206 0.484828 3.049216 -28.538639 -0.423652 -0.622933 -3.358949 0.390919 -1.506449 7.146904 7.7e-05 -2.2e-05 7e-06 -0.066423 0.003949 -0.151856 0.775916 -3.78036 -10.728168 -0.915594 3.791474 -10.726358 -0.252027 -20.776051 6.212512 10.083857 -38.502823 -46.243187 5.001951 -73.522865 -4.637678 10.977605 15.587897 8.865225 -5.882054 9.861449 0.702139 -10.93694 -0.360723 7.155992 -8e-06 8.774768 -1e-05 -15.896894 18.828938 6.561963 -1.844023 2.498502 -2.50725 -10.163548 4.678918 4.621132 -20.97591 1.2e-05 3e-06 -21.226177 2.451689 -3.593966 0.0 -6e-06 2e-06 -1.362675 2.240748 -0.746293 -21.334799 0.584971 3.00833 -13.821137 8e-06 -1e-06 -23.887035 -0.249062 -0.839473 -60.00843 2.537452 -0.841078 -0.29402 1.679621 0.833282 -14.218145 0.093293 1.300601 -34.211834 -0.287544 0.967148 -20.033127 0.964532 1.212821 2e-06 -2e-06 0.0 -3.440344 0.788146 0.501716 -15.928153 -3.167198 2.99969 -6.338795 5e-06 -1e-06 -18.123358 3.648181 -4.905644 -4e-06 0.0 -2e-06 3.070495 33.038334 5.85411 -27.486666 40.903587 -42.957085 2.703441 63.825558 2.571221 -19.26754 -11.310626 17.211388 2.243429 -5.255115 -3.180381 14.28288 -0.826472 6.952408 0.0 -12.690539 -1.4e-05 16.504829 -17.652176 2.668058 1.665663 -1.955927 -2.878286 4.727782 -4.170568 4.993919 11.020483 6e-06 -2.5e-05 12.10902 -3.735679 -2.866818 -1e-06 -0.0 -1e-06 1.291983 -1.928518 -1.498083 14.800071 0.567432 3.8656 14.242518 -1.341727 -6.660667 19.631901 0.143973 -0.648298 50.278511 -0.852101 -6.080319 0.353026 -1.511108 -0.031938 20.222717 3.684243 2.316614 18.787189 2.7e-05 -3.6e-05 10.751594 -0.479855 1.397894 -1e-06 3e-06 -1e-06 3.273762 0.306001 -0.580107 21.486773 11.830255 2.266134 8.162887 6e-06 -1.1e-05 18.399006 -3.798932 -4.940608 3e-06 2e-06 -2e-06 -1.963334 21.322433 -108.386803 -0.883336 -0.016401 103.672318 -5.737148 -14.108603 -26.104057 1.648696 -1.828726 -0.939192 0.0 0.0 1e-06 6.863587 -19.036238 -112.113632 -0.042522 -0.052519 105.757126 -0.392253 7.371878 -28.09392 -1.432737 0.924411 -0.839824 -0.0 -0.0 1e-06 
0.0 0.0 0.0 0.0 -0.0 0.0 -0.73965 60.942291 -2.304204 1.764341 0.279828 33.395691 -1.348671 -0.064092 21.183254 -1.030535 -0.037622 6.446457 -1.290966 -0.460729 18.594267 0.414691 3.038928 -28.532661 -0.412751 -0.694302 -3.357552 0.378562 -1.519342 7.026628 7.7e-05 -2.2e-05 7e-06 -0.062974 0.003099 -0.153493 0.777432 -3.776907 -10.72048 -0.909964 3.786393 -10.719958 -0.26763 -20.798025 6.225982 10.118605 -38.543961 -46.236683 4.922983 -73.424202 -4.583698 11.023666 15.701526 8.768054 -5.881956 9.861671 0.701649 -10.936943 -0.360716 7.155841 1.2e-05 8.774754 -0.0 -15.888031 18.778549 6.543318 -1.84402 2.498489 -2.507231 -10.163488 4.678879 4.621158 -20.975784 -3.9e-05 -1e-05 -21.225992 2.451615 -3.593905 0.0 -4e-06 -0.0 -1.362652 2.2407 -0.746252 -21.334717 0.58495 3.008313 -13.821054 -2.6e-05 -8e-06 -23.886805 -0.24914 -0.839413 -59.989906 2.524215 -0.826478 -0.293989 1.679561 0.833331 -14.218123 0.093305 1.30058 -34.211632 -0.287634 0.96714 -20.033026 0.964474 1.212826 1e-06 2e-06 -0.0 -3.440247 0.788044 0.501792 -15.928179 -3.167145 2.999638 -6.33875 -1.2e-05 -8e-06 -18.123188 3.648123 -4.90559 -4e-06 -1e-06 -3e-06 3.050578 33.060993 5.829314 -27.490477 40.951534 -42.793491 2.485669 63.822701 2.396977 -19.152229 -11.304386 17.157223 2.243379 -5.255358 -3.180787 14.282902 -0.826462 6.952258 -1.3e-05 -12.690516 1e-06 16.501116 -17.656401 2.66449 1.665659 -1.95592 -2.878262 4.727761 -4.170542 4.993949 11.020436 1.5e-05 -2.3e-05 12.108943 -3.735652 -2.866763 1e-06 -0.0 -1e-06 1.291969 -1.928478 -1.498033 14.800021 0.567419 3.865588 14.242446 -1.341712 -6.660609 19.631752 0.144 -0.648236 50.293259 -0.864302 -6.092452 0.353007 -1.511061 -0.031884 20.222662 3.684224 2.316595 18.787102 4.4e-05 -3.8e-05 10.751554 -0.479835 1.397878 -1e-06 0.0 -2e-06 3.273702 0.306073 -0.580022 21.486746 11.830198 2.266076 8.162844 1.5e-05 -1.9e-05 18.398867 -3.798906 -4.940546 4e-06 -3e-06 1e-06 -2.044014 21.317415 -108.351616 -0.871727 -0.015073 103.679626 -5.714426 -14.118503 -26.160303 1.648924 -1.835932 -0.933139 0.0 0.0 1e-06 6.699188 -19.012648 -112.074005 -0.037154 -0.047286 105.757195 -0.266067 7.319357 -28.059713 -1.433618 0.93124 -0.871228 -1e-06 -2e-06 -1e-06 
0.0 0.0 0.0 0.0 -0.0 0.0 -0.688046 60.93557 -2.32301 1.77259 0.24512 33.391884 -1.353067 -0.068743 21.195101 -1.033621 -0.057052 6.446403 -1.284027 -0.4865 18.61134 0.341821 3.057906 -28.521095 -0.436478 -0.770101 -3.35874 0.405963 -1.559291 6.886261 7.7e-05 -2.2e-05 9e-06 -0.056594 0.000411 -0.15519 0.780791 -3.776257 -10.716137 -0.900436 3.780614 -10.715899 -0.284071 -20.804001 6.21719 10.155723 -38.567146 -46.18911 4.927284 -73.326149 -4.558077 11.012848 15.823144 8.647937 -5.882209 9.861012 0.703128 -10.936775 -0.360505 7.156428 -6e-06 8.774872 -1.3e-05 -15.885514 18.732368 6.525276 -1.844039 2.498514 -2.507302 -10.163677 4.67899 4.621061 -20.976231 1.5e-05 1.7e-05 -21.226625 2.451741 -3.594102 1e-06 -6e-06 1e-06 -1.3627 2.240859 -0.746368 -21.335047 0.584882 3.008333 -13.821345 8e-06 1.3e-05 -23.887609 -0.249056 -0.839538 -59.967667 2.518044 -0.836539 -0.294052 1.679768 0.833208 -14.218262 0.093156 1.300588 -34.212429 -0.287528 0.967208 -20.033453 0.964576 1.212886 0.0 2e-06 -0.0 -3.440495 0.788357 0.501567 -15.928177 -3.167415 2.999768 -6.338886 3e-06 7e-06 -18.123758 3.648194 -4.905769 -5e-06 1e-06 -1e-06 3.033605 33.082699 5.797354 -27.520443 41.003429 -42.681511 2.298616 63.822666 2.252583 -18.992123 -11.309573 17.028845 2.243579 -5.254853 -3.179816 14.282831 -0.826701 6.952678 -1e-06 -12.690673 2e-06 16.513733 -17.668915 2.651953 1.665672 -1.955921 -2.878319 4.727827 -4.170619 4.993893 11.020609 1e-06 -3e-06 12.109233 -3.735758 -2.866868 -0.0 1e-06 -0.0 1.292001 -1.928596 -1.49812 14.80019 0.567512 3.865603 14.242674 -1.341739 -6.660717 19.632265 0.14393 -0.648298 50.309692 -0.874947 -6.10411 0.353053 -1.511211 -0.031976 20.222866 3.684384 2.316643 18.78742 1e-06 1e-06 10.751711 -0.479879 1.397939 -1e-06 1e-06 0.0 3.27388 0.305862 -0.580173 21.486835 11.830501 2.266174 8.162989 -2e-06 4e-06 18.399347 -3.798985 -4.940655 4e-06 -3e-06 -1e-06 -2.135413 21.355883 -108.35527 -0.866245 -0.015158 103.708946 -5.673947 -14.170602 -26.240467 1.649353 -1.843942 -0.902151 -0.0 0.0 -1e-06 6.566967 -18.971092 -112.050308 -0.038727 -0.043722 105.771645 -0.167209 7.251421 -28.040159 -1.433229 0.933946 -0.885706 0.0 -0.0 -0.0 
0.0 0.0 0.0 0.0 -0.0 0.0 -0.651904 60.913193 -2.332413 1.758423 0.221799 33.391033 -1.349297 -0.072967 21.199196 -1.037725 -0.073235 6.445163 -1.266603 -0.498116 18.619314 0.249826 3.092202 -28.499941 -0.466659 -0.850719 -3.361664 0.484906 -1.627718 6.735749 7.7e-05 -2.2e-05 5e-06 -0.054966 0.000649 -0.155445 0.778538 -3.774643 -10.714496 -0.894688 3.779654 -10.712624 -0.287432 -20.803202 6.200277 10.218008 -38.577095 -46.11031 4.999822 -73.246918 -4.578549 10.971416 15.96225 8.558741 -5.882025 9.861466 0.70228 -10.936857 -0.360603 7.156126 1e-05 8.774796 3e-06 -15.885242 18.726522 6.528016 -1.84403 2.498494 -2.507264 -10.163571 4.678919 4.62111 -20.975986 -1.9e-05 -1.1e-05 -21.226286 2.451652 -3.593996 0.0 -5e-06 1e-06 -1.362674 2.240749 -0.746301 -21.334858 0.584924 3.008301 -13.821183 -1.5e-05 -7e-06 -23.887178 -0.249126 -0.839483 -59.964149 2.541863 -0.858264 -0.294022 1.679629 0.83328 -14.218183 0.093249 1.300566 -34.211979 -0.287599 0.967148 -20.033209 0.964512 1.21284 -2e-06 1e-06 -0.0 -3.440348 0.788147 0.501697 -15.92817 -3.167244 2.999669 -6.338809 -5e-06 -4e-06 -18.123438 3.64814 -4.905674 -5e-06 -3e-06 -2e-06 3.03444 33.115547 5.769517 -27.548615 41.039627 -42.628536 2.225557 63.831928 2.214066 -18.880852 -11.303657 16.907448 2.243445 -5.255315 -3.180444 14.282903 -0.826563 6.952442 1e-06 -12.690552 3.1e-05 16.534224 -17.677448 2.634633 1.665662 -1.955914 -2.878281 4.727785 -4.170558 4.99394 11.020479 -2e-06 -1.4e-05 12.109017 -3.735693 -2.866772 1e-06 2e-06 -0.0 1.291986 -1.928495 -1.498054 14.800057 0.567433 3.865575 14.242518 -1.341729 -6.660645 19.631897 0.143956 -0.648283 50.310177 -0.899726 -6.120883 0.353027 -1.511082 -0.031901 20.222696 3.684251 2.316578 18.787189 0.0 -3e-05 10.751592 -0.479871 1.397882 0.0 -0.0 1e-06 3.273761 0.306029 -0.580044 21.486725 11.830269 2.266041 8.162882 -7e-06 -1.3e-05 18.399006 -3.79897 -4.940592 3e-06 2e-06 -3e-06 -2.216728 21.427923 -108.39164 -0.866055 -0.017351 103.771309 -5.628099 -14.252103 -26.339117 1.649898 -1.854588 -0.847524 0.0 0.0 4e-06 6.476124 -18.925253 -112.03949 -0.045219 -0.045374 105.815514 -0.106202 7.186676 -28.020763 -1.431965 0.929312 -0.888893 0.0 1e-06 2e-06 
0.0 0.0 0.0 0.0 -0.0 0.0 -0.627783 60.872852 -2.332265 1.732734 0.220029 33.37669 -1.338948 -0.081194 21.196283 -1.038617 -0.092181 6.442872 -1.248698 -0.480916 18.62174 0.162348 3.126903 -28.441189 -0.490059 -0.924636 -3.362588 0.555976 -1.6889 6.576452 7.7e-05 -2.2e-05 8e-06 -0.052831 -0.000275 -0.154549 0.777605 -3.774477 -10.711989 -0.889138 3.777741 -10.706854 -0.2906 -20.799759 6.179998 10.282901 -38.589901 -45.979511 5.103688 -73.175529 -4.633678 10.934925 16.081995 8.473093 -5.882115 9.861324 0.70248 -10.936873 -0.360578 7.156166 1e-05 8.774819 -5e-06 -15.883692 18.750595 6.545944 -1.844026 2.4985 -2.507271 -10.163571 4.67893 4.621115 -20.976 -2.1e-05 1.9e-05 -21.226286 2.451676 -3.593981 0.0 -7e-06 -0.0 -1.362669 2.240779 -0.746313 -21.334881 0.5849 3.008327 -13.821198 -1.2e-05 1.3e-05 -23.887201 -0.249103 -0.839453 -59.988602 2.573347 -0.885948 -0.294013 1.679665 0.833267 -14.218197 0.093218 1.300582 -34.212029 -0.287587 0.967199 -20.033236 0.964527 1.212871 -2e-06 1e-06 -0.0 -3.440351 0.788199 0.50168 -15.928189 -3.167298 2.999696 -6.33882 -5e-06 5e-06 -18.123455 3.648152 -4.905659 -5e-06 2e-06 -1e-06 3.071134 33.140171 5.762127 -27.562395 41.066353 -42.614368 2.272976 63.864887 2.27098 -18.865387 -11.275324 16.780027 2.243546 -5.254955 -3.180115 14.282883 -0.826572 6.952497 -2e-06 -12.690602 -1.2e-05 16.559938 -17.671944 2.607189 1.665663 -1.955925 -2.878302 4.72779 -4.170589 4.993911 11.020516 1.1e-05 0.0 12.109062 -3.735706 -2.866812 -1e-06 -2e-06 0.0 1.291976 -1.92856 -1.4981 14.800115 0.567479 3.865617 14.242558 -1.341736 -6.66067 19.631992 0.143951 -0.648255 50.301815 -0.920418 -6.130489 0.353019 -1.511163 -0.031952 20.222773 3.684321 2.316648 18.787262 1.7e-05 5e-06 10.751634 -0.479867 1.397924 1e-06 -1e-06 -0.0 3.273781 0.305933 -0.58013 21.486811 11.830368 2.266168 8.162916 5e-06 3e-06 18.399076 -3.798959 -4.940588 3e-06 -3e-06 -3e-06 -2.276698 21.514639 -108.440758 -0.868025 -0.01907 103.861687 -5.59462 -14.342941 -26.443377 1.650841 -1.858779 -0.790786 0.0 0.0 2e-06 6.410676 -18.887503 -112.02829 -0.052481 -0.04846 105.901939 -0.058874 7.115213 -28.027708 -1.43026 0.922034 -0.883298 -0.0 -1e-06 2e-06 
0.0 0.0 0.0 0.0 -0.0 0.0 -0.61429 60.816788 -2.326513 1.707995 0.231881 33.341232 -1.337244 -0.096278 21.207338 -1.034879 -0.092382 6.440562 -1.228873 -0.456101 18.61503 0.096378 3.137075 -28.365557 -0.529111 -0.964427 -3.363646 0.629408 -1.732975 6.416612 7.7e-05 -2.2e-05 8e-06 -0.051183 -0.001096 -0.153209 0.775731 -3.773225 -10.706253 -0.883545 3.774779 -10.696638 -0.28726 -20.791058 6.145692 10.341435 -38.635056 -45.818184 5.211564 -73.101692 -4.701602 10.91887 16.164999 8.342382 -5.882173 9.861166 0.703173 -10.936889 -0.360479 7.15645 1.4e-05 8.774837 8e-06 -15.869925 18.794024 6.567664 -1.844025 2.498505 -2.507299 -10.163564 4.67893 4.621092 -20.975979 -2.4e-05 4.1e-05 -21.226252 2.451671 -3.593985 1e-06 -5e-06 -1e-06 -1.362657 2.240801 -0.746351 -21.334885 0.584877 3.00833 -13.821189 -1e-05 4e-05 -23.887144 -0.249091 -0.839421 -60.01479 2.597172 -0.911229 -0.293996 1.679695 0.83323 -14.218202 0.093187 1.300566 -34.212002 -0.287557 0.967272 -20.033226 0.964578 1.212915 -2e-06 0.0 -0.0 -3.440328 0.788224 0.501627 -15.9282 -3.167334 2.999705 -6.338818 -2e-06 2.2e-05 -18.123421 3.648157 -4.905653 -4e-06 -1e-06 -2e-06 3.149751 33.160137 5.761942 -27.575291 41.095642 -42.611446 2.375635 63.917042 2.363533 -18.919806 -11.265256 16.646383 2.243737 -5.254873 -3.179753 14.282966 -0.826642 6.952625 -1.1e-05 -12.690626 -1e-06 16.557144 -17.66893 2.590497 1.665652 -1.955925 -2.87831 4.72778 -4.17059 4.993911 11.020528 7e-06 3.7e-05 12.109052 -3.735723 -2.866785 -0.0 1e-06 -0.0 1.29196 -1.928566 -1.498111 14.800123 0.567488 3.865643 14.242549 -1.341741 -6.660651 19.63201 0.143897 -0.648181 50.281704 -0.944209 -6.134977 0.353002 -1.511169 -0.031961 20.222786 3.684332 2.316684 18.787302 -1.6e-05 7.9e-05 10.75166 -0.479893 1.397967 -0.0 -1e-06 -0.0 3.27377 0.305926 -0.580123 21.486818 11.830409 2.26618 8.162954 -8e-06 3.7e-05 18.39917 -3.799028 -4.940517 4e-06 -2e-06 -4e-06 -2.328407 21.610828 -108.497047 -0.876516 -0.020889 103.985794 -5.553707 -14.432581 -26.536346 1.651548 -1.853988 -0.751466 -0.0 0.0 -1e-06 6.356579 -18.869503 -112.010208 -0.054193 -0.043429 106.027115 -0.016737 7.047848 -28.071285 -1.427902 0.912886 -0.864216 0.0 1e-06 3e-06 
0.0 0.0 0.0 0.0 -0.0 0.0 -0.597892 60.760582 -2.311097 1.683496 0.258098 33.279755 -1.337956 -0.112361 21.229975 -1.036005 -0.081033 6.446439 -1.196673 -0.425333 18.623478 0.047377 3.137551 -28.30501 -0.561703 -0.978505 -3.36893 0.670913 -1.754398 6.274359 7.7e-05 -2.2e-05 7e-06 -0.049857 -0.001133 -0.152142 0.774487 -3.770225 -10.70097 -0.879223 3.771375 -10.686333 -0.274063 -20.789604 6.122958 10.401946 -38.696136 -45.675686 5.403872 -73.026939 -4.861176 10.892715 16.221678 8.174153 -5.882076 9.861266 0.702466 -10.936789 -0.360558 7.156194 -5e-06 8.774849 -1.1e-05 -15.862637 18.837057 6.570951 -1.844041 2.498507 -2.507274 -10.16364 4.678971 4.621086 -20.976131 2e-06 -2.1e-05 -21.226496 2.451718 -3.594084 0.0 -6e-06 1e-06 -1.362708 2.240822 -0.746323 -21.334969 0.584897 3.008307 -13.821279 -4e-06 -1.9e-05 -23.887434 -0.249096 -0.839558 -60.014919 2.605835 -0.93565 -0.29405 1.679718 0.833257 -14.218225 0.093184 1.300579 -34.21225 -0.28757 0.967125 -20.03335 0.964521 1.212838 -1e-06 0.0 -0.0 -3.440457 0.788292 0.501639 -15.92816 -3.167369 2.999727 -6.338858 -0.0 -9e-06 -18.123646 3.648185 -4.905756 -4e-06 0.0 -2e-06 3.243034 33.206516 5.776504 -27.56782 41.077465 -42.630619 2.500436 63.992207 2.433748 -18.988642 -11.25204 16.534922 2.243357 -5.255092 -3.180269 14.282798 -0.826611 6.952525 6e-06 -12.690614 7e-06 16.534258 -17.668558 2.582417 1.665681 -1.95592 -2.878299 4.727814 -4.170597 4.993911 11.020542 -4e-06 -4.7e-05 12.10913 -3.735719 -2.866869 -1e-06 -3e-06 0.0 1.292016 -1.928558 -1.49809 14.800118 0.567471 3.865564 14.242605 -1.341737 -6.660717 19.632046 0.143983 -0.648379 50.237801 -0.961271 -6.14461 0.353067 -1.511164 -0.031943 20.222769 3.684318 2.316577 18.787281 2.1e-05 -8.1e-05 10.751627 -0.479853 1.397875 1e-06 -3e-06 -0.0 3.273865 0.305912 -0.580141 21.486767 11.830397 2.266107 8.162914 2e-06 -3.6e-05 18.399124 -3.798932 -4.940707 3e-06 -1e-06 -1e-06 -2.354157 21.694958 -108.51635 -0.896871 -0.021256 104.113068 -5.488204 -14.472683 -26.633755 1.652365 -1.837787 -0.745837 0.0 0.0 -0.0 6.313141 -18.875362 -111.958237 -0.055244 -0.038546 106.144615 0.041952 7.016693 -28.121233 -1.426293 0.897521 -0.839968 -0.0 -0.0 2e-06 
0.0 0.0 0.0 0.0 -0.0 0.0 -0.585639 60.708023 -2.294847 1.67154 0.284602 33.193752 -1.340839 -0.126471 21.260235 -1.03774 -0.062909 6.450322 -1.169516 -0.390814 18.640043 0.036341 3.147902 -28.240702 -0.58562 -0.980596 -3.375185 0.671232 -1.764523 6.136526 7.7e-05 -2.2e-05 8e-06 -0.045117 -0.003146 -0.1513 0.778558 -3.770313 -10.700337 -0.873492 3.766828 -10.681887 -0.236221 -20.791187 6.114502 10.413075 -38.774921 -45.554302 5.58067 -72.9561 -5.045266 10.870797 16.262894 7.96403 -5.881943 9.861496 0.702012 -10.936905 -0.360737 7.155994 -3e-06 8.774759 -9e-06 -15.854286 18.878265 6.568813 -1.844024 2.498497 -2.507248 -10.163535 4.678912 4.621118 -20.975878 -8e-06 -4e-05 -21.226151 2.451631 -3.594016 0.0 -8e-06 0.0 -1.362674 2.240735 -0.746291 -21.334776 0.584967 3.008301 -13.821114 -1.2e-05 -2.8e-05 -23.886986 -0.24914 -0.839518 -60.019955 2.615009 -0.958988 -0.294014 1.679605 0.833284 -14.218137 0.093302 1.300587 -34.211811 -0.287601 0.967087 -20.033108 0.964488 1.212803 -1e-06 0.0 -0.0 -3.440321 0.788118 0.501711 -15.92815 -3.167172 2.999683 -6.338778 -2e-06 -1.4e-05 -18.12332 3.648136 -4.905686 -5e-06 2e-06 -2e-06 3.353687 33.28017 5.826363 -27.535488 41.014061 -42.679672 2.68832 64.062332 2.543977 -19.024565 -11.208497 16.445496 2.243443 -5.255315 -3.180582 14.282869 -0.826508 6.952366 -1.9e-05 -12.690535 1.5e-05 16.504335 -17.66589 2.586864 1.665663 -1.955916 -2.878271 4.727783 -4.170552 4.993937 11.020493 1.3e-05 -1.5e-05 12.10903 -3.735658 -2.866768 -0.0 3e-06 -0.0 1.291978 -1.928485 -1.49805 14.800069 0.567425 3.865582 14.242523 -1.341706 -6.66063 19.631937 0.143987 -0.64825 50.189785 -0.972184 -6.151238 0.353016 -1.511064 -0.0319 20.222717 3.684235 2.31659 18.787205 3.1e-05 -2.6e-05 10.751609 -0.479857 1.397889 -1e-06 -2e-06 1e-06 3.273743 0.306066 -0.580044 21.486774 11.83023 2.266064 8.162892 1e-05 -1.3e-05 18.399046 -3.798924 -4.940578 4e-06 -5e-06 -0.0 -2.369193 21.763712 -108.478485 -0.920402 -0.018903 104.233452 -5.409509 -14.492187 -26.744293 1.652536 -1.817758 -0.770359 0.0 0.0 4e-06 6.259994 -18.90502 -111.867821 -0.055783 -0.035218 106.253281 0.113539 7.04602 -28.174593 -1.425167 0.880377 -0.800989 -0.0 -1e-06 -2e-06 
0.0 0.0 0.0 0.0 -0.0 0.0 -0.571013 60.659008 -2.284344 1.670576 0.311471 33.09993 -1.341238 -0.135139 21.282379 -1.033113 -0.048647 6.464282 -1.148867 -0.35853 18.66988 0.02588 3.145719 -28.201624 -0.58859 -0.973372 -3.380112 0.65243 -1.784819 6.017919 7.7e-05 -2.2e-05 4e-06 -0.043284 -0.003946 -0.147873 0.783299 -3.77236 -10.705819 -0.87446 3.766594 -10.687875 -0.212782 -20.810575 6.128413 10.415546 -38.844788 -45.490597 5.663914 -72.896637 -5.154572 10.870234 16.310085 7.65118 -5.88209 9.861246 0.702823 -10.936775 -0.360516 7.156364 -5e-06 8.774849 5e-06 -15.847486 18.9196 6.567324 -1.844043 2.498507 -2.507293 -10.163652 4.678973 4.621075 -20.976177 1.1e-05 -2.1e-05 -21.226562 2.451712 -3.594096 0.0 -6e-06 -0.0 -1.36271 2.240818 -0.746344 -21.33498 0.584909 3.008291 -13.821298 9e-06 -1.5e-05 -23.887501 -0.249088 -0.839568 -60.020638 2.620543 -0.953179 -0.294057 1.679715 0.833237 -14.21823 0.093194 1.300558 -34.212315 -0.28755 0.96713 -20.03339 0.964545 1.212838 0.0 1e-06 -1e-06 -3.440475 0.78829 0.501607 -15.92815 -3.167355 2.999711 -6.338866 5e-06 -7e-06 -18.123695 3.64818 -4.905773 -5e-06 3e-06 -1e-06 3.457182 33.36351 5.924586 -27.537359 40.9034 -42.755894 2.842745 64.130661 2.642462 -19.039843 -11.151189 16.400763 2.243578 -5.254903 -3.179833 14.282816 -0.826651 6.95267 -8e-06 -12.690641 1e-06 16.492296 -17.668846 2.601653 1.665673 -1.955926 -2.878319 4.727834 -4.170606 4.993893 11.02063 4e-06 0.0 12.109256 -3.735731 -2.866858 3e-06 3e-06 -0.0 1.292004 -1.928576 -1.498123 14.800207 0.567491 3.865606 14.24271 -1.341737 -6.660716 19.63236 0.143925 -0.648295 50.184002 -0.986353 -6.146303 0.353053 -1.511186 -0.031978 20.222881 3.684348 2.316635 18.787453 6e-06 1e-06 10.751733 -0.479877 1.397941 -0.0 -2e-06 -2e-06 3.273894 0.305896 -0.580178 21.486841 11.830437 2.266155 8.163003 -2e-06 1e-06 18.399397 -3.798971 -4.940656 3e-06 -0.0 -2e-06 -2.384159 21.819225 -108.427673 -0.937791 -0.015692 104.354073 -5.348744 -14.539666 -26.828785 1.652643 -1.801865 -0.810685 0.0 0.0 2e-06 6.206224 -18.962601 -111.766106 -0.057447 -0.033298 106.34993 0.188476 7.14816 -28.246632 -1.425248 0.872972 -0.756504 -0.0 -1e-06 -1e-06 
0.0 0.0 0.0 0.0 -0.0 0.0 -0.563317 60.605179 -2.278805 1.675109 0.323396 33.009151 -1.346022 -0.139051 21.300108 -1.021957 -0.040454 6.476684 -1.138035 -0.326166 18.714838 0.034453 3.132328 -28.163177 -0.595284 -0.967931 -3.385125 0.626474 -1.802911 5.927004 7.7e-05 -2.2e-05 6e-06 -0.043822 -0.004087 -0.144497 0.786596 -3.774361 -10.71264 -0.879001 3.76793 -10.697646 -0.187558 -20.853088 6.161315 10.404616 -38.865704 -45.471817 5.635517 -72.867928 -5.143255 10.867573 16.345394 7.124076 -5.882152 9.861066 0.703129 -10.936776 -0.360463 7.156469 -5e-06 8.77488 -2e-06 -15.835855 18.926208 6.562583 -1.844039 2.498509 -2.507305 -10.163665 4.678987 4.62106 -20.976192 9e-06 -3e-06 -21.22658 2.451728 -3.594115 0.0 -7e-06 1e-06 -1.362704 2.240853 -0.74637 -21.335024 0.584877 3.008312 -13.821323 6e-06 2e-06 -23.887552 -0.249072 -0.839557 -60.012405 2.606335 -0.923067 -0.294057 1.679764 0.83321 -14.218254 0.093146 1.300565 -34.212368 -0.287544 0.967177 -20.033419 0.964561 1.212874 -1e-06 3e-06 -1e-06 -3.440484 0.788349 0.501565 -15.928167 -3.167423 2.999744 -6.338876 4e-06 3e-06 -18.123714 3.648183 -4.905777 -4e-06 1e-06 -3e-06 3.544856 33.437115 6.049886 -27.604338 40.78146 -42.841854 2.912319 64.166687 2.683987 -19.017612 -11.097007 16.328865 2.243613 -5.254663 -3.179534 14.282743 -0.826707 6.952797 -9e-06 -12.690691 -1.8e-05 16.471033 -17.675745 2.629281 1.665679 -1.955931 -2.878338 4.727857 -4.170631 4.993864 11.020689 1.2e-05 -6e-06 12.109354 -3.735746 -2.866918 -3e-06 -0.0 0.0 1.292014 -1.928622 -1.498163 14.800274 0.567526 3.865608 14.242785 -1.341728 -6.660771 19.632513 0.143954 -0.648335 50.208145 -1.002742 -6.126258 0.353065 -1.511247 -0.032018 20.22298 3.684409 2.316654 18.78756 2.4e-05 -2e-06 10.75178 -0.479873 1.39796 -1e-06 0.0 -2e-06 3.273957 0.305813 -0.580255 21.486904 11.830537 2.266219 8.163051 7e-06 1e-06 18.399542 -3.798944 -4.940703 3e-06 -3e-06 0.0 -2.373445 21.865162 -108.375648 -0.937441 -0.009731 104.489052 -5.290287 -14.608048 -26.895163 1.652292 -1.794694 -0.837244 -0.0 0.0 -2e-06 6.155578 -19.028395 -111.688499 -0.059129 -0.033307 106.462494 0.223385 7.256407 -28.308281 -1.426272 0.875297 -0.728298 0.0 -0.0 -4e-06 
0.0 0.0 0.0 0.0 -0.0 0.0 -0.563407 60.560452 -2.270157 1.686201 0.331516 32.912659 -1.349791 -0.147169 21.328625 -1.005981 -0.032182 6.485879 -1.138095 -0.308044 18.768496 0.061514 3.127605 -28.11566 -0.619355 -0.967963 -3.394326 0.596834 -1.807335 5.851433 7.7e-05 -2.2e-05 6e-06 -0.042699 -0.006007 -0.142791 0.789057 -3.776012 -10.716649 -0.879599 3.765552 -10.703008 -0.18202 -20.896406 6.206277 10.374503 -38.817898 -45.490269 5.487866 -72.915306 -5.008346 10.843498 16.370901 6.450762 -5.882233 9.861057 0.703181 -10.936784 -0.360353 7.156471 6e-06 8.774912 5e-06 -15.825236 18.91003 6.559532 -1.844035 2.498504 -2.507309 -10.163652 4.678979 4.621075 -20.976192 -1.5e-05 4.3e-05 -21.226549 2.451747 -3.594047 0.0 -5e-06 1e-06 -1.362686 2.240871 -0.746351 -21.335032 0.584815 3.008334 -13.82132 -8e-06 3.2e-05 -23.887526 -0.249057 -0.839468 -60.005131 2.586048 -0.898789 -0.294028 1.67978 0.833232 -14.218273 0.093094 1.300564 -34.212372 -0.287554 0.967255 -20.03343 0.964578 1.212914 -2e-06 1e-06 -0.0 -3.440445 0.788359 0.501599 -15.928205 -3.167495 2.999723 -6.338879 -3e-06 1.6e-05 -18.123697 3.648195 -4.905711 -4e-06 -1e-06 -3e-06 3.610632 33.508789 6.147489 -27.704121 40.677975 -42.932835 2.973262 64.170601 2.713558 -18.965464 -11.034788 16.157972 2.243633 -5.254838 -3.179693 14.282827 -0.826815 6.952758 -6e-06 -12.690723 2.2e-05 16.422504 -17.675087 2.663565 1.66567 -1.95592 -2.878332 4.727829 -4.170629 4.993893 11.020629 4e-06 8e-06 12.109239 -3.735777 -2.866854 -0.0 1e-06 -0.0 1.292 -1.92862 -1.498123 14.800209 0.567547 3.865598 14.242699 -1.341743 -6.660722 19.632311 0.143921 -0.648294 50.22998 -1.019312 -6.091121 0.353052 -1.511245 -0.031967 20.222891 3.684447 2.316636 18.787453 -8e-06 1.5e-05 10.751729 -0.479887 1.397948 1e-06 -1e-06 -1e-06 3.273897 0.305821 -0.580165 21.486843 11.830626 2.266149 8.163007 -9e-06 7e-06 18.399382 -3.799022 -4.940656 4e-06 1e-06 -1e-06 -2.328635 21.88784 -108.292984 -0.91642 -0.002819 104.624695 -5.220316 -14.661405 -26.963329 1.649551 -1.79663 -0.83528 -0.0 0.0 -4e-06 6.118952 -19.115141 -111.622711 -0.054761 -0.034956 106.578339 0.211402 7.381182 -28.342293 -1.426817 0.889203 -0.736317 0.0 -0.0 -4e-06 
0.0 0.0 0.0 0.0 -0.0 0.0 -0.569441 60.527206 -2.251416 1.705209 0.315468 32.834076 -1.354382 -0.146081 21.364632 -0.987082 -0.02531 6.485309 -1.160132 -0.296594 18.823597 0.096794 3.132476 -28.063629 -0.614456 -0.990718 -3.400363 0.536738 -1.769091 5.78477 7.7e-05 -2.2e-05 9e-06 -0.039596 -0.009284 -0.142253 0.792352 -3.777098 -10.711158 -0.877084 3.760225 -10.69782 -0.181864 -20.94976 6.253498 10.380935 -38.721539 -45.545483 5.248293 -72.954315 -4.794043 10.780591 16.369299 5.674811 -5.882102 9.861111 0.702859 -10.936742 -0.360515 7.156353 -1e-05 8.774869 -1.1e-05 -15.80683 18.883984 6.559477 -1.844046 2.49851 -2.507289 -10.163679 4.678991 4.621059 -20.976206 8e-06 -2.8e-05 -21.226593 2.451718 -3.594132 -1e-06 -8e-06 -1e-06 -1.362718 2.240854 -0.746355 -21.335028 0.584883 3.0083 -13.821335 -2e-06 -1.9e-05 -23.887579 -0.249093 -0.839589 -60.011135 2.57956 -0.885087 -0.294067 1.67976 0.833222 -14.218247 0.093163 1.300575 -34.212376 -0.287563 0.967124 -20.033415 0.964538 1.21284 -1e-06 -3e-06 0.0 -3.440507 0.78835 0.501573 -15.928162 -3.167416 2.999747 -6.338879 3e-06 -9e-06 -18.123747 3.648186 -4.905805 -4e-06 3e-06 -1e-06 3.667607 33.588806 6.222622 -27.840519 40.561741 -43.02153 3.037047 64.174965 2.735304 -18.91165 -10.985515 15.995379 2.243493 -5.254817 -3.179828 14.282743 -0.826704 6.952705 4e-06 -12.690691 -4e-06 16.359657 -17.647804 2.694344 1.665686 -1.955926 -2.878325 4.727853 -4.17063 4.993877 11.020658 -2e-06 -2.3e-05 12.109324 -3.735768 -2.86691 -1e-06 2e-06 -1e-06 1.292023 -1.928617 -1.498132 14.800231 0.567521 3.865586 14.242748 -1.341744 -6.66076 19.632416 0.143936 -0.648375 50.225624 -1.032829 -6.051774 0.353081 -1.511236 -0.031989 20.222916 3.684397 2.31662 18.787497 1.6e-05 -4.4e-05 10.751742 -0.479872 1.397921 -1e-06 1e-06 -1e-06 3.27395 0.305814 -0.580219 21.486847 11.830539 2.266177 8.163013 0.0 -2.2e-05 18.399433 -3.798955 -4.940745 2e-06 -1e-06 -2e-06 -2.273654 21.904816 -108.209602 -0.887765 0.003968 104.736946 -5.16084 -14.676511 -27.010706 1.64627 -1.795823 -0.821567 -1e-06 0.0 2e-06 6.111921 -19.198547 -111.597382 -0.048323 -0.039801 106.668571 0.185177 7.519218 -28.345718 -1.426221 0.907194 -0.794636 0.0 -0.0 -1e-06 
0.0 0.0 0.0 0.0 -0.0 0.0 -0.571103 60.504128 -2.234157 1.726668 0.29526 32.791771 -1.361201 -0.140124 21.402006 -0.964699 -0.023504 6.478557 -1.185342 -0.287974 18.867725 0.123127 3.138041 -28.02688 -0.589848 -1.016663 -3.402843 0.455472 -1.694293 5.751256 7.7e-05 -2.2e-05 4e-06 -0.035749 -0.012669 -0.143666 0.793489 -3.775421 -10.69812 -0.870877 3.752196 -10.684578 -0.173486 -20.998411 6.2945 10.422897 -38.620659 -45.653465 4.901285 -72.958115 -4.480895 10.718918 16.368076 4.949077 -5.882207 9.861296 0.702543 -10.936834 -0.360558 7.156182 7e-06 8.774827 -1e-06 -15.803098 18.850311 6.543595 -1.844031 2.4985 -2.507274 -10.16362 4.678937 4.621114 -20.976109 -7e-06 3.6e-05 -21.22644 2.451705 -3.593974 0.0 -7e-06 -0.0 -1.36268 2.240789 -0.746314 -21.334961 0.584901 3.008338 -13.821272 -6e-06 1.9e-05 -23.8874 -0.249072 -0.839448 -60.040695 2.58009 -0.88877 -0.294022 1.679671 0.833265 -14.218228 0.093212 1.300586 -34.212219 -0.287561 0.967218 -20.03335 0.964545 1.212877 -1e-06 0.0 -0.0 -3.440407 0.788215 0.501675 -15.928191 -3.167308 2.999698 -6.338854 -5e-06 8e-06 -18.123617 3.648166 -4.905659 -4e-06 2e-06 -3e-06 3.700249 33.67115 6.269028 -28.00317 40.429253 -43.046806 2.986509 64.159767 2.670137 -18.833605 -10.972967 15.854444 2.243629 -5.254888 -3.179959 14.282847 -0.82668 6.952606 -2.1e-05 -12.690667 -8e-06 16.315842 -17.626259 2.722953 1.665666 -1.955925 -2.878311 4.727808 -4.170605 4.993902 11.020591 2.4e-05 1.2e-05 12.109181 -3.73572 -2.866834 -2e-06 -2e-06 0.0 1.291978 -1.92858 -1.498104 14.800188 0.567522 3.865623 14.242647 -1.341731 -6.660689 19.632246 0.143949 -0.648233 50.229031 -1.043412 -6.024276 0.353017 -1.51119 -0.031957 20.22287 3.684385 2.316662 18.787401 2.5e-05 3.4e-05 10.751714 -0.479869 1.397955 -1e-06 0.0 0.0 3.273817 0.305903 -0.580139 21.486874 11.830485 2.266182 8.162986 1e-05 1.2e-05 18.399328 -3.798966 -4.940598 4e-06 -2e-06 -2e-06 -2.227083 21.915297 -108.146095 -0.859704 0.007049 104.811157 -5.116514 -14.6762 -27.051685 1.643243 -1.79657 -0.80136 1e-06 1e-06 4e-06 6.144005 -19.292637 -111.618256 -0.044261 -0.043043 106.72805 0.158391 7.662523 -28.340145 -1.424203 0.921669 -0.870758 -1e-06 0.0 2e-06 
0.0 0.0 0.0 0.0 -0.0 0.0 -0.560788 60.50309 -2.221637 1.737822 0.276196 32.789883 -1.367176 -0.131727 21.436159 -0.941585 -0.022506 6.471802 -1.2007 -0.271793 18.884638 0.116392 3.148854 -28.012207 -0.553226 -1.056254 -3.405571 0.362746 -1.613449 5.74094 7.7e-05 -2.2e-05 8e-06 -0.032409 -0.015669 -0.147727 0.79504 -3.772979 -10.686482 -0.865794 3.744147 -10.673881 -0.142911 -21.04936 6.320337 10.454007 -38.531025 -45.773342 4.571594 -72.934959 -4.171843 10.692749 16.342192 4.440671 -5.882085 9.861459 0.702252 -10.936935 -0.360736 7.156063 -3e-06 8.774755 -8e-06 -15.809448 18.828575 6.528214 -1.844025 2.498501 -2.507252 -10.163555 4.678907 4.621129 -20.97595 9e-06 1.6e-05 -21.226246 2.451674 -3.593959 0.0 -4e-06 1e-06 -1.362668 2.240725 -0.746301 -21.334824 0.584982 3.008335 -13.821171 6e-06 9e-06 -23.887146 -0.249074 -0.839455 -60.065353 2.58777 -0.905153 -0.294013 1.679595 0.833273 -14.218154 0.093312 1.300599 -34.211937 -0.287542 0.96718 -20.033194 0.964546 1.212848 -2e-06 -3e-06 -1e-06 -3.440323 0.788103 0.501711 -15.92816 -3.167153 2.999688 -6.338804 1e-06 5e-06 -18.123425 3.648162 -4.905637 -5e-06 -1e-06 -2e-06 3.714154 33.748329 6.29249 -28.129642 40.286842 -43.002716 2.819647 64.149437 2.534314 -18.739063 -10.969617 15.696063 2.243462 -5.255366 -3.180666 14.282977 -0.826387 6.952258 -2e-06 -12.690465 3e-06 16.299679 -17.61965 2.735197 1.665652 -1.955918 -2.878263 4.727747 -4.170533 4.993958 11.020398 3e-06 -5e-06 12.108871 -3.735641 -2.866726 1e-06 -1e-06 0.0 1.291963 -1.928455 -1.498041 14.799989 0.567377 3.865604 14.2424 -1.341721 -6.660588 19.631628 0.143965 -0.64821 50.245403 -1.057442 -6.01472 0.352996 -1.51103 -0.031894 20.222612 3.684142 2.316606 18.78705 1e-05 -1.3e-05 10.751522 -0.479858 1.397879 -2e-06 3e-06 -1e-06 3.273677 0.306118 -0.58001 21.486712 11.830089 2.266066 8.162832 -2e-06 -7e-06 18.398806 -3.798941 -4.940506 3e-06 -3e-06 -1e-06 -2.192144 21.91291 -108.101242 -0.829821 0.00918 104.837585 -5.084373 -14.678915 -27.080952 1.640289 -1.803715 -0.795475 0.0 0.0 -0.0 6.193586 -19.377192 -111.655785 -0.039569 -0.044891 106.739357 0.13884 7.802958 -28.322029 -1.4204 0.929669 -0.944344 0.0 -2e-06 -2e-06 
0.0 0.0 0.0 0.0 -0.0 0.0 -0.540941 60.522831 -2.20988 1.722702 0.26604 32.817173 -1.358154 -0.123208 21.457596 -0.928014 -0.016039 6.469136 -1.188528 -0.24509 18.876455 0.076962 3.157443 -28.016531 -0.521593 -1.091046 -3.410281 0.283233 -1.549953 5.779646 7.7e-05 -2.2e-05 4e-06 -0.032311 -0.016728 -0.153398 0.795812 -3.77125 -10.684279 -0.866362 3.740756 -10.673041 -0.095005 -21.106064 6.331887 10.432901 -38.454575 -45.871628 4.341012 -72.89357 -3.952937 10.692382 16.311621 4.168439 -5.882129 9.861094 0.703065 -10.93676 -0.360436 7.156459 -8e-06 8.774889 2e-06 -15.815775 18.807356 6.521173 -1.844039 2.498507 -2.507305 -10.163669 4.678994 4.621059 -20.976198 1.3e-05 -1.2e-05 -21.226583 2.451739 -3.594131 1e-06 -8e-06 -0.0 -1.362707 2.240863 -0.746358 -21.335024 0.584865 3.008303 -13.821329 9e-06 -6e-06 -23.887573 -0.249068 -0.839573 -60.065025 2.591254 -0.924231 -0.294062 1.679773 0.833221 -14.218252 0.093132 1.30056 -34.212387 -0.287535 0.967156 -20.033422 0.964565 1.212859 -1e-06 1e-06 -1e-06 -3.440493 0.788369 0.501577 -15.928162 -3.167451 2.999737 -6.33888 7e-06 1e-06 -18.123737 3.648201 -4.905795 -5e-06 0.0 -2e-06 3.700019 33.796249 6.30355 -28.215002 40.156757 -42.929688 2.589001 64.138832 2.377255 -18.67363 -10.980235 15.549955 2.243577 -5.254866 -3.179744 14.282783 -0.826724 6.952727 -8e-06 -12.690671 1e-05 16.324965 -17.633331 2.734238 1.66568 -1.955925 -2.878331 4.727844 -4.170615 4.993888 11.020642 5e-06 -3e-06 12.109263 -3.735741 -2.866857 -2e-06 1e-06 0.0 1.292015 -1.9286 -1.49813 14.800222 0.567514 3.865595 14.242716 -1.34173 -6.660725 19.632345 0.14394 -0.648307 50.302681 -1.078761 -6.01421 0.353069 -1.511218 -0.031983 20.222919 3.684393 2.316627 18.787487 1e-05 -3e-06 10.751741 -0.479874 1.397941 -0.0 -1e-06 3e-06 3.273932 0.305852 -0.580196 21.486849 11.830514 2.266151 8.163013 -1e-06 -6e-06 18.399414 -3.798967 -4.940669 3e-06 -3e-06 -2e-06 -2.16856 21.89949 -108.084656 -0.804941 0.006309 104.833191 -5.028762 -14.679807 -27.098637 1.63741 -1.811501 -0.795682 -0.0 0.0 -4e-06 6.260804 -19.442162 -111.681801 -0.042289 -0.045426 106.712822 0.123956 7.917593 -28.30176 -1.416906 0.938549 -0.999904 -0.0 -1e-06 -4e-06 
0.0 0.0 0.0 0.0 -0.0 0.0 -0.518192 60.565872 -2.201847 1.67755 0.248922 32.882748 -1.338962 -0.106254 21.453325 -0.932577 -0.006908 6.461015 -1.140254 -0.201932 18.847321 0.01911 3.170052 -28.02323 -0.514141 -1.101561 -3.413028 0.27248 -1.534036 5.857458 7.7e-05 -2.2e-05 5e-06 -0.037967 -0.013872 -0.160274 0.791776 -3.768956 -10.689453 -0.873481 3.744662 -10.679663 -0.020733 -21.17392 6.312617 10.382385 -38.394623 -45.882854 4.239927 -72.807632 -3.857933 10.69641 16.316774 4.064212 -5.882082 9.861496 0.701932 -10.937027 -0.360814 7.155858 -1e-06 8.774727 -2e-05 -15.798074 18.811073 6.550407 -1.844017 2.498499 -2.507234 -10.163477 4.678882 4.621161 -20.975773 -7e-06 3.9e-05 -21.225981 2.451657 -3.593883 -1e-06 -8e-06 0.0 -1.362638 2.240705 -0.746277 -21.334713 0.584984 3.008368 -13.821058 -5e-06 2.5e-05 -23.886805 -0.249068 -0.839377 -60.041824 2.60833 -0.93513 -0.293979 1.679571 0.833298 -14.21811 0.093332 1.300628 -34.211643 -0.287559 0.967208 -20.033031 0.964536 1.212855 -1e-06 2e-06 -1e-06 -3.440231 0.788053 0.501764 -15.928181 -3.167106 2.999691 -6.338754 -6e-06 1e-05 -18.123178 3.648161 -4.90555 -4e-06 -2e-06 -3e-06 3.666458 33.821083 6.306815 -28.25017 40.050476 -42.819653 2.323159 64.102234 2.214662 -18.688862 -10.984175 15.463478 2.243455 -5.255313 -3.180656 14.282953 -0.82646 6.952278 -1.4e-05 -12.69051 3e-06 16.372843 -17.659636 2.730656 1.665651 -1.955916 -2.878268 4.72775 -4.170547 4.993953 11.020413 1.3e-05 -1e-05 12.108892 -3.735653 -2.866743 0.0 -0.0 0.0 1.291957 -1.928478 -1.49804 14.800017 0.567417 3.865601 14.242429 -1.341717 -6.660601 19.631716 0.143981 -0.648214 50.374901 -1.102212 -6.013724 0.352989 -1.511053 -0.031893 20.222649 3.684215 2.316611 18.787081 2.6e-05 -8e-06 10.751542 -0.479851 1.397888 -0.0 -2e-06 -1e-06 3.273674 0.306085 -0.580016 21.486753 11.830187 2.26608 8.162846 5e-06 -2e-06 18.398857 -3.798941 -4.94052 4e-06 -3e-06 0.0 -2.151637 21.886951 -108.103745 -0.787862 0.001176 104.797844 -4.972046 -14.663928 -27.099184 1.635831 -1.820403 -0.792307 0.0 0.0 6e-06 6.356318 -19.468187 -111.696503 -0.052782 -0.045111 106.639229 0.085441 7.99363 -28.297173 -1.413765 0.940593 -1.020929 -0.0 -1e-06 2e-06 
0.0 0.0 0.0 0.0 -0.0 0.0 -0.486382 60.631741 -2.184915 1.613371 0.232335 32.972237 -1.312601 -0.088503 21.432913 -0.953204 0.002084 6.444248 -1.074575 -0.150952 18.802032 -0.021293 3.191952 -28.02755 -0.516672 -1.084432 -3.419387 0.303075 -1.53274 5.972948 7.7e-05 -2.2e-05 5e-06 -0.042874 -0.011825 -0.167998 0.790435 -3.769675 -10.70006 -0.881532 3.749731 -10.691892 0.076852 -21.244217 6.272902 10.282081 -38.323761 -45.821846 4.21225 -72.716995 -3.802271 10.698791 16.322502 4.017394 -5.881924 9.861568 0.70182 -10.936866 -0.360702 7.155919 0.0 8.774771 -4e-06 -15.767983 18.826586 6.593363 -1.84403 2.498498 -2.507241 -10.163553 4.678915 4.621126 -20.975899 -1.2e-05 -4.4e-05 -21.22617 2.451639 -3.593992 -1e-06 -5e-06 -0.0 -1.362692 2.240747 -0.746275 -21.334801 0.58495 3.008287 -13.821131 -1.4e-05 -3.9e-05 -23.88702 -0.249143 -0.839526 -60.020706 2.621257 -0.942339 -0.294034 1.679622 0.833301 -14.218152 0.093279 1.300573 -34.211838 -0.287617 0.967062 -20.033119 0.964468 1.212787 1e-06 2e-06 -0.0 -3.440365 0.788149 0.501728 -15.928148 -3.167206 2.999665 -6.338781 -2e-06 -2e-05 -18.123339 3.648139 -4.905678 -5e-06 -0.0 -1e-06 3.635232 33.83744 6.29917 -28.218214 39.969887 -42.715675 2.150863 64.078575 2.17377 -18.790226 -11.014393 15.40689 2.243272 -5.255217 -3.180495 14.282803 -0.826527 6.952435 -1e-06 -12.690575 1e-06 16.447515 -17.696234 2.715081 1.665675 -1.955921 -2.878287 4.7278 -4.17058 4.993916 11.020504 3e-06 -5.5e-05 12.109071 -3.735687 -2.86686 -2e-06 1e-06 1e-06 1.292007 -1.928527 -1.498075 14.800082 0.567442 3.865558 14.242557 -1.34172 -6.660705 19.631945 0.144018 -0.648364 50.436996 -1.115483 -6.020812 0.353052 -1.511117 -0.031926 20.222721 3.684269 2.316562 18.787191 4.2e-05 -9.1e-05 10.751585 -0.47984 1.397866 0.0 1e-06 0.0 3.273813 0.305977 -0.580118 21.486755 11.830309 2.266091 8.162881 7e-06 -3.8e-05 18.399019 -3.7989 -4.94068 4e-06 -3e-06 0.0 -2.161246 21.870159 -108.158005 -0.783228 -0.005349 104.74128 -4.913364 -14.610251 -27.06179 1.637854 -1.831174 -0.763621 0.0 1e-06 1e-06 6.471302 -19.471432 -111.696541 -0.066427 -0.044132 106.521507 0.006156 8.040948 -28.291695 -1.411359 0.930886 -1.00638 0.0 -0.0 -0.0 
0.0 0.0 0.0 0.0 -0.0 0.0 -0.444872 60.714764 -2.15193 1.530037 0.211774 33.064602 -1.287708 -0.069369 21.406305 -0.982652 0.012461 6.418934 -1.004467 -0.106968 18.745363 -0.026986 3.195955 -28.006632 -0.512568 -1.013326 -3.423888 0.350128 -1.532547 6.105412 7.7e-05 -2.2e-05 4e-06 -0.049868 -0.008083 -0.171503 0.785201 -3.767559 -10.701394 -0.889794 3.754981 -10.692659 0.165987 -21.293688 6.246579 10.111275 -38.253906 -45.701935 4.330534 -72.665291 -3.846237 10.688332 16.299881 3.969656 -5.882194 9.861149 0.702974 -10.936865 -0.360541 7.156351 -1e-06 8.77484 -5e-06 -15.723623 18.856813 6.637685 -1.844029 2.498505 -2.50729 -10.163607 4.67895 4.62109 -20.976074 4e-06 3.4e-05 -21.2264 2.451715 -3.594023 -1e-06 -8e-06 -3e-06 -1.362671 2.240806 -0.746346 -21.334932 0.584901 3.008343 -13.82125 5e-06 2.8e-05 -23.887344 -0.249051 -0.839467 -60.008022 2.635225 -0.953232 -0.294016 1.679698 0.833233 -14.21821 0.093201 1.300587 -34.212154 -0.287527 0.967237 -20.033308 0.964581 1.212892 -1e-06 1e-06 -0.0 -3.440392 0.788253 0.501627 -15.928185 -3.167335 2.99973 -6.338841 1e-06 1.7e-05 -18.12356 3.648187 -4.905685 -4e-06 -3e-06 -3e-06 3.600942 33.841045 6.274683 -28.113028 39.966839 -42.691296 2.164876 64.065018 2.291325 -18.932913 -11.006027 15.301303 2.243659 -5.255015 -3.180079 14.282931 -0.82659 6.952498 -1.1e-05 -12.690595 -2e-06 16.518837 -17.722252 2.683892 1.665655 -1.955924 -2.878298 4.727782 -4.170577 4.993927 11.020523 1.5e-05 2.4e-05 12.10905 -3.735697 -2.866764 1e-06 0.0 -0.0 1.291959 -1.928545 -1.498089 14.800127 0.567475 3.865631 14.242547 -1.341727 -6.660628 19.631998 0.143927 -0.648178 50.448429 -1.121294 -6.035908 0.353001 -1.511137 -0.031938 20.222794 3.684308 2.316665 18.787285 4e-06 4.8e-05 10.751651 -0.479875 1.397942 0.0 1e-06 0.0 3.273766 0.305975 -0.58009 21.486818 11.830344 2.266145 8.162939 -1e-06 1.9e-05 18.399132 -3.798988 -4.940524 4e-06 1e-06 -2e-06 -2.165534 21.866652 -108.202721 -0.794028 -0.010923 104.668114 -4.875723 -14.535026 -26.994642 1.641803 -1.838306 -0.729729 0.0 0.0 -0.0 6.592788 -19.458757 -111.67173 -0.070518 -0.04224 106.360474 -0.079658 8.059188 -28.263811 -1.408941 0.912769 -0.965133 -0.0 -1e-06 -4e-06 
0.0 0.0 0.0 0.0 -0.0 0.0 -0.389094 60.81041 -2.098033 1.446094 0.181991 33.148373 -1.271725 -0.039312 21.378618 -1.010233 0.02074 6.380018 -0.948274 -0.072664 18.684647 0.028125 3.186912 -27.947006 -0.508476 -0.905448 -3.424723 0.374566 -1.536089 6.235785 7.7e-05 -2.2e-05 7e-06 -0.056314 -0.003539 -0.170259 0.778421 -3.763027 -10.691572 -0.895316 3.75892 -10.680451 0.266726 -21.32262 6.229721 9.853472 -38.220379 -45.532982 4.513277 -72.660721 -3.953112 10.714819 16.227978 3.919138 -5.882099 9.861191 0.702764 -10.936812 -0.360538 7.156301 -1e-06 8.774848 -5e-06 -15.687359 18.899286 6.666318 -1.844036 2.498506 -2.507285 -10.163625 4.678962 4.621079 -20.976093 -2e-06 -8e-06 -21.226437 2.451702 -3.59407 0.0 -9e-06 -1e-06 -1.362693 2.240823 -0.746336 -21.334951 0.584891 3.008312 -13.821259 -0.0 -2e-06 -23.887381 -0.249086 -0.839538 -60.019665 2.66101 -0.989173 -0.294039 1.679717 0.833238 -14.21822 0.093188 1.300577 -34.212185 -0.287563 0.967159 -20.03331 0.964543 1.212855 -2e-06 -1e-06 -1e-06 -3.440427 0.78828 0.501614 -15.928172 -3.167361 2.999728 -6.338845 2e-06 1e-06 -18.123592 3.648175 -4.905736 -4e-06 1e-06 -2e-06 3.616558 33.809395 6.26297 -27.995316 40.017452 -42.694683 2.302022 64.062019 2.462646 -19.069386 -10.904707 15.080187 2.243549 -5.254828 -3.17989 14.282827 -0.826651 6.952618 4e-06 -12.690663 -1.4e-05 16.579273 -17.726789 2.63658 1.66567 -1.955926 -2.878316 4.72782 -4.170615 4.993895 11.020591 5e-06 -6e-06 12.109182 -3.735744 -2.866863 1e-06 2e-06 -1e-06 1.292002 -1.928598 -1.498125 14.80018 0.56751 3.865614 14.242653 -1.341744 -6.660716 19.632195 0.143941 -0.648299 50.412762 -1.112509 -6.058996 0.35305 -1.511216 -0.031975 20.222853 3.684377 2.316651 18.787382 1e-05 -5e-06 10.751688 -0.47987 1.397933 -1e-06 3e-06 1e-06 3.273874 0.305855 -0.580181 21.486834 11.830486 2.266194 8.162974 0.0 -3e-06 18.399273 -3.798975 -4.940654 3e-06 -0.0 -4e-06 -2.161502 21.870302 -108.209167 -0.810992 -0.013984 104.585205 -4.870195 -14.436076 -26.94566 1.645949 -1.831397 -0.693537 0.0 0.0 2e-06 6.704088 -19.445333 -111.627487 -0.067475 -0.036874 106.175484 -0.125972 8.062202 -28.232014 -1.407866 0.889848 -0.903524 1e-06 -0.0 -1e-06 
0.0 0.0 0.0 0.0 -0.0 0.0 -0.327445 60.89455 -2.029049 1.372085 0.148104 33.202576 -1.263632 -0.008416 21.377354 -1.026994 0.02753 6.339293 -0.915266 -0.045655 18.6099 0.133456 3.180289 -27.85207 -0.492829 -0.810462 -3.421354 0.332252 -1.516019 6.357047 7.7e-05 -2.2e-05 2e-06 -0.05453 -0.003918 -0.16418 0.780349 -3.762978 -10.683708 -0.893374 3.757283 -10.668028 0.366071 -21.334923 6.23277 9.53378 -38.216549 -45.386318 4.649749 -72.719002 -4.053938 10.819986 16.107313 3.931953 -5.882105 9.861333 0.702496 -10.936857 -0.360552 7.156187 6e-06 8.774824 4e-06 -15.654595 18.938869 6.687682 -1.844031 2.4985 -2.507275 -10.163582 4.678934 4.621107 -20.975998 -1.7e-05 1.1e-05 -21.226282 2.451678 -3.593988 0.0 -8e-06 -1e-06 -1.362676 2.240786 -0.746314 -21.334887 0.5849 3.008321 -13.821198 -1.1e-05 7e-06 -23.887178 -0.249096 -0.839465 -60.05965 2.688381 -1.038172 -0.294018 1.679675 0.833266 -14.218198 0.093208 1.300575 -34.21204 -0.28758 0.967183 -20.033236 0.964528 1.212862 -2e-06 -0.0 -1e-06 -3.44038 0.788217 0.501675 -15.928181 -3.167311 2.999687 -6.338822 -3e-06 3e-06 -18.123465 3.648161 -4.905667 -4e-06 -3e-06 -2e-06 3.669782 33.754658 6.288984 -27.893681 40.067688 -42.760872 2.568763 64.067818 2.687596 -19.198429 -10.741062 14.805612 2.243553 -5.254783 -3.179843 14.282773 -0.826685 6.952667 -1.3e-05 -12.690681 -1.4e-05 16.588774 -17.710833 2.596244 1.665676 -1.955928 -2.878323 4.727832 -4.17062 4.993881 11.020633 1.4e-05 -1e-05 12.109262 -3.735735 -2.866889 -2e-06 -0.0 0.0 1.292008 -1.928604 -1.49813 14.800216 0.567524 3.865605 14.242707 -1.341731 -6.660737 19.632345 0.143968 -0.648319 50.326275 -1.092887 -6.086574 0.353048 -1.511225 -0.031988 20.222906 3.684404 2.316647 18.787455 3.4e-05 -1e-05 10.75173 -0.479858 1.397941 -1e-06 2e-06 2e-06 3.273888 0.305849 -0.580198 21.486883 11.830521 2.2662 8.163002 9e-06 -6e-06 18.39938 -3.798935 -4.940672 6e-06 -2e-06 -4e-06 -2.136363 21.875103 -108.162186 -0.823667 -0.013 104.531364 -4.903326 -14.325254 -26.952454 1.648566 -1.814065 -0.681448 0.0 0.0 2e-06 6.784296 -19.446583 -111.562531 -0.057544 -0.026589 106.018623 -0.124935 8.089389 -28.204901 -1.40818 0.869897 -0.841113 0.0 -0.0 -1e-06 
0.0 0.0 0.0 0.0 -0.0 0.0 -0.249065 60.949932 -1.949703 1.323025 0.125434 33.214806 -1.263725 0.013444 21.406401 -1.031445 0.030308 6.313974 -0.895828 -0.026549 18.531792 0.253408 3.175063 -27.757492 -0.464369 -0.757755 -3.420503 0.250993 -1.473008 6.491752 7.7e-05 -2.2e-05 6e-06 -0.049816 -0.007164 -0.156494 0.78747 -3.768306 -10.687066 -0.891223 3.755509 -10.668627 0.441302 -21.353512 6.239779 9.222538 -38.234776 -45.321178 4.681819 -72.807159 -4.089003 10.962664 16.007271 3.961964 -5.882143 9.861265 0.702602 -10.936865 -0.360538 7.156215 1.6e-05 8.774829 -2e-06 -15.639112 18.95479 6.69621 -1.844025 2.4985 -2.507274 -10.163563 4.678922 4.62111 -20.975996 -4e-05 3.5e-05 -21.226271 2.451662 -3.593967 1e-06 -7e-06 1e-06 -1.362655 2.240783 -0.746323 -21.334888 0.58487 3.008337 -13.821197 -2.7e-05 2.6e-05 -23.887182 -0.249118 -0.839408 -60.106976 2.701657 -1.06192 -0.293992 1.679668 0.83326 -14.218209 0.093198 1.300583 -34.212021 -0.287602 0.967243 -20.033241 0.964534 1.2129 -0.0 -1e-06 0.0 -3.440327 0.788193 0.50167 -15.928215 -3.167317 2.999698 -6.338818 -1.2e-05 1e-05 -18.123449 3.648132 -4.905638 -3e-06 1e-06 -3e-06 3.712881 33.667274 6.347315 -27.851873 40.10083 -42.871189 2.794833 64.051552 2.857124 -19.256908 -10.604336 14.651367 2.243581 -5.255106 -3.180254 14.282967 -0.826615 6.952445 -7e-06 -12.690597 1e-05 16.580168 -17.704308 2.580687 1.665651 -1.955917 -2.878288 4.727762 -4.170574 4.993939 11.020459 9e-06 1.7e-05 12.108956 -3.735713 -2.866749 -1e-06 1e-06 -0.0 1.291955 -1.928535 -1.498065 14.80006 0.567473 3.865619 14.242468 -1.341736 -6.660612 19.631807 0.143929 -0.648175 50.258808 -1.070938 -6.118779 0.352991 -1.511134 -0.031915 20.222708 3.684308 2.316643 18.787172 -4e-06 3.7e-05 10.75159 -0.479874 1.397929 0.0 -0.0 0.0 3.273715 0.305982 -0.580052 21.486776 11.830376 2.266123 8.162892 -6e-06 2.1e-05 18.398979 -3.799014 -4.940504 3e-06 -2e-06 -1e-06 -2.115667 21.869198 -108.087608 -0.829785 -0.010904 104.533211 -4.926425 -14.232401 -27.005627 1.649741 -1.80109 -0.693176 -0.0 0.0 -1e-06 6.832749 -19.492538 -111.489647 -0.05091 -0.017806 105.917053 -0.120092 8.158821 -28.186241 -1.410423 0.856545 -0.786133 0.0 -0.0 -4e-06 
0.0 0.0 0.0 0.0 -0.0 0.0 -0.155704 60.984062 -1.864889 1.292713 0.108792 33.191563 -1.264843 0.025883 21.446096 -1.021631 0.031877 6.310989 -0.895887 -0.023063 18.471195 0.376765 3.161588 -27.673069 -0.421666 -0.742397 -3.422979 0.155486 -1.415936 6.636487 7.7e-05 -2.2e-05 8e-06 -0.045009 -0.011867 -0.147026 0.796848 -3.77702 -10.695726 -0.89135 3.754587 -10.677367 0.497998 -21.39179 6.249063 8.94085 -38.25742 -45.358231 4.667839 -72.89566 -4.109419 11.131034 15.922275 3.932505 -5.882101 9.861308 0.702617 -10.936801 -0.360541 7.156253 -7e-06 8.774837 5e-06 -15.633763 18.938931 6.691413 -1.844042 2.498505 -2.507282 -10.163639 4.678963 4.62109 -20.97612 1.3e-05 -2e-05 -21.226465 2.451715 -3.594062 0.0 -5e-06 -0.0 -1.362707 2.240809 -0.746322 -21.334961 0.584915 3.008298 -13.821278 8e-06 -1.6e-05 -23.88743 -0.249078 -0.839551 -60.12262 2.693659 -1.042224 -0.294056 1.679703 0.833257 -14.218222 0.093208 1.300563 -34.212231 -0.287546 0.967117 -20.03334 0.964535 1.212823 -1e-06 3e-06 -0.0 -3.440466 0.788274 0.501642 -15.928151 -3.16734 2.999695 -6.338853 7e-06 -6e-06 -18.123634 3.648185 -4.905743 -4e-06 -1e-06 -4e-06 3.72454 33.554729 6.401848 -27.867899 40.126865 -42.999657 2.879001 63.99688 2.922284 -19.207607 -10.51652 14.635448 2.24359 -5.254959 -3.179949 14.282829 -0.826678 6.952627 -1e-05 -12.690647 1e-05 16.581631 -17.705317 2.582377 1.665671 -1.955923 -2.878315 4.727825 -4.170599 4.993901 11.020606 9e-06 5e-06 12.1092 -3.735728 -2.866829 1e-06 -1e-06 -1e-06 1.291999 -1.928571 -1.498109 14.80019 0.567495 3.865602 14.242662 -1.341731 -6.660692 19.632242 0.143936 -0.648267 50.232536 -1.046807 -6.144644 0.353044 -1.511179 -0.031957 20.22287 3.68436 2.31663 18.787415 1.2e-05 8e-06 10.751712 -0.479875 1.397936 0.0 1e-06 1e-06 3.27387 0.305906 -0.580149 21.486835 11.830449 2.266138 8.162988 -2e-06 1e-06 18.399326 -3.798975 -4.940622 4e-06 -4e-06 0.0 -2.081004 21.847857 -107.990372 -0.818823 -0.003774 104.579002 -4.931715 -14.155499 -27.06918 1.648824 -1.789431 -0.711924 -0.0 -1e-06 -2e-06 6.849824 -19.574734 -111.409561 -0.048134 -0.014384 105.858391 -0.123486 8.253486 -28.172314 -1.414396 0.856672 -0.751874 0.0 -0.0 -6e-06 
0.0 0.0 0.0 0.0 -0.0 0.0 -0.054736 61.008728 -1.776437 1.276468 0.093902 33.145687 -1.259943 0.03057 21.486778 -1.007275 0.030889 6.321301 -0.90631 -0.043465 18.430006 0.501278 3.152587 -27.589483 -0.382204 -0.754291 -3.426283 0.071934 -1.369401 6.756224 7.7e-05 -2.2e-05 9e-06 -0.040738 -0.016624 -0.140684 0.805444 -3.785292 -10.709336 -0.892177 3.753632 -10.693894 0.539528 -21.443001 6.255321 8.701068 -38.287453 -45.495266 4.533551 -72.95417 -4.034142 11.315929 15.835923 3.808702 -5.882014 9.861504 0.702156 -10.936878 -0.360606 7.156067 1.9e-05 8.774784 7e-06 -15.623228 18.894991 6.684828 -1.844025 2.498492 -2.507252 -10.16353 4.678893 4.621127 -20.975885 -5e-05 0.0 -21.226133 2.451614 -3.593935 0.0 -6e-06 -1e-06 -1.362658 2.240736 -0.746285 -21.334806 0.584908 3.008307 -13.821126 -2.9e-05 -0.0 -23.88699 -0.249157 -0.839428 -60.093323 2.662473 -0.980946 -0.293994 1.67961 0.833296 -14.218169 0.093252 1.300567 -34.211826 -0.287635 0.967172 -20.033129 0.964494 1.212852 1e-06 -1e-06 2e-06 -3.440291 0.788108 0.501727 -15.928196 -3.16722 2.999658 -6.338781 -1.1e-05 -2e-06 -18.123322 3.64811 -4.905625 -4e-06 -1e-06 -2e-06 3.708258 33.429352 6.43015 -27.955124 40.169903 -43.085491 2.746266 63.862808 2.818017 -19.039896 -10.477359 14.751827 2.243479 -5.255283 -3.180492 14.282932 -0.826559 6.952379 -1.7e-05 -12.690546 1.6e-05 16.613907 -17.704901 2.583881 1.665658 -1.955913 -2.878276 4.727764 -4.170555 4.993945 11.020443 1.5e-05 -5e-06 12.108937 -3.735663 -2.866755 0.0 -0.0 0.0 1.291961 -1.9285 -1.498047 14.800047 0.567449 3.865592 14.242457 -1.341713 -6.660616 19.631784 0.14399 -0.648213 50.244915 -1.019639 -6.153944 0.353 -1.511088 -0.031894 20.222681 3.684267 2.316601 18.787123 1.8e-05 -2e-06 10.751561 -0.479858 1.397896 0.0 1e-06 1e-06 3.273712 0.30604 -0.580025 21.486753 11.830286 2.266067 8.162865 0.0 -2e-06 18.398918 -3.798958 -4.940527 3e-06 -3e-06 -1e-06 -2.036825 21.809591 -107.884895 -0.789374 0.00374 104.649628 -4.919112 -14.119545 -27.101568 1.646123 -1.784938 -0.753226 0.0 0.0 -0.0 6.835034 -19.676392 -111.322098 -0.045602 -0.015554 105.836899 -0.138305 8.349309 -28.168329 -1.418725 0.869575 -0.744955 -0.0 -1e-06 1e-06 
0.0 0.0 0.0 0.0 -0.0 0.0 0.046364 61.025928 -1.679146 1.261761 0.068334 33.087269 -1.254159 0.032756 21.52586 -0.992696 0.030185 6.338908 -0.923918 -0.08592 18.415451 0.637425 3.150732 -27.512684 -0.354845 -0.782878 -3.426169 0.021555 -1.347443 6.821419 7.7e-05 -2.2e-05 8e-06 -0.039318 -0.018859 -0.136139 0.808991 -3.789253 -10.71988 -0.893782 3.753775 -10.70877 0.564199 -21.490385 6.256798 8.496526 -38.306595 -45.68259 4.368197 -73.004326 -3.916065 11.500413 15.75752 3.69747 -5.882001 9.861405 0.702292 -10.936769 -0.360451 7.156176 1.9e-05 8.774859 8e-06 -15.61408 18.834621 6.67288 -1.844033 2.498492 -2.507268 -10.163589 4.678928 4.621099 -20.976027 -7e-05 -2.3e-05 -21.226337 2.451634 -3.594023 0.0 -8e-06 -2e-06 -1.36267 2.240792 -0.746295 -21.334919 0.584835 3.008289 -13.821212 -4.5e-05 -1.2e-05 -23.887238 -0.249185 -0.839473 -60.045948 2.625821 -0.916001 -0.29401 1.679685 0.83329 -14.218225 0.093153 1.300545 -34.212048 -0.287681 0.967152 -20.033247 0.964471 1.21286 0.0 2e-06 -0.0 -3.440357 0.788213 0.501687 -15.928208 -3.167375 2.999663 -6.33882 -1.7e-05 -1.1e-05 -18.123484 3.648108 -4.905701 -5e-06 0.0 -3e-06 3.668567 33.303509 6.409004 -28.082293 40.239117 -43.143551 2.50456 63.665047 2.632873 -18.811527 -10.438392 14.95363 2.243451 -5.255157 -3.180324 14.282868 -0.826681 6.9525 -1e-06 -12.69066 1.2e-05 16.631109 -17.701103 2.599633 1.665666 -1.955914 -2.878293 4.727791 -4.170598 4.993927 11.02052 2e-06 -1.6e-05 12.10909 -3.735743 -2.866824 -1e-06 -1e-06 0.0 1.291984 -1.928556 -1.498063 14.800105 0.567502 3.865586 14.242568 -1.341741 -6.660672 19.632027 0.14395 -0.648285 50.278313 -0.990657 -6.147647 0.353029 -1.511162 -0.031907 20.222742 3.684359 2.316605 18.787254 7e-06 -2.5e-05 10.75163 -0.479862 1.397904 1e-06 -1e-06 -0.0 3.27379 0.305929 -0.58007 21.486769 11.830481 2.266111 8.162916 -4e-06 -9e-06 18.399124 -3.798985 -4.940632 4e-06 -3e-06 -2e-06 -1.975894 21.775499 -107.775803 -0.7457 0.010887 104.730164 -4.916892 -14.115973 -27.125978 1.643023 -1.784549 -0.807583 -0.0 0.0 -2e-06 6.804146 -19.766413 -111.235435 -0.03424 -0.016649 105.840042 -0.135404 8.416286 -28.146395 -1.421971 0.891876 -0.767572 0.0 -0.0 -4e-06 
0.0 0.0 0.0 0.0 -0.0 0.0 0.144706 61.046696 -1.577671 1.240781 0.027333 33.020016 -1.252727 0.041941 21.561298 -0.984528 0.02611 6.352949 -0.939376 -0.129185 18.42297 0.788611 3.147222 -27.433144 -0.361474 -0.814646 -3.429603 0.024429 -1.347289 6.820674 7.7e-05 -2.2e-05 6e-06 -0.039545 -0.019506 -0.135828 0.809609 -3.790873 -10.729708 -0.895737 3.754841 -10.721427 0.598646 -21.521805 6.255829 8.289794 -38.326614 -45.852436 4.242828 -73.03997 -3.786763 11.676835 15.68763 3.607531 -5.882062 9.861289 0.70266 -10.936813 -0.360548 7.156292 -1.1e-05 8.774839 5e-06 -15.62631 18.775219 6.639838 -1.844038 2.498506 -2.507284 -10.163634 4.678972 4.621083 -20.976088 2.7e-05 -3.3e-05 -21.226444 2.451722 -3.594099 1e-06 -5e-06 -1e-06 -1.36271 2.240814 -0.746332 -21.33493 0.584922 3.008291 -13.821259 1.6e-05 -2.3e-05 -23.887381 -0.249067 -0.839595 -60.002312 2.575997 -0.867544 -0.294061 1.679707 0.833248 -14.218199 0.093211 1.300564 -34.212193 -0.287527 0.967102 -20.033318 0.964547 1.212811 -1e-06 3e-06 -0.0 -3.440458 0.788285 0.501627 -15.928135 -3.167339 2.999707 -6.338844 1.1e-05 -8e-06 -18.123598 3.648205 -4.905771 -3e-06 2e-06 -2e-06 3.61398 33.16449 6.355346 -28.205853 40.363148 -43.197693 2.241226 63.45105 2.445367 -18.590416 -10.42002 15.140962 2.243495 -5.254951 -3.179945 14.282804 -0.826651 6.95265 0.0 -12.690639 3e-06 16.620564 -17.692652 2.629428 1.665677 -1.955925 -2.878321 4.727834 -4.170608 4.993893 11.020606 -3e-06 -1.9e-05 12.10923 -3.735731 -2.866879 -1e-06 -0.0 0.0 1.292012 -1.928576 -1.498118 14.80018 0.567485 3.865585 14.24268 -1.341736 -6.660731 19.63225 0.143952 -0.64835 50.329704 -0.953243 -6.12369 0.353061 -1.511186 -0.031968 20.222853 3.684338 2.316609 18.787399 1.1e-05 -3.6e-05 10.751691 -0.479869 1.397913 -0.0 -1e-06 -0.0 3.2739 0.305889 -0.580179 21.486814 11.830433 2.266141 8.162977 -2e-06 -1.4e-05 18.399324 -3.798959 -4.940695 4e-06 -3e-06 -1e-06 -1.928961 21.791855 -107.663666 -0.703211 0.019756 104.792511 -4.908053 -14.164791 -27.157175 1.639332 -1.790585 -0.834257 -0.0 -1e-06 -3e-06 6.781038 -19.827707 -111.14444 -0.014896 -0.015272 105.84436 -0.124003 8.449685 -28.094774 -1.422766 0.918512 -0.791552 0.0 -0.0 -6e-06 
0.0 0.0 0.0 0.0 -0.0 0.0 0.241223 61.077881 -1.481073 1.212073 -0.034304 32.969875 -1.256882 0.05764 21.584696 -0.990762 0.02411 6.357341 -0.953943 -0.165524 18.433825 0.938677 3.123659 -27.358137 -0.385329 -0.832232 -3.431065 0.060984 -1.356091 6.741465 7.7e-05 -2.2e-05 8e-06 -0.046027 -0.015337 -0.138092 0.80374 -3.788017 -10.739665 -0.903503 3.761011 -10.734144 0.623196 -21.536444 6.265546 8.107674 -38.330437 -45.977314 4.129959 -73.060478 -3.628838 11.826924 15.61394 3.543099 -5.882206 9.861113 0.702797 -10.936861 -0.360529 7.15625 8e-06 8.774858 -2e-05 -15.654284 18.741488 6.595059 -1.844027 2.498508 -2.507281 -10.163593 4.678947 4.621098 -20.976055 -2.5e-05 5.3e-05 -21.226353 2.451706 -3.593986 0.0 -8e-06 0.0 -1.362666 2.240825 -0.746336 -21.334946 0.584864 3.008359 -13.821245 -1.5e-05 3.5e-05 -23.887314 -0.249072 -0.839427 -59.957943 2.534626 -0.852318 -0.294005 1.679724 0.833242 -14.218232 0.093162 1.300603 -34.212151 -0.287578 0.967267 -20.033306 0.964552 1.212919 0.0 2e-06 -1e-06 -3.440369 0.78827 0.501638 -15.928209 -3.167381 2.999744 -6.338838 -8e-06 1.7e-05 -18.123524 3.648173 -4.905661 -3e-06 2e-06 -3e-06 3.550491 33.033104 6.285725 -28.298964 40.526634 -43.243431 2.022242 63.238583 2.29837 -18.433212 -10.43744 15.237974 2.243606 -5.255045 -3.180112 14.282863 -0.8267 6.952546 -1.8e-05 -12.690645 2e-05 16.605686 -17.695066 2.653778 1.665668 -1.955915 -2.878306 4.727799 -4.17059 4.993925 11.02056 1.3e-05 1.1e-05 12.109131 -3.735719 -2.866787 -2e-06 1e-06 1e-06 1.291979 -1.928565 -1.498082 14.800153 0.567508 3.865605 14.242608 -1.341725 -6.660655 19.632135 0.143947 -0.648229 50.382141 -0.927325 -6.109166 0.353024 -1.511165 -0.03193 20.22283 3.684374 2.31663 18.787342 1.3e-05 1.8e-05 10.751678 -0.479867 1.397923 -0.0 -2e-06 2e-06 3.273811 0.305933 -0.580092 21.486834 11.830459 2.266119 8.162955 1e-06 4e-06 18.399214 -3.798976 -4.940581 3e-06 0.0 -1e-06 -1.902458 21.84598 -107.562302 -0.663583 0.027674 104.822868 -4.871458 -14.236084 -27.176046 1.634849 -1.796021 -0.823379 0.0 0.0 2e-06 6.764199 -19.847309 -111.057907 0.006111 -0.013833 105.820343 -0.106139 8.47218 -28.011711 -1.421277 0.942388 -0.808667 0.0 -0.0 -4e-06 
0.0 0.0 0.0 0.0 -0.0 0.0 0.333082 61.124123 -1.395682 1.180623 -0.110729 32.957905 -1.258444 0.081056 21.58869 -1.010669 0.023775 6.349968 -0.960287 -0.188173 18.43569 1.063367 3.095887 -27.289371 -0.424014 -0.856252 -3.430179 0.105823 -1.371872 6.610667 7.7e-05 -2.2e-05 8e-06 -0.056068 -0.008947 -0.143734 0.795658 -3.783834 -10.753277 -0.915935 3.770213 -10.750353 0.645629 -21.538694 6.262286 7.916438 -38.330006 -46.002243 4.021185 -73.072517 -3.464544 11.938743 15.524609 3.579762 -5.882237 9.860993 0.702945 -10.936782 -0.360526 7.156322 -9e-06 8.77488 -2.5e-05 -15.665162 18.710209 6.565076 -1.844038 2.498511 -2.507289 -10.163679 4.678993 4.621069 -20.976233 1.3e-05 2.2e-05 -21.226631 2.451746 -3.594096 0.0 -7e-06 -1e-06 -1.362701 2.240867 -0.746363 -21.335058 0.584876 3.008348 -13.821354 4e-06 1.3e-05 -23.887642 -0.249054 -0.839537 -59.914364 2.504414 -0.842151 -0.294047 1.679775 0.833218 -14.218271 0.093149 1.300607 -34.212448 -0.287537 0.967199 -20.033457 0.964563 1.212877 -1e-06 0.0 -0.0 -3.440492 0.788366 0.501583 -15.928183 -3.167435 2.999782 -6.33889 -2e-06 6e-06 -18.12377 3.648203 -4.905769 -4e-06 0.0 -2e-06 3.451582 32.903431 6.180432 -28.325785 40.732464 -43.224648 1.779415 63.035305 2.127833 -18.325956 -10.503767 15.267778 2.243605 -5.254662 -3.179804 14.282724 -0.826728 6.952669 -2.5e-05 -12.690724 -3e-05 16.611397 -17.715137 2.667062 1.665682 -1.955928 -2.878326 4.727838 -4.170635 4.993877 11.020673 3.1e-05 -7e-06 12.109315 -3.735744 -2.866905 -0.0 1e-06 -1e-06 1.292001 -1.928633 -1.498139 14.800269 0.567567 3.865621 14.242756 -1.341722 -6.660748 19.632458 0.143984 -0.648304 50.435627 -0.914393 -6.121728 0.353045 -1.511261 -0.031996 20.22298 3.684466 2.316674 18.787519 5.9e-05 3e-06 10.751764 -0.479846 1.397958 -0.0 0.0 -1e-06 3.273914 0.30581 -0.580224 21.486954 11.830614 2.266251 8.163033 2.4e-05 -3e-06 18.39949 -3.798914 -4.940691 3e-06 -0.0 -2e-06 -1.906636 21.913595 -107.480217 -0.63468 0.0318 104.819115 -4.829887 -14.302553 -27.172995 1.629753 -1.8019 -0.784743 -0.0 0.0 -1e-06 6.755859 -19.836002 -110.97924 0.01225 -0.013119 105.76783 -0.111066 8.507246 -27.957041 -1.418556 0.95527 -0.817636 -0.0 -0.0 1e-06 
0.0 0.0 0.0 0.0 -0.0 0.0 0.4059 61.191963 -1.309689 1.155971 -0.186807 33.000828 -1.254791 0.096678 21.563725 -1.049193 0.036692 6.340882 -0.948858 -0.205982 18.43306 1.145316 3.082227 -27.266146 -0.462296 -0.888123 -3.423338 0.174929 -1.410887 6.474032 7.7e-05 -2.2e-05 7e-06 -0.05764 -0.008206 -0.147814 0.793834 -3.78673 -10.764146 -0.917561 3.775319 -10.761258 0.648698 -21.532438 6.229464 7.74257 -38.305477 -45.930668 3.935182 -73.10675 -3.334541 11.983777 15.464341 3.680116 -5.882114 9.861387 0.702545 -10.936921 -0.360636 7.156187 1.7e-05 8.774773 4e-06 -15.650146 18.677036 6.54827 -1.84402 2.498497 -2.507272 -10.163533 4.678891 4.621124 -20.975899 -3.6e-05 3.5e-05 -21.226147 2.451628 -3.593915 -1e-06 -7e-06 2e-06 -1.362653 2.240735 -0.746311 -21.334826 0.584929 3.008332 -13.82114 -2e-05 2.8e-05 -23.887035 -0.249118 -0.839388 -59.856922 2.500568 -0.86979 -0.293988 1.679606 0.833267 -14.218174 0.093271 1.300579 -34.211864 -0.287586 0.967245 -20.03315 0.964547 1.212892 0.0 -0.0 0.0 -3.440288 0.788103 0.501693 -15.928196 -3.167192 2.999674 -6.338791 -1e-05 1.4e-05 -18.123325 3.648123 -4.905601 -3e-06 0.0 -3e-06 3.344048 32.789127 6.03788 -28.282982 40.95245 -43.148834 1.592746 62.849777 2.016976 -18.275026 -10.555593 15.213221 2.243665 -5.254861 -3.179985 14.282899 -0.826538 6.952526 -2e-05 -12.690594 -2.9e-05 16.627964 -17.744036 2.679082 1.665659 -1.955927 -2.8783 4.727789 -4.170584 4.993905 11.020557 2.4e-05 2.2e-05 12.109118 -3.735692 -2.866806 2e-06 -1e-06 -0.0 1.291966 -1.928549 -1.498112 14.800151 0.567472 3.865648 14.242592 -1.341721 -6.660657 19.632116 0.143941 -0.648192 50.463444 -0.909982 -6.141666 0.353003 -1.511149 -0.03197 20.222834 3.684306 2.316692 18.787336 2.6e-05 5.6e-05 10.75168 -0.479865 1.397962 -1e-06 -3e-06 -1e-06 3.273775 0.30596 -0.580136 21.486874 11.830341 2.266208 8.162963 1e-05 2.5e-05 18.399227 -3.798958 -4.940538 4e-06 -3e-06 0.0 -1.95489 21.964859 -107.43972 -0.624684 0.032355 104.772881 -4.805726 -14.334122 -27.112911 1.625442 -1.800857 -0.736369 0.0 0.0 1e-06 6.767223 -19.80756 -110.931435 0.007385 -0.012605 105.668816 -0.119372 8.527857 -27.910835 -1.416147 0.961115 -0.810333 0.0 1e-06 -0.0 
0.0 0.0 0.0 0.0 -0.0 0.0 0.456236 61.305862 -1.219299 1.14156 -0.263676 33.100651 -1.239823 0.103142 21.502178 -1.087721 0.050957 6.331395 -0.959803 -0.208945 18.435837 1.200547 3.069567 -27.281065 -0.473382 -0.933977 -3.409228 0.268538 -1.471919 6.345901 7.7e-05 -2.2e-05 9e-06 -0.054239 -0.011092 -0.150059 0.796831 -3.792358 -10.771441 -0.913651 3.775698 -10.765829 0.65306 -21.512508 6.168396 7.584979 -38.26704 -45.848324 3.813946 -73.175156 -3.203147 11.962476 15.412927 3.811494 -5.882184 9.861125 0.702875 -10.936773 -0.360456 7.156348 2e-06 8.774887 -4e-06 -15.615203 18.634815 6.52775 -1.844041 2.498511 -2.507291 -10.163671 4.678979 4.621076 -20.976219 -4e-06 1.6e-05 -21.226606 2.451736 -3.594074 0.0 -6e-06 -1e-06 -1.362703 2.240849 -0.746341 -21.335035 0.584862 3.008321 -13.821343 -5e-06 5e-06 -23.887617 -0.249074 -0.839529 -59.791279 2.499699 -0.936908 -0.294052 1.679753 0.833236 -14.218265 0.093143 1.300575 -34.21241 -0.287559 0.967191 -20.033449 0.964551 1.212875 -1e-06 2e-06 -0.0 -3.44048 0.788339 0.501607 -15.928183 -3.167435 2.999732 -6.338882 -0.0 3e-06 -18.123745 3.648188 -4.90575 -3e-06 -1e-06 -3e-06 3.247941 32.690765 5.895299 -28.182133 41.177086 -43.065304 1.47449 62.712303 1.978211 -18.321611 -10.600892 15.149059 2.243566 -5.254858 -3.179893 14.282791 -0.826684 6.952637 -1.7e-05 -12.690663 -3e-06 16.658903 -17.77804 2.692166 1.665676 -1.955924 -2.878321 4.727826 -4.170609 4.993893 11.020609 1.9e-05 -6e-06 12.109211 -3.735722 -2.866857 2e-06 0.0 -0.0 1.291995 -1.928594 -1.498121 14.800207 0.567519 3.865602 14.242672 -1.341724 -6.660713 19.632273 0.143974 -0.648292 50.460682 -0.904242 -6.155171 0.353046 -1.511208 -0.031971 20.222889 3.68439 2.316637 18.787416 3.1e-05 -4e-06 10.751706 -0.479858 1.397935 -2e-06 3e-06 -2e-06 3.273874 0.305869 -0.580176 21.48687 11.830497 2.266173 8.162985 1.1e-05 -1e-06 18.399311 -3.798934 -4.940641 3e-06 -3e-06 -1e-06 -2.048935 21.991959 -107.428734 -0.634786 0.033516 104.653481 -4.830545 -14.290788 -26.983763 1.623296 -1.795866 -0.674984 0.0 1e-06 6e-06 6.791958 -19.747965 -110.903854 0.001628 -0.012326 105.499893 -0.11395 8.511918 -27.860771 -1.415059 0.961482 -0.772197 0.0 -0.0 -0.0 
0.0 0.0 0.0 0.0 -0.0 0.0 0.489083 61.470722 -1.128279 1.139441 -0.327379 33.240482 -1.214166 0.0929 21.429781 -1.112291 0.064244 6.32828 -0.996945 -0.199445 18.414005 1.254778 3.050333 -27.289879 -0.474189 -0.974205 -3.391806 0.384163 -1.540009 6.259598 7.7e-05 -2.2e-05 5e-06 -0.044579 -0.019215 -0.149247 0.803751 -3.801691 -10.774961 -0.900972 3.769327 -10.766085 0.64627 -21.493786 6.105124 7.448256 -38.205116 -45.779137 3.712926 -73.303452 -3.110771 11.921015 15.349566 3.975239 -5.882033 9.861455 0.702183 -10.93691 -0.360689 7.156049 -2.1e-05 8.774782 -4e-06 -15.561702 18.605034 6.519966 -1.84403 2.498503 -2.507253 -10.163574 4.678942 4.621123 -20.975969 3.2e-05 -1.9e-05 -21.226286 2.45172 -3.594027 0.0 -8e-06 -2e-06 -1.36269 2.24076 -0.746298 -21.334835 0.584971 3.008313 -13.821179 1.4e-05 -1.7e-05 -23.887167 -0.249047 -0.839534 -59.754971 2.493678 -1.017227 -0.294039 1.67964 0.833282 -14.218154 0.093277 1.300586 -34.211983 -0.28752 0.967105 -20.033209 0.964541 1.212799 0.0 1e-06 -0.0 -3.440383 0.788184 0.501704 -15.928131 -3.167225 2.999687 -6.338807 1e-05 -6e-06 -18.123432 3.648206 -4.905689 -4e-06 2e-06 -2e-06 3.177963 32.592869 5.761677 -28.026464 41.419643 -42.972359 1.405607 62.642372 1.989962 -18.436672 -10.660722 15.024506 2.243389 -5.255164 -3.180382 14.282783 -0.826524 6.952471 -8e-06 -12.69056 6e-06 16.723862 -17.818508 2.689083 1.665677 -1.955922 -2.878292 4.72782 -4.170575 4.993911 11.020561 2e-06 -3.8e-05 12.109174 -3.735683 -2.866847 -2e-06 -1e-06 0.0 1.292009 -1.928524 -1.498088 14.800134 0.567436 3.865569 14.242625 -1.341714 -6.6607 19.632132 0.143992 -0.648357 50.446774 -0.886954 -6.169943 0.353059 -1.511111 -0.031942 20.222792 3.684256 2.316578 18.787312 3.3e-05 -7.3e-05 10.751647 -0.479847 1.397877 -1e-06 3e-06 -3e-06 3.273855 0.305992 -0.580129 21.486786 11.830267 2.266095 8.16293 7e-06 -3.6e-05 18.399181 -3.798891 -4.940681 4e-06 -5e-06 -0.0 -2.189692 21.987867 -107.421837 -0.655785 0.033537 104.454361 -4.854427 -14.184625 -26.813639 1.623572 -1.789017 -0.633854 0.0 1e-06 -0.0 6.827158 -19.681465 -110.875244 0.008831 -0.005713 105.249832 -0.075784 8.442595 -27.811665 -1.414836 0.951468 -0.708176 -0.0 -0.0 2e-06 
0.0 0.0 0.0 0.0 -0.0 0.0 0.514983 61.66568 -1.028444 1.148278 -0.38474 33.376217 -1.180787 0.082607 21.3547 -1.127897 0.070826 6.341953 -1.053225 -0.176111 18.389341 1.293776 3.023005 -27.295338 -0.446916 -0.97684 -3.380276 0.510052 -1.627307 6.216968 7.7e-05 -2.2e-05 1e-05 -0.033544 -0.028095 -0.146345 0.810386 -3.810105 -10.777405 -0.884943 3.76025 -10.766165 0.608464 -21.464981 6.065893 7.352109 -38.133232 -45.767757 3.72576 -73.528465 -3.156252 11.924444 15.245834 4.201186 -5.88224 9.860994 0.702822 -10.936849 -0.360638 7.156244 -1.8e-05 8.774848 -3.7e-05 -15.484208 18.597258 6.530077 -1.844033 2.498514 -2.507283 -10.163652 4.678988 4.621077 -20.976183 3.1e-05 2.7e-05 -21.226566 2.451751 -3.594093 -1e-06 -5e-06 2e-06 -1.362696 2.240846 -0.746359 -21.335005 0.584919 3.008369 -13.821321 1.6e-05 1.6e-05 -23.887548 -0.249031 -0.839537 -59.774136 2.506568 -1.0934 -0.294046 1.679747 0.833209 -14.218237 0.093195 1.300634 -34.212349 -0.287515 0.967212 -20.033413 0.964573 1.212884 0.0 3e-06 -0.0 -3.440459 0.788326 0.501593 -15.928176 -3.167369 2.999804 -6.338879 5e-06 9e-06 -18.123713 3.648222 -4.905754 -4e-06 -1e-06 -3e-06 3.156129 32.48455 5.642989 -27.833176 41.669056 -42.92767 1.433637 62.668747 2.061379 -18.617649 -10.718093 14.860733 2.243564 -5.254957 -3.180229 14.282793 -0.826577 6.952467 -2e-05 -12.690607 -1.6e-05 16.821592 -17.858868 2.658607 1.665675 -1.955922 -2.878296 4.727813 -4.170588 4.99391 11.020586 2e-05 -7e-06 12.109165 -3.735693 -2.866815 0.0 -2e-06 0.0 1.291988 -1.928554 -1.498098 14.800185 0.567487 3.865611 14.242641 -1.341714 -6.660671 19.632185 0.143985 -0.648256 50.421745 -0.880758 -6.220353 0.353033 -1.511156 -0.031952 20.222872 3.684337 2.316641 18.787373 5e-05 -1.1e-05 10.751684 -0.479846 1.397917 -0.0 -2e-06 -0.0 3.273842 0.305947 -0.580137 21.486877 11.830378 2.266161 8.162962 1.7e-05 -1.3e-05 18.399246 -3.798905 -4.940621 4e-06 -2e-06 -1e-06 -2.332781 21.951746 -107.357567 -0.683664 0.030182 104.205452 -4.877056 -14.00152 -26.647863 1.625323 -1.781318 -0.632166 -1e-06 0.0 2e-06 6.838447 -19.622168 -110.803215 0.019487 0.001878 104.951462 -0.018033 8.365835 -27.778618 -1.415445 0.932168 -0.63982 1e-06 1e-06 -0.0 
0.0 0.0 0.0 0.0 -0.0 0.0 0.556065 61.867859 -0.908769 1.170687 -0.442702 33.474731 -1.159609 0.074699 21.298277 -1.120081 0.067922 6.357543 -1.135589 -0.146372 18.360308 1.325416 2.989532 -27.25621 -0.398898 -0.914505 -3.382874 0.643486 -1.758615 6.12592 7.7e-05 -2.2e-05 5e-06 -0.017192 -0.038886 -0.143736 0.82058 -3.815422 -10.771212 -0.861974 3.744344 -10.760345 0.543436 -21.409389 6.093566 7.323608 -38.080265 -45.781525 4.140446 -73.794106 -3.626896 12.026318 15.077086 4.529 -5.882164 9.861093 0.703081 -10.936728 -0.360465 7.156471 -1.4e-05 8.774882 2e-06 -15.416884 18.603441 6.55152 -1.844047 2.498511 -2.507305 -10.163716 4.679005 4.621052 -20.976303 3.4e-05 -2.1e-05 -21.226746 2.451755 -3.59415 1e-06 -6e-06 -1e-06 -1.362729 2.240864 -0.746369 -21.335083 0.584889 3.008295 -13.821391 1.8e-05 -1.5e-05 -23.887762 -0.24906 -0.839614 -59.856022 2.548753 -1.153918 -0.294085 1.679772 0.833209 -14.218268 0.093153 1.300562 -34.212555 -0.28752 0.967127 -20.03352 0.964566 1.212837 -1e-06 1e-06 -0.0 -3.440553 0.788381 0.50156 -15.928142 -3.167437 2.999743 -6.338904 1.1e-05 -8e-06 -18.123863 3.648206 -4.905828 -3e-06 2e-06 -3e-06 3.171664 32.387508 5.560438 -27.57028 41.938885 -42.895851 1.450604 62.808693 2.069619 -18.86849 -10.708234 14.663721 2.243581 -5.254763 -3.179681 14.282748 -0.826712 6.952754 -6e-06 -12.690688 -1e-06 16.908237 -17.879045 2.613122 1.66568 -1.955925 -2.878334 4.727856 -4.170629 4.993875 11.020688 4e-06 -6e-06 12.109351 -3.735753 -2.866895 -1e-06 -3e-06 0.0 1.29202 -1.928609 -1.498145 14.800261 0.56752 3.865599 14.24278 -1.341733 -6.660756 19.6325 0.143933 -0.64834 50.389397 -0.891856 -6.283713 0.353073 -1.511232 -0.032002 20.222954 3.684398 2.316637 18.787542 1.5e-05 -1.3e-05 10.751771 -0.479871 1.397944 0.0 -0.0 0.0 3.273957 0.305829 -0.580228 21.486879 11.830521 2.266182 8.163035 3e-06 -1e-05 18.399508 -3.798953 -4.940708 3e-06 0.0 -1e-06 -2.421134 21.87302 -107.203766 -0.706385 0.026254 103.935013 -4.927531 -13.77206 -26.532701 1.629473 -1.744242 -0.682636 0.0 0.0 -0.0 6.806985 -19.569395 -110.672401 0.020528 0.004817 104.658455 0.073916 8.31425 -27.752481 -1.417506 0.919386 -0.574188 0.0 -0.0 -5e-06 
0.0 0.0 0.0 0.0 -0.0 0.0 0.615724 62.072205 -0.762273 1.216571 -0.475054 33.482002 -1.160022 0.054288 21.279713 -1.066273 0.054382 6.374083 -1.253883 -0.115098 18.352591 1.355978 2.930858 -27.175104 -0.391345 -0.779968 -3.410612 0.827022 -1.96045 5.914944 7.7e-05 -2.2e-05 5e-06 0.001189 -0.05131 -0.139833 0.834524 -3.817446 -10.756667 -0.839202 3.722046 -10.749455 0.47128 -21.362829 6.200793 7.353975 -38.058525 -45.913826 4.884006 -74.022324 -4.448331 12.212587 14.871486 4.944435 -5.882181 9.861226 0.702683 -10.936865 -0.360567 7.156245 4e-06 8.774835 -7e-06 -15.419103 18.60557 6.568186 -1.844025 2.498503 -2.507275 -10.163604 4.678946 4.621104 -20.976067 -4e-06 3e-05 -21.226404 2.451712 -3.59401 0.0 -6e-06 2e-06 -1.362672 2.240796 -0.746326 -21.334929 0.584901 3.008343 -13.821246 -2e-06 1.9e-05 -23.887348 -0.249065 -0.83947 -59.990223 2.566478 -1.135536 -0.294014 1.679683 0.833254 -14.218218 0.093204 1.300591 -34.212185 -0.287548 0.967219 -20.033331 0.964563 1.212883 0.0 2e-06 -1e-06 -3.440382 0.788224 0.501657 -15.928185 -3.167316 2.999724 -6.338847 -1e-06 9e-06 -18.123573 3.648177 -4.90569 -4e-06 3e-06 -2e-06 3.208614 32.287113 5.582491 -27.331736 42.249363 -43.031227 1.46654 63.021854 2.020186 -19.144222 -10.58848 14.45802 2.243675 -5.254884 -3.17993 14.282894 -0.826695 6.9526 -1.5e-05 -12.690671 -2e-06 16.961901 -17.878067 2.574666 1.66566 -1.955924 -2.878311 4.727797 -4.170602 4.993912 11.020569 1.5e-05 2.3e-05 12.109127 -3.735737 -2.866811 -2e-06 -1e-06 1e-06 1.291967 -1.92858 -1.498103 14.800164 0.567517 3.86563 14.242606 -1.341734 -6.66067 19.632141 0.143931 -0.648217 50.389317 -0.944417 -6.296572 0.353015 -1.511194 -0.031953 20.222837 3.684386 2.316674 18.787354 8e-06 5.3e-05 10.751688 -0.479881 1.397962 -0.0 -2e-06 -0.0 3.273797 0.305902 -0.580121 21.486853 11.8305 2.266181 8.162968 2e-06 2.4e-05 18.39925 -3.799002 -4.940564 4e-06 0.0 -1e-06 -2.446816 21.73344 -106.946823 -0.7049 0.027526 103.68351 -4.961025 -13.54348 -26.456198 1.637555 -1.688136 -0.734532 -0.0 -1e-06 4e-06 6.722768 -19.56913 -110.443596 0.009342 0.001798 104.410851 0.141097 8.29664 -27.726795 -1.422236 0.93077 -0.594225 -0.0 -1e-06 1e-06 
0.0 0.0 0.0 0.0 -0.0 0.0 0.684573 62.225277 -0.603514 1.27528 -0.424432 33.371826 -1.179827 0.001981 21.285173 -0.968685 0.013897 6.414223 -1.369405 -0.084423 18.413416 1.39798 2.855743 -27.150623 -0.460859 -0.64051 -3.467961 1.038891 -2.116216 5.765927 7.7e-05 -2.2e-05 7e-06 0.025326 -0.069709 -0.138101 0.862017 -3.826275 -10.759002 -0.818674 3.694597 -10.755909 0.455803 -21.345476 6.236251 7.276824 -38.040771 -46.150322 5.385837 -74.246803 -5.051002 12.48592 14.64096 5.370213 -5.882041 9.861588 0.701792 -10.937067 -0.360838 7.155811 1.3e-05 8.774698 -1.5e-05 -15.488383 18.586304 6.559551 -1.844008 2.498489 -2.507224 -10.163424 4.678843 4.621179 -20.975647 -4.2e-05 4.5e-05 -21.225792 2.451588 -3.593808 0.0 -7e-06 -1e-06 -1.362613 2.240662 -0.746262 -21.334635 0.584987 3.008368 -13.820981 -2.7e-05 3.4e-05 -23.886581 -0.24912 -0.839303 -60.104641 2.522316 -1.055854 -0.29394 1.67951 0.833314 -14.218087 0.093363 1.300623 -34.211407 -0.287606 0.967247 -20.032906 0.964511 1.21288 0.0 2e-06 -0.0 -3.440143 0.78796 0.501802 -15.928203 -3.16704 2.999664 -6.338722 -1.6e-05 1.3e-05 -18.123011 3.64811 -4.90549 -4e-06 0.0 -2e-06 3.273073 32.20232 5.628961 -27.141457 42.551357 -43.297752 1.57125 63.309361 2.068261 -19.325565 -10.447335 14.340699 2.243504 -5.255515 -3.180978 14.283034 -0.826362 6.952103 -3e-05 -12.690423 5e-06 16.94656 -17.852245 2.618009 1.665644 -1.95591 -2.878242 4.727706 -4.170501 4.993987 11.020329 3e-05 8e-06 12.108729 -3.735587 -2.866645 1e-06 -1e-06 0.0 1.291918 -1.928418 -1.498001 14.799939 0.567375 3.865617 14.242291 -1.341695 -6.66051 19.63143 0.143996 -0.648093 50.522968 -1.035335 -6.163436 0.352945 -1.510977 -0.031853 20.222559 3.684139 2.31662 18.786936 3.3e-05 3.1e-05 10.751478 -0.479845 1.397886 -2e-06 -1e-06 -0.0 3.273557 0.306211 -0.579924 21.486734 11.830027 2.266038 8.162786 1.3e-05 1.4e-05 18.398642 -3.798927 -4.940387 3e-06 -3e-06 -3e-06 -2.399376 21.562391 -106.597969 -0.691004 0.039418 103.490013 -5.001094 -13.328337 -26.496668 1.64853 -1.663049 -0.63107 0.0 0.0 8e-06 6.591196 -19.674328 -110.128708 -0.024041 -0.005298 104.253433 0.154502 8.283381 -27.723497 -1.431483 0.951085 -0.747063 -0.0 -1e-06 5e-06 
