HIERARCHY
ROOT Root
{
  OFFSET 0.0 0.0 0.0
  CHANNELS 6 Xposition Yposition Zposition Zrotation Yrotation Xrotation
  JOINT Hips
  {
    OFFSET 0.0 100.0 0.0
    CHANNELS 6 Xposition Yposition Zposition Zrotation Yrotation Xrotation
    JOINT Spine1
    {
      OFFSET -0.013727 5.003763 -0.053727
      CHANNELS 3 Zrotation Yrotation Xrotation
      JOINT Spine2
      {
        OFFSET -0.0 7.125301 -0.029825
        CHANNELS 3 Zrotation Yrotation Xrotation
        JOINT Chest
        {
          OFFSET -1e-06 7.550063 -0.815971
          CHANNELS 3 Zrotation Yrotation Xrotation
          JOINT Neck1
          {
            OFFSET -0.181677 26.311295 -0.553348
            CHANNELS 3 Zrotation Yrotation Xrotation
            JOINT Neck2
            {
              OFFSET -3e-06 7.709397 2.302585
              CHANNELS 3 Zrotation Yrotation Xrotation
              JOINT Head
              {
                OFFSET -5e-06 6.128916 1.953709
                CHANNELS 3 Zrotation Yrotation Xrotation
                JOINT HeadEnd
                {
                  OFFSET 0.003598 16.065403 -1.835379
                  CHANNELS 3 Zrotation Yrotation Xrotation
                }
                JOINT Jaw
                {
                  OFFSET 0.002637 0.475592 3.094941
                  CHANNELS 3 Zrotation Yrotation Xrotation
                }
                JOINT LeftEye
                {
                  OFFSET 3.206381 5.380205 7.586883
                  CHANNELS 3 Zrotation Yrotation Xrotation
                }
                JOINT RightEye
                {
                  OFFSET -3.22244 5.361869 7.558234
                  CHANNELS 3 Zrotation Yrotation Xrotation
                }
              }
            }
          }
          JOINT LeftShoulder
          {
            OFFSET 1.621652 23.237164 5.113413
            CHANNELS 3 Zrotation Yrotation Xrotation
            JOINT LeftArm
            {
              OFFSET 14.919846 2e-06 -5.502326
              CHANNELS 3 Zrotation Yrotation Xrotation
              JOINT LeftForeArm
              {
                OFFSET 28.739307 0.0 -0.002588
                CHANNELS 3 Zrotation Yrotation Xrotation
                JOINT LeftHand
                {
                  OFFSET 27.093981 -1e-06 0.002609
                  CHANNELS 3 Zrotation Yrotation Xrotation
                  JOINT LeftHandThumb1
                  {
                    OFFSET 2.276482 -1.392045 3.191413
                    CHANNELS 3 Zrotation Yrotation Xrotation
                    JOINT LeftHandThumb2
                    {
                      OFFSET 4.012836 -1.828127 1.641654
                      CHANNELS 3 Zrotation Yrotation Xrotation
                      JOINT LeftHandThumb3
                      {
                        OFFSET 2.798515 0.0 -3e-06
                        CHANNELS 3 Zrotation Yrotation Xrotation
                        JOINT LeftHandThumbEnd
                        {
                          OFFSET 3.180793 -4e-06 4e-06
                          CHANNELS 3 Zrotation Yrotation Xrotation
                        }
                      }
                    }
                  }
                  JOINT LeftHandIndex1
                  {
                    OFFSET 3.247555 -0.531998 2.296169
                    CHANNELS 3 Zrotation Yrotation Xrotation
                    JOINT LeftHandIndex2
                    {
                      OFFSET 6.364578 0.01206 0.1786
                      CHANNELS 3 Zrotation Yrotation Xrotation
                      JOINT LeftHandIndex3
                      {
                        OFFSET 3.662364 0.0 0.0
                        CHANNELS 3 Zrotation Yrotation Xrotation
                        JOINT LeftHandIndex4
                        {
                          OFFSET 2.329242 4e-06 4e-06
                          CHANNELS 3 Zrotation Yrotation Xrotation
                          JOINT LeftHandIndexEnd
                          {
                            OFFSET 2.759615 -0.180537 -0.113024
                            CHANNELS 3 Zrotation Yrotation Xrotation
                          }
                        }
                      }
                    }
                  }
                  JOINT LeftHandMiddle1
                  {
                    OFFSET 3.163495 0.240981 1.000332
                    CHANNELS 3 Zrotation Yrotation Xrotation
                    JOINT LeftHandMiddle2
                    {
                      OFFSET 6.19078 -0.259278 -1.002548
                      CHANNELS 3 Zrotation Yrotation Xrotation
                      JOINT LeftHandMiddle3
                      {
                        OFFSET 4.35652 -4e-06 -1e-06
                        CHANNELS 3 Zrotation Yrotation Xrotation
                        JOINT LeftHandMiddle4
                        {
                          OFFSET 2.996877 -8e-06 0.0
                          CHANNELS 3 Zrotation Yrotation Xrotation
                          JOINT LeftHandMiddleEnd
                          {
                            OFFSET 2.304287 -0.294569 -0.031741
                            CHANNELS 3 Zrotation Yrotation Xrotation
                          }
                        }
                      }
                    }
                  }
                  JOINT LeftHandRing1
                  {
                    OFFSET 2.882643 -0.053652 -0.322543
                    CHANNELS 3 Zrotation Yrotation Xrotation
                    JOINT LeftHandRing2
                    {
                      OFFSET 5.854541 -0.486202 -1.373841
                      CHANNELS 3 Zrotation Yrotation Xrotation
                      JOINT LeftHandRing3
                      {
                        OFFSET 4.350578 0.0 3e-06
                        CHANNELS 3 Zrotation Yrotation Xrotation
                        JOINT LeftHandRing4
                        {
                          OFFSET 2.651321 7e-06 2e-06
                          CHANNELS 3 Zrotation Yrotation Xrotation
                          JOINT LeftHandRingEnd
                          {
                            OFFSET 1.936105 0.077687 -7.1e-05
                            CHANNELS 3 Zrotation Yrotation Xrotation
                          }
                        }
                      }
                    }
                  }
                  JOINT LeftHandPinky1
                  {
                    OFFSET 2.8655 -0.310005 -1.600378
                    CHANNELS 3 Zrotation Yrotation Xrotation
                    JOINT LeftHandPinky2
                    {
                      OFFSET 5.087849 -1.331141 -1.77123
                      CHANNELS 3 Zrotation Yrotation Xrotation
                      JOINT LeftHandPinky3
                      {
                        OFFSET 3.070974 4e-06 0.0
                        CHANNELS 3 Zrotation Yrotation Xrotation
                        JOINT LeftHandPinky4
                        {
                          OFFSET 1.549672 0.0 1e-06
                          CHANNELS 3 Zrotation Yrotation Xrotation
                          JOINT LeftHandPinkyEnd
                          {
                            OFFSET 1.944893 -0.157802 0.057219
                            CHANNELS 3 Zrotation Yrotation Xrotation
                          }
                        }
                      }
                    }
                  }
                }
              }
            }
          }
          JOINT RightShoulder
          {
            OFFSET -1.380118 23.180309 5.214158
            CHANNELS 3 Zrotation Yrotation Xrotation
            JOINT RightArm
            {
              OFFSET -15.037196 1.2e-05 -5.545604
              CHANNELS 3 Zrotation Yrotation Xrotation
              JOINT RightForeArm
              {
                OFFSET -28.736639 2e-06 -0.002597
                CHANNELS 3 Zrotation Yrotation Xrotation
                JOINT RightHand
                {
                  OFFSET -27.133619 -0.0 0.002613
                  CHANNELS 3 Zrotation Yrotation Xrotation
                  JOINT RightHandThumb1
                  {
                    OFFSET -2.274032 -1.383988 3.163127
                    CHANNELS 3 Zrotation Yrotation Xrotation
                    JOINT RightHandThumb2
                    {
                      OFFSET -4.011429 -1.827466 1.640914
                      CHANNELS 3 Zrotation Yrotation Xrotation
                      JOINT RightHandThumb3
                      {
                        OFFSET -2.794935 -4e-06 -3e-06
                        CHANNELS 3 Zrotation Yrotation Xrotation
                        JOINT RightHandThumbEnd
                        {
                          OFFSET -3.183852 4e-06 1e-06
                          CHANNELS 3 Zrotation Yrotation Xrotation
                        }
                      }
                    }
                  }
                  JOINT RightHandIndex1
                  {
                    OFFSET -3.253266 -0.520057 2.282866
                    CHANNELS 3 Zrotation Yrotation Xrotation
                    JOINT RightHandIndex2
                    {
                      OFFSET -6.341917 0.012471 0.178266
                      CHANNELS 3 Zrotation Yrotation Xrotation
                      JOINT RightHandIndex3
                      {
                        OFFSET -3.654871 -8e-06 -0.0
                        CHANNELS 3 Zrotation Yrotation Xrotation
                        JOINT RightHandIndex4
                        {
                          OFFSET -2.327586 0.0 1e-06
                          CHANNELS 3 Zrotation Yrotation Xrotation
                          JOINT RightHandIndexEnd
                          {
                            OFFSET -2.76179 -0.180656 -0.113078
                            CHANNELS 3 Zrotation Yrotation Xrotation
                          }
                        }
                      }
                    }
                  }
                  JOINT RightHandMiddle1
                  {
                    OFFSET -3.168106 0.246593 1.00103
                    CHANNELS 3 Zrotation Yrotation Xrotation
                    JOINT RightHandMiddle2
                    {
                      OFFSET -6.180828 -0.258836 -1.000895
                      CHANNELS 3 Zrotation Yrotation Xrotation
                      JOINT RightHandMiddle3
                      {
                        OFFSET -4.348901 0.0 -0.0
                        CHANNELS 3 Zrotation Yrotation Xrotation
                        JOINT RightHandMiddle4
                        {
                          OFFSET -3.00024 -4e-06 -2e-06
                          CHANNELS 3 Zrotation Yrotation Xrotation
                          JOINT RightHandMiddleEnd
                          {
                            OFFSET -2.30252 -0.29437 -0.031706
                            CHANNELS 3 Zrotation Yrotation Xrotation
                          }
                        }
                      }
                    }
                  }
                  JOINT RightHandRing1
                  {
                    OFFSET -2.88569 -0.067952 -0.308858
                    CHANNELS 3 Zrotation Yrotation Xrotation
                    JOINT RightHandRing2
                    {
                      OFFSET -5.854198 -0.48613 -1.373731
                      CHANNELS 3 Zrotation Yrotation Xrotation
                      JOINT RightHandRing3
                      {
                        OFFSET -4.33881 -4e-06 -0.0
                        CHANNELS 3 Zrotation Yrotation Xrotation
                        JOINT RightHandRing4
                        {
                          OFFSET -2.654903 -4e-06 4e-06
                          CHANNELS 3 Zrotation Yrotation Xrotation
                          JOINT RightHandRingEnd
                          {
                            OFFSET -1.933568 0.077527 -5.2e-05
                            CHANNELS 3 Zrotation Yrotation Xrotation
                          }
                        }
                      }
                    }
                  }
                  JOINT RightHandPinky1
                  {
                    OFFSET -2.866425 -0.342796 -1.584145
                    CHANNELS 3 Zrotation Yrotation Xrotation
                    JOINT RightHandPinky2
                    {
                      OFFSET -5.091371 -1.332055 -1.772385
                      CHANNELS 3 Zrotation Yrotation Xrotation
                      JOINT RightHandPinky3
                      {
                        OFFSET -3.062664 -4e-06 1e-06
                        CHANNELS 3 Zrotation Yrotation Xrotation
                        JOINT RightHandPinky4
                        {
                          OFFSET -1.546529 4e-06 -2e-06
                          CHANNELS 3 Zrotation Yrotation Xrotation
                          JOINT RightHandPinkyEnd
                          {
                            OFFSET -1.945119 -0.157718 0.057211
                            CHANNELS 3 Zrotation Yrotation Xrotation
                          }
                        }
                      }
                    }
                  }
                }
              }
            }
          }
        }
      }
    }
    JOINT LeftLeg
    {
      OFFSET 10.043214 -8.434526 2.595655
      CHANNELS 3 Zrotation Yrotation Xrotation
      JOINT LeftShin
      {
        OFFSET -1e-06 -43.221752 -0.802913
        CHANNELS 3 Zrotation Yrotation Xrotation
        JOINT LeftFoot
        {
          OFFSET 1e-06 -42.155094 -3.481523
          CHANNELS 3 Zrotation Yrotation Xrotation
          JOINT LeftToeBase
          {
            OFFSET 0.0 -5.059472 13.231529
            CHANNELS 3 Zrotation Yrotation Xrotation
            JOINT LeftToeEnd
            {
              OFFSET -0.009607 -1.647619 6.513017
              CHANNELS 3 Zrotation Yrotation Xrotation
            }
          }
        }
      }
    }
    JOINT RightLeg
    {
      OFFSET -10.047278 -8.29526 2.620317
      CHANNELS 3 Zrotation Yrotation Xrotation
      JOINT RightShin
      {
        OFFSET 1e-06 -43.362206 -0.805556
        CHANNELS 3 Zrotation Yrotation Xrotation
        JOINT RightFoot
        {
          OFFSET 2e-06 -42.117393 -3.478398
          CHANNELS 3 Zrotation Yrotation Xrotation
          JOINT RightToeBase
          {
            OFFSET -0.0 -5.079609 13.284196
            CHANNELS 3 Zrotation Yrotation Xrotation
            JOINT RightToeEnd
            {
              OFFSET 0.009532 -1.634378 6.460591
              CHANNELS 3 Zrotation Yrotation Xrotation
            }
          }
        }
      }
    }
  }
}
MOTION
Frames: 120
Frame Time: 0.03333333333333333
0.0 0.0 0.0 0.0 -0.0 0.0 -2.449905 100.536835 4.816141 0.741808 0.018846 -0.289657 -0.6306 -0.054026 -3.907007 -0.67438 0.098916 -6.548473 0.693839 -1.803742 11.886401 -0.496192 3.015154 6.098338 -1.000866 -1.029674 -3.607013 -0.821705 -2.02872 -4.703941 7.7e-05 -2.2e-05 6e-06 0.027445 -0.001195 0.015729 0.73505 -3.722801 -10.554449 -0.683602 3.72577 -10.559405 -16.930004 -2.88325 16.703072 -56.977177 -13.076764 29.615332 0.158417 -24.827433 -0.088397 3.671261 3.046907 -7.296484 -5.882123 9.861183 0.702793 -10.936818 -0.36052 7.156314 -3e-06 8.774858 -4e-06 -16.250544 18.004116 5.94847 -1.844035 2.498507 -2.507292 -10.16363 4.678965 4.621085 -20.976124 3e-06 2e-06 -21.226484 2.451717 -3.594067 2e-06 -6e-06 -2e-06 -1.362692 2.240827 -0.746344 -21.334957 0.58489 3.008318 -13.821272 4e-06 4e-06 -23.887413 -0.249079 -0.839524 -60.496456 2.574623 -1.352954 -0.29404 1.679724 0.833236 -14.218224 0.093178 1.300577 -34.21225 -0.287555 0.967176 -20.03335 0.964547 1.212861 1e-06 1e-06 2e-06 -3.44043 0.788291 0.501616 -15.92817 -3.167376 2.999729 -6.338856 -0.0 1e-06 -18.123631 3.648182 -4.905738 -8e-06 -1e-06 0.0 21.274557 10.270128 19.237793 57.597668 14.671918 20.203974 0.696113 22.414455 0.381432 -7.767113 -2.825791 -0.643107 2.243567 -5.254966 -3.180022 14.282871 -0.826627 6.952557 2e-06 -12.690629 -2e-06 16.158815 -17.628866 2.525303 1.665667 -1.955922 -2.878307 4.727812 -4.1706 4.993909 11.020569 -2e-06 6e-06 12.109153 -3.735738 -2.86682 -1e-06 -0.0 -4e-06 1.291994 -1.928569 -1.498098 14.800149 0.567482 3.865608 14.24262 -1.341744 -6.660677 19.632141 0.143921 -0.648269 49.644257 -0.599387 -6.475534 0.353041 -1.511177 -0.03195 20.222815 3.684334 2.31664 18.787346 -2e-06 4e-06 10.751678 -0.479875 1.397922 -2e-06 3e-06 -3e-06 3.273842 0.305906 -0.580133 21.486807 11.830423 2.26615 8.162955 -2e-06 1e-06 18.399231 -3.798981 -4.940616 3e-06 -2e-06 -3e-06 2.42441 0.239186 -1.119296 0.044459 0.043098 5.586712 -2.382817 1.531687 -4.803614 1.650959 -1.934847 -0.703461 -0.0 0.0 -2e-06 -2.508783 -5.787599 -1.944507 -0.010116 -0.021013 3.397672 3.201459 -2.680203 -0.440953 -1.412457 1.02051 -0.978599 0.0 -0.0 -4e-06 
0.0 0.0 0.0 0.0 -0.0 0.0 -2.430231 100.544785 4.830869 0.727048 0.031885 -0.277423 -0.64032 -0.056662 -3.912886 -0.664456 0.130944 -6.53761 0.727913 -1.862662 11.873202 -0.47135 3.011097 6.094089 -1.006263 -1.022058 -3.581217 -0.859396 -2.056832 -4.737512 7.7e-05 -2.2e-05 6e-06 0.022813 0.02132 0.015138 0.730078 -3.700351 -10.5526 -0.687825 3.747807 -10.559673 -16.860659 -2.914434 16.690609 -57.032143 -13.087843 29.469547 0.028894 -24.83901 -0.081525 3.667912 2.999872 -7.195213 -5.88206 9.861364 0.702386 -10.936912 -0.360644 7.156116 -9e-06 8.774803 -8e-06 -16.242449 17.985802 5.934005 -1.844027 2.498502 -2.50726 -10.163563 4.67894 4.621117 -20.975956 1.2e-05 0.0 -21.226238 2.451698 -3.594009 2e-06 -4e-06 2e-06 -1.36268 2.240781 -0.746311 -21.334831 0.584942 3.008325 -13.821169 6e-06 0.0 -23.887104 -0.249074 -0.839487 -60.49017 2.572521 -1.301212 -0.294027 1.679662 0.833272 -14.218157 0.093248 1.300588 -34.211941 -0.287544 0.967156 -20.033184 0.964536 1.212839 0.0 5e-06 2e-06 -3.440361 0.788212 0.501686 -15.928146 -3.167268 2.999701 -6.338804 3e-06 0.0 -18.123409 3.648185 -4.905673 -7e-06 0.0 -4e-06 21.286173 10.277465 19.285885 57.508499 14.761846 20.146177 0.718261 22.410067 0.373179 -7.695848 -2.78889 -0.769548 2.243514 -5.25504 -3.180237 14.282924 -0.82651 6.952442 1.6e-05 -12.69058 -1.7e-05 16.194618 -17.646179 2.489776 1.665661 -1.955926 -2.878286 4.727797 -4.170591 4.993919 11.020518 -1.1e-05 -1e-06 12.109084 -3.735729 -2.866814 -0.0 -0.0 -3e-06 1.291991 -1.928548 -1.498089 14.800091 0.567437 3.865619 14.242568 -1.341758 -6.660665 19.632017 0.143902 -0.648281 49.782028 -0.594972 -6.478391 0.35304 -1.511147 -0.031941 20.222738 3.684261 2.316648 18.78727 -1.2e-05 -1e-05 10.751642 -0.479871 1.397911 -1e-06 1e-06 -1e-06 3.273803 0.305936 -0.580102 21.486753 11.830312 2.266167 8.16292 -2e-06 -3e-06 18.39912 -3.798986 -4.940612 3e-06 -3e-06 1e-06 2.427594 0.254496 -1.12945 0.028816 0.003136 5.621665 -2.434505 1.598234 -4.891739 1.654467 -1.966671 -0.737646 0.0 0.0 2e-06 -2.493001 -5.658775 -2.016663 -0.012825 -0.007304 3.529779 3.182035 -2.809441 -0.545186 -1.415044 1.000918 -1.030637 0.0 1e-06 1e-06 
0.0 0.0 0.0 0.0 -0.0 0.0 -2.425806 100.541161 4.773745 0.729959 0.026168 -0.257947 -0.651782 -0.065688 -3.927063 -0.660436 0.1376 -6.549521 0.775717 -1.874852 11.903567 -0.445675 3.007527 6.098416 -0.997022 -1.061946 -3.600887 -0.903772 -2.057092 -4.717252 7.7e-05 -2.2e-05 6e-06 0.021696 0.027289 0.013488 0.726258 -3.693774 -10.566147 -0.686124 3.752409 -10.568332 -16.787741 -2.95834 16.655907 -57.077293 -13.059977 29.402422 -0.058569 -24.896215 -0.080679 3.654188 3.017198 -7.261278 -5.882038 9.861412 0.702473 -10.936956 -0.360721 7.156149 -1.3e-05 8.774763 -4e-06 -16.255016 18.014614 5.922589 -1.844023 2.498505 -2.507263 -10.163546 4.678924 4.621114 -20.97591 2.9e-05 -4e-06 -21.226217 2.451689 -3.594005 1e-06 -8e-06 -1e-06 -1.362674 2.240741 -0.746313 -21.334782 0.584989 3.008322 -13.821146 1.9e-05 5e-06 -23.887075 -0.249047 -0.839502 -60.494972 2.598819 -1.335735 -0.294018 1.679612 0.833259 -14.218132 0.093309 1.300593 -34.21188 -0.287509 0.967156 -20.033163 0.964564 1.212827 4e-06 3e-06 2e-06 -3.440323 0.788135 0.501685 -15.928136 -3.16717 2.999696 -6.338796 8e-06 6e-06 -18.123383 3.648192 -4.905673 -4e-06 -1e-06 -2e-06 21.305956 10.275532 19.302042 57.406349 14.832338 20.076761 0.739473 22.409439 0.358321 -7.662901 -2.790108 -0.773634 2.24351 -5.255157 -3.180217 14.282933 -0.826486 6.95248 -3e-06 -12.690527 5e-06 16.226568 -17.640167 2.48027 1.665658 -1.955921 -2.878288 4.727777 -4.170558 4.993925 11.020482 2e-06 1e-06 12.109015 -3.735674 -2.86679 0.0 -1e-06 4e-06 1.291971 -1.928498 -1.498083 14.800064 0.567414 3.865607 14.242511 -1.341722 -6.660648 19.631905 0.143951 -0.648248 49.858112 -0.607809 -6.484354 0.353014 -1.511081 -0.031939 20.222702 3.684213 2.316621 18.787191 -5e-06 6e-06 10.751607 -0.479878 1.397908 3e-06 1e-06 -1e-06 3.273742 0.306039 -0.580088 21.486753 11.830202 2.266096 8.162896 -3e-06 5e-06 18.399033 -3.798965 -4.940551 0.0 -2e-06 0.0 2.417356 0.253922 -1.173821 0.020113 -0.023788 5.690913 -2.456152 1.679365 -4.975342 1.657157 -1.978145 -0.716773 0.0 0.0 4e-06 -2.49466 -5.573452 -2.108695 -0.013907 -0.006103 3.673896 3.17369 -2.908197 -0.630427 -1.415711 0.99125 -1.020019 0.0 -0.0 -0.0 
0.0 0.0 0.0 0.0 -0.0 0.0 -2.425457 100.532913 4.700581 0.73756 0.02806 -0.243615 -0.665091 -0.074924 -3.930044 -0.655407 0.130542 -6.568887 0.817782 -1.872692 11.940187 -0.431218 2.997722 6.112319 -0.986562 -1.107666 -3.629887 -0.927805 -2.051896 -4.709656 7.7e-05 -2.2e-05 6e-06 0.021355 0.023721 0.010139 0.723705 -3.696234 -10.583272 -0.684191 3.747198 -10.579373 -16.738297 -2.988466 16.644552 -57.092613 -13.068377 29.459993 -0.077497 -24.935238 -0.079002 3.680815 3.032945 -7.295889 -5.882081 9.861352 0.702453 -10.936906 -0.360658 7.156147 -2e-06 8.774786 -4e-06 -16.256113 18.015617 5.918571 -1.844025 2.498503 -2.507267 -10.163561 4.678924 4.621114 -20.975956 1e-06 1.1e-05 -21.226246 2.451676 -3.593987 1e-06 -7e-06 -4e-06 -1.362671 2.240764 -0.746318 -21.334841 0.584945 3.008331 -13.821169 -2e-06 1e-05 -23.887127 -0.249089 -0.839465 -60.504391 2.617565 -1.36879 -0.294012 1.679641 0.833257 -14.218166 0.093264 1.300589 -34.211941 -0.287556 0.967185 -20.033192 0.964541 1.212852 -3e-06 0.0 2e-06 -3.440342 0.78817 0.501678 -15.928164 -3.167227 2.999701 -6.338806 -1e-06 2e-06 -18.123405 3.648162 -4.905658 -7e-06 2e-06 -1e-06 21.329077 10.266891 19.318098 57.331726 14.897729 20.01647 0.723748 22.412302 0.343158 -7.628998 -2.818487 -0.741534 2.243516 -5.255099 -3.180248 14.282921 -0.826536 6.952454 1e-05 -12.690569 -4e-06 16.234608 -17.623247 2.486401 1.665664 -1.955924 -2.878297 4.727793 -4.170581 4.993924 11.020506 -6e-06 -3e-06 12.109052 -3.735711 -2.866793 1e-06 0.0 -0.0 1.291991 -1.928538 -1.498084 14.800086 0.567438 3.865606 14.242545 -1.341749 -6.660652 19.631952 0.143916 -0.648267 49.862766 -0.632252 -6.476879 0.353035 -1.511135 -0.031937 20.222734 3.684265 2.316631 18.787243 -1.1e-05 -7e-06 10.75162 -0.479872 1.397907 0.0 1e-06 0.0 3.273799 0.305961 -0.580092 21.486752 11.830298 2.266125 8.16291 -7e-06 -3e-06 18.399073 -3.798987 -4.940588 4e-06 1e-06 -2e-06 2.403454 0.252521 -1.216925 0.016672 -0.038128 5.751461 -2.449934 1.739579 -5.023572 1.658594 -1.978287 -0.713173 0.0 0.0 -0.0 -2.506463 -5.518025 -2.167083 -0.014452 -0.017277 3.767023 3.17339 -2.972867 -0.699306 -1.415277 0.983278 -1.021869 0.0 -0.0 -2e-06 
0.0 0.0 0.0 0.0 -0.0 0.0 -2.417325 100.523506 4.649366 0.73691 0.044015 -0.220878 -0.67467 -0.07262 -3.94325 -0.650986 0.111753 -6.583027 0.849129 -1.876603 11.979434 -0.422458 2.977405 6.100496 -0.962073 -1.142478 -3.642724 -0.940568 -2.045729 -4.733286 7.7e-05 -2.2e-05 5e-06 0.021717 0.029227 0.01095 0.723728 -3.689559 -10.588301 -0.683498 3.751125 -10.581853 -16.706676 -2.992465 16.659142 -57.086403 -13.129137 29.518923 -0.075954 -24.955708 -0.070798 3.730092 3.050092 -7.305418 -5.881975 9.861459 0.702487 -10.937015 -0.360743 7.156182 -4.2e-05 8.774765 4e-06 -16.213524 17.986214 5.939093 -1.844018 2.498507 -2.507264 -10.163549 4.678957 4.621113 -20.975891 8.9e-05 -2.9e-05 -21.226202 2.451755 -3.594066 2e-06 -5e-06 1e-06 -1.362698 2.240762 -0.746313 -21.33474 0.585034 3.008311 -13.821133 6.2e-05 -1.6e-05 -23.887054 -0.248978 -0.839596 -60.48341 2.625469 -1.376278 -0.294052 1.679639 0.833263 -14.218085 0.093323 1.300588 -34.211842 -0.287418 0.967085 -20.033138 0.9646 1.212776 -1e-06 0.0 -0.0 -3.440364 0.788205 0.501689 -15.928068 -3.167192 2.999697 -6.338794 2.9e-05 -2e-06 -18.123392 3.648263 -4.90572 -4e-06 0.0 -2e-06 21.352318 10.25347 19.331297 57.286606 14.944242 19.970371 0.689762 22.424559 0.331716 -7.60285 -2.847386 -0.749468 2.243505 -5.255136 -3.180162 14.283084 -0.82641 6.952451 5.6e-05 -12.690504 -4e-06 16.235716 -17.610737 2.499501 1.665646 -1.95593 -2.878285 4.727773 -4.170576 4.993928 11.020439 -4.8e-05 1e-05 12.108971 -3.735745 -2.866789 -1e-06 -0.0 -1e-06 1.291987 -1.928514 -1.498086 14.799984 0.567361 3.865627 14.242457 -1.341795 -6.66064 19.631741 0.143814 -0.648285 49.847015 -0.649122 -6.463217 0.353035 -1.511104 -0.031942 20.222586 3.684145 2.316644 18.787125 -9e-05 2e-06 10.75157 -0.479917 1.397903 -2e-06 1e-06 0.0 3.273747 0.305981 -0.580071 21.48662 11.830151 2.266126 8.162871 -4e-05 1.6e-05 18.398949 -3.799088 -4.940565 2e-06 -2e-06 -1e-06 2.402614 0.248239 -1.252288 0.01936 -0.0427 5.773645 -2.451539 1.760691 -5.029139 1.657829 -1.9747 -0.697062 0.0 0.0 1e-06 -2.506417 -5.481003 -2.176738 -0.013823 -0.025544 3.753089 3.181737 -3.035333 -0.710048 -1.415391 0.981228 -1.00747 0.0 1e-06 -2e-06 
0.0 0.0 0.0 0.0 -0.0 0.0 -2.41009 100.512291 4.614839 0.730962 0.046754 -0.186279 -0.685693 -0.065437 -3.958883 -0.645694 0.093012 -6.595588 0.873001 -1.881421 12.00844 -0.402822 2.95803 6.073694 -0.943801 -1.150714 -3.641103 -0.947141 -2.049185 -4.742644 7.7e-05 -2.2e-05 6e-06 0.021865 0.036396 0.013382 0.725271 -3.681323 -10.584912 -0.684734 3.757031 -10.579942 -16.698034 -2.97296 16.660719 -57.065884 -13.194334 29.561449 -0.06988 -24.934916 -0.064272 3.76701 3.048487 -7.325468 -5.882182 9.861055 0.702937 -10.936759 -0.360446 7.156381 -1.4e-05 8.774906 -1e-05 -16.163082 17.966864 5.959655 -1.844045 2.498513 -2.507297 -10.163693 4.679012 4.621061 -20.976257 2.3e-05 -7e-06 -21.226669 2.451773 -3.594142 4e-06 -5e-06 -1e-06 -1.362718 2.240886 -0.746353 -21.33506 0.58486 3.00832 -13.821363 1.3e-05 -3e-06 -23.887672 -0.249047 -0.839586 -60.440823 2.632474 -1.380507 -0.294068 1.6798 0.833227 -14.218264 0.093117 1.300577 -34.21246 -0.287527 0.967161 -20.033461 0.964563 1.212857 1e-06 1e-06 1e-06 -3.440527 0.788415 0.501582 -15.928159 -3.167497 2.999761 -6.338894 8e-06 -1e-06 -18.123804 3.648222 -4.9058 -6e-06 -2e-06 -1e-06 21.39377 10.250548 19.342047 57.236267 14.947816 19.943441 0.652418 22.46854 0.322181 -7.580485 -2.901609 -0.790374 2.243597 -5.254863 -3.180006 14.282905 -0.826688 6.95256 2.8e-05 -12.690694 -1.1e-05 16.241241 -17.614258 2.499844 1.665665 -1.955926 -2.87831 4.727824 -4.170635 4.99391 11.020594 -2.2e-05 1.5e-05 12.109202 -3.735816 -2.86684 -1e-06 -1e-06 -2e-06 1.292009 -1.92862 -1.498101 14.800159 0.567511 3.865628 14.242657 -1.341787 -6.660694 19.63221 0.143848 -0.648294 49.832893 -0.65505 -6.47009 0.35306 -1.511241 -0.031952 20.222824 3.684385 2.316671 18.787399 -3.9e-05 9e-06 10.751702 -0.479891 1.397933 -2e-06 -1e-06 1e-06 3.273883 0.305803 -0.580133 21.486788 11.830551 2.266212 8.162978 -1.4e-05 4e-06 18.399305 -3.799063 -4.940656 4e-06 -1e-06 -2e-06 2.402863 0.241338 -1.286699 0.024693 -0.030444 5.775127 -2.437447 1.768169 -5.029778 1.656829 -1.97429 -0.671052 -0.0 0.0 -2e-06 -2.49511 -5.46866 -2.180721 -0.011423 -0.025518 3.702666 3.1838 -3.07605 -0.696109 -1.416311 0.983274 -0.997637 0.0 -0.0 -4e-06 
0.0 0.0 0.0 0.0 -0.0 0.0 -2.40411 100.505661 4.583852 0.720535 0.0453 -0.15285 -0.694493 -0.065085 -3.966155 -0.634685 0.083815 -6.601308 0.885517 -1.883242 12.022422 -0.387844 2.94732 6.042449 -0.936934 -1.152979 -3.641073 -0.941305 -2.045011 -4.759219 7.7e-05 -2.2e-05 6e-06 0.022593 0.041803 0.012431 0.727392 -3.674778 -10.585189 -0.685354 3.761093 -10.581445 -16.695704 -2.946269 16.646172 -57.053082 -13.241393 29.606863 -0.043291 -24.898241 -0.06531 3.800979 3.058606 -7.385001 -5.882093 9.861228 0.702705 -10.936841 -0.360565 7.156262 -4e-06 8.77483 -4e-06 -16.127249 17.956635 5.971625 -1.844032 2.498504 -2.507285 -10.163604 4.67895 4.62109 -20.976048 -2e-06 -2e-06 -21.226358 2.451692 -3.594034 2e-06 -5e-06 1e-06 -1.362686 2.240808 -0.746334 -21.334921 0.584905 3.008312 -13.821239 -1e-06 2e-06 -23.887314 -0.24909 -0.839507 -60.411411 2.634462 -1.374946 -0.294032 1.679702 0.833245 -14.218203 0.093208 1.300579 -34.212097 -0.287554 0.96717 -20.033266 0.964549 1.212851 1e-06 -3e-06 2e-06 -3.440404 0.788258 0.501633 -15.928167 -3.167328 2.999717 -6.338835 1e-06 1e-06 -18.123529 3.64818 -4.905712 -6e-06 -1e-06 -1e-06 21.442595 10.263865 19.346703 57.204613 14.9172 19.934036 0.624972 22.508358 0.31826 -7.602715 -2.956883 -0.83428 2.243531 -5.255005 -3.180194 14.282925 -0.826563 6.952456 2.2e-05 -12.690607 -1.7e-05 16.241352 -17.610821 2.489019 1.665662 -1.955924 -2.878293 4.727796 -4.170599 4.993922 11.020513 -1.5e-05 4e-06 12.109067 -3.735749 -2.866803 -1e-06 -0.0 -1e-06 1.291993 -1.928563 -1.498088 14.80009 0.567456 3.865622 14.242557 -1.341767 -6.660655 19.631964 0.143884 -0.648269 49.806374 -0.652267 -6.479817 0.353043 -1.511173 -0.031941 20.222742 3.684294 2.316652 18.787262 -2.5e-05 -9e-06 10.75163 -0.479876 1.397905 -1e-06 1e-06 0.0 3.273816 0.305905 -0.580106 21.486753 11.830366 2.266172 8.162918 -6e-06 -3e-06 18.399097 -3.799013 -4.940606 2e-06 -1e-06 -3e-06 2.411495 0.23689 -1.310037 0.027833 -0.01846 5.755303 -2.43613 1.779743 -5.02582 1.655662 -1.9733 -0.649945 0.0 0.0 1e-06 -2.475222 -5.471796 -2.169442 -0.005515 -0.020296 3.62476 3.164954 -3.092396 -0.654147 -1.416 0.984803 -1.013577 0.0 -0.0 -2e-06 
0.0 0.0 0.0 0.0 -0.0 0.0 -2.400543 100.503349 4.55724 0.710519 0.060579 -0.120243 -0.699705 -0.069392 -3.970943 -0.627852 0.088448 -6.604133 0.887522 -1.888017 12.031405 -0.354548 2.939842 6.011469 -0.945889 -1.170486 -3.64016 -0.941787 -2.044267 -4.776581 7.7e-05 -2.2e-05 6e-06 0.022827 0.043823 0.011034 0.728678 -3.671832 -10.589564 -0.686166 3.762025 -10.586869 -16.693027 -2.921554 16.634558 -57.027893 -13.281138 29.591785 -0.029282 -24.881071 -0.065974 3.835382 3.077255 -7.461726 -5.882088 9.861286 0.702593 -10.936954 -0.360664 7.156183 -1.4e-05 8.774796 -1e-05 -16.096266 17.945715 5.970662 -1.844022 2.498507 -2.507272 -10.163555 4.678944 4.621109 -20.975931 2.4e-05 1.5e-05 -21.226213 2.451709 -3.594012 -3e-06 -4e-06 2e-06 -1.362676 2.240788 -0.746324 -21.334814 0.584953 3.008344 -13.821155 1.6e-05 1.4e-05 -23.88707 -0.24904 -0.839483 -60.366997 2.633056 -1.385257 -0.29402 1.679669 0.83325 -14.218144 0.093255 1.300601 -34.211899 -0.287507 0.967189 -20.033161 0.96457 1.212852 -3e-06 1e-06 -0.0 -3.440351 0.788225 0.501668 -15.928144 -3.167263 2.999723 -6.338801 8e-06 1e-05 -18.123384 3.648209 -4.905674 -3e-06 -1e-06 1e-06 21.48996 10.287643 19.35644 57.202602 14.879597 19.870066 0.629264 22.503693 0.324742 -7.627357 -3.008064 -0.8736 2.243515 -5.255022 -3.180125 14.282906 -0.826545 6.952503 -2e-06 -12.690569 -4e-06 16.233717 -17.590597 2.473053 1.665663 -1.955925 -2.878299 4.727786 -4.170584 4.993911 11.020495 1e-06 -6e-06 12.109026 -3.735694 -2.866813 0.0 -0.0 0.0 1.291986 -1.928547 -1.498098 14.80009 0.567449 3.865611 14.242535 -1.341735 -6.660673 19.631933 0.143951 -0.648275 49.769302 -0.645035 -6.492984 0.353028 -1.511145 -0.031948 20.222736 3.684278 2.316632 18.787216 3e-06 -1e-06 10.751609 -0.479872 1.397915 -2e-06 1e-06 3e-06 3.273788 0.30595 -0.580121 21.486769 11.830314 2.266139 8.162901 -1e-06 4e-06 18.399033 -3.798973 -4.94057 2e-06 0.0 0.0 2.426868 0.229174 -1.32087 0.027136 -0.014795 5.714172 -2.469771 1.807116 -5.015862 1.655005 -1.971771 -0.618462 0.0 0.0 1e-06 -2.454783 -5.503834 -2.151407 -0.00035 -0.01475 3.544382 3.131999 -3.079237 -0.617815 -1.414945 0.982992 -1.046602 -0.0 -0.0 4e-06 
0.0 0.0 0.0 0.0 -0.0 0.0 -2.406438 100.503494 4.54194 0.690141 0.09044 -0.097591 -0.702732 -0.072767 -3.967746 -0.628911 0.089215 -6.606184 0.892685 -1.897201 12.031936 -0.314775 2.941011 5.990863 -0.958812 -1.199706 -3.63624 -0.946943 -2.068916 -4.782542 7.7e-05 -2.2e-05 6e-06 0.022392 0.043286 0.010448 0.728628 -3.671001 -10.591164 -0.686926 3.75988 -10.58988 -16.684593 -2.890836 16.636013 -57.001354 -13.313656 29.541883 -0.021701 -24.887304 -0.064081 3.872477 3.087896 -7.481022 -5.882084 9.861247 0.702739 -10.936822 -0.36052 7.156314 -5e-06 8.774849 3e-06 -16.070492 17.956301 5.975814 -1.844037 2.498507 -2.507286 -10.16362 4.678963 4.621083 -20.976086 2e-06 -1.2e-05 -21.226423 2.451703 -3.594068 0.0 -7e-06 -1e-06 -1.362692 2.240815 -0.746335 -21.334936 0.584892 3.008305 -13.82125 1e-06 -4e-06 -23.887346 -0.249089 -0.839532 -60.347816 2.64006 -1.383931 -0.29404 1.679712 0.833247 -14.21821 0.093189 1.300562 -34.21217 -0.287557 0.967152 -20.033312 0.964541 1.212844 -2e-06 0.0 1e-06 -3.44042 0.788277 0.50163 -15.92816 -3.167357 2.99971 -6.338841 2e-06 -1e-06 -18.123564 3.64818 -4.905735 -5e-06 -1e-06 -5e-06 21.525724 10.325858 19.388504 57.221474 14.86342 19.816948 0.644312 22.43993 0.330645 -7.608007 -3.067246 -0.943859 2.243492 -5.255078 -3.180144 14.282906 -0.82656 6.952514 0.0 -12.690569 6e-06 16.223959 -17.566607 2.464141 1.665664 -1.955923 -2.878301 4.727785 -4.170577 4.993917 11.020484 0.0 -7e-06 12.109011 -3.73569 -2.866804 -0.0 -0.0 -3e-06 1.291983 -1.928535 -1.498088 14.800076 0.567444 3.865598 14.242511 -1.341727 -6.660662 19.631865 0.143962 -0.648269 49.74984 -0.636362 -6.504003 0.353027 -1.511135 -0.031945 20.222727 3.684271 2.316613 18.787205 -2e-06 -8e-06 10.751601 -0.47987 1.397904 1e-06 2e-06 0.0 3.273787 0.305962 -0.580113 21.486761 11.830308 2.266112 8.162893 -4e-06 1e-06 18.399002 -3.798972 -4.940571 3e-06 -1e-06 -1e-06 2.451588 0.211749 -1.318736 0.025109 -0.01591 5.670727 -2.533275 1.840905 -5.018047 1.654714 -1.968041 -0.568881 -0.0 0.0 -1e-06 -2.425998 -5.517325 -2.132766 0.003313 -0.014512 3.492896 3.10573 -3.07413 -0.604259 -1.414858 0.975625 -1.060154 -0.0 -1e-06 3e-06 
0.0 0.0 0.0 0.0 -0.0 0.0 -2.427027 100.507561 4.538263 0.673925 0.128921 -0.085131 -0.707399 -0.079839 -3.953661 -0.63579 0.083423 -6.607031 0.898584 -1.897111 12.024783 -0.286443 2.940323 5.96248 -0.968926 -1.230871 -3.629809 -0.948249 -2.107983 -4.779469 7.7e-05 -2.2e-05 6e-06 0.02171 0.042407 0.009259 0.728452 -3.6706 -10.58969 -0.688105 3.757564 -10.590817 -16.675941 -2.856222 16.650612 -56.98177 -13.346701 29.496609 -0.008025 -24.913849 -0.067073 3.884309 3.097103 -7.435532 -5.882038 9.861414 0.70249 -10.936954 -0.36074 7.156143 1.4e-05 8.774734 -5e-06 -16.06661 17.980259 5.984035 -1.844013 2.498498 -2.507263 -10.163495 4.678871 4.621123 -20.975819 -3.6e-05 1.9e-05 -21.226044 2.45159 -3.593911 2e-06 -5e-06 1e-06 -1.36264 2.240701 -0.746319 -21.334751 0.584968 3.008323 -13.821098 -2.2e-05 2.5e-05 -23.886919 -0.249142 -0.839394 -60.35796 2.64481 -1.359621 -0.293974 1.679556 0.833256 -14.218138 0.093329 1.300588 -34.211731 -0.287594 0.967219 -20.033085 0.964531 1.212877 0.0 1e-06 -0.0 -3.440234 0.788034 0.501688 -15.928194 -3.167096 2.999683 -6.338769 -1e-05 1.1e-05 -18.123247 3.648106 -4.905596 -6e-06 -1e-06 -1e-06 21.535416 10.364886 19.406502 57.259071 14.839115 19.854197 0.639221 22.372961 0.329215 -7.557152 -3.116467 -1.033207 2.243541 -5.255278 -3.180301 14.282987 -0.826395 6.952406 -2.7e-05 -12.690438 1.2e-05 16.214098 -17.548656 2.465479 1.665646 -1.95592 -2.878279 4.727741 -4.170516 4.993939 11.020399 2.1e-05 1e-05 12.108852 -3.735591 -2.866723 3e-06 0.0 1e-06 1.291936 -1.928437 -1.498068 14.800009 0.567374 3.865611 14.242396 -1.341687 -6.660591 19.631662 0.143988 -0.648159 49.749096 -0.632216 -6.511007 0.352968 -1.511002 -0.031921 20.222641 3.684146 2.316612 18.787067 2.1e-05 4e-05 10.751546 -0.47987 1.397918 3e-06 3e-06 -3e-06 3.27363 0.306171 -0.580041 21.486753 11.830033 2.26605 8.162841 5e-06 2.4e-05 18.398817 -3.798933 -4.940431 9e-06 1e-06 -3e-06 2.471469 0.209537 -1.309193 0.023239 -0.016127 5.632108 -2.587367 1.859607 -5.010098 1.655352 -1.963138 -0.528355 0.0 0.0 -0.0 -2.405432 -5.538267 -2.109394 0.005988 -0.014883 3.455465 3.091787 -3.069256 -0.599712 -1.415376 0.968184 -1.048772 0.0 -0.0 -0.0 
0.0 0.0 0.0 0.0 -0.0 0.0 -2.440914 100.510872 4.539831 0.660073 0.172921 -0.074068 -0.707637 -0.079569 -3.937148 -0.646223 0.076328 -6.606869 0.897772 -1.888026 12.0144 -0.261074 2.92824 5.932707 -0.986586 -1.239672 -3.622957 -0.94395 -2.167877 -4.776426 7.7e-05 -2.2e-05 6e-06 0.020832 0.043432 0.007799 0.72723 -3.669672 -10.588576 -0.688671 3.758648 -10.591755 -16.668779 -2.823977 16.678026 -56.956131 -13.392321 29.484369 0.002969 -24.949112 -0.068155 3.867284 3.113162 -7.36942 -5.882028 9.861414 0.702394 -10.936983 -0.36073 7.156108 -1.5e-05 8.774761 -7e-06 -16.094578 18.010204 5.985265 -1.844019 2.498504 -2.507264 -10.16352 4.67892 4.621122 -20.975842 2.5e-05 -3e-06 -21.226093 2.451689 -3.593993 1e-06 -7e-06 -2e-06 -1.362666 2.240744 -0.74631 -21.334743 0.584983 3.008327 -13.821099 1.5e-05 2e-06 -23.886917 -0.249058 -0.839485 -60.388237 2.642416 -1.328884 -0.294008 1.679615 0.833268 -14.218113 0.093304 1.300593 -34.211739 -0.287515 0.967155 -20.033075 0.964558 1.212824 0.0 1e-06 -0.0 -3.440296 0.788135 0.501694 -15.928142 -3.167179 2.999696 -6.338777 8e-06 4e-06 -18.123285 3.648189 -4.905646 -4e-06 0.0 -3e-06 21.528902 10.386451 19.422501 57.310623 14.816587 19.937309 0.620553 22.325945 0.324073 -7.477911 -3.169142 -1.127393 2.243517 -5.255112 -3.180161 14.28288 -0.826528 6.952517 -3.3e-05 -12.690534 7e-06 16.212366 -17.53857 2.47428 1.665659 -1.955921 -2.878297 4.727774 -4.170551 4.993915 11.020481 2.7e-05 -2e-06 12.108998 -3.735633 -2.86679 -1e-06 1e-06 -2e-06 1.29196 -1.928498 -1.498091 14.800088 0.567438 3.865601 14.242503 -1.34169 -6.660646 19.631889 0.144016 -0.648219 49.757202 -0.629452 -6.509089 0.352996 -1.511082 -0.031946 20.222738 3.684249 2.316609 18.787186 4e-05 1.4e-05 10.751597 -0.479858 1.397923 0.0 2e-06 1e-06 3.273726 0.306054 -0.580107 21.486811 11.83023 2.266085 8.162892 1.6e-05 9e-06 18.398989 -3.798911 -4.94051 3e-06 -1e-06 -4e-06 2.494724 0.235354 -1.316627 0.021463 -0.017174 5.633058 -2.635911 1.845532 -5.001251 1.654795 -1.960123 -0.497858 0.0 0.0 3e-06 -2.390438 -5.607693 -2.086048 0.005059 -0.009265 3.431855 3.087978 -3.035985 -0.608499 -1.416175 0.966021 -1.021056 -0.0 -1e-06 2e-06 
0.0 0.0 0.0 0.0 -0.0 0.0 -2.442301 100.514153 4.531052 0.65145 0.208922 -0.057491 -0.703212 -0.074146 -3.927737 -0.655641 0.077765 -6.608161 0.888101 -1.871429 12.006823 -0.245165 2.920946 5.906092 -1.000949 -1.263 -3.619595 -0.939432 -2.211057 -4.790281 7.7e-05 -2.2e-05 6e-06 0.020217 0.046987 0.006334 0.724519 -3.667645 -10.588246 -0.687322 3.763915 -10.592799 -16.681011 -2.792645 16.710058 -56.922089 -13.430959 29.482426 0.005382 -24.993021 -0.064111 3.870611 3.118889 -7.404437 -5.882061 9.86132 0.702558 -10.936862 -0.360564 7.156223 -5e-06 8.774835 -1e-06 -16.126657 18.032078 5.979011 -1.84403 2.498503 -2.507275 -10.163587 4.67895 4.621097 -20.976007 4e-06 -9e-06 -21.226332 2.451704 -3.594049 0.0 -4e-06 3e-06 -1.362683 2.240793 -0.746318 -21.334877 0.584911 3.008304 -13.821204 3e-06 -3e-06 -23.887217 -0.249085 -0.839514 -60.401077 2.638448 -1.306873 -0.294029 1.679682 0.833259 -14.218186 0.093212 1.300572 -34.212048 -0.287558 0.967153 -20.033251 0.964538 1.212842 -1e-06 -1e-06 1e-06 -3.440381 0.788236 0.501659 -15.928157 -3.167323 2.999702 -6.338823 1e-06 0.0 -18.123497 3.648187 -4.905715 -3e-06 -0.0 -1e-06 21.520702 10.387967 19.430141 57.360218 14.795405 20.027571 0.604721 22.309221 0.31995 -7.416471 -3.200682 -1.207536 2.243514 -5.255034 -3.180115 14.282933 -0.826543 6.952522 1.8e-05 -12.690588 -8e-06 16.217228 -17.54011 2.471957 1.66566 -1.955924 -2.878302 4.727792 -4.17059 4.993916 11.02051 -1e-05 0.0 12.109065 -3.735727 -2.866818 -1e-06 -0.0 -4e-06 1.291986 -1.928544 -1.498098 14.800079 0.567443 3.865611 14.24255 -1.341755 -6.660675 19.631971 0.143909 -0.648286 49.762493 -0.626791 -6.50795 0.353032 -1.51114 -0.031948 20.222725 3.684267 2.316637 18.787243 -2.5e-05 -2e-06 10.751633 -0.479885 1.397919 2e-06 1e-06 2e-06 3.273787 0.305949 -0.580113 21.486744 11.830318 2.266143 8.162913 -8e-06 5e-06 18.39909 -3.799004 -4.940597 6e-06 -0.0 -3e-06 2.512091 0.249844 -1.337831 0.019933 -0.013006 5.661548 -2.674441 1.843962 -4.997749 1.654075 -1.964767 -0.49716 0.0 0.0 2e-06 -2.381624 -5.670024 -2.078476 0.003324 -0.004392 3.442063 3.085037 -2.989388 -0.639161 -1.416882 0.968334 -1.010365 0.0 1e-06 -1e-06 
0.0 0.0 0.0 0.0 -0.0 0.0 -2.438448 100.51786 4.511828 0.648686 0.246468 -0.034947 -0.701748 -0.061824 -3.925238 -0.661237 0.091648 -6.605998 0.872113 -1.865536 12.000624 -0.226899 2.917999 5.895465 -1.008618 -1.287759 -3.621432 -0.914048 -2.241434 -4.839081 7.7e-05 -2.2e-05 6e-06 0.019481 0.046273 0.00504 0.722395 -3.670103 -10.591226 -0.686763 3.765373 -10.595106 -16.706638 -2.77195 16.743359 -56.889782 -13.45686 29.466318 0.007491 -25.029749 -0.061029 3.896445 3.122803 -7.479297 -5.882238 9.86095 0.703123 -10.9367 -0.360313 7.156487 -1.1e-05 8.774977 -7e-06 -16.144207 18.049145 5.973875 -1.84405 2.498514 -2.507315 -10.163738 4.679041 4.621051 -20.976387 2.1e-05 5e-06 -21.226858 2.451818 -3.594192 1e-06 -5e-06 -1e-06 -1.362724 2.240928 -0.746362 -21.335154 0.584808 3.008325 -13.821452 1.3e-05 2e-06 -23.887922 -0.249033 -0.839606 -60.402157 2.633967 -1.293018 -0.29408 1.679859 0.833225 -14.218313 0.093034 1.300566 -34.212727 -0.287532 0.967182 -20.033621 0.964571 1.212881 -1e-06 0.0 2e-06 -3.44057 0.788495 0.501563 -15.928172 -3.16762 2.999773 -6.338933 6e-06 -1e-06 -18.123978 3.648238 -4.905842 -6e-06 -1e-06 -2e-06 21.515163 10.380448 19.422012 57.402031 14.766341 20.143055 0.578246 22.325764 0.312095 -7.376568 -3.233052 -1.307377 2.243592 -5.254716 -3.179793 14.282806 -0.826784 6.952681 1.6e-05 -12.690756 -1.3e-05 16.220575 -17.549284 2.46865 1.665677 -1.955927 -2.878319 4.72785 -4.170657 4.993885 11.020652 -1.1e-05 3e-06 12.109297 -3.735825 -2.866896 0.0 -1e-06 2e-06 1.292021 -1.928659 -1.498123 14.800228 0.567559 3.865618 14.242736 -1.341773 -6.660739 19.632376 0.143894 -0.64833 49.761349 -0.626509 -6.503442 0.353078 -1.511296 -0.031973 20.222912 3.684469 2.316665 18.787487 -1.3e-05 -8e-06 10.751742 -0.479877 1.397938 0.0 -0.0 0.0 3.273954 0.305736 -0.58019 21.486845 11.83068 2.26623 8.163016 -6e-06 -4e-06 18.399443 -3.799022 -4.940716 3e-06 -1e-06 -2e-06 2.522863 0.245258 -1.361234 0.017784 -0.009952 5.691666 -2.705925 1.852157 -4.983206 1.654426 -1.971876 -0.551272 -0.0 0.0 -4e-06 -2.378571 -5.715789 -2.084863 -0.000788 -0.003047 3.470639 3.074484 -2.939816 -0.670389 -1.416733 0.970166 -1.040768 0.0 -0.0 -4e-06 
0.0 0.0 0.0 0.0 -0.0 0.0 -2.440339 100.519798 4.492716 0.64849 0.270941 -0.014305 -0.701825 -0.045124 -3.931653 -0.663534 0.116935 -6.608424 0.851982 -1.86399 12.013266 -0.218113 2.911898 5.895699 -1.005904 -1.297201 -3.628486 -0.864605 -2.281501 -4.899334 7.7e-05 -2.2e-05 6e-06 0.019147 0.043219 0.002151 0.721467 -3.673486 -10.593531 -0.686572 3.763292 -10.595321 -16.731586 -2.757856 16.765188 -56.865646 -13.456719 29.426176 0.005332 -25.067019 -0.053725 3.932226 3.132958 -7.579895 -5.882099 9.861267 0.702649 -10.936789 -0.360546 7.156269 2.8e-05 8.774816 -1e-06 -16.1562 18.055779 5.962068 -1.844033 2.4985 -2.507277 -10.163584 4.678905 4.621088 -20.976032 -7.4e-05 1e-05 -21.226313 2.451595 -3.593972 0.0 -5e-06 -1e-06 -1.362658 2.24077 -0.746332 -21.33493 0.584869 3.008307 -13.82122 -4.6e-05 1.5e-05 -23.887266 -0.249196 -0.83943 -60.403053 2.629163 -1.293827 -0.293993 1.67965 0.833248 -14.218235 0.093208 1.300565 -34.21209 -0.287664 0.967222 -20.033262 0.964496 1.212899 1e-06 3e-06 -0.0 -3.44034 0.788157 0.501641 -15.928228 -3.167281 2.999696 -6.33883 -2.2e-05 3e-06 -18.123497 3.648081 -4.905678 -3e-06 -0.0 0.0 21.499758 10.376434 19.415382 57.447983 14.753506 20.194134 0.566158 22.349192 0.306838 -7.353394 -3.252232 -1.35467 2.243571 -5.255023 -3.180098 14.282816 -0.826626 6.952558 -4.9e-05 -12.690598 8e-06 16.203157 -17.547934 2.472193 1.665665 -1.955918 -2.878304 4.727786 -4.170564 4.993914 11.020535 4.2e-05 0.0 12.109068 -3.735643 -2.866801 -0.0 -0.0 -1e-06 1.291961 -1.928527 -1.498098 14.800156 0.567495 3.8656 14.242577 -1.341679 -6.660662 19.632076 0.144033 -0.64821 49.737289 -0.632448 -6.499757 0.352996 -1.51112 -0.031946 20.222834 3.684341 2.316622 18.787285 6.6e-05 2.8e-05 10.75165 -0.479842 1.397933 2e-06 -0.0 -0.0 3.273759 0.306013 -0.580123 21.486883 11.830352 2.266114 8.162933 2.4e-05 1e-05 18.399134 -3.798898 -4.940541 5e-06 0.0 3e-06 2.533635 0.247509 -1.377335 0.015535 -0.007465 5.711903 -2.739932 1.848244 -4.948399 1.655803 -1.981003 -0.594928 -0.0 0.0 -2e-06 -2.378079 -5.750193 -2.094771 -0.004096 -0.002659 3.506032 3.057382 -2.902629 -0.698848 -1.416046 0.972685 -1.083244 0.0 1e-06 -6e-06 
0.0 0.0 0.0 0.0 -0.0 0.0 -2.446291 100.518539 4.476742 0.648401 0.292524 0.010247 -0.703218 -0.035825 -3.944868 -0.663894 0.143786 -6.616656 0.830699 -1.863463 12.029149 -0.224067 2.899004 5.903153 -0.992338 -1.283413 -3.628736 -0.816921 -2.30671 -4.933808 7.7e-05 -2.2e-05 6e-06 0.019635 0.045986 -0.000364 0.720854 -3.671088 -10.593571 -0.684957 3.767053 -10.595623 -16.754324 -2.735983 16.760693 -56.85006 -13.436257 29.389977 -0.022553 -25.100962 -0.039761 3.969826 3.164931 -7.638228 -5.882087 9.861226 0.702827 -10.936852 -0.360538 7.156334 -1.9e-05 8.774851 2e-06 -16.164053 18.063749 5.953909 -1.844037 2.498509 -2.507287 -10.163629 4.678981 4.621078 -20.976101 3.9e-05 -1.6e-05 -21.226465 2.451751 -3.594099 -3e-06 -5e-06 1e-06 -1.362703 2.240826 -0.746339 -21.334919 0.584921 3.008305 -13.821255 2.6e-05 -7e-06 -23.887358 -0.249033 -0.839568 -60.410633 2.629342 -1.301694 -0.294057 1.679726 0.833239 -14.218194 0.093196 1.300572 -34.212185 -0.287499 0.967135 -20.033319 0.964574 1.21283 -1e-06 -0.0 -1e-06 -3.440445 0.788309 0.501623 -15.928133 -3.167365 2.999721 -6.338851 1.2e-05 -1e-06 -18.123615 3.648226 -4.905762 -3e-06 -0.0 -1e-06 21.490364 10.374447 19.388859 57.483543 14.730546 20.242189 0.571943 22.391205 0.304529 -7.345973 -3.273094 -1.345784 2.243541 -5.25499 -3.180032 14.282908 -0.826575 6.952548 1.2e-05 -12.690598 -1e-06 16.187719 -17.545803 2.473457 1.665663 -1.955925 -2.878306 4.727805 -4.170596 4.993908 11.02054 -9e-06 0.0 12.10911 -3.735731 -2.866817 -1e-06 -0.0 -1e-06 1.291998 -1.928562 -1.498103 14.800115 0.567454 3.865611 14.24259 -1.341754 -6.66068 19.632061 0.143903 -0.648286 49.71336 -0.639566 -6.503274 0.353045 -1.511162 -0.031956 20.222767 3.68429 2.316637 18.787302 -2.1e-05 -3e-06 10.751651 -0.479885 1.397917 0.0 2e-06 -1e-06 3.273831 0.305921 -0.580131 21.486763 11.830352 2.266144 8.162937 -1.2e-05 4e-06 18.399162 -3.799001 -4.940609 1e-06 1e-06 -5e-06 2.54845 0.253352 -1.391375 0.012693 -0.005905 5.72366 -2.781726 1.813224 -4.914412 1.655487 -1.981593 -0.616025 0.0 0.0 -0.0 -2.376818 -5.787058 -2.101237 -0.004043 -0.006997 3.525198 3.058716 -2.88369 -0.714187 -1.415546 0.980166 -1.107719 0.0 1e-06 -4e-06 
0.0 0.0 0.0 0.0 -0.0 0.0 -2.451066 100.510719 4.467981 0.649648 0.312817 0.027643 -0.707262 -0.032343 -3.94344 -0.662144 0.157681 -6.621181 0.818303 -1.859739 12.034972 -0.231874 2.89284 5.940917 -0.982336 -1.286384 -3.61628 -0.773266 -2.294908 -4.995435 7.7e-05 -2.2e-05 6e-06 0.019895 0.051694 -0.001526 0.720573 -3.664842 -10.585713 -0.684056 3.772592 -10.589275 -16.779795 -2.714902 16.753643 -56.842289 -13.414533 29.367147 -0.046821 -25.115517 -0.024699 4.016472 3.166498 -7.696265 -5.882057 9.861306 0.702602 -10.936934 -0.360632 7.156216 -1.6e-05 8.77481 -4e-06 -16.171684 18.06254 5.942454 -1.844026 2.498506 -2.507273 -10.163564 4.678949 4.621103 -20.975956 2.8e-05 -2e-06 -21.226254 2.451721 -3.594042 3e-06 -7e-06 -1e-06 -1.362679 2.240787 -0.746323 -21.334829 0.584947 3.008322 -13.821172 2e-05 5e-06 -23.887129 -0.249037 -0.83951 -60.403217 2.618506 -1.309187 -0.294027 1.679673 0.833258 -14.21815 0.093247 1.300584 -34.211941 -0.287504 0.967167 -20.033192 0.964569 1.212842 2e-06 3e-06 -0.0 -3.440356 0.788224 0.501662 -15.92814 -3.167278 2.999719 -6.338806 9e-06 5e-06 -18.123415 3.648211 -4.905694 -4e-06 -0.0 1e-06 21.463167 10.375161 19.362122 57.525227 14.726275 20.328079 0.574707 22.439278 0.301945 -7.361617 -3.310624 -1.319138 2.243493 -5.255048 -3.180148 14.282906 -0.826547 6.952517 1.9e-05 -12.690585 -2e-06 16.188225 -17.550243 2.469783 1.665666 -1.955926 -2.878296 4.727804 -4.170594 4.993911 11.020523 -1.3e-05 -1e-05 12.109094 -3.73573 -2.86683 2e-06 0.0 -1e-06 1.292 -1.928552 -1.498099 14.800098 0.56744 3.865604 14.242578 -1.341757 -6.660685 19.632021 0.143913 -0.648316 49.69635 -0.644156 -6.516549 0.353047 -1.511151 -0.031947 20.222738 3.684271 2.316625 18.78727 -2.1e-05 -2.4e-05 10.751633 -0.479881 1.397904 -1e-06 4e-06 1e-06 3.273821 0.305929 -0.580121 21.486736 11.830321 2.266133 8.162916 -1.1e-05 -7e-06 18.399115 -3.798993 -4.940629 4e-06 0.0 2e-06 2.560112 0.251086 -1.398836 0.01085 -0.001683 5.7399 -2.83269 1.790346 -4.898379 1.655422 -1.978672 -0.619501 0.0 0.0 1e-06 -2.381638 -5.854818 -2.114176 -0.001391 -0.00932 3.570017 3.082289 -2.83174 -0.745155 -1.415556 0.988198 -1.102629 0.0 -0.0 -4e-06 
0.0 0.0 0.0 0.0 -0.0 0.0 -2.455459 100.501381 4.469906 0.647205 0.339838 0.046658 -0.70768 -0.030217 -3.937264 -0.659069 0.168297 -6.624778 0.805824 -1.859785 12.036298 -0.224744 2.900187 6.000944 -0.986451 -1.310464 -3.605631 -0.737085 -2.270687 -5.062899 7.7e-05 -2.2e-05 6e-06 0.019634 0.057826 -0.000512 0.718569 -3.658933 -10.577881 -0.682418 3.779023 -10.581985 -16.809286 -2.689863 16.734989 -56.830055 -13.394608 29.38591 -0.060029 -25.116594 -0.018115 4.07365 3.146907 -7.744834 -5.882209 9.861053 0.702963 -10.936737 -0.360358 7.156408 -1.9e-05 8.774955 -4e-06 -16.176287 18.053453 5.928505 -1.844046 2.49851 -2.507302 -10.163719 4.679035 4.621064 -20.976332 3.6e-05 1e-06 -21.22678 2.451823 -3.594166 3e-06 -6e-06 1e-06 -1.362727 2.240911 -0.746342 -21.335108 0.584832 3.008321 -13.821413 2.4e-05 -4e-06 -23.887835 -0.24901 -0.83961 -60.380089 2.598396 -1.316905 -0.294084 1.679836 0.833239 -14.218286 0.093068 1.300573 -34.212639 -0.287506 0.967163 -20.033571 0.964575 1.212855 0.0 3e-06 1e-06 -3.440562 0.788464 0.501593 -15.92815 -3.167577 2.999753 -6.338918 1.2e-05 -2e-06 -18.123913 3.648256 -4.905829 -4e-06 -2e-06 -4e-06 21.437082 10.368022 19.356846 57.558208 14.764865 20.412853 0.587848 22.472681 0.308038 -7.380058 -3.35578 -1.291029 2.24356 -5.254694 -3.179695 14.282759 -0.826823 6.95276 1.3e-05 -12.690771 -5e-06 16.191639 -17.55261 2.468756 1.665682 -1.955928 -2.878339 4.72786 -4.170658 4.993879 11.02068 -7e-06 -6e-06 12.109346 -3.735822 -2.866921 2e-06 0.0 -1e-06 1.29203 -1.928666 -1.498137 14.800257 0.567571 3.865599 14.24278 -1.341766 -6.660768 19.632465 0.14391 -0.648372 49.687954 -0.64588 -6.525066 0.353087 -1.511307 -0.031987 20.222946 3.684491 2.316644 18.787533 -9e-06 -2.3e-05 10.751764 -0.47988 1.397935 0.0 -0.0 2e-06 3.273987 0.30572 -0.580221 21.486855 11.83071 2.266218 8.163039 -7e-06 -1.1e-05 18.399517 -3.799014 -4.940756 4e-06 1e-06 0.0 2.571744 0.226518 -1.420667 0.009453 0.005585 5.769815 -2.879229 1.787466 -4.905365 1.655348 -1.977806 -0.608446 -0.0 0.0 -2e-06 -2.384001 -5.945584 -2.128927 0.000513 -0.012029 3.610717 3.116733 -2.758324 -0.770558 -1.414951 0.991408 -1.084674 0.0 -0.0 -2e-06 
0.0 0.0 0.0 0.0 -0.0 0.0 -2.452111 100.492249 4.477996 0.643818 0.369897 0.074416 -0.703425 -0.02946 -3.933591 -0.655357 0.176519 -6.628137 0.792309 -1.854575 12.034551 -0.221761 2.915783 6.07136 -0.996927 -1.334349 -3.60147 -0.698657 -2.248826 -5.113197 7.7e-05 -2.2e-05 6e-06 0.019468 0.062495 0.00118 0.715695 -3.655443 -10.574203 -0.679712 3.784844 -10.577131 -16.83795 -2.662673 16.728697 -56.820297 -13.383543 29.394695 -0.056473 -25.120766 -0.014945 4.130922 3.148621 -7.786454 -5.882104 9.861229 0.702612 -10.936824 -0.360552 7.15624 -1.2e-05 8.774856 -1e-05 -16.164757 18.031273 5.925086 -1.844035 2.498505 -2.507274 -10.163636 4.678977 4.621086 -20.976131 2e-05 -8e-06 -21.226513 2.451741 -3.594086 2e-06 -6e-06 -2e-06 -1.362697 2.240825 -0.746326 -21.334955 0.584901 3.00832 -13.821288 9e-06 -4e-06 -23.887476 -0.249054 -0.839549 -60.367302 2.587039 -1.315397 -0.294046 1.679721 0.833251 -14.218218 0.093186 1.300584 -34.212265 -0.287535 0.967151 -20.033373 0.964549 1.212843 -0.0 -1e-06 -1e-06 -3.440436 0.788293 0.501641 -15.928151 -3.167375 2.999731 -6.33886 6e-06 -1e-06 -18.123669 3.64821 -4.905755 -3e-06 -1e-06 -1e-06 21.40089 10.366701 19.370323 57.593338 14.834151 20.478355 0.609943 22.489563 0.322809 -7.421957 -3.39267 -1.265984 2.243499 -5.255008 -3.180154 14.282849 -0.826642 6.952527 1e-06 -12.690641 1e-06 16.186161 -17.545376 2.47091 1.665669 -1.955919 -2.878305 4.72781 -4.170603 4.993917 11.020552 -1e-06 -1.1e-05 12.109134 -3.735739 -2.866837 -0.0 1e-06 -2e-06 1.291998 -1.928572 -1.498091 14.800134 0.567495 3.865596 14.242601 -1.341743 -6.660683 19.632072 0.143948 -0.648296 49.668026 -0.648007 -6.531979 0.353046 -1.511182 -0.031939 20.222795 3.684353 2.316622 18.787308 6e-06 -2.2e-05 10.751649 -0.479862 1.397907 1e-06 -0.0 1e-06 3.27384 0.3059 -0.58012 21.486795 11.830457 2.266145 8.162937 2e-06 -1.1e-05 18.399168 -3.798971 -4.940643 3e-06 0.0 0.0 2.586379 0.203261 -1.470091 0.006424 0.011096 5.827439 -2.928448 1.788835 -4.940743 1.655218 -1.974482 -0.591879 0.0 0.0 3e-06 -2.384025 -6.022579 -2.157407 0.001902 -0.012078 3.662323 3.154794 -2.701455 -0.808233 -1.414342 0.99047 -1.062214 0.0 -0.0 -2e-06 
0.0 0.0 0.0 0.0 -0.0 0.0 -2.444469 100.488235 4.482085 0.64648 0.393079 0.103844 -0.701605 -0.034507 -3.926177 -0.650106 0.177272 -6.62811 0.779094 -1.841023 12.031923 -0.233654 2.934891 6.147002 -1.00744 -1.350067 -3.604392 -0.662395 -2.225645 -5.131602 7.7e-05 -2.2e-05 6e-06 0.019402 0.060466 0.002631 0.713293 -3.659235 -10.577962 -0.677316 3.784501 -10.57937 -16.867651 -2.633374 16.715965 -56.798069 -13.373203 29.400591 -0.040684 -25.158722 -0.015437 4.19858 3.183258 -7.843946 -5.882106 9.861285 0.702613 -10.936841 -0.360585 7.156216 1.3e-05 8.77481 -1e-06 -16.143232 18.00491 5.941032 -1.84403 2.4985 -2.507276 -10.163579 4.678919 4.621096 -20.976013 -3.4e-05 1.4e-05 -21.226299 2.451647 -3.59398 1e-06 -6e-06 -1e-06 -1.362668 2.240774 -0.746326 -21.334902 0.584898 3.008316 -13.821206 -2.4e-05 1.3e-05 -23.887209 -0.249133 -0.839442 -60.376511 2.578947 -1.286766 -0.294009 1.679657 0.833255 -14.218209 0.093225 1.300578 -34.212048 -0.287599 0.967203 -20.033241 0.964527 1.212876 1e-06 1e-06 -0.0 -3.440359 0.788181 0.501654 -15.9282 -3.16727 2.999703 -6.338824 -9e-06 5e-06 -18.123484 3.648134 -4.905672 -1e-06 -2e-06 -1e-06 21.346373 10.384567 19.364628 57.641457 14.893161 20.562187 0.626085 22.503857 0.336078 -7.481567 -3.423516 -1.230623 2.243536 -5.255116 -3.180232 14.282899 -0.826538 6.952462 -3e-05 -12.690543 4e-06 16.186518 -17.54554 2.47625 1.665659 -1.955918 -2.878293 4.727766 -4.170554 4.993928 11.020463 2.7e-05 -2e-06 12.108946 -3.735641 -2.866762 1e-06 -0.0 -2e-06 1.291961 -1.928512 -1.498081 14.800079 0.567453 3.865605 14.242478 -1.341699 -6.660632 19.631817 0.144009 -0.648199 49.669384 -0.64787 -6.532069 0.352998 -1.511099 -0.031934 20.222729 3.68427 2.316622 18.787165 3.8e-05 2.1e-05 10.751582 -0.479854 1.397915 -1e-06 3e-06 -2e-06 3.273728 0.306029 -0.580093 21.486811 11.830276 2.266105 8.162883 1.5e-05 1.1e-05 18.398945 -3.798927 -4.940504 3e-06 0.0 0.0 2.595361 0.190146 -1.527266 0.004573 0.016063 5.898465 -2.957369 1.775516 -4.975525 1.656414 -1.968842 -0.594019 0.0 0.0 1e-06 -2.386951 -6.060727 -2.208539 0.001246 -0.01134 3.75112 3.195339 -2.681608 -0.857464 -1.413853 0.99154 -1.059579 0.0 -0.0 -2e-06 
0.0 0.0 0.0 0.0 -0.0 0.0 -2.435614 100.489571 4.478244 0.64943 0.422347 0.151476 -0.697534 -0.042864 -3.927402 -0.644373 0.182488 -6.6274 0.768821 -1.820445 12.027881 -0.253528 2.948808 6.208503 -1.014933 -1.351882 -3.603002 -0.627952 -2.230488 -5.161101 7.7e-05 -2.2e-05 6e-06 0.019525 0.055762 0.003382 0.710921 -3.666205 -10.583526 -0.674599 3.781968 -10.584148 -16.905014 -2.613069 16.710049 -56.759525 -13.384561 29.390848 -0.021127 -25.203608 -0.01705 4.250168 3.216473 -7.901546 -5.882003 9.861416 0.702385 -10.936978 -0.36068 7.156126 -4e-05 8.774799 -1e-06 -16.131386 17.998314 5.954995 -1.844025 2.498506 -2.507264 -10.163568 4.678974 4.621115 -20.975927 7.9e-05 -2.5e-05 -21.226246 2.451776 -3.594077 2e-06 -5e-06 -1e-06 -1.362703 2.240792 -0.746304 -21.334782 0.584991 3.008314 -13.821155 5.5e-05 -2e-05 -23.887102 -0.248977 -0.839597 -60.387405 2.574581 -1.260481 -0.294055 1.679679 0.833271 -14.21811 0.09327 1.30059 -34.21191 -0.287438 0.967084 -20.033169 0.964585 1.212777 -3e-06 0.0 -0.0 -3.440394 0.788258 0.501696 -15.928082 -3.16727 2.999705 -6.338798 2.6e-05 -5e-06 -18.123411 3.648273 -4.905733 -1e-06 -1e-06 -1e-06 21.290596 10.411194 19.345829 57.686844 14.940566 20.704084 0.610064 22.506701 0.333289 -7.541847 -3.429122 -1.270737 2.243446 -5.255175 -3.180408 14.28304 -0.826418 6.952341 6.2e-05 -12.690525 -1.2e-05 16.18766 -17.546766 2.480541 1.665653 -1.955929 -2.878276 4.727785 -4.170588 4.99394 11.020446 -5.2e-05 -4e-06 12.108976 -3.735766 -2.866786 -2e-06 1e-06 -4e-06 1.292005 -1.928532 -1.498066 14.799995 0.567376 3.865619 14.242478 -1.341805 -6.66064 19.631758 0.143821 -0.648316 49.681122 -0.643372 -6.529519 0.353057 -1.511124 -0.031921 20.222601 3.684167 2.316636 18.787127 -7.7e-05 -3.9e-05 10.751558 -0.479898 1.397873 -1e-06 2e-06 1e-06 3.273792 0.305942 -0.580059 21.486626 11.830207 2.26614 8.162868 -3e-05 -8e-06 18.398947 -3.799062 -4.940619 3e-06 -1e-06 0.0 2.6055 0.175233 -1.600065 0.006899 0.01754 5.96462 -2.977913 1.773404 -5.00972 1.658409 -1.960973 -0.611369 0.0 0.0 4e-06 -2.380115 -6.067144 -2.280386 -0.004052 -0.004582 3.839899 3.21524 -2.70151 -0.907495 -1.414733 0.994542 -1.067946 0.0 -0.0 -2e-06 
0.0 0.0 0.0 0.0 -0.0 0.0 -2.448786 100.491798 4.473256 0.647352 0.447571 0.21554 -0.687537 -0.043266 -3.936625 -0.641108 0.190645 -6.629083 0.760172 -1.808175 12.024378 -0.264335 2.958164 6.250204 -1.015309 -1.350347 -3.604341 -0.612684 -2.2371 -5.22134 7.7e-05 -2.2e-05 6e-06 0.020035 0.051976 0.00412 0.709816 -3.671839 -10.589309 -0.672434 3.779943 -10.590516 -16.929512 -2.598744 16.712698 -56.743332 -13.414588 29.335995 -0.004835 -25.228205 -0.017456 4.287784 3.233775 -7.997963 -5.882039 9.861406 0.702528 -10.936956 -0.360697 7.156194 -1.8e-05 8.774776 2e-06 -16.121462 18.00585 5.957806 -1.844022 2.498504 -2.507266 -10.163563 4.678936 4.621112 -20.97595 4.3e-05 -4e-06 -21.226267 2.451712 -3.594015 6e-06 -4e-06 -3e-06 -1.362683 2.240756 -0.74632 -21.334801 0.584991 3.008319 -13.821167 3e-05 0.0 -23.887135 -0.249034 -0.839511 -60.375561 2.572305 -1.243537 -0.294032 1.67963 0.833255 -14.218129 0.093298 1.300586 -34.211914 -0.287479 0.967144 -20.033182 0.96458 1.212824 1e-06 -2e-06 1e-06 -3.44035 0.78817 0.50168 -15.928119 -3.167197 2.999696 -6.338804 1.4e-05 4e-06 -18.123426 3.648209 -4.905683 -3e-06 -1e-06 -1e-06 21.254374 10.437531 19.309183 57.707615 14.976117 20.916559 0.578417 22.489243 0.318097 -7.589748 -3.429586 -1.352275 2.243488 -5.255148 -3.180291 14.282975 -0.826433 6.952418 1.8e-05 -12.690516 -8e-06 16.198051 -17.558382 2.484611 1.665657 -1.955927 -2.878285 4.727779 -4.170567 4.99393 11.020464 -1.4e-05 -3e-06 12.109 -3.735695 -2.866793 -0.0 -0.0 -3e-06 1.291981 -1.928508 -1.498085 14.800034 0.567393 3.865617 14.242492 -1.341751 -6.660641 19.631838 0.14391 -0.648271 49.709808 -0.637132 -6.522089 0.353028 -1.511095 -0.031935 20.22267 3.684191 2.316632 18.787172 -2.1e-05 -8e-06 10.751591 -0.479877 1.397903 0.0 2e-06 -2e-06 3.273751 0.306007 -0.580081 21.486706 11.830176 2.266123 8.16288 -1.4e-05 3e-06 18.398979 -3.79899 -4.940567 4e-06 -1e-06 -4e-06 2.625496 0.163409 -1.692181 0.007145 0.013982 6.02508 -2.998077 1.778773 -5.042156 1.661123 -1.956376 -0.629802 0.0 0.0 2e-06 -2.358626 -6.029186 -2.365688 -0.009748 0.000172 3.918606 3.208944 -2.760281 -0.953081 -1.416537 0.992907 -1.075888 0.0 -0.0 -0.0 
0.0 0.0 0.0 0.0 -0.0 0.0 -2.48578 100.491402 4.479324 0.639348 0.462344 0.279228 -0.674691 -0.040406 -3.935423 -0.641233 0.203292 -6.630763 0.759137 -1.804534 12.017154 -0.272059 2.956582 6.282792 -1.00917 -1.352029 -3.60198 -0.596517 -2.237023 -5.294564 7.7e-05 -2.2e-05 6e-06 0.02082 0.053003 0.003649 0.709815 -3.672187 -10.591529 -0.670814 3.782125 -10.592062 -16.937904 -2.60276 16.719917 -56.752071 -13.448625 29.26622 -0.002455 -25.242189 -0.024267 4.341369 3.240014 -8.145429 -5.882146 9.8611 0.702977 -10.936758 -0.360472 7.156411 4e-06 8.774872 -3e-06 -16.108158 18.02989 5.963384 -1.844041 2.498507 -2.507297 -10.163657 4.678971 4.621063 -20.976192 -1.3e-05 -1e-06 -21.226562 2.451699 -3.594091 1e-06 -6e-06 1e-06 -1.362693 2.240839 -0.746357 -21.335024 0.584863 3.008311 -13.821319 -9e-06 6e-06 -23.887537 -0.249102 -0.839527 -60.353958 2.567852 -1.233674 -0.294043 1.679744 0.833224 -14.218262 0.093151 1.300568 -34.212364 -0.287575 0.967188 -20.033415 0.964547 1.212879 1e-06 1e-06 -0.0 -3.440456 0.788315 0.501584 -15.928189 -3.167408 2.999737 -6.338875 -5e-06 3e-06 -18.12372 3.64816 -4.905765 -3e-06 -1e-06 -1e-06 21.217947 10.462014 19.264462 57.738014 15.02276 21.104288 0.550964 22.431973 0.305321 -7.601599 -3.434119 -1.414589 2.243541 -5.254945 -3.180016 14.282847 -0.826656 6.952584 -3e-06 -12.690639 1e-06 16.202583 -17.567131 2.491964 1.66567 -1.955923 -2.878308 4.727809 -4.170602 4.993907 11.020556 4e-06 -7e-06 12.109132 -3.73573 -2.866838 1e-06 -0.0 -1e-06 1.291993 -1.928578 -1.498105 14.800151 0.567501 3.865599 14.242614 -1.341737 -6.660689 19.632099 0.143944 -0.648286 49.737129 -0.632787 -6.511543 0.353039 -1.511188 -0.031954 20.22282 3.684366 2.316629 18.787329 1e-05 -4e-06 10.75166 -0.479869 1.39792 -2e-06 1e-06 1e-06 3.273841 0.305893 -0.580143 21.486822 11.830463 2.266152 8.162951 1e-06 0.0 18.3992 -3.798978 -4.940628 3e-06 0.0 -1e-06 2.655108 0.170323 -1.787236 0.005999 0.010404 6.094117 -3.019485 1.79251 -5.085975 1.661966 -1.952646 -0.636637 0.0 0.0 1e-06 -2.328711 -5.966373 -2.454434 -0.014242 0.005444 3.994856 3.175297 -2.812227 -0.995027 -1.417651 0.991953 -1.078051 -0.0 -0.0 2e-06 
0.0 0.0 0.0 0.0 -0.0 0.0 -2.534742 100.491692 4.496871 0.629459 0.455158 0.355558 -0.659414 -0.039963 -3.930296 -0.647241 0.215922 -6.631191 0.766279 -1.802796 12.008819 -0.278926 2.956575 6.286932 -0.999789 -1.347655 -3.603861 -0.569543 -2.248286 -5.335479 7.7e-05 -2.2e-05 6e-06 0.020917 0.048886 0.002277 0.71023 -3.676942 -10.596529 -0.67098 3.778579 -10.595761 -16.94371 -2.613384 16.693855 -56.770493 -13.448654 29.149338 -0.028706 -25.260036 -0.028424 4.418108 3.227542 -8.266634 -5.882085 9.8613 0.702405 -10.936883 -0.360621 7.156128 -1.2e-05 8.774825 -1.1e-05 -16.100512 18.046204 5.973621 -1.84403 2.498505 -2.507267 -10.163589 4.678958 4.621106 -20.976013 1.7e-05 -7e-06 -21.226328 2.451724 -3.594051 2e-06 -8e-06 -0.0 -1.362686 2.2408 -0.746313 -21.334875 0.584925 3.008327 -13.821203 9e-06 -3e-06 -23.887217 -0.249057 -0.839521 -60.342495 2.565039 -1.23421 -0.294034 1.679694 0.833263 -14.218177 0.093218 1.300594 -34.21204 -0.287541 0.967145 -20.033232 0.964539 1.212836 -2e-06 1e-06 2e-06 -3.44039 0.788255 0.501672 -15.928153 -3.167319 2.999723 -6.338823 3e-06 -3e-06 -18.123501 3.648198 -4.905712 -6e-06 -2e-06 2e-06 21.192291 10.483698 19.22179 57.743595 15.090902 21.214981 0.558506 22.346653 0.30536 -7.598678 -3.402377 -1.383233 2.243498 -5.25516 -3.180459 14.282928 -0.826558 6.952373 2.1e-05 -12.690592 1e-06 16.199409 -17.568567 2.5046 1.665663 -1.955922 -2.878283 4.727793 -4.170588 4.993941 11.0205 -1.6e-05 -4e-06 12.10905 -3.735746 -2.866779 -2e-06 1e-06 -3e-06 1.291996 -1.928543 -1.498059 14.800076 0.567446 3.865608 14.242537 -1.341765 -6.660637 19.631924 0.143894 -0.648271 49.759079 -0.635906 -6.496245 0.353044 -1.511148 -0.031909 20.222719 3.68428 2.316627 18.78723 -2.2e-05 -2.3e-05 10.751613 -0.479873 1.397887 1e-06 1e-06 -3e-06 3.273811 0.305935 -0.580056 21.486729 11.830352 2.266129 8.162902 -9e-06 -1.5e-05 18.399065 -3.799008 -4.940616 5e-06 1e-06 -4e-06 2.685726 0.183044 -1.886816 0.004672 0.007556 6.16526 -3.027471 1.817848 -5.159176 1.661789 -1.944885 -0.637538 0.0 0.0 1e-06 -2.295592 -5.910292 -2.566587 -0.017719 0.006571 4.083235 3.144792 -2.844909 -1.044351 -1.417477 0.99209 -1.081544 0.0 -0.0 -0.0 
0.0 0.0 0.0 0.0 -0.0 0.0 -2.576123 100.488815 4.520948 0.6203 0.441092 0.437947 -0.647554 -0.037677 -3.923138 -0.655643 0.223496 -6.628368 0.779918 -1.800708 11.9933 -0.272539 2.95315 6.269312 -0.998102 -1.35081 -3.610952 -0.529541 -2.260187 -5.360209 7.7e-05 -2.2e-05 6e-06 0.020238 0.040686 0.002372 0.708983 -3.684643 -10.5976 -0.671 3.769757 -10.595538 -16.95113 -2.642375 16.679159 -56.806908 -13.441326 29.02104 -0.060055 -25.269186 -0.01794 4.483785 3.194177 -8.365976 -5.882174 9.861214 0.702581 -10.93672 -0.360482 7.156222 4.8e-05 8.774839 -7e-06 -16.10136 18.047297 5.982595 -1.844038 2.498497 -2.507281 -10.16361 4.678895 4.621093 -20.97611 -0.000118 3.4e-05 -21.226402 2.45157 -3.593939 -3e-06 -5e-06 -2e-06 -1.362652 2.240781 -0.746326 -21.335009 0.584815 3.008322 -13.821262 -7.7e-05 2.7e-05 -23.88735 -0.249237 -0.839368 -60.354782 2.564969 -1.232727 -0.293984 1.679665 0.833253 -14.218288 0.093161 1.30057 -34.212193 -0.287734 0.96727 -20.033316 0.964461 1.212939 -2e-06 1e-06 -0.0 -3.440356 0.788163 0.501635 -15.92828 -3.167328 2.999701 -6.338847 -3.7e-05 4e-06 -18.123562 3.648034 -4.905643 -3e-06 1e-06 1e-06 21.173773 10.509806 19.187109 57.750362 15.165168 21.298693 0.564479 22.236923 0.311309 -7.629698 -3.355949 -1.230565 2.24362 -5.254946 -3.180058 14.282712 -0.826729 6.952585 -8.4e-05 -12.690644 8e-06 16.19401 -17.574585 2.513826 1.665674 -1.955914 -2.87831 4.727798 -4.17057 4.993906 11.020585 7.2e-05 -1e-06 12.109125 -3.735625 -2.8668 -1e-06 1e-06 -0.0 1.291957 -1.928551 -1.498098 14.800231 0.567558 3.865597 14.242625 -1.34165 -6.660661 19.632195 0.144096 -0.648176 49.768589 -0.649755 -6.487756 0.352987 -1.511153 -0.031948 20.22294 3.684438 2.316626 18.787363 0.000112 3.8e-05 10.751689 -0.479824 1.39795 -1e-06 3e-06 -2e-06 3.273787 0.30599 -0.580144 21.486988 11.830488 2.266122 8.16297 5e-05 7e-06 18.399239 -3.79884 -4.940536 2e-06 -2e-06 0.0 2.718441 0.198281 -1.988313 0.003311 0.00628 6.229248 -3.039894 1.8307 -5.230418 1.659657 -1.937428 -0.633624 0.0 0.0 2e-06 -2.260642 -5.879195 -2.67692 -0.021371 0.005653 4.170352 3.110719 -2.871623 -1.113821 -1.41715 0.992946 -1.085977 0.0 -0.0 -1e-06 
0.0 0.0 0.0 0.0 -0.0 0.0 -2.607797 100.487007 4.551394 0.617024 0.437735 0.523415 -0.643575 -0.03832 -3.909439 -0.661773 0.225576 -6.619117 0.784145 -1.795986 11.97289 -0.256025 2.939975 6.230092 -0.993768 -1.343228 -3.612903 -0.486051 -2.265993 -5.394281 7.7e-05 -2.2e-05 6e-06 0.019103 0.03135 0.006209 0.707444 -3.693236 -10.591308 -0.67162 3.75965 -10.587516 -16.957186 -2.679749 16.679434 -56.846237 -13.445969 28.915094 -0.087867 -25.263451 0.000175 4.493031 3.149522 -8.471086 -5.882027 9.861402 0.702408 -10.93689 -0.360634 7.156155 3e-06 8.774788 -0.0 -16.110708 18.032475 5.983184 -1.844026 2.498501 -2.507264 -10.163553 4.678919 4.621108 -20.975927 -1.6e-05 -1.1e-05 -21.226191 2.451645 -3.593993 3e-06 -5e-06 1e-06 -1.362672 2.240761 -0.746314 -21.334827 0.584934 3.008305 -13.821148 -1.1e-05 -4e-06 -23.887056 -0.249124 -0.839474 -60.366447 2.559464 -1.23854 -0.294014 1.679637 0.833264 -14.218165 0.093258 1.300573 -34.211884 -0.287587 0.967161 -20.033157 0.964518 1.212846 -3e-06 0.0 2e-06 -3.440338 0.788166 0.50168 -15.928167 -3.167236 2.999688 -6.338797 -4e-06 -2e-06 -18.123371 3.648144 -4.905674 -4e-06 -0.0 1e-06 21.154779 10.531644 19.156118 57.780704 15.232671 21.339869 0.564481 22.136194 0.317744 -7.694994 -3.28546 -1.105911 2.243501 -5.255157 -3.180354 14.282934 -0.82651 6.952393 -6e-06 -12.690544 -4e-06 16.185942 -17.570721 2.509692 1.665657 -1.955919 -2.878285 4.727767 -4.170565 4.993937 11.020452 6e-06 -3e-06 12.108943 -3.735678 -2.866766 -1e-06 0.0 1e-06 1.291971 -1.928517 -1.498071 14.800052 0.56744 3.86561 14.242478 -1.34173 -6.660624 19.631807 0.143964 -0.648226 49.744144 -0.662192 -6.485844 0.35301 -1.511106 -0.031922 20.222692 3.684252 2.316624 18.787148 1.3e-05 3e-06 10.751573 -0.479859 1.397904 1e-06 4e-06 0.0 3.273738 0.306005 -0.580065 21.486753 11.83026 2.26611 8.162871 3e-06 5e-06 18.398932 -3.798961 -4.940536 0.0 -3e-06 -3e-06 2.746366 0.206278 -2.094912 0.00357 0.009863 6.288 -3.069775 1.829089 -5.278493 1.658122 -1.932785 -0.631446 0.0 0.0 -0.0 -2.22892 -5.845551 -2.792464 -0.025721 0.004823 4.261351 3.068066 -2.919059 -1.183933 -1.417071 0.994325 -1.087165 -0.0 -0.0 1e-06 
0.0 0.0 0.0 0.0 -0.0 0.0 -2.63821 100.488174 4.583878 0.615427 0.445818 0.609702 -0.645952 -0.042595 -3.895127 -0.665877 0.222392 -6.613884 0.779254 -1.796793 11.96799 -0.219908 2.919662 6.181961 -0.98522 -1.319076 -3.612967 -0.470842 -2.287431 -5.443822 7.7e-05 -2.2e-05 6e-06 0.018605 0.02705 0.011248 0.706379 -3.697944 -10.58786 -0.671493 3.755741 -10.583204 -16.942469 -2.717996 16.68383 -56.88345 -13.465289 28.907444 -0.093795 -25.267078 0.004579 4.445673 3.128857 -8.617348 -5.882062 9.861259 0.702558 -10.93679 -0.36054 7.15624 -6e-06 8.774853 -6e-06 -16.098776 18.005417 5.986781 -1.84404 2.498505 -2.507283 -10.163641 4.678971 4.62108 -20.976139 -0.0 -2.4e-05 -21.226511 2.451706 -3.594095 -1e-06 -5e-06 1e-06 -1.362702 2.240822 -0.746327 -21.334969 0.584894 3.008304 -13.821284 -2e-06 -2.1e-05 -23.887476 -0.249102 -0.839569 -60.367775 2.553973 -1.24129 -0.294052 1.679719 0.833254 -14.218225 0.093185 1.300571 -34.21225 -0.287574 0.967124 -20.03335 0.964522 1.212836 -1e-06 2e-06 -0.0 -3.440449 0.788291 0.501633 -15.928157 -3.167372 2.999716 -6.338855 -1e-06 -9e-06 -18.123646 3.648172 -4.905759 -5e-06 0.0 -3e-06 21.145597 10.544378 19.131996 57.806206 15.295238 21.284828 0.59354 22.066811 0.327231 -7.800456 -3.189015 -0.966781 2.243508 -5.254903 -3.179985 14.282847 -0.826679 6.95261 1.6e-05 -12.690675 -4e-06 16.162668 -17.552679 2.504181 1.665672 -1.955925 -2.878317 4.727827 -4.170623 4.993899 11.020583 -1e-05 -9e-06 12.109189 -3.735776 -2.866868 -1e-06 -0.0 0.0 1.292014 -1.928603 -1.498109 14.800158 0.567509 3.865598 14.242654 -1.341761 -6.660714 19.632193 0.143916 -0.648324 49.695148 -0.657757 -6.48667 0.353065 -1.511223 -0.031959 20.22282 3.68438 2.316638 18.787374 -1.6e-05 -2.4e-05 10.751688 -0.479877 1.397919 3e-06 3e-06 0.0 3.273886 0.305833 -0.58016 21.486795 11.830523 2.266179 8.162968 -5e-06 -6e-06 18.399277 -3.799007 -4.94068 3e-06 -1e-06 -1e-06 2.773684 0.215596 -2.202147 0.004065 0.009865 6.344588 -3.093581 1.816958 -5.312531 1.657262 -1.934681 -0.637377 -0.0 0.0 -5e-06 -2.19829 -5.806686 -2.899965 -0.030033 0.003412 4.341755 3.049564 -2.973276 -1.239878 -1.416972 0.99559 -1.086551 0.0 -0.0 -0.0 
0.0 0.0 0.0 0.0 -0.0 0.0 -2.671237 100.484756 4.604554 0.611356 0.451686 0.698609 -0.650681 -0.043587 -3.881173 -0.670033 0.214237 -6.613773 0.78249 -1.805825 11.973459 -0.191025 2.901562 6.118201 -0.977015 -1.307914 -3.612177 -0.477336 -2.304849 -5.495067 7.7e-05 -2.2e-05 6e-06 0.019617 0.019639 0.015452 0.707208 -3.705204 -10.584509 -0.670236 3.747951 -10.580645 -16.919291 -2.759788 16.686153 -56.921661 -13.499701 28.994314 -0.096391 -25.255169 0.001468 4.386249 3.125013 -8.716933 -5.882162 9.861149 0.70268 -10.936723 -0.360415 7.156301 -5e-06 8.774917 -5e-06 -16.089468 17.988972 5.999084 -1.844048 2.498507 -2.507286 -10.163693 4.679004 4.621069 -20.976261 4e-06 -1.2e-05 -21.226671 2.451757 -3.594131 -1e-06 -4e-06 1e-06 -1.362715 2.240878 -0.746334 -21.335072 0.584838 3.00831 -13.821367 -1e-06 -1.4e-05 -23.887682 -0.249082 -0.839584 -60.379242 2.558971 -1.235559 -0.294068 1.679791 0.83325 -14.21828 0.0931 1.300566 -34.212494 -0.287576 0.967142 -20.033484 0.964526 1.212853 -3e-06 0.0 -1e-06 -3.440521 0.788387 0.501616 -15.928172 -3.167502 2.999732 -6.338894 -0.0 -9e-06 -18.123808 3.648197 -4.905801 -5e-06 1e-06 1e-06 21.137169 10.553308 19.103107 57.817524 15.339362 21.261463 0.613999 22.039591 0.329881 -7.922016 -3.097232 -0.851183 2.243537 -5.254817 -3.179967 14.282761 -0.826785 6.95264 -4e-06 -12.690743 -7e-06 16.150568 -17.543674 2.493659 1.66568 -1.955923 -2.878317 4.727839 -4.170638 4.993893 11.020628 8e-06 -1.3e-05 12.109247 -3.735783 -2.866887 0.0 -0.0 0.0 1.292016 -1.928638 -1.498111 14.800221 0.567564 3.865598 14.242715 -1.341751 -6.660734 19.632338 0.143955 -0.648336 49.662701 -0.645436 -6.491718 0.353064 -1.511267 -0.031962 20.222912 3.684471 2.316639 18.787447 2.1e-05 -2.8e-05 10.751719 -0.479857 1.397927 -1e-06 2e-06 -2e-06 3.273925 0.305782 -0.580172 21.486866 11.83066 2.266199 8.162993 6e-06 -1.2e-05 18.399353 -3.798977 -4.940705 2e-06 -0.0 -1e-06 2.802302 0.214463 -2.305146 0.005446 0.012238 6.392586 -3.091535 1.823855 -5.345147 1.656376 -1.941101 -0.643137 0.0 0.0 3e-06 -2.161868 -5.757932 -3.009463 -0.032046 -8.3e-05 4.422883 3.052635 -3.031794 -1.305287 -1.416458 0.990158 -1.093183 -0.0 -0.0 5e-06 
0.0 0.0 0.0 0.0 -0.0 0.0 -2.708078 100.47773 4.617275 0.603679 0.456842 0.795658 -0.658468 -0.04788 -3.864404 -0.672139 0.211693 -6.609765 0.792487 -1.819682 11.97117 -0.178644 2.887657 6.039376 -0.971112 -1.311958 -3.613068 -0.474973 -2.31731 -5.539975 7.7e-05 -2.2e-05 6e-06 0.02067 0.014612 0.017675 0.709108 -3.709989 -10.583023 -0.669982 3.742591 -10.579887 -16.911991 -2.809479 16.694403 -56.931458 -13.537527 29.109324 -0.090175 -25.22607 -0.00356 4.31216 3.120199 -8.720078 -5.882123 9.861206 0.702606 -10.936804 -0.360475 7.156248 -5e-06 8.774883 -5e-06 -16.099867 17.980032 6.009129 -1.844039 2.498506 -2.507275 -10.163637 4.678981 4.62109 -20.97613 2e-06 -5e-06 -21.226496 2.451737 -3.594086 3e-06 -9e-06 -1e-06 -1.362699 2.240849 -0.74632 -21.334978 0.584864 3.008318 -13.821283 1e-06 -4e-06 -23.887449 -0.249077 -0.839545 -60.405231 2.57213 -1.233695 -0.294047 1.679754 0.833263 -14.218229 0.09314 1.300577 -34.21225 -0.287561 0.967158 -20.03335 0.964533 1.212851 0.0 3e-06 1e-06 -3.440451 0.788337 0.501646 -15.928167 -3.167442 2.999727 -6.338857 1e-06 -5e-06 -18.123636 3.6482 -4.905751 -4e-06 -0.0 -1e-06 21.132641 10.555025 19.098276 57.819908 15.39239 21.321047 0.600707 22.031439 0.323023 -8.028886 -3.008419 -0.771922 2.243522 -5.254947 -3.180135 14.282815 -0.826678 6.952552 -4e-06 -12.690673 -6e-06 16.153627 -17.545681 2.481142 1.665674 -1.955922 -2.878306 4.72782 -4.170613 4.993907 11.020578 4e-06 -1e-05 12.109176 -3.735754 -2.866851 0.0 0.0 1e-06 1.292002 -1.928588 -1.498093 14.800164 0.567513 3.865595 14.242641 -1.341743 -6.660696 19.63217 0.143948 -0.648302 49.65292 -0.633994 -6.501533 0.353049 -1.511203 -0.031946 20.222839 3.684385 2.316634 18.787363 1.4e-05 -2e-05 10.751681 -0.47986 1.397916 0.0 3e-06 -2e-06 3.273862 0.305872 -0.580136 21.486834 11.830501 2.266168 8.162959 6e-06 -8e-06 18.399246 -3.798967 -4.940652 3e-06 -0.0 -2e-06 2.836704 0.201885 -2.406262 0.00577 0.015717 6.42845 -3.085743 1.849364 -5.391037 1.655309 -1.941412 -0.639436 0.0 0.0 -0.0 -2.116108 -5.701999 -3.118974 -0.03106 -0.004147 4.493792 3.041668 -3.119801 -1.383718 -1.416091 0.982132 -1.098859 0.0 -0.0 -0.0 
0.0 0.0 0.0 0.0 -0.0 0.0 -2.749451 100.473259 4.63197 0.593358 0.458286 0.902969 -0.670263 -0.050163 -3.842913 -0.674489 0.214145 -6.606539 0.808362 -1.834219 11.973375 -0.169312 2.867713 5.940494 -0.973316 -1.314512 -3.614095 -0.468688 -2.312756 -5.585876 7.7e-05 -2.2e-05 6e-06 0.0211 0.012247 0.018396 0.711575 -3.711965 -10.584358 -0.671609 3.740031 -10.581838 -16.900099 -2.864215 16.70919 -56.918983 -13.575554 29.185709 -0.091044 -25.219189 -0.006915 4.233802 3.117722 -8.703017 -5.882137 9.861195 0.702635 -10.936826 -0.360537 7.156219 2e-06 8.77485 -1.2e-05 -16.112675 17.976143 6.008543 -1.844036 2.498506 -2.507279 -10.163612 4.678956 4.621092 -20.976074 -1.4e-05 8e-06 -21.226391 2.4517 -3.594036 2e-06 -5e-06 -0.0 -1.362688 2.240828 -0.746331 -21.334949 0.58488 3.008329 -13.82125 -1e-05 6e-06 -23.887323 -0.249092 -0.839496 -60.423351 2.582058 -1.242657 -0.29403 1.679724 0.833249 -14.218224 0.093173 1.300585 -34.212143 -0.287578 0.967189 -20.033285 0.96453 1.21287 -1e-06 2e-06 3e-06 -3.440415 0.788284 0.501634 -15.928185 -3.167367 2.999729 -6.338839 -4e-06 1e-06 -18.123552 3.648169 -4.90571 -4e-06 -1e-06 0.0 21.127518 10.551803 19.12179 57.813763 15.463525 21.415144 0.581244 22.042416 0.317889 -8.141335 -2.922805 -0.686227 2.243564 -5.254923 -3.180061 14.282841 -0.826673 6.952559 -4e-06 -12.690655 -4e-06 16.156052 -17.55361 2.478177 1.66567 -1.955921 -2.878309 4.727815 -4.170608 4.993908 11.020569 7e-06 1e-06 12.109143 -3.735737 -2.866828 1e-06 1e-06 -2e-06 1.291998 -1.92859 -1.4981 14.800166 0.567509 3.865608 14.242628 -1.34174 -6.660683 19.632137 0.143935 -0.648276 49.651695 -0.628283 -6.51198 0.353045 -1.511207 -0.031949 20.222841 3.684382 2.316642 18.787367 9e-06 -5e-06 10.75168 -0.479869 1.397922 0.0 3e-06 0.0 3.273869 0.305869 -0.580135 21.486834 11.830498 2.266168 8.162962 4e-06 -1e-06 18.399237 -3.798979 -4.940626 3e-06 1e-06 -0.0 2.881713 0.204386 -2.522203 0.003232 0.017001 6.480371 -3.079444 1.861101 -5.449919 1.653743 -1.941459 -0.621544 -0.0 0.0 -1e-06 -2.059645 -5.636192 -3.241337 -0.029805 -0.006881 4.578658 3.016953 -3.243912 -1.487647 -1.41477 0.974525 -1.116751 0.0 -0.0 -0.0 
0.0 0.0 0.0 0.0 -0.0 0.0 -2.801713 100.472626 4.659546 0.583319 0.462611 1.014865 -0.689006 -0.057754 -3.816042 -0.675396 0.201332 -6.602662 0.826399 -1.826667 11.98216 -0.151962 2.861661 5.830316 -0.981165 -1.320523 -3.612827 -0.476268 -2.287216 -5.656349 7.7e-05 -2.2e-05 7e-06 0.02046 0.009059 0.018395 0.711548 -3.715199 -10.586863 -0.672873 3.736809 -10.584846 -16.869507 -2.926699 16.750196 -56.889004 -13.623268 29.208965 -0.1113 -25.227335 -0.003509 4.191908 3.073085 -8.686569 -5.882178 9.861114 0.702891 -10.93672 -0.360412 7.156399 1.1e-05 8.774901 -0.0 -16.112335 17.981478 6.007303 -1.844043 2.498505 -2.507295 -10.163675 4.678975 4.621066 -20.976254 -2.6e-05 8e-06 -21.226652 2.451714 -3.59409 1e-06 -4e-06 1e-06 -1.362697 2.24085 -0.746346 -21.33507 0.584832 3.008312 -13.821365 -1.5e-05 8e-06 -23.887678 -0.249107 -0.839529 -60.438038 2.589464 -1.249987 -0.294041 1.679754 0.833236 -14.218288 0.093115 1.300562 -34.212475 -0.287598 0.967207 -20.033487 0.964537 1.212894 -1e-06 2e-06 1e-06 -3.440472 0.788325 0.501599 -15.928201 -3.167454 2.999734 -6.338893 -7e-06 2e-06 -18.123796 3.648166 -4.90577 -6e-06 -0.0 0.0 21.134626 10.536806 19.142313 57.801098 15.533915 21.52154 0.566433 22.067125 0.317859 -8.236133 -2.843336 -0.568618 2.243554 -5.254935 -3.180018 14.282773 -0.826698 6.952615 -2.8e-05 -12.690655 5e-06 16.161402 -17.564745 2.48043 1.665676 -1.955919 -2.878314 4.727821 -4.170598 4.993902 11.020603 2.7e-05 -9e-06 12.109201 -3.735706 -2.866843 1e-06 -0.0 -1e-06 1.291991 -1.928576 -1.498107 14.8002 0.567522 3.865593 14.242665 -1.341711 -6.6607 19.632254 0.14399 -0.648277 49.659145 -0.630762 -6.517334 0.353035 -1.511185 -0.031958 20.222891 3.684398 2.316624 18.787401 4.2e-05 -4e-06 10.751706 -0.479852 1.397928 1e-06 3e-06 0.0 3.273853 0.305906 -0.580152 21.486876 11.830493 2.26614 8.162978 1.6e-05 -5e-06 18.399305 -3.798929 -4.940637 2e-06 -0.0 -3e-06 2.932452 0.214039 -2.638085 0.000796 0.013533 6.544085 -3.081183 1.877698 -5.547474 1.652353 -1.948305 -0.619277 0.0 0.0 1e-06 -1.995168 -5.516973 -3.380024 -0.028754 -0.010888 4.70049 2.978311 -3.401923 -1.615953 -1.412905 0.96722 -1.143162 0.0 1e-06 -4e-06 
0.0 0.0 0.0 0.0 -0.0 0.0 -2.860559 100.476143 4.709169 0.577352 0.46767 1.137686 -0.708984 -0.069396 -3.785422 -0.676303 0.17529 -6.596352 0.835525 -1.815505 11.991252 -0.14642 2.85947 5.708838 -0.984796 -1.310663 -3.607893 -0.485831 -2.252924 -5.755373 7.7e-05 -2.2e-05 6e-06 0.019173 0.009147 0.02028 0.710357 -3.714825 -10.58632 -0.674259 3.736265 -10.584095 -16.810261 -2.997183 16.792826 -56.850765 -13.665375 29.210684 -0.13204 -25.238201 -0.003569 4.151632 3.004425 -8.641583 -5.882143 9.861251 0.70271 -10.93683 -0.360549 7.156261 1.4e-05 8.774821 -0.0 -16.091995 17.981455 6.02756 -1.844031 2.4985 -2.507281 -10.163594 4.678927 4.621097 -20.976042 -3.2e-05 2.7e-05 -21.226332 2.451663 -3.593974 3e-06 -5e-06 2e-06 -1.362671 2.240786 -0.746333 -21.33493 0.584888 3.008323 -13.821236 -2e-05 2.1e-05 -23.887295 -0.249114 -0.839434 -60.478191 2.595427 -1.229642 -0.294011 1.679672 0.833249 -14.218224 0.093208 1.300576 -34.212109 -0.287593 0.967226 -20.033274 0.964536 1.21289 0.0 2e-06 1e-06 -3.440376 0.788202 0.501644 -15.928206 -3.167303 2.999706 -6.338835 -1e-05 7e-06 -18.123518 3.64814 -4.905665 -3e-06 -1e-06 -3e-06 21.137669 10.514059 19.182796 57.814568 15.625546 21.614208 0.556018 22.10453 0.317143 -8.31304 -2.744772 -0.44558 2.243603 -5.254886 -3.179877 14.282809 -0.826684 6.952655 -2.8e-05 -12.69065 -0.0 16.175158 -17.579329 2.480103 1.66567 -1.955921 -2.878319 4.727813 -4.170597 4.993897 11.020601 2.7e-05 6e-06 12.109185 -3.735703 -2.866838 -0.0 1e-06 -0.0 1.291981 -1.92857 -1.498115 14.8002 0.56752 3.865607 14.242658 -1.341713 -6.660696 19.632263 0.143975 -0.648247 49.666588 -0.630601 -6.51567 0.353023 -1.51118 -0.03197 20.222883 3.684379 2.316642 18.787403 3.6e-05 2.6e-05 10.751712 -0.479863 1.397949 -2e-06 0.0 -2e-06 3.273831 0.305921 -0.58016 21.486881 11.830463 2.266157 8.162987 1.4e-05 1.3e-05 18.399319 -3.798948 -4.940602 3e-06 -2e-06 1e-06 2.984308 0.247323 -2.739619 -0.001828 0.005864 6.580257 -3.096163 1.885534 -5.658713 1.652126 -1.954867 -0.641718 0.0 0.0 1e-06 -1.930881 -5.375865 -3.538775 -0.027834 -0.009437 4.857908 2.935675 -3.576862 -1.772524 -1.410762 0.964115 -1.178219 0.0 1e-06 -4e-06 
0.0 0.0 0.0 0.0 -0.0 0.0 -2.934575 100.477432 4.785476 0.561204 0.468531 1.275225 -0.718876 -0.078265 -3.750993 -0.680286 0.150308 -6.590231 0.845434 -1.816013 11.993763 -0.16277 2.858158 5.574955 -0.983806 -1.291717 -3.604315 -0.514102 -2.232641 -5.864549 7.7e-05 -2.2e-05 6e-06 0.01816 0.012642 0.022544 0.709696 -3.711325 -10.584906 -0.675655 3.739343 -10.584035 -16.745775 -3.063361 16.842499 -56.776909 -13.713726 29.232592 -0.134353 -25.247593 -0.00909 4.111396 2.940132 -8.538877 -5.882058 9.861341 0.702635 -10.936903 -0.360607 7.156241 -9e-06 8.774807 5e-06 -16.065386 17.993347 6.06511 -1.844029 2.498505 -2.507275 -10.163571 4.678941 4.621103 -20.975962 1.6e-05 -6e-06 -21.226257 2.451698 -3.594021 3e-06 -5e-06 -0.0 -1.362682 2.240782 -0.746327 -21.334843 0.584941 3.008311 -13.821179 1.2e-05 3e-06 -23.887154 -0.249068 -0.839503 -60.524754 2.602815 -1.211716 -0.29403 1.679667 0.833253 -14.218161 0.093245 1.300575 -34.211967 -0.287525 0.967161 -20.033199 0.964556 1.212838 -4e-06 1e-06 -0.0 -3.440368 0.788217 0.50166 -15.928144 -3.167273 2.999702 -6.338812 7e-06 4e-06 -18.123442 3.648191 -4.90569 -3e-06 -1e-06 -3e-06 21.138086 10.480992 19.24564 57.84787 15.716575 21.684519 0.540235 22.18499 0.307307 -8.388236 -2.642431 -0.372002 2.243501 -5.25504 -3.180113 14.282912 -0.826553 6.952526 1.3e-05 -12.69059 -6e-06 16.179777 -17.58691 2.480883 1.665662 -1.955926 -2.878301 4.727795 -4.170589 4.993914 11.020516 -7e-06 -8e-06 12.109084 -3.735722 -2.866829 2e-06 -0.0 -2e-06 1.291993 -1.928546 -1.498096 14.80009 0.567449 3.865602 14.24256 -1.341749 -6.660678 19.631994 0.143929 -0.648293 49.670956 -0.630992 -6.510838 0.353039 -1.511143 -0.031948 20.222733 3.68427 2.316626 18.787249 -9e-06 -1.3e-05 10.751627 -0.479874 1.397912 1e-06 -0.0 -0.0 3.2738 0.305943 -0.580119 21.486748 11.830327 2.266138 8.162914 -5e-06 -1e-06 18.399096 -3.798992 -4.940611 2e-06 -3e-06 -3e-06 3.05293 0.307337 -2.83214 -0.003424 -0.000562 6.589408 -3.131361 1.87622 -5.791167 1.651349 -1.948897 -0.684641 0.0 0.0 2e-06 -1.847776 -5.212672 -3.700666 -0.028615 -0.001614 5.006947 2.87944 -3.771164 -1.959182 -1.409277 0.967515 -1.229286 -0.0 -0.0 4e-06 
0.0 0.0 0.0 0.0 -0.0 0.0 -3.020439 100.477257 4.885026 0.532878 0.459654 1.440663 -0.719135 -0.080361 -3.70794 -0.687932 0.127737 -6.578244 0.867827 -1.824592 11.976398 -0.209422 2.864511 5.417308 -0.99139 -1.273737 -3.601764 -0.549111 -2.243951 -5.947976 7.7e-05 -2.2e-05 6e-06 0.017892 0.014529 0.022049 0.710413 -3.710003 -10.587549 -0.676966 3.741551 -10.587461 -16.688948 -3.134126 16.90661 -56.666695 -13.759289 29.192274 -0.126352 -25.26582 -0.019078 4.09665 2.886479 -8.351249 -5.882046 9.86143 0.702475 -10.937008 -0.360743 7.156116 1e-05 8.774734 -5e-06 -16.040995 18.022478 6.109251 -1.84401 2.498498 -2.50726 -10.163472 4.67887 4.621135 -20.975761 -2.6e-05 3.8e-05 -21.225954 2.451612 -3.593888 3e-06 -9e-06 -2e-06 -1.362632 2.240702 -0.746316 -21.334703 0.584972 3.008344 -13.82105 -1.4e-05 3.3e-05 -23.886774 -0.249107 -0.839361 -60.565407 2.620264 -1.201014 -0.293965 1.679557 0.833261 -14.218113 0.09333 1.300599 -34.21162 -0.287566 0.967245 -20.033022 0.964548 1.212886 0.0 1e-06 -1e-06 -3.440209 0.788035 0.501709 -15.928189 -3.167101 2.999683 -6.338755 -9e-06 1.5e-05 -18.123167 3.648123 -4.905567 -4e-06 -2e-06 -1e-06 21.139189 10.451023 19.293125 57.889534 15.771223 21.758545 0.526014 22.311071 0.296623 -8.49647 -2.560218 -0.325578 2.243561 -5.255143 -3.180088 14.282959 -0.826443 6.952507 -2.2e-05 -12.690477 7e-06 16.176992 -17.583572 2.475632 1.665653 -1.955922 -2.87829 4.727758 -4.170537 4.993917 11.020455 1.9e-05 1e-05 12.108958 -3.735619 -2.866761 -2e-06 1e-06 -2e-06 1.291952 -1.928473 -1.498095 14.80005 0.567397 3.865613 14.242468 -1.341701 -6.660627 19.631813 0.14397 -0.648195 49.653595 -0.626569 -6.510548 0.352984 -1.511046 -0.031953 20.222689 3.684176 2.316628 18.787148 1.2e-05 4.2e-05 10.751585 -0.479876 1.397931 2e-06 1e-06 1e-06 3.273685 0.3061 -0.580094 21.486773 11.830112 2.266083 8.162885 5e-06 2.4e-05 18.39896 -3.798944 -4.940472 -2e-06 -1e-06 -4e-06 3.143275 0.353865 -2.927706 -0.00567 -0.005785 6.570511 -3.192751 1.886192 -5.944655 1.649285 -1.941616 -0.739123 0.0 0.0 1e-06 -1.733683 -5.011624 -3.886431 -0.030095 0.006496 5.16599 2.794224 -3.995864 -2.165595 -1.408227 0.969873 -1.291032 0.0 -0.0 -4e-06 
0.0 0.0 0.0 0.0 -0.0 0.0 -3.127759 100.482246 5.017441 0.506078 0.436394 1.637473 -0.714553 -0.085605 -3.652423 -0.69442 0.113065 -6.564005 0.894546 -1.829275 11.943551 -0.274274 2.889616 5.236105 -1.007649 -1.258224 -3.598311 -0.579955 -2.287628 -5.99125 7.7e-05 -2.2e-05 6e-06 0.017253 0.008294 0.019861 0.711451 -3.716859 -10.591985 -0.679384 3.735914 -10.591498 -16.648767 -3.20201 16.975979 -56.522552 -13.809255 29.027378 -0.123555 -25.308952 -0.025294 4.114499 2.845604 -8.122197 -5.882032 9.861389 0.702452 -10.936916 -0.360683 7.156163 0.0 8.774775 -5e-06 -16.035864 18.046494 6.137414 -1.844022 2.498502 -2.507268 -10.163541 4.678912 4.621113 -20.975914 -1.1e-05 -1e-06 -21.226187 2.451648 -3.59399 0.0 -4e-06 1e-06 -1.362665 2.240744 -0.746319 -21.334803 0.584955 3.008319 -13.821141 -5e-06 4e-06 -23.887054 -0.249107 -0.83947 -60.589497 2.631192 -1.193413 -0.294008 1.679616 0.833259 -14.218151 0.093285 1.300583 -34.211884 -0.287562 0.96717 -20.033171 0.964537 1.212849 0.0 1e-06 -0.0 -3.440314 0.788131 0.501679 -15.928164 -3.167197 2.999697 -6.338794 -2e-06 4e-06 -18.123365 3.648152 -4.905663 -6e-06 1e-06 -1e-06 21.139164 10.437284 19.325548 57.914562 15.788027 21.766491 0.527328 22.474661 0.293465 -8.605315 -2.478354 -0.291733 2.243516 -5.255187 -3.180339 14.282977 -0.826432 6.952394 7e-06 -12.690503 -6e-06 16.16721 -17.576599 2.464677 1.665653 -1.955925 -2.878279 4.72777 -4.170556 4.993932 11.020455 -4e-06 3e-06 12.108974 -3.735674 -2.86677 1e-06 0.0 -0.0 1.291969 -1.928492 -1.498073 14.800035 0.567394 3.865614 14.242478 -1.341737 -6.660625 19.631832 0.143925 -0.648237 49.617821 -0.616502 -6.514585 0.353012 -1.511077 -0.03193 20.222672 3.684188 2.316633 18.787157 -1e-05 2e-06 10.751591 -0.479876 1.397906 -3e-06 2e-06 0.0 3.273723 0.306045 -0.580068 21.486729 11.830162 2.266114 8.162881 -4e-06 5e-06 18.398972 -3.798978 -4.94054 1e-06 1e-06 1e-06 3.24219 0.384684 -3.038166 -0.006967 -0.012421 6.548222 -3.255485 1.918141 -6.113746 1.647448 -1.92948 -0.792748 0.0 0.0 4e-06 -1.608169 -4.785175 -4.098515 -0.031826 0.009357 5.33742 2.681954 -4.212369 -2.404394 -1.408173 0.972685 -1.34424 -0.0 -1e-06 -0.0 
0.0 0.0 0.0 0.0 -0.0 0.0 -3.255449 100.482979 5.186173 0.481146 0.399445 1.870769 -0.698826 -0.094506 -3.592122 -0.6976 0.10387 -6.547054 0.916967 -1.828351 11.914756 -0.343274 2.922555 5.024069 -1.025063 -1.244916 -3.595597 -0.611492 -2.33574 -6.040378 7.7e-05 -2.2e-05 6e-06 0.016198 0.00247 0.018798 0.710762 -3.722963 -10.596284 -0.68092 3.730481 -10.595406 -16.615412 -3.26384 17.054482 -56.355236 -13.877784 28.709246 -0.135024 -25.393932 -0.027874 4.184029 2.781498 -7.952172 -5.88218 9.861136 0.702742 -10.936774 -0.360441 7.156281 1.6e-05 8.774888 -5e-06 -16.03088 18.050488 6.15851 -1.844037 2.498502 -2.507289 -10.16363 4.678958 4.621089 -20.976141 -4.5e-05 2.6e-05 -21.226475 2.451693 -3.594028 0.0 -4e-06 -0.0 -1.362679 2.240842 -0.746332 -21.335009 0.584826 3.00833 -13.821294 -2.9e-05 1.9e-05 -23.887449 -0.249119 -0.839459 -60.59362 2.629065 -1.185169 -0.294022 1.679744 0.833249 -14.218266 0.093121 1.300574 -34.212273 -0.287626 0.967234 -20.033373 0.964521 1.212907 -1e-06 -0.0 -1e-06 -3.44042 0.788301 0.501628 -15.928218 -3.167441 2.999727 -6.338863 -1.4e-05 5e-06 -18.123638 3.648152 -4.905704 -6e-06 -2e-06 -1e-06 21.13813 10.436254 19.374512 57.903606 15.829877 21.685688 0.520161 22.634237 0.288952 -8.702371 -2.373453 -0.299797 2.243633 -5.254849 -3.179858 14.282782 -0.826739 6.952669 -2.8e-05 -12.690687 3e-06 16.158094 -17.571335 2.455775 1.665675 -1.955922 -2.87832 4.727829 -4.170611 4.993897 11.020641 2.3e-05 1e-05 12.10926 -3.735734 -2.866844 0.0 -0.0 0.0 1.291992 -1.928594 -1.498118 14.800233 0.567538 3.865606 14.242705 -1.341721 -6.6607 19.63236 0.14395 -0.648261 49.593739 -0.612798 -6.518984 0.353037 -1.511209 -0.031966 20.222931 3.684425 2.316648 18.787472 2.8e-05 2.3e-05 10.751749 -0.479865 1.397952 -3e-06 1e-06 1e-06 3.273871 0.305878 -0.580166 21.486902 11.83054 2.266174 8.163013 1.3e-05 6e-06 18.399412 -3.798957 -4.940625 3e-06 -1e-06 -1e-06 3.352339 0.399245 -3.156496 -0.008324 -0.019791 6.51131 -3.332491 1.981716 -6.310249 1.647442 -1.917766 -0.860095 -0.0 0.0 -3e-06 -1.473075 -4.53536 -4.343495 -0.035474 0.013648 5.525892 2.544194 -4.415371 -2.685316 -1.409294 0.978609 -1.385091 0.0 1e-06 -4e-06 
0.0 0.0 0.0 0.0 -0.0 0.0 -3.402495 100.486923 5.405324 0.466981 0.313141 2.147744 -0.680432 -0.103074 -3.523621 -0.694604 0.092991 -6.527492 0.942228 -1.825099 11.892355 -0.434972 2.96066 4.791109 -1.036058 -1.24251 -3.594373 -0.647336 -2.35887 -6.143034 7.7e-05 -2.2e-05 6e-06 0.014944 -0.003972 0.018501 0.711067 -3.728745 -10.598334 -0.683943 3.72363 -10.596858 -16.581594 -3.310938 17.10116 -56.184452 -13.948176 28.287258 -0.158163 -25.509542 -0.029738 4.30863 2.691247 -7.780482 -5.882135 9.861157 0.702785 -10.936875 -0.360536 7.156292 -4.5e-05 8.774887 -1e-05 -16.005739 18.051228 6.181531 -1.844034 2.498513 -2.507287 -10.163666 4.679031 4.62108 -20.976179 9.3e-05 -1.5e-05 -21.226599 2.451849 -3.594167 1e-06 -6e-06 1e-06 -1.362725 2.240876 -0.746339 -21.334965 0.584925 3.008329 -13.821321 6e-05 -1.1e-05 -23.887568 -0.248941 -0.839648 -60.577892 2.627944 -1.183419 -0.294083 1.679789 0.833241 -14.218195 0.093162 1.300594 -34.212345 -0.287416 0.967105 -20.033407 0.964606 1.2128 -2e-06 2e-06 -1e-06 -3.440512 0.788419 0.501623 -15.928094 -3.167455 2.999761 -6.338875 2.8e-05 -4e-06 -18.123749 3.648311 -4.905814 -4e-06 -0.0 0.0 21.110367 10.465381 19.433725 57.871872 15.914107 21.532465 0.503592 22.784903 0.273887 -8.797467 -2.284286 -0.359998 2.24354 -5.254818 -3.179822 14.282866 -0.826702 6.952682 2.3e-05 -12.690701 -8e-06 16.150267 -17.573393 2.441866 1.665668 -1.955929 -2.878323 4.72783 -4.170636 4.993887 11.020605 -1.4e-05 -1e-06 12.109231 -3.735799 -2.86689 1e-06 0.0 3e-06 1.292014 -1.928621 -1.498122 14.800168 0.567512 3.865611 14.242676 -1.341775 -6.660734 19.63225 0.143886 -0.648341 49.580208 -0.60993 -6.527481 0.353066 -1.511245 -0.031976 20.222834 3.684395 2.316649 18.78742 -3e-05 -1.1e-05 10.751714 -0.479894 1.397939 2e-06 2e-06 -3e-06 3.273895 0.305796 -0.580178 21.48679 11.830558 2.266197 8.162991 -1.3e-05 2e-06 18.399349 -3.799031 -4.940691 1e-06 1e-06 -0.0 3.461656 0.393154 -3.279234 -0.008733 -0.016205 6.441226 -3.412681 2.09184 -6.514445 1.647207 -1.915496 -0.965779 0.0 0.0 2e-06 -1.334546 -4.255853 -4.649377 -0.041026 0.018034 5.765495 2.389849 -4.588714 -3.01627 -1.41005 0.988883 -1.430935 0.0 1e-06 -1e-06 
0.0 0.0 0.0 0.0 -0.0 0.0 -3.575033 100.489082 5.669998 0.468045 0.16596 2.477967 -0.66076 -0.104471 -3.44546 -0.690652 0.087577 -6.506196 0.976526 -1.821597 11.86749 -0.547574 3.006186 4.539948 -1.053272 -1.241772 -3.600923 -0.661986 -2.374556 -6.255796 7.7e-05 -2.2e-05 6e-06 0.013562 -0.010847 0.016945 0.712564 -3.734677 -10.60371 -0.688468 3.716458 -10.600949 -16.526567 -3.35631 17.123566 -56.047398 -14.026271 27.753468 -0.206072 -25.65098 -0.019509 4.471756 2.590879 -7.553857 -5.882187 9.861043 0.702904 -10.936733 -0.360412 7.156375 -2.7e-05 8.774938 -1e-05 -15.974424 18.054996 6.205566 -1.84405 2.498515 -2.507296 -10.16373 4.679043 4.62106 -20.976341 5.5e-05 -2.2e-05 -21.226812 2.451834 -3.594208 2e-06 -5e-06 1e-06 -1.362735 2.240913 -0.746348 -21.335108 0.584855 3.008317 -13.821419 3.2e-05 -1.8e-05 -23.887836 -0.249009 -0.839657 -60.558834 2.625707 -1.168108 -0.294092 1.679835 0.833231 -14.218277 0.093087 1.300575 -34.212624 -0.2875 0.967116 -20.033556 0.964568 1.212827 -3e-06 2e-06 -1e-06 -3.44058 0.788472 0.501586 -15.928135 -3.167554 2.999768 -6.33892 1.5e-05 -9e-06 -18.123936 3.648266 -4.905866 -6e-06 -1e-06 -3e-06 21.030167 10.51786 19.485704 57.850254 16.059711 21.314537 0.486239 22.89184 0.25838 -8.894973 -2.218882 -0.35917 2.243578 -5.25476 -3.179866 14.282761 -0.82684 6.952704 2.1e-05 -12.690799 -2e-06 16.134285 -17.573727 2.430768 1.665683 -1.955925 -2.878326 4.727871 -4.170669 4.993888 11.020716 -1.5e-05 -2e-06 12.10942 -3.735858 -2.866917 1e-06 -1e-06 2e-06 1.292035 -1.928666 -1.49812 14.800276 0.567578 3.865601 14.242826 -1.341784 -6.660755 19.632591 0.143868 -0.648368 49.57782 -0.607276 -6.525029 0.353097 -1.511309 -0.031966 20.222965 3.684504 2.316654 18.787601 -1.8e-05 -3.4e-05 10.751804 -0.479881 1.397933 2e-06 3e-06 -3e-06 3.273999 0.305713 -0.58019 21.486856 11.830751 2.266227 8.163059 -7e-06 -1.7e-05 18.399618 -3.799032 -4.940787 0.0 -2e-06 0.0 3.565023 0.414216 -3.400675 -0.007379 -0.009315 6.330019 -3.483752 2.223548 -6.734518 1.646145 -1.921708 -1.112066 -0.0 0.0 -2e-06 -1.201335 -3.943542 -5.020222 -0.0446 0.022003 6.053889 2.225198 -4.730143 -3.39908 -1.409197 0.99605 -1.500376 0.0 -0.0 -7e-06 
0.0 0.0 0.0 0.0 -0.0 0.0 -3.77008 100.478271 5.973425 0.479602 -0.02838 2.882525 -0.639151 -0.088731 -3.365377 -0.682598 0.09209 -6.479027 1.018182 -1.832376 11.827629 -0.672108 3.050098 4.2844 -1.069247 -1.214238 -3.61261 -0.652298 -2.388414 -6.38694 7.7e-05 -2.2e-05 6e-06 0.011311 -0.017195 0.015834 0.713192 -3.740459 -10.610522 -0.693824 3.710442 -10.605004 -16.427181 -3.420007 17.12397 -55.960472 -14.105522 27.206976 -0.23147 -25.852324 -0.013522 4.612494 2.531806 -7.310682 -5.881953 9.861557 0.702127 -10.936971 -0.360778 7.156024 -6e-06 8.774725 2e-06 -15.950259 18.05105 6.227582 -1.844019 2.498499 -2.507248 -10.163506 4.678894 4.621127 -20.975805 6e-06 -2.5e-05 -21.226042 2.451631 -3.593965 -3e-06 -9e-06 -1e-06 -1.362667 2.240708 -0.746292 -21.334719 0.585005 3.008301 -13.821074 4e-06 -1.2e-05 -23.886875 -0.249108 -0.839488 -60.56208 2.633921 -1.155035 -0.294007 1.679568 0.83328 -14.218103 0.093346 1.300583 -34.211678 -0.287554 0.967119 -20.033045 0.964525 1.212809 -1e-06 2e-06 -1e-06 -3.440279 0.788069 0.501727 -15.928136 -3.1671 2.999668 -6.33876 1e-06 -4e-06 -18.123228 3.648148 -4.905639 -5e-06 -0.0 -1e-06 20.890211 10.593291 19.515461 57.852627 16.254049 21.070772 0.452022 22.969751 0.241325 -8.970989 -2.194279 -0.346523 2.243474 -5.255332 -3.180644 14.282995 -0.826332 6.952233 -4e-06 -12.690433 -1.1e-05 16.113556 -17.561707 2.424844 1.665648 -1.95592 -2.878255 4.727738 -4.170525 4.993955 11.020378 9e-06 -2e-06 12.108831 -3.735615 -2.866723 -2e-06 -1e-06 -4e-06 1.291953 -1.928449 -1.498044 14.799976 0.567363 3.865615 14.242373 -1.341718 -6.66058 19.631573 0.143973 -0.648196 49.551105 -0.597567 -6.524382 0.352986 -1.511014 -0.031896 20.222595 3.684122 2.316621 18.787012 1.5e-05 3e-06 10.751511 -0.479852 1.397882 0.0 -0.0 0.0 3.273653 0.306137 -0.580014 21.486721 11.830025 2.266079 8.162816 7e-06 3e-06 18.398748 -3.798926 -4.940471 3e-06 -3e-06 -2e-06 3.677664 0.468742 -3.545631 -0.007842 -0.00603 6.193709 -3.56711 2.381827 -6.974921 1.643653 -1.928874 -1.286896 -0.0 0.0 -1e-06 -1.065269 -3.653194 -5.463282 -0.04687 0.030661 6.379172 2.069212 -4.826126 -3.823835 -1.407095 0.997106 -1.584935 0.0 -0.0 -1e-06 
0.0 0.0 0.0 0.0 -0.0 0.0 -4.001161 100.451645 6.334694 0.487362 -0.264238 3.349556 -0.610923 -0.06764 -3.272511 -0.669167 0.089005 -6.444214 1.074105 -1.854023 11.774852 -0.798102 3.083106 4.025731 -1.075387 -1.158255 -3.625288 -0.616893 -2.359783 -6.549301 7.7e-05 -2.2e-05 6e-06 0.008353 -0.022326 0.015329 0.712222 -3.744108 -10.614707 -0.698884 3.704709 -10.604784 -16.279709 -3.502035 17.108046 -55.941071 -14.162538 26.619642 -0.242963 -26.148779 -0.008017 4.795809 2.488348 -7.129641 -5.88219 9.861139 0.702728 -10.936689 -0.360429 7.156314 4.6e-05 8.774871 -6e-06 -15.931116 18.028019 6.254141 -1.844042 2.498499 -2.507285 -10.163637 4.678916 4.621076 -20.976179 -0.000112 2.7e-05 -21.2265 2.451591 -3.593981 3e-06 -5e-06 1e-06 -1.362662 2.240806 -0.746335 -21.335062 0.584796 3.008318 -13.821316 -7.3e-05 2.4e-05 -23.88751 -0.249232 -0.839399 -60.601337 2.638486 -1.117947 -0.293997 1.679703 0.833243 -14.218313 0.093128 1.300562 -34.212345 -0.287726 0.967269 -20.033403 0.964475 1.212946 1e-06 4e-06 1e-06 -3.440392 0.788216 0.501614 -15.928276 -3.167389 2.999713 -6.33887 -3.4e-05 2e-06 -18.123669 3.648055 -4.905691 -3e-06 -1e-06 -0.0 20.682173 10.69828 19.560287 57.891045 16.517118 20.810251 0.405229 23.084421 0.219571 -9.045033 -2.211883 -0.282137 2.243608 -5.254992 -3.180138 14.282749 -0.826722 6.952564 -7.5e-05 -12.690648 8e-06 16.103302 -17.555872 2.422955 1.665672 -1.955911 -2.878305 4.727788 -4.170568 4.993913 11.020569 6.6e-05 0.0 12.109107 -3.735638 -2.866793 -2e-06 1e-06 -2e-06 1.291956 -1.928545 -1.498088 14.800205 0.567548 3.865597 14.242607 -1.34166 -6.660651 19.63217 0.144077 -0.648176 49.527355 -0.581328 -6.521787 0.352987 -1.511144 -0.031941 20.22291 3.684426 2.316629 18.787344 0.0001 3.8e-05 10.751683 -0.479827 1.397946 1e-06 1e-06 -1e-06 3.273766 0.305998 -0.580118 21.486956 11.830479 2.266122 8.162957 4.1e-05 1e-05 18.399199 -3.798872 -4.940537 2e-06 -3e-06 -2e-06 3.808982 0.55109 -3.710531 -0.011695 -0.005284 6.037944 -3.691731 2.595306 -7.23946 1.641205 -1.939244 -1.459294 -0.0 0.0 -2e-06 -0.911267 -3.367714 -5.967097 -0.043878 0.041002 6.747709 1.930131 -4.864249 -4.289629 -1.404095 0.999534 -1.676683 0.0 -0.0 -4e-06 
0.0 0.0 0.0 0.0 -0.0 0.0 -4.281603 100.422478 6.770428 0.487662 -0.54224 3.89082 -0.582671 -0.050045 -3.171127 -0.65395 0.072917 -6.405971 1.139899 -1.890193 11.71674 -0.892729 3.096896 3.753119 -1.061305 -1.06335 -3.631337 -0.567519 -2.279602 -6.753634 7.7e-05 -2.2e-05 6e-06 0.005604 -0.024022 0.015694 0.709887 -3.744323 -10.617207 -0.702075 3.702401 -10.604482 -16.097683 -3.585268 17.079514 -55.93457 -14.18141 25.955088 -0.257886 -26.610277 -0.005888 5.06939 2.418169 -6.933455 -5.882073 9.861382 0.70239 -10.93691 -0.36069 7.1561 2.8e-05 8.774748 -5e-06 -15.903802 18.000927 6.280948 -1.84402 2.498495 -2.507258 -10.163502 4.678863 4.621127 -20.975826 -6.9e-05 2.9e-05 -21.226017 2.451561 -3.593882 2e-06 -4e-06 -1e-06 -1.362636 2.240716 -0.746309 -21.334791 0.584925 3.008327 -13.821091 -4.4e-05 2.6e-05 -23.886864 -0.249179 -0.839351 -60.624207 2.638078 -1.083543 -0.293969 1.67958 0.833262 -14.218172 0.09329 1.300588 -34.21175 -0.287649 0.967247 -20.033077 0.964503 1.212902 -1e-06 0.0 -0.0 -3.440244 0.788052 0.50169 -15.928226 -3.167143 2.999679 -6.338771 -2.1e-05 1.1e-05 -18.123232 3.648075 -4.905576 -3e-06 -1e-06 -3e-06 20.430298 10.80754 19.602419 57.958084 16.81242 20.468016 0.369537 23.32692 0.195552 -9.131301 -2.185447 -0.09139 2.243569 -5.255075 -3.18014 14.282836 -0.826634 6.952546 -3.9e-05 -12.690595 1.4e-05 16.103127 -17.553665 2.427656 1.665665 -1.955917 -2.878306 4.727785 -4.170566 4.993917 11.020523 3.5e-05 -3e-06 12.109053 -3.735656 -2.866787 -1e-06 1e-06 -1e-06 1.291963 -1.928525 -1.49809 14.800136 0.567488 3.865597 14.242551 -1.341692 -6.660653 19.631996 0.144011 -0.648213 49.507648 -0.568983 -6.520511 0.353001 -1.51112 -0.031937 20.222809 3.684334 2.316616 18.787262 4.8e-05 2.2e-05 10.751635 -0.479857 1.397928 -3e-06 1e-06 2e-06 3.273762 0.306008 -0.580107 21.486856 11.830361 2.266101 8.162924 1.6e-05 1e-05 18.399103 -3.798922 -4.94054 3e-06 -3e-06 -2e-06 3.965847 0.621217 -3.90871 -0.013385 0.000569 5.863123 -3.853184 2.868688 -7.533823 1.639076 -1.949126 -1.622208 0.0 0.0 3e-06 -0.730638 -3.071018 -6.542593 -0.0356 0.05029 7.162959 1.815022 -4.862592 -4.825366 -1.400406 1.007517 -1.768587 -0.0 -1e-06 -0.0 
0.0 0.0 0.0 0.0 -0.0 0.0 -4.615618 100.39283 7.265556 0.456145 -0.8518 4.512392 -0.543664 -0.038668 -3.05863 -0.638445 0.03615 -6.362733 1.212726 -1.932482 11.643591 -0.937257 3.105144 3.434843 -1.034188 -0.930157 -3.631113 -0.509166 -2.145847 -6.986575 7.7e-05 -2.2e-05 6e-06 0.003863 -0.018698 0.016174 0.707469 -3.73826 -10.620494 -0.703069 3.707621 -10.607043 -15.882367 -3.667366 17.045374 -55.937496 -14.182284 25.210594 -0.274226 -27.213228 -0.011687 5.40861 2.293825 -6.651781 -5.882048 9.861385 0.702371 -10.936899 -0.360633 7.156116 -2e-06 8.774791 -0.0 -15.856926 17.972788 6.309436 -1.844028 2.498502 -2.507263 -10.163555 4.678927 4.621115 -20.975922 -4e-06 -7e-06 -21.226187 2.451666 -3.593993 0.0 -5e-06 2e-06 -1.362675 2.24077 -0.746308 -21.334831 0.584934 3.008315 -13.821157 -2e-06 -3e-06 -23.887064 -0.249095 -0.839485 -60.63129 2.617989 -1.049706 -0.294018 1.679654 0.833267 -14.218162 0.093249 1.30058 -34.211891 -0.287572 0.967155 -20.033152 0.96452 1.212835 0.0 1e-06 1e-06 -3.440351 0.788186 0.501689 -15.92816 -3.167251 2.99969 -6.338797 -2e-06 -4e-06 -18.123363 3.64816 -4.905663 -5e-06 -0.0 0.0 20.141911 10.912255 19.655107 58.078033 17.125937 19.984472 0.359832 23.747076 0.181983 -9.261796 -2.058534 0.259809 2.243532 -5.25509 -3.180278 14.282907 -0.82653 6.952425 -1.3e-05 -12.690553 -6e-06 16.090502 -17.551348 2.44174 1.665661 -1.955921 -2.878289 4.727776 -4.170567 4.99393 11.020473 1.3e-05 -1e-06 12.108978 -3.735668 -2.866769 -0.0 1e-06 -3e-06 1.291973 -1.928527 -1.498078 14.800081 0.567449 3.865614 14.242502 -1.341723 -6.66063 19.631857 0.143964 -0.648222 49.494217 -0.563817 -6.514163 0.353013 -1.511118 -0.031932 20.222733 3.684268 2.316632 18.787186 1.8e-05 1.1e-05 10.751594 -0.479861 1.397912 2e-06 3e-06 -1e-06 3.273759 0.305995 -0.580087 21.486792 11.830291 2.266123 8.162892 7e-06 6e-06 18.398991 -3.798949 -4.940536 3e-06 -2e-06 -3e-06 4.177406 0.6881 -4.186146 -0.016541 0.009824 5.74123 -4.066361 3.187121 -7.893639 1.63804 -1.950262 -1.777246 -0.0 0.0 -1e-06 -0.499086 -2.714091 -7.194596 -0.026585 0.053882 7.619714 1.72087 -4.848159 -5.410872 -1.397135 1.019133 -1.85631 0.0 1e-06 -5e-06 
0.0 0.0 0.0 0.0 -0.0 0.0 -5.002233 100.349632 7.78638 0.394858 -1.168856 5.225928 -0.499743 -0.039118 -2.909348 -0.61997 -0.021063 -6.306681 1.284379 -1.971861 11.545272 -0.92064 3.096094 3.036566 -0.994012 -0.763186 -3.632618 -0.444164 -1.955947 -7.239835 7.7e-05 -2.2e-05 6e-06 0.00249 0.001117 0.015067 0.70447 -3.718437 -10.625437 -0.702672 3.727862 -10.612603 -15.618694 -3.779963 17.049343 -55.94228 -14.203442 24.410646 -0.269345 -27.972628 -0.031493 5.794343 2.102837 -6.408592 -5.882096 9.861187 0.702728 -10.936797 -0.360519 7.156289 2e-06 8.774851 -5e-06 -15.782702 17.941374 6.34143 -1.844038 2.498505 -2.507289 -10.163621 4.678957 4.621081 -20.976091 -2.3e-05 -8e-06 -21.226421 2.451674 -3.594058 2e-06 -5e-06 2e-06 -1.362688 2.240823 -0.746336 -21.334959 0.58487 3.008307 -13.821254 -1.5e-05 -1e-06 -23.887348 -0.249119 -0.839509 -60.61356 2.587084 -1.009734 -0.294033 1.679724 0.833241 -14.21823 0.093172 1.300572 -34.212185 -0.28759 0.967167 -20.03331 0.964525 1.21286 -3e-06 2e-06 -0.0 -3.44042 0.788284 0.501622 -15.928183 -3.167374 2.999722 -6.338846 -6e-06 -2e-06 -18.123579 3.64816 -4.905735 -6e-06 -2e-06 -3e-06 19.78182 10.977941 19.702435 58.299355 17.461149 19.400126 0.372941 24.403038 0.182056 -9.46028 -1.830484 0.631838 2.243526 -5.254944 -3.180065 14.282845 -0.826659 6.952556 5e-06 -12.690655 -3e-06 16.057661 -17.54961 2.468528 1.665668 -1.955922 -2.878303 4.727814 -4.170611 4.993906 11.020566 -4e-06 -8e-06 12.109154 -3.735753 -2.86684 1e-06 -1e-06 -2e-06 1.291999 -1.928585 -1.498102 14.800151 0.567501 3.865603 14.242622 -1.341751 -6.66069 19.632124 0.143925 -0.648296 49.480858 -0.565206 -6.506374 0.353047 -1.511201 -0.031952 20.222815 3.684366 2.316633 18.787334 0.0 -1.4e-05 10.751665 -0.479866 1.397912 -1e-06 0.0 0.0 3.273855 0.305879 -0.580142 21.486809 11.830474 2.266165 8.162954 -1e-06 -8e-06 18.399221 -3.798985 -4.940646 6e-06 -1e-06 -3e-06 4.449675 0.733209 -4.581924 -0.021021 0.023339 5.746146 -4.34716 3.552555 -8.371828 1.637827 -1.948433 -1.899262 0.0 0.0 -0.0 -0.20866 -2.303278 -7.962523 -0.016976 0.05542 8.183867 1.597195 -4.851248 -6.075468 -1.396 1.029374 -1.916353 -0.0 -0.0 1e-06 
0.0 0.0 0.0 0.0 -0.0 0.0 -5.431833 100.287926 8.326073 0.287489 -1.476518 6.043604 -0.439077 -0.052729 -2.714576 -0.598361 -0.078546 -6.232166 1.34162 -2.028599 11.430919 -0.849128 3.072019 2.518806 -0.938753 -0.546592 -3.639452 -0.35477 -1.738079 -7.526215 7.7e-05 -2.2e-05 6e-06 0.002413 0.025785 0.01277 0.7034 -3.695349 -10.636724 -0.701649 3.754473 -10.624558 -15.282532 -3.93564 17.093788 -55.922081 -14.265726 23.580315 -0.251443 -28.917332 -0.064168 6.174433 1.875181 -6.171221 -5.882123 9.861197 0.702679 -10.936865 -0.360555 7.156237 -1.4e-05 8.774851 -9e-06 -15.688427 17.924835 6.379157 -1.844031 2.498509 -2.507282 -10.163613 4.678977 4.621095 -20.976067 2.5e-05 1e-06 -21.226389 2.451744 -3.594069 -3e-06 -6e-06 -1e-06 -1.362698 2.240837 -0.746329 -21.334921 0.584906 3.008328 -13.821241 1.6e-05 -0.0 -23.887318 -0.249044 -0.839533 -60.566376 2.566264 -0.962964 -0.294046 1.679739 0.833247 -14.218197 0.093183 1.30059 -34.212151 -0.287516 0.967165 -20.033298 0.964561 1.212845 2e-06 1e-06 -0.0 -3.440429 0.78832 0.501638 -15.928151 -3.167377 2.999735 -6.338837 7e-06 4e-06 -18.123547 3.648216 -4.905723 -6e-06 -2e-06 -0.0 19.327848 11.010802 19.747793 58.630974 17.820856 18.757572 0.418057 25.278915 0.196684 -9.711375 -1.51098 0.883679 2.243535 -5.254929 -3.180098 14.282866 -0.826592 6.952517 0.0 -12.690621 -1.8e-05 16.017401 -17.54615 2.487132 1.665667 -1.955927 -2.878302 4.727808 -4.170605 4.993907 11.020551 2e-06 -4e-06 12.109126 -3.735729 -2.86683 -0.0 -1e-06 -3e-06 1.291996 -1.928579 -1.498103 14.800142 0.567482 3.865614 14.24261 -1.341743 -6.660686 19.632116 0.143945 -0.64828 49.453354 -0.563497 -6.50031 0.353042 -1.511186 -0.031956 20.222803 3.684335 2.316646 18.787319 1e-05 -4e-06 10.751662 -0.479861 1.397919 2e-06 3e-06 0.0 3.27384 0.305894 -0.58014 21.486814 11.830412 2.26618 8.162946 5e-06 -3e-06 18.399189 -3.79896 -4.940617 3e-06 1e-06 2e-06 4.806388 0.753712 -5.184628 -0.024263 0.030627 6.025439 -4.66801 3.959032 -8.989724 1.639071 -1.941355 -2.007082 -0.0 0.0 -1e-06 0.158344 -1.826537 -8.881395 -0.013198 0.049607 8.891853 1.45169 -4.89474 -6.799837 -1.397684 1.038684 -1.965506 0.0 -0.0 -4e-06 
0.0 0.0 0.0 0.0 -0.0 0.0 -5.902518 100.199547 8.927045 0.141109 -1.783129 6.93453 -0.355415 -0.068085 -2.463623 -0.574988 -0.12684 -6.14019 1.370817 -2.102993 11.317783 -0.739754 3.039535 1.885786 -0.887314 -0.332527 -3.652997 -0.215025 -1.510404 -7.87007 7.7e-05 -2.2e-05 6e-06 0.003518 0.041313 0.00741 0.705457 -3.681493 -10.656223 -0.701458 3.771922 -10.64238 -14.841914 -4.142832 17.165426 -55.900253 -14.39951 22.785278 -0.245191 -29.985771 -0.082139 6.506428 1.685784 -5.744061 -5.882107 9.861322 0.702539 -10.93686 -0.360549 7.156218 0.0 8.774833 1e-06 -15.602763 17.923779 6.404992 -1.844031 2.498502 -2.507271 -10.163589 4.678941 4.621105 -20.976021 -6e-06 9e-06 -21.226326 2.451702 -3.594011 3e-06 -8e-06 -2e-06 -1.362679 2.240795 -0.746312 -21.334898 0.584897 3.00832 -13.821216 -3e-06 1e-05 -23.887232 -0.249077 -0.83948 -60.508591 2.547843 -0.903544 -0.294023 1.679681 0.833266 -14.218198 0.093205 1.300573 -34.21207 -0.287557 0.967187 -20.033257 0.964549 1.212856 0.0 1e-06 1e-06 -3.440379 0.788226 0.50167 -15.928176 -3.167323 2.999698 -6.338825 -3e-06 6e-06 -18.123478 3.648176 -4.905682 -3e-06 -0.0 0.0 18.75865 11.059527 19.778667 59.063927 18.202881 18.289038 0.430806 26.226383 0.203664 -9.936456 -1.184338 1.038787 2.243502 -5.255093 -3.180283 14.282896 -0.826506 6.952435 -8e-06 -12.690544 -9e-06 15.993088 -17.56271 2.512738 1.66566 -1.955921 -2.878287 4.727778 -4.170567 4.993922 11.020479 1.2e-05 -5e-06 12.109 -3.735667 -2.866788 -1e-06 1e-06 -1e-06 1.291971 -1.928522 -1.498084 14.800081 0.567439 3.865611 14.242516 -1.34172 -6.660646 19.631884 0.143965 -0.648234 49.4627 -0.568477 -6.481283 0.353015 -1.511111 -0.031934 20.222734 3.684258 2.316629 18.787201 1.9e-05 2e-06 10.751606 -0.479859 1.39791 0.0 3e-06 1e-06 3.273758 0.306 -0.580098 21.48679 11.830267 2.266126 8.162894 9e-06 0.0 18.399006 -3.798942 -4.940549 1e-06 1e-06 1e-06 5.22716 0.726037 -6.035087 -0.022871 0.023338 6.713952 -4.979675 4.466865 -9.758466 1.641664 -1.92939 -2.119527 -0.0 0.0 -2e-06 0.582228 -1.259606 -9.945611 -0.020073 0.034845 9.778495 1.273105 -4.990314 -7.59749 -1.401232 1.033054 -2.035117 0.0 -0.0 -5e-06 
0.0 0.0 0.0 0.0 -0.0 0.0 -6.413907 100.069557 9.603169 -0.023987 -2.085476 7.881994 -0.250216 -0.078972 -2.159044 -0.549989 -0.182996 -6.020246 1.36619 -2.165057 11.192332 -0.604606 3.017105 1.173342 -0.842309 -0.14816 -3.67418 -0.055211 -1.312744 -8.274207 7.7e-05 -2.2e-05 6e-06 0.004913 0.040851 0.001863 0.709989 -3.682216 -10.671954 -0.703184 3.771683 -10.656812 -14.308453 -4.396356 17.266413 -55.896267 -14.596371 22.022785 -0.26587 -31.052734 -0.079651 6.808218 1.586371 -5.187107 -5.882132 9.861255 0.702782 -10.936834 -0.360551 7.156303 2e-05 8.774816 2e-06 -15.550463 17.948616 6.407631 -1.844029 2.498501 -2.507286 -10.163584 4.678913 4.621095 -20.976028 -4.3e-05 2.9e-05 -21.226326 2.451638 -3.59397 3e-06 -5e-06 2e-06 -1.362662 2.240772 -0.746334 -21.334919 0.584889 3.008321 -13.821225 -2.6e-05 2.6e-05 -23.887266 -0.249134 -0.839423 -60.449478 2.523063 -0.863351 -0.294 1.679654 0.833241 -14.218222 0.09322 1.300575 -34.212082 -0.287605 0.967246 -20.033266 0.964541 1.212908 2e-06 -1e-06 -2e-06 -3.440346 0.788168 0.50164 -15.928213 -3.167275 2.999699 -6.33883 -1.3e-05 1.1e-05 -18.123491 3.648119 -4.905657 -6e-06 -1e-06 -2e-06 18.073484 11.166757 19.764881 59.569515 18.564447 18.105274 0.414442 27.075468 0.201055 -10.050234 -0.899071 1.154897 2.243554 -5.255101 -3.180164 14.282907 -0.826486 6.952474 -2.5e-05 -12.690515 -2e-06 15.986758 -17.59164 2.545832 1.665659 -1.955922 -2.878294 4.727769 -4.170552 4.993917 11.020482 2.2e-05 4e-06 12.108989 -3.735634 -2.866769 -2e-06 -0.0 -2e-06 1.29196 -1.928498 -1.498089 14.800081 0.567429 3.865611 14.242496 -1.341701 -6.660632 19.631874 0.143982 -0.648208 49.494354 -0.584811 -6.462932 0.352995 -1.511079 -0.031946 20.222736 3.684232 2.316631 18.787186 2.8e-05 2.8e-05 10.751597 -0.479862 1.397923 1e-06 3e-06 -1e-06 3.273724 0.306056 -0.580097 21.486807 11.830198 2.266105 8.162892 1e-05 1.2e-05 18.399008 -3.798928 -4.940507 3e-06 1e-06 -2e-06 5.687565 0.5536 -7.164294 -0.014742 0.018895 7.914618 -5.243406 5.109537 -10.712801 1.645441 -1.921092 -2.214776 0.0 0.0 -0.0 1.04428 -0.594698 -11.129067 -0.030415 0.018257 10.856633 1.062444 -5.18 -8.488165 -1.40681 1.013824 -2.090526 0.0 -0.0 -4e-06 
0.0 0.0 0.0 0.0 -0.0 0.0 -6.949039 99.877182 10.355692 -0.222444 -2.397751 8.845293 -0.107164 -0.070698 -1.806271 -0.519359 -0.240516 -5.862412 1.352621 -2.193848 11.038492 -0.520475 3.009223 0.419487 -0.797401 -0.017243 -3.704884 0.100007 -1.184935 -8.685413 7.7e-05 -2.2e-05 6e-06 0.005938 0.033408 -0.00291 0.714255 -3.686805 -10.677794 -0.705494 3.761529 -10.664381 -13.767974 -4.675652 17.380169 -55.930977 -14.820123 21.277897 -0.295783 -31.924513 -0.054102 7.048662 1.603224 -4.755504 -5.882096 9.861259 0.702666 -10.936759 -0.360531 7.156291 3.3e-05 8.774818 3e-06 -15.560542 18.016514 6.390549 -1.844032 2.498499 -2.50728 -10.163598 4.678903 4.621086 -20.97607 -8.2e-05 1e-05 -21.226377 2.451585 -3.593979 1e-06 -6e-06 -2e-06 -1.362661 2.240771 -0.746333 -21.334957 0.584862 3.0083 -13.821244 -5.3e-05 1e-05 -23.887339 -0.249211 -0.839431 -60.431492 2.505013 -0.856006 -0.293997 1.679651 0.833244 -14.218248 0.093204 1.300565 -34.212128 -0.287681 0.967223 -20.033283 0.964489 1.212905 3e-06 1e-06 -0.0 -3.44035 0.788158 0.501632 -15.928235 -3.167284 2.999695 -6.338838 -2.4e-05 1e-06 -18.123543 3.648063 -4.905677 -5e-06 -2e-06 -1e-06 17.307901 11.345977 19.720417 60.071411 18.886883 18.051544 0.419661 27.649517 0.200585 -10.102021 -0.665669 1.100397 2.24357 -5.255056 -3.180195 14.28286 -0.826554 6.952473 -3.8e-05 -12.690556 -5e-06 15.965937 -17.605879 2.578674 1.665662 -1.955917 -2.878296 4.727773 -4.170557 4.993921 11.020496 3.6e-05 1e-06 12.109003 -3.735641 -2.866772 2e-06 1e-06 -0.0 1.291955 -1.928513 -1.498087 14.800117 0.567466 3.865611 14.24252 -1.341691 -6.660635 19.631929 0.144014 -0.648192 49.513268 -0.599054 -6.450008 0.352992 -1.511104 -0.031941 20.222784 3.684292 2.316636 18.787212 5.1e-05 3e-05 10.751607 -0.47985 1.397931 3e-06 2e-06 2e-06 3.273736 0.306032 -0.580103 21.486851 11.830289 2.266121 8.162908 2.3e-05 1.1e-05 18.39904 -3.798911 -4.940513 4e-06 -1e-06 -2e-06 6.194773 0.199626 -8.600595 0.002013 0.017774 9.776154 -5.456251 5.910123 -11.876272 1.64853 -1.920294 -2.322189 0.0 0.0 1e-06 1.541827 0.19593 -12.364487 -0.042417 0.008758 12.098609 0.800211 -5.522349 -9.492161 -1.414241 0.996885 -2.123344 -0.0 -0.0 2e-06 
0.0 0.0 0.0 0.0 -0.0 0.0 -7.502759 99.604782 11.164098 -0.464164 -2.705907 9.772514 0.076067 -0.046256 -1.393661 -0.48202 -0.268226 -5.649463 1.373608 -2.210559 10.863914 -0.573102 3.056795 -0.298625 -0.723906 0.02359 -3.749458 0.233966 -1.071716 -9.148502 7.7e-05 -2.2e-05 6e-06 0.007749 0.034084 -0.006521 0.718514 -3.681288 -10.675256 -0.706346 3.757995 -10.66536 -13.318347 -4.967438 17.525438 -56.078773 -15.062405 20.28344 -0.365754 -32.381329 -0.003794 7.308723 1.740473 -4.642137 -5.882075 9.861434 0.702298 -10.936965 -0.360717 7.156065 -8e-06 8.774766 -7e-06 -15.601102 18.108349 6.376393 -1.84402 2.498501 -2.507256 -10.163539 4.678919 4.62113 -20.975914 1.7e-05 1.5e-05 -21.226196 2.451694 -3.593965 1e-06 -9e-06 1e-06 -1.362668 2.240744 -0.746299 -21.334785 0.584978 3.008338 -13.821139 1.2e-05 1.3e-05 -23.887056 -0.249051 -0.839461 -60.449169 2.508965 -0.894288 -0.294009 1.679613 0.833277 -14.218135 0.093299 1.300601 -34.211853 -0.287519 0.967177 -20.033148 0.964556 1.212839 -1e-06 1e-06 2e-06 -3.440314 0.788135 0.501715 -15.928148 -3.167186 2.999693 -6.338795 4e-06 9e-06 -18.123363 3.648189 -4.905632 -3e-06 -1e-06 -0.0 16.512444 11.590708 19.707767 60.466137 19.229082 18.060356 0.417368 27.821205 0.210245 -10.186368 -0.455363 0.722025 2.243523 -5.255113 -3.180313 14.282922 -0.826515 6.952418 1e-06 -12.690561 -8e-06 15.953197 -17.604027 2.594805 1.66566 -1.955922 -2.878287 4.727782 -4.170574 4.993929 11.020493 1e-06 0.0 12.109027 -3.735699 -2.866784 1e-06 -0.0 -2e-06 1.291979 -1.928525 -1.498081 14.800079 0.567438 3.865617 14.242525 -1.341738 -6.660641 19.631918 0.143939 -0.648245 49.497166 -0.604261 -6.442471 0.353023 -1.511118 -0.031931 20.222725 3.684258 2.316635 18.787212 4e-06 0.0 10.75161 -0.479863 1.397905 2e-06 2e-06 4e-06 3.273765 0.305988 -0.580081 21.486771 11.830284 2.266138 8.162903 2e-06 -3e-06 18.399054 -3.798969 -4.940573 4e-06 2e-06 -1e-06 6.73906 -0.336922 -10.431293 0.030734 0.000914 12.59805 -5.605397 6.925673 -13.265864 1.655564 -1.93523 -2.508862 -0.0 0.0 -3e-06 2.072614 1.078671 -13.634702 -0.054611 0.013778 13.620727 0.463135 -6.010458 -10.631069 -1.423396 0.988629 -2.161635 0.0 -0.0 -1e-06 
0.0 0.0 0.0 0.0 -0.0 0.0 -8.052974 99.222137 11.949594 -0.740236 -3.054318 10.608829 0.283409 -0.004415 -0.928281 -0.416705 -0.181818 -5.312841 1.375064 -2.313061 10.66678 -0.670862 3.113105 -1.007203 -0.713272 -0.004023 -3.752097 0.386423 -0.899843 -9.704284 7.7e-05 -2.2e-05 6e-06 0.014658 0.018617 -0.022774 0.721476 -3.693497 -10.668188 -0.696362 3.740276 -10.661899 -12.919203 -5.176434 17.696207 -56.468609 -15.352546 18.936192 -0.511044 -32.273022 0.115265 7.70985 1.875483 -4.600486 -5.882126 9.861202 0.702782 -10.93668 -0.360436 7.156367 3.7e-05 8.774858 6e-06 -15.627004 18.152719 6.402267 -1.844042 2.498499 -2.507289 -10.163647 4.678922 4.621072 -20.976187 -8.9e-05 5e-06 -21.226538 2.451599 -3.594011 1e-06 -5e-06 -0.0 -1.362675 2.240803 -0.746342 -21.335045 0.584826 3.008293 -13.821311 -5.6e-05 6e-06 -23.887514 -0.249218 -0.839456 -60.516788 2.579973 -0.981731 -0.294015 1.679695 0.83324 -14.218295 0.093153 1.300548 -34.212337 -0.287704 0.96722 -20.033398 0.964479 1.212913 3e-06 2e-06 2e-06 -3.440416 0.788222 0.501599 -15.928244 -3.167367 2.999697 -6.338868 -2.7e-05 -0.0 -18.123669 3.648066 -4.905708 -3e-06 -1e-06 -4e-06 15.656344 11.9331 19.701826 60.866657 19.693949 18.308514 0.357359 27.358122 0.180243 -10.331837 -0.309406 0.241834 2.243523 -5.255076 -3.180213 14.282781 -0.826644 6.952525 -4.6e-05 -12.690598 1.4e-05 15.950622 -17.5973 2.608389 1.665673 -1.955914 -2.878298 4.727796 -4.170567 4.993916 11.020542 4.2e-05 -1.5e-05 12.109083 -3.735643 -2.866802 1e-06 -0.0 -1e-06 1.291971 -1.928534 -1.498085 14.800166 0.567502 3.865585 14.242586 -1.341679 -6.660665 19.632072 0.144045 -0.648234 49.429371 -0.69792 -6.440185 0.35301 -1.511132 -0.031936 20.222841 3.684358 2.316602 18.787294 7.1e-05 3e-06 10.751647 -0.479839 1.397919 -2e-06 1e-06 0.0 3.273792 0.305999 -0.580111 21.486881 11.830384 2.266098 8.162929 2.8e-05 -7e-06 18.399122 -3.798886 -4.940566 2e-06 -0.0 -3e-06 7.292566 -1.213699 -12.883142 0.104182 0.031736 17.044195 -5.672169 8.420384 -14.91812 1.6953 -1.96809 -2.808006 0.0 0.0 -0.0 2.625846 2.138185 -15.016528 -0.091678 0.026991 15.718622 0.093749 -6.632786 -12.05793 -1.435566 0.992611 -2.116374 0.0 -0.0 -4e-06 
0.0 0.0 0.0 0.0 -0.0 0.0 -8.545236 98.648796 12.747645 -0.94678 -3.404844 11.07383 0.431015 0.118564 -0.272183 -0.343367 -0.203114 -4.958955 1.458808 -2.319231 10.642129 -0.925251 3.249388 -1.696025 -0.671291 -0.010568 -3.781451 0.451257 -0.806995 -10.249094 7.7e-05 -2.2e-05 6e-06 0.019977 0.036245 -0.025424 0.72396 -3.670513 -10.638484 -0.688553 3.753448 -10.642567 -12.681252 -5.388933 18.091185 -57.097713 -15.823325 17.468077 -0.526788 -31.539284 0.114139 8.138373 2.067837 -4.857395 -5.882154 9.86119 0.702779 -10.936923 -0.360591 7.156265 -1.6e-05 8.774834 -1e-05 -15.757958 18.179298 6.381516 -1.844026 2.498509 -2.507281 -10.16359 4.678967 4.621096 -20.976027 3e-05 3e-05 -21.226345 2.451752 -3.594032 0.0 -5e-06 2e-06 -1.362682 2.240819 -0.746336 -21.334888 0.584921 3.00835 -13.821221 2.4e-05 2.4e-05 -23.887255 -0.249003 -0.839495 -60.529396 2.557477 -0.921224 -0.294029 1.679713 0.833242 -14.218181 0.093207 1.3006 -34.212082 -0.287487 0.967219 -20.03327 0.964598 1.212873 2e-06 2e-06 -0.0 -3.440386 0.78828 0.501648 -15.928153 -3.167341 2.999739 -6.338832 7e-06 1.2e-05 -18.123512 3.648229 -4.905685 -5e-06 0.0 -3e-06 14.700659 12.352368 19.811962 61.156136 20.410994 18.623907 0.291741 26.363949 0.1388 -10.484403 -0.339117 -0.370409 2.243524 -5.254883 -3.179939 14.282851 -0.826651 6.952614 1.7e-05 -12.69066 -6e-06 15.912056 -17.533386 2.611166 1.66567 -1.955927 -2.878315 4.727826 -4.170621 4.993893 11.020586 -1.1e-05 -8e-06 12.109197 -3.73577 -2.866877 0.0 -1e-06 2e-06 1.292011 -1.9286 -1.498112 14.800159 0.567494 3.865601 14.24265 -1.341759 -6.660717 19.632181 0.143913 -0.648327 49.40807 -0.672186 -6.437292 0.353061 -1.511219 -0.031973 20.222816 3.684354 2.31664 18.787369 -1.6e-05 -2.1e-05 10.751686 -0.479878 1.397918 -3e-06 -2e-06 -0.0 3.273886 0.30584 -0.580164 21.486795 11.830482 2.266178 8.162966 -7e-06 -5e-06 18.399273 -3.798996 -4.940679 2e-06 2e-06 -1e-06 7.589745 -2.247694 -16.223103 0.167422 -0.057633 23.968252 -5.288139 10.284971 -16.34123 1.716243 -2.043412 -3.565245 -0.0 -1e-06 2e-06 3.058831 3.085388 -16.442686 -0.10553 0.039119 18.844433 -0.145605 -7.270169 -13.959574 -1.445565 0.953382 -2.094378 0.0 -0.0 -2e-06 
0.0 0.0 0.0 0.0 -0.0 0.0 -8.944264 97.811424 13.588987 -0.951878 -3.711338 11.064724 0.454861 0.244791 0.680971 -0.314219 -0.20667 -4.485723 1.636035 -2.316051 10.651961 -1.297604 3.400285 -2.408319 -0.67266 -0.132604 -3.749298 0.463745 -0.719449 -10.655591 7.7e-05 -2.2e-05 6e-06 0.01844 0.032557 -0.026108 0.733697 -3.675696 -10.650666 -0.700003 3.751061 -10.666584 -12.457931 -5.503966 18.40254 -58.133045 -16.147106 15.860345 -0.530656 -30.572123 0.105987 8.244597 2.458391 -5.360644 -5.882102 9.86121 0.702843 -10.936833 -0.360569 7.156346 2e-06 8.774829 -3e-06 -16.028595 18.114283 6.324527 -1.844028 2.498505 -2.507288 -10.163604 4.678944 4.621083 -20.976067 -8e-06 4e-06 -21.226395 2.451681 -3.594047 -1e-06 -7e-06 -0.0 -1.362678 2.240794 -0.746349 -21.334919 0.58491 3.008315 -13.821243 -3e-06 1.1e-05 -23.887329 -0.249097 -0.839501 -60.735718 2.504642 -0.71001 -0.294023 1.67968 0.833231 -14.218207 0.093217 1.300575 -34.212135 -0.287559 0.967189 -20.033295 0.964554 1.212872 -3e-06 0.0 -0.0 -3.440384 0.788225 0.501612 -15.928179 -3.167306 2.999723 -6.33884 -1e-06 6e-06 -18.123569 3.648164 -4.905723 -1e-06 0.0 -2e-06 13.485839 12.77907 19.947628 61.496338 21.2311 19.045345 0.321274 25.147394 0.19465 -10.609129 -0.625868 -1.114775 2.243575 -5.254982 -3.18004 14.282897 -0.826582 6.952552 3e-06 -12.690602 -6e-06 15.976794 -17.603519 2.644348 1.665663 -1.955924 -2.878307 4.727799 -4.17059 4.99391 11.020545 0.0 7e-06 12.109118 -3.735725 -2.866815 -3e-06 -0.0 -1e-06 1.29198 -1.928554 -1.498101 14.800127 0.567469 3.865619 14.242593 -1.341743 -6.660671 19.632092 0.143912 -0.648265 49.540356 -0.692567 -6.401232 0.353027 -1.511152 -0.031954 20.222794 3.684306 2.316648 18.787319 -8e-06 1.7e-05 10.75167 -0.479883 1.397932 1e-06 2e-06 -3e-06 3.2738 0.305941 -0.580125 21.486805 11.830368 2.266156 8.162951 -2e-06 6e-06 18.399218 -3.798995 -4.940603 5e-06 2e-06 1e-06 7.451405 -3.435038 -20.819044 0.162775 -0.202552 34.103539 -4.064778 12.88245 -16.978846 1.779187 -2.145283 -5.041482 0.0 0.0 6e-06 3.26191 3.760783 -18.093948 -0.084938 0.034926 23.629759 -0.093725 -7.713876 -16.68479 -1.449941 0.889489 -1.993955 -0.0 -0.0 2e-06 
0.0 0.0 0.0 0.0 -0.0 0.0 -9.305896 96.637978 14.666329 -0.752435 -3.867208 10.645578 0.32724 0.350751 1.766893 -0.238583 -0.196248 -3.991948 1.715425 -2.256094 10.762789 -1.65001 3.456015 -3.060217 -0.621807 -0.216574 -3.71051 0.456033 -0.653566 -11.259342 7.7e-05 -2.2e-05 6e-06 0.017731 0.011122 -0.007373 0.737943 -3.708488 -10.646385 -0.706177 3.738903 -10.666955 -12.270701 -5.539438 18.527569 -59.443848 -15.925785 13.895751 -0.647506 -29.864367 0.236552 8.055565 2.998111 -5.738276 -5.881995 9.861495 0.702299 -10.936939 -0.36076 7.15609 1.5e-05 8.774722 2e-06 -16.310381 18.035412 6.189625 -1.844016 2.498497 -2.507257 -10.163495 4.678864 4.621124 -20.975803 -3.9e-05 3e-06 -21.226021 2.451576 -3.59391 1e-06 -6e-06 -0.0 -1.362646 2.240688 -0.746309 -21.334736 0.58498 3.008312 -13.821074 -2.5e-05 1e-05 -23.886847 -0.249155 -0.839408 -60.949745 2.417479 -0.552967 -0.29398 1.679543 0.833262 -14.218134 0.093342 1.300584 -34.211681 -0.287607 0.967191 -20.033051 0.964518 1.212862 0.0 1e-06 -1e-06 -3.440242 0.788013 0.501704 -15.928185 -3.167075 2.999664 -6.33876 -1e-05 7e-06 -18.123201 3.6481 -4.905597 -5e-06 -0.0 -1e-06 12.366072 13.273303 19.900246 61.803814 21.674038 19.225521 0.307235 24.214891 0.197803 -10.523848 -0.968334 -1.715813 2.243514 -5.255219 -3.180264 14.282924 -0.826518 6.952478 -1.3e-05 -12.690527 1.9e-05 16.143372 -17.742954 2.672235 1.665657 -1.955918 -2.878289 4.727769 -4.170549 4.993931 11.020471 1.1e-05 0.0 12.108986 -3.735659 -2.866767 -0.0 1e-06 -4e-06 1.291962 -1.928484 -1.498074 14.800064 0.567422 3.865597 14.242495 -1.34171 -6.660636 19.631865 0.143966 -0.648234 49.762844 -0.674667 -6.336492 0.353001 -1.511066 -0.031927 20.222706 3.684228 2.316607 18.787182 8e-06 1.1e-05 10.7516 -0.479873 1.397909 -2e-06 -1e-06 -0.0 3.273714 0.30607 -0.580069 21.486763 11.830206 2.266066 8.162887 -2e-06 6e-06 18.399004 -3.798959 -4.940535 6e-06 2e-06 -0.0 6.914826 -4.290036 -26.407354 0.088037 -0.259106 46.085606 -2.317245 14.704724 -16.638397 1.784517 -2.201299 -6.056633 0.0 0.0 5e-06 3.274907 3.651911 -19.704235 -0.065742 0.005291 29.415422 0.249044 -7.447588 -20.0506 -1.457086 0.833581 -1.652183 0.0 -0.0 -1e-06 
0.0 0.0 0.0 0.0 -0.0 0.0 -9.644416 95.17453 16.026783 -0.570906 -3.78649 10.121541 0.210507 0.447302 2.675461 -0.198854 -0.159113 -3.569116 1.804109 -2.142364 11.042952 -1.962563 3.343831 -3.766103 -0.497544 -0.204049 -3.688026 0.436101 -0.635993 -12.110973 7.7e-05 -2.2e-05 7e-06 0.015971 0.000141 0.002853 0.737419 -3.730654 -10.643205 -0.710434 3.736756 -10.665163 -12.61794 -5.281658 18.708937 -60.280472 -15.356895 12.112045 -0.742572 -29.258505 0.361522 8.037195 3.1807 -6.992811 -5.882098 9.86111 0.703002 -10.936733 -0.360473 7.156432 -1e-06 8.774874 -2e-06 -16.406549 17.926029 6.150936 -1.844042 2.49851 -2.507302 -10.163669 4.678979 4.621056 -20.97621 -8e-06 -2.5e-05 -21.226614 2.451701 -3.594127 1e-06 -5e-06 -2e-06 -1.362705 2.240847 -0.74636 -21.335026 0.584871 3.008292 -13.821332 -6e-06 -1.5e-05 -23.887592 -0.249118 -0.839578 -61.046741 2.401733 -0.484322 -0.294056 1.679751 0.833216 -14.218257 0.093154 1.300562 -34.212387 -0.287581 0.967143 -20.033428 0.964532 1.212856 -1e-06 1e-06 -1e-06 -3.44048 0.788332 0.50157 -15.92817 -3.167412 2.999736 -6.338876 -1e-06 -7e-06 -18.123732 3.648165 -4.9058 -5e-06 0.0 -4e-06 12.024322 13.551494 19.782732 61.373451 21.655304 18.968298 0.352081 23.765198 0.171601 -10.715686 -0.940021 -2.331064 2.243572 -5.25502 -3.180109 14.282979 -0.826554 6.952464 9e-06 -12.690578 -4e-06 16.319269 -17.905626 2.680564 1.665655 -1.955924 -2.878294 4.727773 -4.170582 4.993928 11.020464 -4e-06 1.3e-05 12.108964 -3.735715 -2.866771 0.0 -1e-06 -1e-06 1.291972 -1.928549 -1.49809 14.80006 0.567451 3.865631 14.242483 -1.341753 -6.66063 19.631809 0.14391 -0.64821 50.004818 -0.641392 -6.264806 0.353014 -1.511147 -0.031939 20.222698 3.684277 2.316653 18.787174 -1.9e-05 3.2e-05 10.751585 -0.479881 1.397925 0.0 2e-06 -1e-06 3.273753 0.305946 -0.580097 21.486753 11.830331 2.266153 8.162892 -9e-06 2e-05 18.398973 -3.799017 -4.940526 3e-06 2e-06 -1e-06 6.502536 -4.871762 -32.535431 0.007438 -0.260431 57.622864 -2.334772 14.16649 -17.08359 1.783185 -2.254829 -6.160133 -0.0 0.0 -3e-06 3.371968 2.862763 -21.031948 -0.074589 0.028829 35.372978 0.636423 -6.784556 -23.596331 -1.458956 0.828573 -1.527664 -0.0 -1e-06 -4e-06 
0.0 0.0 0.0 0.0 -0.0 0.0 -9.974599 93.656715 17.683384 -0.424659 -3.365154 9.612945 0.089961 0.504454 3.335429 -0.180936 -0.067044 -3.223158 1.913232 -1.985137 11.473733 -2.170627 3.162483 -4.696866 -0.44822 -0.160708 -3.656386 0.524536 -0.860024 -13.009886 7.7e-05 -2.2e-05 6e-06 0.01532 0.007378 0.008629 0.734224 -3.731097 -10.640569 -0.71026 3.7495 -10.669257 -13.401031 -4.878169 19.017014 -60.45385 -14.369519 10.703482 -0.790302 -28.725178 0.40508 7.903441 2.951936 -8.789241 -5.882167 9.861262 0.702556 -10.936817 -0.360526 7.156219 3e-06 8.774848 -3e-06 -16.44665 17.80308 6.125632 -1.844034 2.498501 -2.507273 -10.163628 4.678954 4.621101 -20.97612 -9e-06 1.7e-05 -21.226452 2.451708 -3.594023 3e-06 -7e-06 -2e-06 -1.362689 2.240813 -0.746316 -21.334972 0.584884 3.008327 -13.821279 -7e-06 1e-05 -23.887417 -0.249086 -0.839481 -61.129921 2.402625 -0.503626 -0.294036 1.679708 0.833265 -14.218232 0.093182 1.30058 -34.212227 -0.28757 0.967194 -20.03334 0.96454 1.212872 1e-06 2e-06 -0.0 -3.440431 0.788265 0.501663 -15.928183 -3.167359 2.999713 -6.338855 -4e-06 4e-06 -18.123615 3.648171 -4.905699 -7e-06 -0.0 -2e-06 12.440294 13.634772 19.762831 60.199566 21.402821 18.303104 0.431881 23.572174 0.108841 -11.154349 -0.548208 -2.758192 2.243559 -5.254992 -3.180266 14.282829 -0.826665 6.952477 -1e-06 -12.690666 -8e-06 16.459927 -17.996717 2.610924 1.665673 -1.955921 -2.878295 4.727822 -4.170613 4.993921 11.020597 2e-06 1e-06 12.109202 -3.73576 -2.866823 0.0 -1e-06 0.0 1.292001 -1.928587 -1.49808 14.800179 0.567511 3.865611 14.242658 -1.341753 -6.660675 19.632214 0.143921 -0.648274 50.1511 -0.595033 -6.234354 0.353051 -1.511201 -0.03193 20.222851 3.684382 2.316648 18.787388 1e-05 -1.3e-05 10.751692 -0.479858 1.397912 -3e-06 0.0 -1e-06 3.273875 0.305873 -0.580106 21.486834 11.830504 2.266174 8.16297 5e-06 -1.5e-05 18.399277 -3.798972 -4.940656 3e-06 -0.0 -2e-06 6.249641 -5.17413 -38.677296 -0.053948 -0.248734 66.349159 -3.253456 12.088946 -18.447514 1.773336 -2.275034 -5.99501 1e-06 -0.0 4e-06 3.536217 1.560187 -21.755816 -0.090993 0.108346 40.627098 0.927219 -6.019906 -26.815474 -1.454903 0.865458 -1.646673 -0.0 -0.0 2e-06 
0.0 0.0 0.0 0.0 -0.0 0.0 -10.260307 92.281654 19.597752 -0.163081 -2.793659 9.172134 -0.108223 0.534795 3.797227 -0.207137 0.104106 -2.927479 1.948537 -1.763628 11.903152 -2.257507 3.025098 -5.748418 -0.509742 -0.16141 -3.633094 0.713668 -1.272789 -13.719822 7.7e-05 -2.2e-05 7e-06 0.018189 0.011984 0.0041 0.726665 -3.729968 -10.640677 -0.69861 3.756081 -10.674414 -14.252967 -4.462921 19.320223 -60.111736 -12.818291 9.881627 -0.862832 -28.171638 0.393459 7.301853 2.459167 -10.71474 -5.882091 9.861178 0.702782 -10.936838 -0.360491 7.15632 -1.8e-05 8.774874 -2e-06 -16.50806 17.691381 6.06767 -1.844036 2.498509 -2.507286 -10.163632 4.678993 4.621078 -20.976105 2.8e-05 -1.7e-05 -21.226471 2.451751 -3.594115 -2e-06 -7e-06 -3e-06 -1.362705 2.240858 -0.746338 -21.334946 0.584887 3.008314 -13.821268 1.8e-05 -1e-05 -23.887398 -0.249042 -0.839581 -61.191078 2.370722 -0.493706 -0.294054 1.679766 0.833243 -14.218205 0.093156 1.300573 -34.212215 -0.28752 0.967136 -20.033333 0.964558 1.212836 -2e-06 0.0 1e-06 -3.440449 0.788357 0.501622 -15.928144 -3.16743 2.999732 -6.338851 1e-05 -2e-06 -18.123619 3.648223 -4.90577 -3e-06 1e-06 -1e-06 13.115185 13.705479 19.872778 58.824478 21.22653 17.587429 0.473908 23.292593 0.054286 -11.594258 -0.20065 -2.773918 2.243513 -5.254888 -3.179975 14.282873 -0.826642 6.952598 2.7e-05 -12.690659 -7e-06 16.545273 -17.964094 2.485212 1.66567 -1.955929 -2.878313 4.727828 -4.170627 4.993901 11.020578 -2e-05 -1.1e-05 12.109193 -3.735781 -2.866871 2e-06 -0.0 -4e-06 1.292016 -1.928609 -1.498116 14.800149 0.567491 3.865606 14.242658 -1.341772 -6.660717 19.632195 0.143893 -0.648341 50.182442 -0.539013 -6.234178 0.353069 -1.511227 -0.031965 20.222805 3.684356 2.316641 18.787369 -2.5e-05 -2.5e-05 10.751681 -0.479881 1.397911 -3e-06 1e-06 -3e-06 3.273892 0.305823 -0.58016 21.486769 11.83049 2.266185 8.162962 -1.3e-05 -9e-06 18.399261 -3.799014 -4.94069 1e-06 -1e-06 0.0 5.789019 -5.019539 -44.632511 -0.089603 -0.251477 71.190216 -3.429101 10.749359 -19.64356 1.729449 -2.218637 -5.778686 0.0 0.0 -0.0 3.484718 0.005545 -21.729034 -0.095803 0.196009 44.705154 1.145902 -5.193816 -29.476791 -1.449193 0.931928 -1.924811 0.0 -0.0 -6e-06 
0.0 0.0 0.0 0.0 -0.0 0.0 -10.47201 91.193092 21.812782 0.246825 -2.427827 8.809732 -0.354478 0.582009 4.104944 -0.292567 0.396527 -2.694953 1.84099 -1.458149 12.195566 -2.380965 2.932721 -6.735432 -0.611704 -0.115592 -3.630603 0.99271 -1.730973 -14.274169 7.7e-05 -2.2e-05 6e-06 0.020767 0.014031 -0.006277 0.720567 -3.728951 -10.646428 -0.688787 3.757833 -10.675363 -14.977919 -3.927913 19.519829 -59.404629 -10.60032 9.925024 -0.970948 -27.658861 0.398481 6.248685 1.913185 -12.262543 -5.882146 9.861089 0.702851 -10.936681 -0.360369 7.156395 -1e-06 8.77493 -0.0 -16.555616 17.583023 6.000982 -1.84405 2.498508 -2.507299 -10.163711 4.679012 4.621056 -20.976313 -7e-06 -2.2e-05 -21.226749 2.451747 -3.59416 -1e-06 -5e-06 2e-06 -1.362719 2.24089 -0.746346 -21.335108 0.584818 3.008298 -13.821392 -7e-06 -1.9e-05 -23.887762 -0.249096 -0.839604 -61.196762 2.308928 -0.406454 -0.294072 1.679811 0.833235 -14.218299 0.093076 1.300557 -34.212578 -0.287586 0.967135 -20.033529 0.964525 1.212855 -1e-06 -0.0 -1e-06 -3.440539 0.78842 0.501586 -15.928174 -3.167541 2.999742 -6.338905 -1e-06 -1e-05 -18.123867 3.648193 -4.905831 -3e-06 0.0 -4e-06 13.527864 13.858568 20.038822 57.765636 21.229559 17.304575 0.448025 23.034159 0.023919 -11.890276 -0.237646 -2.241796 2.243504 -5.254943 -3.180031 14.282781 -0.826695 6.952614 -2e-06 -12.690671 7e-06 16.564981 -17.82321 2.338189 1.66568 -1.955922 -2.878311 4.727839 -4.170617 4.993894 11.020623 2e-06 -1.6e-05 12.109249 -3.735746 -2.866863 1e-06 -0.0 -1e-06 1.292016 -1.928596 -1.498103 14.800197 0.567511 3.865587 14.242694 -1.341739 -6.660717 19.632278 0.143946 -0.648329 50.094921 -0.46877 -6.25955 0.353069 -1.511211 -0.031955 20.222874 3.684391 2.316613 18.787424 1.3e-05 -3.3e-05 10.75171 -0.479861 1.39791 -3e-06 -1e-06 -0.0 3.273918 0.30585 -0.580159 21.48683 11.830523 2.26615 8.162986 5e-06 -1.9e-05 18.399355 -3.798955 -4.940698 3e-06 -1e-06 -1e-06 4.991327 -4.312784 -50.162598 -0.091994 -0.275176 72.243576 -3.103779 10.341327 -20.249567 1.675862 -2.116379 -5.568767 0.0 0.0 3e-06 3.089478 -1.376565 -20.778021 -0.107886 0.268024 47.27684 1.366929 -4.444416 -31.507566 -1.448333 0.989743 -2.236373 0.0 -0.0 -1e-06 
0.0 0.0 0.0 0.0 -0.0 0.0 -10.523027 90.55101 24.63493 0.770864 -2.497782 8.516416 -0.576431 0.662206 4.229801 -0.414642 0.809209 -2.593411 1.545715 -1.066271 12.304521 -2.701056 2.940372 -7.458707 -0.684098 -0.108059 -3.641656 1.332665 -2.127701 -14.757701 7.7e-05 -2.2e-05 7e-06 0.019345 0.02524 -0.022306 0.717309 -3.719032 -10.670962 -0.689681 3.769117 -10.69095 -15.542984 -3.071883 19.624022 -58.49321 -7.814496 10.562653 -1.091312 -27.141823 0.449542 5.138309 1.475025 -13.071371 -5.882081 9.861195 0.70272 -10.936833 -0.360446 7.156301 -7e-06 8.774897 -0.0 -16.531687 17.520536 5.97493 -1.844034 2.498504 -2.507286 -10.163612 4.678982 4.621087 -20.976078 -0.0 -5e-06 -21.226418 2.451737 -3.594084 5e-06 -6e-06 -2e-06 -1.36269 2.240852 -0.746328 -21.334932 0.584854 3.008316 -13.821247 1e-06 -1e-06 -23.887339 -0.24907 -0.839532 -61.138226 2.247476 -0.302861 -0.294036 1.679759 0.833255 -14.218211 0.093129 1.300571 -34.212154 -0.287557 0.967167 -20.033308 0.964544 1.212861 1e-06 1e-06 -0.0 -3.440414 0.788343 0.501636 -15.928165 -3.167458 2.999723 -6.338841 2e-06 1e-06 -18.123581 3.648208 -4.905739 -3e-06 -1e-06 -2e-06 13.411912 14.087882 20.242231 57.291508 21.359423 17.624481 0.372974 23.194304 -0.009714 -12.097285 -0.718927 -1.071036 2.243553 -5.254941 -3.179986 14.282904 -0.826639 6.952576 2.1e-05 -12.69065 -3e-06 16.587006 -17.645023 2.202239 1.665667 -1.955927 -2.87831 4.727813 -4.170614 4.993906 11.02056 -1.6e-05 5e-06 12.109148 -3.735768 -2.866839 2e-06 -1e-06 -1e-06 1.292005 -1.928587 -1.498103 14.800131 0.56748 3.865613 14.242617 -1.34177 -6.660687 19.632116 0.143878 -0.648302 49.98576 -0.39865 -6.296729 0.353053 -1.511199 -0.031958 20.222786 3.684333 2.316645 18.787338 -3.1e-05 -4e-06 10.751674 -0.479889 1.397921 -3e-06 0.0 1e-06 3.273858 0.30586 -0.580136 21.486769 11.830449 2.26617 8.162957 -1.5e-05 -0.0 18.399233 -3.799024 -4.940642 -0.0 -1e-06 1e-06 3.882175 -3.128666 -54.617897 -0.065511 -0.282507 69.92186 -2.877683 10.068075 -20.174387 1.643798 -2.03566 -5.561259 0.0 0.0 2e-06 2.31856 -2.345619 -18.651398 -0.127755 0.320585 47.825661 1.593819 -3.792096 -32.870049 -1.450831 1.017554 -2.525238 -0.0 -0.0 4e-06 
0.0 0.0 0.0 0.0 -0.0 0.0 -10.347235 90.577293 28.121826 1.567695 -2.924172 8.149773 -0.835963 0.770136 4.186281 -0.573553 1.264534 -2.634023 0.99709 -0.582946 12.177067 -3.200649 3.045204 -7.732366 -0.724912 -0.184474 -3.651167 1.70299 -2.454715 -14.99851 7.7e-05 -2.2e-05 6e-06 0.014816 0.037497 -0.033434 0.714325 -3.713867 -10.716094 -0.696825 3.78776 -10.72716 -15.846462 -2.003274 19.601685 -57.706573 -4.553116 11.241475 -1.209589 -26.257177 0.480654 4.349712 1.220266 -13.449489 -5.882029 9.861373 0.702544 -10.936942 -0.360652 7.156189 -6e-06 8.77478 -0.0 -16.469791 17.438425 5.979173 -1.844021 2.498501 -2.50727 -10.163533 4.678921 4.621113 -20.975874 6e-06 -0.0 -21.226137 2.451671 -3.593991 0.0 -9e-06 -1e-06 -1.362667 2.240758 -0.746316 -21.334785 0.584951 3.008318 -13.821126 6e-06 5e-06 -23.886993 -0.249075 -0.839472 -61.023617 2.234285 -0.242438 -0.294009 1.679634 0.83326 -14.218135 0.093275 1.300578 -34.2118 -0.287538 0.967168 -20.033106 0.964555 1.212844 -2e-06 -2e-06 0.0 -3.440311 0.78816 0.501677 -15.928153 -3.167222 2.999692 -6.338787 5e-06 7e-06 -18.123323 3.648179 -4.905658 -3e-06 0.0 -3e-06 12.872354 14.207905 20.432775 57.561237 21.489195 18.342913 0.196713 23.932335 -0.078151 -12.410507 -1.46314 0.749716 2.243552 -5.255082 -3.180202 14.282981 -0.826472 6.952427 1.7e-05 -12.690537 -1.1e-05 16.620342 -17.491817 2.140946 1.665655 -1.955926 -2.87829 4.727777 -4.170572 4.993927 11.020475 -1.1e-05 1.1e-05 12.108997 -3.735712 -2.866777 -1e-06 1e-06 1e-06 1.291975 -1.928523 -1.498084 14.800056 0.567413 3.865628 14.242495 -1.341756 -6.660631 19.631842 0.143891 -0.648236 49.918392 -0.318833 -6.310986 0.35302 -1.511112 -0.03194 20.222694 3.684217 2.316651 18.787197 -2.6e-05 1.4e-05 10.751601 -0.479884 1.397909 1e-06 1e-06 -1e-06 3.27376 0.30599 -0.580087 21.48674 11.830234 2.266143 8.162896 -1.1e-05 8e-06 18.399021 -3.799005 -4.940548 1e-06 0.0 2e-06 2.307406 -1.692089 -57.447464 -0.027117 -0.245391 64.869431 -3.108911 9.464751 -19.339602 1.636646 -2.008037 -5.839284 0.0 0.0 -0.0 0.968915 -2.923465 -14.934386 -0.135685 0.381473 45.712643 1.984812 -3.219292 -33.161499 -1.458311 1.012774 -3.146149 0.0 -0.0 -4e-06 
0.0 0.0 0.0 0.0 -0.0 0.0 -9.936341 91.401634 32.159157 2.714194 -3.479077 7.6655 -1.141822 0.868298 4.023383 -0.807743 1.709311 -2.869454 0.212822 -0.038886 11.73946 -3.65022 3.100219 -7.406803 -0.72861 -0.257103 -3.566199 1.968117 -2.756413 -14.87976 7.7e-05 -2.2e-05 6e-06 0.012564 0.078395 -0.020705 0.716309 -3.692964 -10.786575 -0.703809 3.847477 -10.794631 -15.704191 -0.965833 19.507683 -57.523186 -1.043778 11.776797 -1.143187 -24.854822 0.395777 4.183001 1.283167 -14.048366 -5.882103 9.861217 0.702747 -10.936926 -0.360611 7.156242 1e-06 8.774807 -8e-06 -16.400688 17.34074 5.976715 -1.844023 2.498507 -2.507279 -10.163547 4.678932 4.621104 -20.975914 -9e-06 2.5e-05 -21.22616 2.451679 -3.593986 2e-06 -8e-06 -0.0 -1.362663 2.240794 -0.746332 -21.334831 0.584911 3.008342 -13.821153 -2e-06 2.5e-05 -23.887039 -0.249069 -0.839443 -60.785152 2.277514 -0.326195 -0.294004 1.679681 0.833242 -14.218167 0.093226 1.300596 -34.211891 -0.287548 0.967231 -20.033161 0.964563 1.212889 0.0 -0.0 0.0 -3.440322 0.788219 0.501648 -15.928179 -3.167283 2.999726 -6.338799 -1e-06 1.4e-05 -18.123346 3.648174 -4.905643 -6e-06 -2e-06 -1e-06 12.001986 14.056102 20.478302 58.790348 21.280466 18.985754 -0.093277 25.524462 -0.185378 -13.198418 -2.05097 2.935774 2.243544 -5.254903 -3.179915 14.282791 -0.826698 6.95266 1.2e-05 -12.690685 7e-06 16.64348 -17.482861 2.166693 1.665676 -1.955924 -2.878316 4.727851 -4.170625 4.993893 11.020655 -1e-05 -1e-05 12.109317 -3.735778 -2.866878 0.0 1e-06 2e-06 1.292023 -1.928599 -1.498113 14.800213 0.567503 3.865592 14.24274 -1.341758 -6.660731 19.63241 0.143901 -0.648357 50.056705 -0.328929 -6.342053 0.353079 -1.51122 -0.031962 20.222897 3.684378 2.316622 18.787493 -8e-06 -3.2e-05 10.751749 -0.479874 1.397916 1e-06 -0.0 2e-06 3.273939 0.305839 -0.580168 21.486816 11.830515 2.266159 8.163014 -8e-06 -2e-05 18.399452 -3.798985 -4.940731 1e-06 2e-06 -1e-06 0.246724 -0.252563 -58.412113 -0.020722 -0.186755 57.711132 -4.169928 8.205087 -17.950554 1.633682 -2.016811 -6.258015 0.0 0.0 5e-06 -1.061029 -3.224665 -9.517152 -0.15922 0.412895 40.6702 2.607556 -2.713147 -31.575933 -1.477436 0.947919 -4.382363 0.0 -0.0 -4e-06 
0.0 0.0 0.0 0.0 -0.0 0.0 -9.336558 92.835739 36.763908 3.76314 -4.134778 7.135287 -1.351361 0.927734 3.555988 -1.005539 2.170944 -3.206414 -0.553444 0.572993 11.222045 -4.04022 3.1371 -6.639037 -0.698091 -0.311084 -3.546618 2.174819 -3.067359 -14.435123 7.7e-05 -2.2e-05 6e-06 0.010316 0.106198 -0.013925 0.710289 -3.679402 -10.855895 -0.702703 3.889261 -10.854421 -15.181688 -0.049397 19.383417 -58.082413 2.480683 11.626977 -1.173816 -23.105843 0.300249 4.455968 1.292719 -15.741689 -5.882205 9.861208 0.702578 -10.936809 -0.360552 7.156181 1e-05 8.774839 -1.1e-05 -16.287729 17.384226 6.089201 -1.844037 2.498506 -2.507276 -10.163625 4.678944 4.621101 -20.976105 -2.9e-05 2.2e-05 -21.226418 2.451675 -3.593998 3e-06 -7e-06 -1e-06 -1.362682 2.240812 -0.746325 -21.334984 0.584877 3.008338 -13.821271 -2e-05 1.6e-05 -23.887375 -0.249111 -0.839457 -60.477234 2.378417 -0.397963 -0.294026 1.679706 0.833254 -14.218248 0.093183 1.30059 -34.212212 -0.287603 0.96721 -20.033323 0.96452 1.212885 3e-06 -1e-06 0.0 -3.440425 0.788251 0.501651 -15.928208 -3.167346 2.999723 -6.33885 -9e-06 4e-06 -18.123579 3.648145 -4.905678 -4e-06 3e-06 -2e-06 11.078126 13.757325 20.252697 60.590664 20.267031 18.816565 -0.317691 28.413431 -0.242955 -14.497531 -1.901639 4.974205 2.243544 -5.254933 -3.180044 14.282759 -0.826746 6.9526 -4.2e-05 -12.690678 8e-06 16.652578 -17.692518 2.243811 1.665674 -1.955914 -2.878314 4.727812 -4.170599 4.993905 11.020578 3.7e-05 -8e-06 12.109148 -3.735697 -2.866832 -0.0 1e-06 -1e-06 1.291982 -1.928584 -1.498099 14.800204 0.56755 3.86559 14.242637 -1.341697 -6.660687 19.632185 0.144031 -0.648247 50.249386 -0.344387 -6.343276 0.353023 -1.511197 -0.031946 20.222891 3.684443 2.316617 18.787365 6.4e-05 4e-06 10.751683 -0.479839 1.397931 3e-06 1e-06 -4e-06 3.273836 0.305901 -0.58015 21.486902 11.830547 2.266145 8.162962 2.7e-05 -5e-06 18.399239 -3.798908 -4.94061 2e-06 3e-06 -1e-06 -1.617986 1.099226 -57.437283 -0.076253 -0.157897 48.655704 -6.271608 6.884196 -15.38078 1.645269 -2.027929 -6.649251 -0.0 0.0 -2e-06 -3.161035 -3.223129 -2.988934 -0.209414 0.570468 33.575191 3.275311 -2.473913 -26.580679 -1.484763 0.919555 -7.45691 0.0 -0.0 -2e-06 
0.0 0.0 0.0 0.0 -0.0 0.0 -8.596547 94.749222 42.093666 4.268223 -4.990718 6.667254 -1.309214 0.957683 2.70307 -1.105168 2.599854 -3.679073 -0.989863 1.216996 10.727347 -4.321382 3.120649 -5.563273 -0.609585 -0.172338 -3.527544 2.151433 -3.160513 -13.550714 7.7e-05 -2.2e-05 6e-06 0.013943 0.149411 -0.014804 0.712314 -3.644192 -10.908297 -0.697296 3.939752 -10.906239 -14.522388 0.987433 19.5149 -59.210663 5.627349 11.281735 -1.23191 -21.289249 0.216104 4.625692 1.118752 -18.505348 -5.882074 9.861306 0.702642 -10.936875 -0.360667 7.156233 1e-05 8.77477 -6e-06 -16.196768 17.524096 6.194734 -1.844027 2.498504 -2.507275 -10.163561 4.678906 4.621099 -20.975956 -2.6e-05 8e-06 -21.226217 2.451619 -3.593969 0.0 -6e-06 -1e-06 -1.362669 2.24075 -0.746333 -21.334854 0.584944 3.008317 -13.821168 -1.7e-05 1.1e-05 -23.887114 -0.249129 -0.839449 -60.350719 2.427423 -0.483211 -0.29401 1.679624 0.83324 -14.218178 0.093281 1.300583 -34.211941 -0.287586 0.967198 -20.033176 0.964535 1.212873 -3e-06 0.0 1e-06 -3.440337 0.788136 0.501644 -15.928185 -3.16719 2.999706 -6.338803 -8e-06 6e-06 -18.12339 3.648124 -4.905655 -3e-06 -1e-06 -1e-06 10.221609 13.357224 20.015417 62.553429 18.616619 18.301096 -0.588416 32.410275 -0.325041 -15.944278 -0.647147 5.999944 2.243566 -5.255122 -3.180331 14.282953 -0.826502 6.952377 -7e-06 -12.690539 -1e-05 16.545753 -17.967836 2.379292 1.665657 -1.95592 -2.878281 4.727765 -4.170563 4.993935 11.020462 1e-05 1e-05 12.108959 -3.735679 -2.866749 0.0 0.0 2e-06 1.29196 -1.928517 -1.498073 14.800062 0.567442 3.865626 14.242478 -1.341733 -6.660609 19.631828 0.143935 -0.648195 50.425449 -0.476922 -6.347098 0.352998 -1.511105 -0.031921 20.222706 3.684254 2.316646 18.787169 7e-06 2.6e-05 10.751588 -0.479863 1.397913 -1e-06 1e-06 -1e-06 3.273721 0.306018 -0.580063 21.486786 11.830261 2.26613 8.162885 6e-06 1.1e-05 18.39896 -3.79897 -4.940504 2e-06 3e-06 -3e-06 -2.563681 2.453866 -54.451794 -0.219879 -0.186871 37.69865 -8.81945 6.224999 -11.459899 1.663157 -2.022747 -6.860524 0.0 0.0 3e-06 -4.935079 -2.983255 3.775609 -0.277687 0.634795 25.634033 3.583887 -2.032867 -17.277061 -1.508522 0.907103 -13.605197 0.0 -0.0 -4e-06 
0.0 0.0 0.0 0.0 -0.0 0.0 -7.786156 96.796127 47.96212 3.942676 -6.229069 6.395024 -0.985464 1.066317 1.422648 -1.03214 2.953865 -4.250817 -0.953998 1.726506 10.203428 -4.279323 3.23025 -4.001827 -0.606192 0.099742 -3.589585 1.904564 -2.880706 -12.340392 7.7e-05 -2.2e-05 6e-06 0.007965 0.163481 -0.01748 0.710527 -3.622325 -10.920295 -0.706683 3.942007 -10.922879 -13.628819 2.228108 19.64764 -60.994682 8.659127 11.14 -1.164289 -19.63681 0.159595 4.309018 0.865273 -21.191137 -5.882185 9.861382 0.70249 -10.93692 -0.36066 7.156155 0.0 8.774782 -3e-06 -16.297359 17.724548 6.225309 -1.844022 2.498501 -2.507264 -10.163579 4.678921 4.621126 -20.976019 1e-05 4.1e-05 -21.226332 2.451702 -3.593955 0.0 -5e-06 -3e-06 -1.362672 2.240752 -0.746309 -21.334879 0.584955 3.008346 -13.821213 8e-06 2.8e-05 -23.887243 -0.249042 -0.839432 -60.767109 2.483871 -0.578749 -0.294012 1.679626 0.833268 -14.218183 0.093275 1.300596 -34.212055 -0.287521 0.967224 -20.033266 0.964571 1.212871 1e-06 1e-06 -0.0 -3.440358 0.78815 0.5017 -15.92817 -3.167219 2.999695 -6.338828 3e-06 1.3e-05 -18.123487 3.64818 -4.905634 -3e-06 0.0 -2e-06 9.355435 13.125865 19.929646 64.243607 16.922689 18.161829 -0.57285 36.295189 -0.368034 -16.622091 1.234194 6.303309 2.243493 -5.255189 -3.180388 14.282867 -0.826585 6.95243 -3e-05 -12.69057 1.2e-05 16.47052 -18.117292 2.400057 1.665662 -1.955914 -2.878285 4.727776 -4.170563 4.993931 11.020488 2.4e-05 -7e-06 12.10901 -3.735662 -2.866773 -1e-06 -0.0 -2e-06 1.291966 -1.928512 -1.498061 14.800088 0.567466 3.865592 14.242506 -1.341703 -6.660628 19.631889 0.143999 -0.648222 50.490379 -0.571803 -6.259798 0.353006 -1.511105 -0.031914 20.222746 3.684305 2.316608 18.787197 3.9e-05 -1e-06 10.751604 -0.479851 1.397904 -1e-06 1e-06 0.0 3.273736 0.306026 -0.580066 21.486807 11.83032 2.266085 8.162889 1.2e-05 -4e-06 18.398998 -3.79893 -4.940535 1e-06 -2e-06 -1e-06 -2.229675 3.948609 -50.122639 -0.35044 -0.230612 26.173611 -10.107548 6.873342 -7.005638 1.678837 -1.939821 -6.697801 0.0 0.0 4e-06 -6.221561 -2.702228 9.426981 -0.22917 0.587604 18.61895 2.834415 -0.838553 -3.49985 -1.546347 0.812905 -23.152613 0.0 -0.0 -0.0 
0.0 0.0 0.0 0.0 -0.0 0.0 -6.942452 98.573471 54.078354 2.893425 -7.931718 6.126086 -0.345061 1.255855 0.043353 -0.88166 3.2397 -4.819049 -0.494878 2.108389 9.708274 -4.188449 3.28872 -2.228756 -0.428499 0.418452 -3.645103 1.534857 -2.252429 -10.685901 7.7e-05 -2.2e-05 6e-06 0.006963 0.146825 -0.011787 0.698422 -3.628561 -10.849633 -0.695819 3.912035 -10.854574 -12.716008 3.502122 19.643103 -62.792477 11.821174 11.519776 -1.293077 -18.582838 0.198713 3.50264 0.22219 -22.632755 -5.882181 9.861393 0.702611 -10.936894 -0.360653 7.156222 -4e-06 8.774782 5e-06 -16.348518 17.982441 6.209805 -1.844028 2.498501 -2.507272 -10.16361 4.678931 4.621118 -20.976074 2.9e-05 3.1e-05 -21.226414 2.451719 -3.593979 0.0 -8e-06 1e-06 -1.362686 2.240755 -0.74632 -21.334908 0.58497 3.00833 -13.821248 1.8e-05 1.8e-05 -23.887337 -0.249031 -0.839471 -60.95924 2.537663 -0.776472 -0.294037 1.679625 0.833257 -14.218189 0.093285 1.300583 -34.212151 -0.287498 0.967193 -20.033302 0.964583 1.212851 -1e-06 0.0 -0.0 -3.440407 0.788154 0.501679 -15.928148 -3.167204 2.999689 -6.338841 7e-06 1e-05 -18.12356 3.648188 -4.905666 -3e-06 -1e-06 -0.0 8.340297 13.274045 19.931255 65.964478 15.773241 18.506752 -0.798712 38.731083 -0.507359 -16.37108 2.385863 6.477938 2.243594 -5.255058 -3.18016 14.282884 -0.826614 6.952502 -4e-05 -12.690588 -0.0 16.465773 -18.222374 2.426255 1.665657 -1.955914 -2.878299 4.727765 -4.170565 4.993923 11.02049 3.6e-05 1.3e-05 12.108989 -3.735663 -2.866771 -0.0 -0.0 -3e-06 1.291947 -1.928527 -1.498085 14.800114 0.567492 3.865617 14.2425 -1.341695 -6.66063 19.631907 0.14401 -0.648164 50.629471 -0.652108 -6.285111 0.352981 -1.511121 -0.031937 20.222778 3.684333 2.316646 18.787212 4.6e-05 4.7e-05 10.751616 -0.479856 1.397941 -1e-06 1e-06 -3e-06 3.273709 0.306019 -0.580091 21.486856 11.830365 2.266124 8.162906 1.8e-05 2.3e-05 18.399038 -3.798944 -4.940496 2e-06 -0.0 -2e-06 -0.772709 5.51672 -45.597279 -0.347078 -0.26269 17.294291 -9.646705 7.71296 -3.417246 1.658288 -1.969898 -6.070138 0.0 0.0 6e-06 -7.209816 -2.862424 13.121537 -0.112998 0.659377 14.552649 2.637961 0.906471 10.707915 -1.508133 0.668684 -29.504086 -0.0 -0.0 2e-06 
0.0 0.0 0.0 0.0 -0.0 0.0 -6.105567 99.672577 60.053329 1.699869 -9.579967 5.560107 0.412234 1.327207 -1.080305 -0.733178 3.464696 -5.266658 -0.011615 2.371308 9.320357 -4.081092 3.36612 -0.692314 -0.232232 0.692543 -3.683536 1.192185 -1.640331 -8.88833 7.7e-05 -2.2e-05 6e-06 0.00986 0.114563 -0.002221 0.694679 -3.646065 -10.73555 -0.685986 3.862318 -10.73468 -12.105734 4.651847 19.703354 -63.780197 14.926461 12.485906 -1.606397 -18.410891 0.284651 2.312243 -0.555962 -22.411802 -5.882098 9.861221 0.702586 -10.936829 -0.360512 7.156227 -4e-06 8.77486 -6e-06 -16.523563 18.058458 6.112864 -1.844033 2.498505 -2.507278 -10.163606 4.678968 4.621092 -20.976055 -1.1e-05 -7e-06 -21.226376 2.451713 -3.594066 -1e-06 -8e-06 -3e-06 -1.362685 2.240835 -0.746321 -21.334929 0.584871 3.00832 -13.82124 -5e-06 -5e-06 -23.887316 -0.24909 -0.839526 -61.137032 2.60768 -0.994005 -0.294031 1.679738 0.83326 -14.218212 0.093163 1.300577 -34.212124 -0.287578 0.967158 -20.033274 0.964528 1.212854 -0.0 -1e-06 -1e-06 -3.440403 0.788303 0.50165 -15.928172 -3.167398 2.999721 -6.338838 -1e-06 -2e-06 -18.123554 3.648185 -4.905731 -6e-06 1e-06 -2e-06 7.583066 13.646063 20.004477 67.608528 15.318426 18.563963 -1.049707 39.461239 -0.641145 -15.97555 2.805583 6.338428 2.243456 -5.255057 -3.180185 14.28282 -0.826649 6.952544 1e-05 -12.690637 1.2e-05 16.535364 -18.242508 2.431933 1.665673 -1.95592 -2.878307 4.727827 -4.170611 4.993912 11.020576 -7e-06 -2.2e-05 12.109189 -3.735756 -2.866847 -0.0 3e-06 -2e-06 1.292015 -1.928574 -1.49809 14.800149 0.567479 3.865583 14.242645 -1.341753 -6.660702 19.632164 0.143933 -0.648352 50.617981 -0.681969 -6.397935 0.353069 -1.511191 -0.031938 20.222805 3.684343 2.316599 18.787354 -2e-06 -5.6e-05 10.751671 -0.479865 1.397887 1e-06 1e-06 0.0 3.273889 0.30588 -0.580129 21.486776 11.830446 2.266121 8.162945 -7e-06 -2.8e-05 18.399229 -3.798968 -4.940691 2e-06 -3e-06 0.0 1.131382 6.574875 -41.311279 -0.226528 -0.199997 12.300962 -8.278766 7.838441 -2.325318 1.640037 -2.060513 -5.445225 -0.0 0.0 -3e-06 -8.183478 -3.117053 14.980292 -0.076496 0.883276 14.735564 3.179973 1.660012 21.93269 -1.346091 0.566724 -26.511702 1e-06 -0.0 -6e-06 
0.0 0.0 0.0 0.0 -0.0 0.0 -5.260306 99.737991 65.743324 0.856772 -11.131605 4.571609 1.153629 1.212165 -1.727482 -0.634062 3.828281 -5.591314 0.284824 2.568838 9.083344 -4.319221 3.619976 0.334986 -0.092569 0.759789 -3.709634 1.032805 -1.255323 -7.367736 7.7e-05 -2.2e-05 6e-06 0.017799 0.129833 0.003898 0.71489 -3.616001 -10.640713 -0.691051 3.860507 -10.635661 -12.031136 5.75739 19.955881 -63.759552 17.504515 13.503769 -1.772457 -19.307516 0.350494 0.91594 -1.318843 -21.716478 -5.882111 9.861304 0.70271 -10.936849 -0.360575 7.156282 1e-06 8.77482 4e-06 -16.744453 18.068432 5.976741 -1.844031 2.498504 -2.507281 -10.163603 4.678941 4.621097 -20.976044 -1e-06 4e-06 -21.226358 2.451688 -3.594017 0.0 -4e-06 -3e-06 -1.362687 2.240783 -0.74633 -21.334915 0.584923 3.008312 -13.821232 4e-06 7e-06 -23.887274 -0.24908 -0.839489 -61.227741 2.648379 -1.158052 -0.294033 1.679671 0.833249 -14.218203 0.093224 1.300571 -34.212112 -0.287548 0.967184 -20.033274 0.964556 1.21286 -1e-06 0.0 -0.0 -3.440403 0.788216 0.501646 -15.928165 -3.167289 2.999697 -6.338833 -0.0 4e-06 -18.123529 3.64817 -4.905696 -3e-06 0.0 -2e-06 7.114331 14.038957 20.109274 69.06057 15.205034 17.88821 -1.097973 39.455643 -0.606078 -15.972753 2.868623 5.608193 2.243537 -5.255023 -3.180044 14.282818 -0.826675 6.952595 -3.8e-05 -12.690624 1.3e-05 16.529367 -18.205418 2.488026 1.665668 -1.955917 -2.878306 4.727791 -4.170576 4.993909 11.020526 3.4e-05 -1e-05 12.10906 -3.735667 -2.866816 -0.0 -0.0 -2e-06 1.291972 -1.928543 -1.498095 14.800139 0.567504 3.865584 14.242568 -1.341693 -6.660676 19.632034 0.14403 -0.648249 50.520721 -0.623756 -6.479768 0.353006 -1.511145 -0.031947 20.222811 3.684361 2.31661 18.787271 5e-05 1.1e-05 10.751638 -0.479855 1.397928 -0.0 -3e-06 -0.0 3.273773 0.305973 -0.580125 21.486851 11.830425 2.266109 8.162927 1.9e-05 5e-06 18.399115 -3.798927 -4.940568 3e-06 -3e-06 -1e-06 2.931324 6.69489 -36.98901 -0.072555 -0.095316 10.094002 -6.834702 7.729378 -3.928238 1.640783 -2.162885 -5.151894 1e-06 -0.0 1e-06 -9.35535 -3.23746 15.491631 -0.172589 1.15327 19.139647 3.30018 0.589982 26.706451 -1.176869 0.614735 -15.413199 0.0 -0.0 -6e-06 
0.0 0.0 0.0 0.0 -0.0 0.0 -4.357282 98.67598 71.310928 0.428733 -12.65162 3.499031 1.715897 1.114139 -2.029509 -0.500941 4.259865 -5.79344 0.557303 2.676213 8.931335 -4.954001 4.150837 0.707783 -0.09224 0.467736 -3.696151 0.988845 -0.816035 -6.24067 7.7e-05 -2.2e-05 6e-06 0.022983 0.153119 -0.00621 0.733266 -3.59147 -10.608661 -0.700301 3.877749 -10.597526 -12.627279 6.739633 20.203382 -63.221729 19.479322 13.505551 -1.614102 -20.986866 0.41755 -0.040265 -2.340461 -21.753599 -5.882113 9.861278 0.702629 -10.936873 -0.360558 7.156232 -3e-06 8.774832 -2e-06 -16.747652 18.097006 5.889948 -1.84403 2.498502 -2.507277 -10.163588 4.67895 4.621105 -20.976017 2e-06 1.1e-05 -21.226318 2.451704 -3.594017 3e-06 -7e-06 -1e-06 -1.362679 2.240806 -0.746322 -21.334892 0.584903 3.008327 -13.821218 -0.0 1.1e-05 -23.887249 -0.249064 -0.839479 -61.146107 2.582897 -1.171558 -0.294026 1.679698 0.833257 -14.218195 0.093204 1.30058 -34.212082 -0.287546 0.967193 -20.033266 0.964555 1.212864 1e-06 -0.0 -1e-06 -3.440384 0.788246 0.50166 -15.92817 -3.167333 2.999709 -6.338831 2e-06 7e-06 -18.123508 3.648187 -4.905686 -3e-06 -2e-06 -3e-06 6.957788 14.280963 20.206631 69.817993 15.15075 16.956892 -1.070463 39.724575 -0.52881 -15.907188 2.97483 4.052609 2.243531 -5.254992 -3.180084 14.282864 -0.826659 6.952555 -6e-06 -12.690639 -0.0 16.520836 -18.125879 2.538276 1.665664 -1.955921 -2.878307 4.727797 -4.170594 4.993912 11.020536 6e-06 -3e-06 12.10909 -3.735725 -2.866818 -0.0 -0.0 -1e-06 1.291984 -1.928568 -1.498093 14.800129 0.567497 3.865602 14.242583 -1.341735 -6.660674 19.632046 0.14395 -0.648273 50.517056 -0.580546 -6.550933 0.353029 -1.511179 -0.031946 20.222795 3.684358 2.31663 18.787285 7e-06 1e-06 10.751644 -0.479865 1.397919 -1e-06 0.0 -1e-06 3.273808 0.305912 -0.58012 21.486809 11.830449 2.266139 8.16293 3e-06 2e-06 18.399136 -3.798976 -4.940604 3e-06 -2e-06 0.0 3.950197 6.348872 -33.079746 0.028077 -0.107895 9.804908 -5.772488 7.856019 -6.306749 1.632129 -2.221865 -5.205538 0.0 0.0 -0.0 -10.812451 -3.612764 14.940677 -0.231805 1.321979 26.371344 0.823655 -2.615643 23.636263 -1.170648 0.674712 -8.526943 0.0 1e-06 2e-06 
0.0 0.0 0.0 0.0 -0.0 0.0 -3.350345 96.70993 76.662155 1.033886 -13.719984 2.900531 1.345446 1.166213 -2.485297 -0.337153 4.455326 -5.862699 0.843998 2.646909 8.82622 -5.62976 4.350613 0.215824 -0.248574 0.601736 -3.676788 0.90572 -0.538322 -5.231761 7.7e-05 -2.2e-05 5e-06 0.024415 0.134851 -0.007143 0.690255 -3.627094 -10.609027 -0.655015 3.876328 -10.585395 -14.926357 7.272706 19.533188 -61.413994 21.085716 12.284216 -1.556159 -22.209387 0.481972 -0.123752 -3.559959 -22.029633 -5.88201 9.861148 0.702708 -10.936816 -0.360523 7.156282 8e-06 8.774856 -1.3e-05 -16.545294 17.993797 5.901853 -1.844032 2.498506 -2.507285 -10.16357 4.678945 4.621074 -20.975969 -4.7e-05 -1.9e-05 -21.226244 2.451631 -3.594054 3e-06 -4e-06 -3e-06 -1.36267 2.240827 -0.746341 -21.334885 0.584857 3.008309 -13.821183 -2.8e-05 -4e-06 -23.887152 -0.249155 -0.839495 -61.28722 2.287238 -1.055161 -0.29401 1.679724 0.833235 -14.218204 0.093162 1.300574 -34.211971 -0.287633 0.967175 -20.033194 0.964506 1.212878 0.0 -0.0 -2e-06 -3.440349 0.788273 0.50161 -15.928198 -3.167373 2.999734 -6.33881 -1.1e-05 -0.0 -18.123432 3.648133 -4.905718 -3e-06 1e-06 -2e-06 8.3545 14.2033 20.04274 68.383011 14.86905 15.934382 -0.800675 40.456295 -0.469521 -15.411875 3.459107 2.00021 2.243623 -5.254899 -3.180091 14.282925 -0.826581 6.952494 2e-05 -12.690639 -2.2e-05 16.440487 -17.903206 2.590917 1.665663 -1.955928 -2.878297 4.72781 -4.170614 4.993917 11.020571 -1.1e-05 1.8e-05 12.109162 -3.735772 -2.866816 -0.0 1e-06 1e-06 1.291997 -1.928588 -1.4981 14.800148 0.567475 3.86564 14.242627 -1.341777 -6.660667 19.632164 0.143864 -0.648261 50.618443 -0.737792 -6.605989 0.353051 -1.511199 -0.03195 20.222805 3.684328 2.316685 18.787369 -2.7e-05 1.4e-05 10.751694 -0.479879 1.397932 2e-06 0.0 -2e-06 3.273848 0.305865 -0.580119 21.486792 11.830433 2.266215 8.162968 -8e-06 7e-06 18.399267 -3.799025 -4.940623 3e-06 1e-06 -1e-06 3.264675 5.484154 -31.443842 -0.004857 -0.208637 12.078846 -4.961096 7.901457 -3.27432 1.761994 -2.264256 -5.813931 0.0 0.0 3e-06 -13.245538 -4.437821 12.810755 -0.025507 1.361766 35.157192 -2.431437 -7.982583 15.700413 -1.302102 0.736684 -6.23257 -1e-06 0.0 -0.0 
0.0 0.0 0.0 0.0 -0.0 0.0 -2.162233 94.122902 81.189713 3.889684 -13.326566 2.583961 -0.348307 1.038926 -2.908428 -0.484756 4.035871 -5.912306 -0.126803 2.233845 9.4026 -5.537027 4.460037 -1.804206 -0.329138 0.576305 -3.780656 0.644231 -0.368375 -4.969796 7.7e-05 -2.2e-05 6e-06 0.056038 0.08169 -0.025108 0.661919 -3.663876 -10.508293 -0.569249 3.809828 -10.487443 -18.869349 6.95187 17.946737 -57.878948 21.102264 10.368759 -1.571752 -22.104939 0.316385 -0.13266 -4.111936 -23.173965 -5.882136 9.861369 0.702674 -10.936841 -0.360579 7.156271 -1.2e-05 8.774813 1.1e-05 -16.870373 17.683247 5.711686 -1.844035 2.498505 -2.507281 -10.163645 4.678957 4.6211 -20.976124 3.6e-05 -5e-06 -21.226496 2.451734 -3.594043 0.0 -7e-06 -1e-06 -1.362711 2.240784 -0.746323 -21.334949 0.584953 3.008301 -13.82128 2.5e-05 -4e-06 -23.88743 -0.249031 -0.839538 -61.038464 2.195382 -0.948955 -0.294062 1.679673 0.833256 -14.218204 0.093242 1.300563 -34.21225 -0.287498 0.967136 -20.033348 0.96457 1.212821 -0.0 -1e-06 -1e-06 -3.440471 0.788241 0.501654 -15.928133 -3.167288 2.999685 -6.338857 1.1e-05 -1e-06 -18.123644 3.648206 -4.905725 -1e-06 0.0 -3e-06 12.53334 13.888661 19.21817 63.946041 14.765737 14.413253 0.085057 41.362766 0.015603 -15.164351 4.336113 2.32725 2.243629 -5.25501 -3.180035 14.28284 -0.826681 6.952572 -5.6e-05 -12.690612 1.3e-05 16.274633 -17.740894 2.71786 1.665664 -1.955914 -2.878307 4.727776 -4.170568 4.993917 11.020514 4.6e-05 1e-05 12.109019 -3.735646 -2.866775 1e-06 -2e-06 6e-06 1.291954 -1.92854 -1.498095 14.800146 0.567517 3.865604 14.242541 -1.341688 -6.660636 19.631985 0.144023 -0.648164 50.622967 -0.862065 -6.203763 0.35299 -1.511137 -0.031939 20.222824 3.684371 2.316629 18.787258 5.5e-05 5.4e-05 10.751637 -0.479851 1.397944 1e-06 1e-06 0.0 3.273745 0.305992 -0.580108 21.486893 11.830412 2.266111 8.16293 2.2e-05 2.1e-05 18.399092 -3.798925 -4.940495 3e-06 1e-06 -1e-06 -0.419919 3.601145 -35.63718 -0.183301 -0.202205 20.561836 -3.065869 8.234892 9.224997 1.707732 -2.11719 -1.956114 0.0 0.0 1e-06 -17.657587 -6.224094 8.59932 0.140236 1.359051 46.183441 -3.688261 -11.825472 6.666325 -1.382794 0.81608 -5.290437 1e-06 1e-06 -5e-06 
0.0 0.0 0.0 0.0 -0.0 0.0 -1.073532 91.540131 85.076347 5.238068 -11.683908 1.799677 -0.307472 0.944009 -1.975635 -0.697709 3.751521 -5.491422 -1.360809 1.771271 9.597199 -5.087677 4.263947 -2.908552 -0.519184 0.444714 -3.728934 0.21461 -0.627381 -8.78356 7.7e-05 -2.2e-05 6e-06 0.066258 0.098914 -0.015865 0.745906 -3.634666 -10.509233 -0.637294 3.819141 -10.481725 -18.966284 5.639306 17.687239 -57.526939 16.398243 9.975269 -1.457444 -19.551672 0.210072 -0.762761 -2.683093 -21.914597 -5.882182 9.861081 0.702839 -10.936811 -0.36047 7.156314 2e-06 8.774881 -1e-05 -16.854099 18.03882 5.697024 -1.844036 2.498506 -2.507289 -10.163627 4.678969 4.621083 -20.976116 -1.4e-05 1.8e-05 -21.22645 2.451715 -3.594057 1e-06 -6e-06 -2e-06 -1.362684 2.240855 -0.746342 -21.334982 0.584849 3.008337 -13.821276 -9e-06 1.5e-05 -23.8874 -0.249081 -0.839493 -61.066727 2.239164 -1.189774 -0.294028 1.67976 0.833239 -14.21824 0.093133 1.300586 -34.212227 -0.287574 0.967214 -20.033331 0.964548 1.212891 -1e-06 0.0 1e-06 -3.440425 0.788336 0.501617 -15.928191 -3.167439 2.999744 -6.338855 -4e-06 7e-06 -18.12359 3.648181 -4.905721 -4e-06 -0.0 -1e-06 13.102277 13.40071 18.825739 63.468456 17.005955 13.213212 0.485232 39.852684 0.448767 -16.436832 5.535522 2.851962 2.243505 -5.254851 -3.179843 14.282798 -0.826764 6.952712 2.2e-05 -12.690726 7e-06 16.09281 -17.976212 2.748553 1.665679 -1.95593 -2.878325 4.727851 -4.170643 4.993888 11.02064 -1.5e-05 -1.5e-05 12.109288 -3.735807 -2.866897 0.0 -1e-06 2e-06 1.292032 -1.92863 -1.498121 14.800207 0.567534 3.865584 14.242736 -1.341769 -6.660752 19.63236 0.143905 -0.648381 50.308399 -0.843295 -6.308529 0.353088 -1.511263 -0.031967 20.222885 3.684429 2.316618 18.787474 -2.1e-05 -3.8e-05 10.751729 -0.479884 1.397919 -1e-06 -1e-06 -2e-06 3.273959 0.305771 -0.580186 21.486795 11.830612 2.266168 8.163003 -1.2e-05 -1.8e-05 18.399426 -3.799025 -4.94075 2e-06 0.0 0.0 -2.930013 1.678963 -41.93618 -0.012714 -0.150134 36.623699 -2.304643 7.512542 2.300728 1.638136 -2.142168 -0.544422 0.0 0.0 1e-06 -18.849287 -6.59111 4.001997 0.171137 1.226299 57.825653 -3.228777 -11.582111 -1.200568 -1.383665 0.776689 -5.194825 -1e-06 -1e-06 -1e-06 
0.0 0.0 0.0 0.0 -0.0 0.0 -0.282045 89.839706 87.966446 5.844413 -10.496585 1.207982 -0.226983 0.887209 -1.138959 -0.778138 3.565792 -5.025553 -1.875351 1.283278 9.687439 -4.693473 4.180067 -3.260899 -0.645947 0.456528 -3.699408 -0.02374 -0.848827 -11.110085 7.7e-05 -2.2e-05 7e-06 0.070019 0.132305 0.029201 0.765554 -3.603117 -10.521031 -0.649867 3.861559 -10.491532 -18.639294 4.143151 17.586008 -57.750603 9.811157 10.346477 -1.505679 -16.734026 0.2329 -1.136162 -0.247447 -19.097393 -5.881972 9.861532 0.702441 -10.936902 -0.360754 7.156186 3e-06 8.774712 1.2e-05 -16.777357 18.173143 5.860106 -1.844025 2.498497 -2.507267 -10.163542 4.678884 4.62111 -20.97588 -5e-06 -2.5e-05 -21.226145 2.451599 -3.593964 5e-06 -5e-06 -3e-06 -1.362675 2.240692 -0.74632 -21.334776 0.585011 3.00828 -13.821114 -3e-06 -1.3e-05 -23.886961 -0.249133 -0.839482 -61.130035 2.418823 -1.091525 -0.294018 1.679547 0.833255 -14.218135 0.093367 1.300561 -34.2118 -0.287565 0.967124 -20.033106 0.964531 1.212817 0.0 1e-06 -0.0 -3.440327 0.788038 0.501674 -15.928146 -3.167061 2.999656 -6.33878 1e-06 -4e-06 -18.12331 3.648115 -4.905656 -5e-06 -0.0 -1e-06 12.606941 13.456402 18.667555 64.016846 19.76479 12.291348 0.440661 36.449841 0.43545 -17.357496 6.244209 3.498006 2.243586 -5.255226 -3.180381 14.282917 -0.826449 6.952372 -5e-05 -12.690475 2e-06 15.937968 -17.89517 2.820135 1.665655 -1.955918 -2.878277 4.727744 -4.170522 4.993941 11.020441 4.5e-05 1.1e-05 12.108913 -3.735586 -2.86672 1e-06 0.0 1e-06 1.291933 -1.928452 -1.498067 14.800066 0.56742 3.865619 14.242446 -1.341674 -6.660586 19.631788 0.144029 -0.648135 50.045971 -0.73737 -6.151219 0.352961 -1.51102 -0.031914 20.222721 3.684214 2.316624 18.78714 5.7e-05 4.7e-05 10.751582 -0.479849 1.397925 0.0 3e-06 -1e-06 3.273649 0.30615 -0.580046 21.486834 11.830111 2.266076 8.162868 2.2e-05 1.8e-05 18.398909 -3.798888 -4.940434 2e-06 -2e-06 -3e-06 -4.581279 0.68187 -43.995289 0.036245 -0.031475 44.831039 -1.714754 7.389612 -2.560868 1.611384 -2.088704 0.326967 0.0 1e-06 2e-06 -18.149996 -6.124673 -1.887025 0.218136 1.037229 68.145729 -2.189452 -9.43829 -7.839539 -1.336179 0.765513 -5.638718 -1e-06 0.0 -1e-06 
0.0 0.0 0.0 0.0 -0.0 0.0 0.305425 88.848152 90.33754 6.096284 -9.933723 0.978764 -0.309104 0.767498 -0.40741 -0.796915 3.275043 -4.55162 -1.98027 0.906744 9.503135 -4.313209 4.093744 -3.230346 -0.556948 0.672747 -3.678405 -0.210743 -0.561545 -12.188883 7.7e-05 -2.2e-05 4e-06 0.066435 0.148899 0.056239 0.757863 -3.593394 -10.5495 -0.647734 3.888556 -10.523149 -18.223907 2.672375 17.1663 -58.335041 3.137841 9.703492 -1.189641 -15.704867 0.235256 -0.057168 1.630511 -17.660856 -5.882221 9.861102 0.702809 -10.936793 -0.360439 7.15631 0.0 8.774904 -1.1e-05 -16.780931 18.183531 5.921 -1.844036 2.498506 -2.507289 -10.163658 4.678988 4.621087 -20.976206 -2e-06 3e-05 -21.226593 2.451759 -3.59407 0.0 -6e-06 2e-06 -1.362688 2.240863 -0.746335 -21.335028 0.58484 3.008345 -13.821335 -1e-06 1.9e-05 -23.887579 -0.24905 -0.839504 -61.036491 2.534813 -1.153738 -0.294035 1.67977 0.833248 -14.218264 0.093112 1.300587 -34.212406 -0.287552 0.967223 -20.033453 0.964561 1.212893 -3e-06 0.0 1e-06 -3.440449 0.788351 0.501628 -15.928194 -3.167477 2.999744 -6.338882 -3e-06 8e-06 -18.123747 3.648205 -4.905735 -6e-06 0.0 -3e-06 12.191566 13.966776 18.305538 64.226387 22.023106 11.726955 0.413465 32.84156 0.324793 -17.429022 6.057804 4.061825 2.243538 -5.25483 -3.179837 14.282806 -0.826729 6.952691 5e-06 -12.690704 -1e-06 15.832825 -17.744656 2.79285 1.665676 -1.955922 -2.878322 4.727837 -4.17063 4.993886 11.02062 -4e-06 -8e-06 12.109249 -3.735776 -2.866889 -1e-06 0.0 1e-06 1.292014 -1.928618 -1.498123 14.800197 0.567529 3.865598 14.242699 -1.34175 -6.660736 19.632307 0.14393 -0.648336 49.590328 -0.710529 -6.182628 0.353069 -1.51124 -0.031975 20.222872 3.684411 2.316636 18.787434 -4e-06 -1.7e-05 10.751719 -0.479876 1.397932 -0.0 0.0 -3e-06 3.273915 0.305812 -0.580185 21.48683 11.830571 2.266183 8.162994 -2e-06 -3e-06 18.39937 -3.798989 -4.940695 4e-06 1e-06 -1e-06 -5.571475 -0.144156 -44.50412 0.067616 0.001109 49.307968 -1.408151 7.880171 -6.375216 1.594653 -2.069999 0.940275 0.0 0.0 3e-06 -16.789135 -6.139877 -9.316133 0.295273 0.786635 76.432281 -1.654499 -6.320719 -13.09949 -1.259777 0.712506 -6.243637 -1e-06 -1e-06 -1e-06 
0.0 0.0 0.0 0.0 -0.0 0.0 0.676058 88.548103 92.278183 5.932456 -9.519787 0.813048 -0.42761 0.560681 0.324639 -0.76133 2.934925 -4.146254 -1.826543 0.46105 9.334287 -3.851356 4.015059 -3.025855 -0.397164 0.944022 -3.619893 -0.335292 -0.095592 -12.642157 7.7e-05 -2.2e-05 4e-06 0.059253 0.156413 0.071632 0.750447 -3.589341 -10.56594 -0.652309 3.901464 -10.552247 -17.480331 1.281269 16.647917 -59.034031 -3.201287 8.041288 -0.507733 -17.070417 0.114122 3.078454 2.242253 -18.351793 -5.882038 9.861419 0.702369 -10.936903 -0.360666 7.156126 5e-06 8.774771 -3e-06 -16.629103 18.044661 5.937157 -1.844024 2.498499 -2.507264 -10.163539 4.678905 4.621119 -20.975899 -1.8e-05 1e-06 -21.226156 2.45164 -3.593966 -3e-06 -5e-06 -0.0 -1.362663 2.240743 -0.746307 -21.33481 0.584943 3.008316 -13.82114 -1.2e-05 6e-06 -23.887039 -0.249113 -0.839456 -60.830425 2.637876 -1.275319 -0.294004 1.679616 0.833269 -14.218156 0.093278 1.300581 -34.211849 -0.287582 0.967176 -20.033136 0.964527 1.212853 -1e-06 0.0 -0.0 -3.440309 0.788128 0.501691 -15.928172 -3.167203 2.999686 -6.338791 -5e-06 3e-06 -18.123348 3.648144 -4.905649 -2e-06 -1e-06 -2e-06 12.125477 14.499719 17.804682 63.913925 23.370832 11.255631 0.506915 30.070127 0.258292 -17.02347 5.687494 4.420856 2.243535 -5.255129 -3.180329 14.282907 -0.826506 6.952415 -3e-06 -12.690554 -7e-06 15.733305 -17.660955 2.788429 1.665663 -1.955925 -2.878283 4.727785 -4.170571 4.993929 11.02051 3e-06 1e-06 12.109057 -3.735697 -2.866785 -2e-06 1e-06 1e-06 1.29198 -1.928514 -1.498073 14.800088 0.567434 3.86561 14.242538 -1.341734 -6.66064 19.631952 0.143937 -0.648248 49.168076 -0.691018 -6.328038 0.35302 -1.511106 -0.03193 20.222746 3.684254 2.316641 18.787245 8e-06 2e-06 10.751635 -0.479865 1.397915 1e-06 1e-06 -1e-06 3.273769 0.306006 -0.580076 21.486782 11.830265 2.266127 8.162913 1e-06 -2e-06 18.399094 -3.798961 -4.940578 2e-06 1e-06 -0.0 -5.845743 -0.99613 -44.04586 0.09206 -0.008715 51.420387 -1.341046 8.383934 -8.787794 1.581476 -2.114909 1.235919 -0.0 0.0 -2e-06 -14.75143 -6.784089 -16.922903 0.343407 0.500768 81.349693 -1.545988 -4.172953 -16.88483 -1.189142 0.633984 -6.615118 0.0 1e-06 -2e-06 
0.0 0.0 0.0 0.0 -0.0 0.0 0.781334 88.86055 93.976357 5.374362 -8.952752 0.508271 -0.52294 0.296028 1.041464 -0.688831 2.551072 -3.855168 -1.469555 -0.051979 9.282201 -3.216233 3.931853 -2.545439 -0.264996 1.164782 -3.547614 -0.423879 0.357249 -12.771043 7.7e-05 -2.2e-05 4e-06 0.050224 0.154434 0.086275 0.749801 -3.592016 -10.568624 -0.667206 3.900659 -10.564136 -16.14592 -0.09592 16.263578 -59.598087 -9.087236 6.588111 0.008081 -20.629152 -0.049905 7.430527 1.85454 -19.702017 -5.882189 9.861138 0.702807 -10.936753 -0.360468 7.156321 0.0 8.774885 -6e-06 -16.13858 17.90065 6.014341 -1.844044 2.498507 -2.50729 -10.163678 4.678983 4.621077 -20.976233 -2e-06 8e-06 -21.226616 2.451734 -3.59408 0.0 -6e-06 -0.0 -1.362704 2.24085 -0.74634 -21.335049 0.584862 3.008321 -13.821351 -4e-06 3e-06 -23.887634 -0.249077 -0.839535 -60.320091 2.710027 -1.31923 -0.294056 1.679753 0.833239 -14.218272 0.093143 1.300574 -34.212437 -0.287565 0.967182 -20.033455 0.964544 1.212873 -2e-06 0.0 -0.0 -3.440496 0.788337 0.50161 -15.928181 -3.16743 2.999733 -6.338886 -2e-06 -1e-06 -18.123762 3.648183 -4.905759 -3e-06 0.0 -2e-06 12.365148 14.741977 17.438002 63.275551 23.891697 10.986396 0.600992 28.104511 0.21082 -16.606197 5.545302 4.744666 2.243537 -5.254862 -3.179851 14.282758 -0.826772 6.952714 -2e-05 -12.690711 9e-06 15.669333 -17.682894 2.864882 1.665677 -1.955921 -2.878327 4.727837 -4.170621 4.993885 11.020635 1.7e-05 -1e-05 12.109264 -3.735749 -2.866884 1e-06 3e-06 1e-06 1.292005 -1.928605 -1.498119 14.800221 0.567551 3.865587 14.242706 -1.341721 -6.660736 19.632343 0.14398 -0.648316 48.986824 -0.642623 -6.422972 0.353051 -1.511228 -0.031969 20.222908 3.684451 2.31662 18.787447 2.8e-05 -9e-06 10.751723 -0.479862 1.397935 1e-06 -0.0 1e-06 3.273889 0.305848 -0.580184 21.486872 11.830588 2.26616 8.162995 1.1e-05 -1e-06 18.399376 -3.798959 -4.940672 5e-06 -1e-06 0.0 -5.50185 -1.833849 -42.61002 0.076738 -0.039086 51.739433 -1.395664 8.629154 -10.114656 1.575495 -2.197486 1.464589 0.0 0.0 -0.0 -12.220345 -7.642904 -23.345726 0.32591 0.241229 82.204788 -1.240678 -3.084059 -19.054863 -1.14877 0.548103 -6.698519 1e-06 -0.0 -4e-06 
0.0 0.0 0.0 0.0 -0.0 0.0 0.634457 89.675674 95.456543 4.586933 -8.13632 0.069069 -0.624888 0.015361 1.641503 -0.61975 2.105803 -3.68699 -0.965081 -0.604383 9.312025 -2.475658 3.809407 -1.72436 -0.156835 1.35415 -3.512706 -0.482781 0.753662 -12.612233 7.7e-05 -2.2e-05 6e-06 0.034378 0.119006 0.090858 0.746238 -3.622807 -10.573786 -0.692777 3.861145 -10.567781 -14.475143 -1.533749 15.875945 -59.352821 -14.324548 6.489423 0.175163 -25.42857 -0.161381 10.685231 1.335951 -19.308784 -5.882095 9.861352 0.702388 -10.936856 -0.360606 7.156134 -1e-06 8.774814 -4e-06 -15.821787 17.973738 6.112709 -1.844031 2.498503 -2.507266 -10.163595 4.678938 4.621109 -20.976032 -2e-06 -0.0 -21.226341 2.451694 -3.594012 1e-06 -6e-06 -1e-06 -1.362684 2.240784 -0.746311 -21.334902 0.584924 3.008319 -13.821223 -2e-06 -3e-06 -23.88727 -0.249088 -0.839496 -59.844677 2.803021 -1.310239 -0.294032 1.679666 0.83327 -14.218196 0.093229 1.300581 -34.212074 -0.287563 0.967163 -20.033258 0.964531 1.212847 3e-06 2e-06 -0.0 -3.440394 0.788209 0.501676 -15.928168 -3.167288 2.999701 -6.338829 -2e-06 -3e-06 -18.123508 3.648173 -4.90569 -5e-06 1e-06 -2e-06 12.934472 14.600337 17.271124 62.428837 23.66794 10.85207 0.716572 26.619658 0.179409 -16.200832 5.57888 5.084709 2.243447 -5.255104 -3.180241 14.282818 -0.826613 6.952528 -1.8e-05 -12.690601 8e-06 15.666201 -17.749138 2.922369 1.66567 -1.95592 -2.878303 4.727804 -4.170582 4.993911 11.02053 1.4e-05 -2.6e-05 12.109092 -3.735683 -2.866832 1e-06 -1e-06 -1e-06 1.29199 -1.92854 -1.498088 14.80012 0.567479 3.86558 14.242578 -1.34171 -6.660684 19.63203 0.144009 -0.6483 48.953724 -0.591057 -6.46017 0.353031 -1.51114 -0.031935 20.222786 3.684323 2.316594 18.787271 3.4e-05 -2.9e-05 10.751634 -0.479853 1.397903 -3e-06 0.0 -3e-06 3.273809 0.305966 -0.580119 21.486805 11.830376 2.266097 8.162916 9e-06 -1.3e-05 18.399109 -3.798921 -4.940624 0.0 -1e-06 -2e-06 -4.799465 -2.627638 -40.283821 0.028317 -0.093682 50.54705 -1.463784 8.610594 -10.665389 1.583667 -2.24386 1.596045 0.0 0.0 4e-06 -9.750516 -8.380028 -27.836971 0.251664 0.040624 79.234802 -0.631079 -2.490889 -19.892666 -1.166335 0.485852 -6.589924 0.0 1e-06 -0.0 
0.0 0.0 0.0 0.0 -0.0 0.0 0.328444 90.882584 96.807518 3.727665 -7.132901 -0.437189 -0.725146 -0.209572 1.999207 -0.5767 1.64938 -3.650529 -0.415237 -1.175284 9.41586 -1.787706 3.673474 -0.599185 -0.077236 1.541136 -3.524418 -0.48095 1.037958 -12.170472 7.7e-05 -2.2e-05 6e-06 0.017646 0.059234 0.088178 0.734614 -3.6716 -10.575626 -0.712287 3.791759 -10.568368 -12.914656 -2.912217 15.440331 -57.844318 -18.81546 7.801745 0.128302 -30.260262 -0.197776 11.780112 1.017419 -16.646238 -5.882052 9.861403 0.702334 -10.936934 -0.360675 7.156094 -3e-06 8.77478 -5e-06 -15.748972 18.112617 6.168952 -1.844021 2.498501 -2.507258 -10.163538 4.678919 4.621122 -20.975891 -3e-06 5e-06 -21.226151 2.451668 -3.593971 3e-06 -6e-06 -1e-06 -1.362665 2.240753 -0.746303 -21.334799 0.584949 3.008328 -13.821133 -0.0 6e-06 -23.887018 -0.249083 -0.839458 -59.610954 2.878267 -1.236791 -0.294006 1.679627 0.833273 -14.218147 0.093271 1.300591 -34.211838 -0.287553 0.967176 -20.033129 0.964542 1.212849 2e-06 -1e-06 3e-06 -3.440311 0.78815 0.5017 -15.928164 -3.167222 2.999692 -6.33879 -2e-06 4e-06 -18.123348 3.648169 -4.905649 -3e-06 1e-06 -2e-06 13.849685 14.132717 17.379736 61.42984 22.882839 10.881808 0.782394 25.352081 0.148097 -15.705453 5.556653 5.046675 2.243547 -5.255151 -3.18037 14.282943 -0.826462 6.952372 -4e-06 -12.690522 -1.2e-05 15.705535 -17.777279 2.91241 1.665656 -1.955922 -2.87828 4.727775 -4.170562 4.993936 11.020471 1e-05 6e-06 12.108986 -3.735669 -2.866756 -0.0 1e-06 1e-06 1.291969 -1.928506 -1.498069 14.800067 0.567422 3.865624 14.242497 -1.341729 -6.660616 19.631874 0.143947 -0.648208 49.005367 -0.57444 -6.42275 0.353008 -1.511093 -0.031921 20.222713 3.684232 2.316641 18.787189 8e-06 1.5e-05 10.751597 -0.479864 1.397908 1e-06 -2e-06 1e-06 3.273739 0.306029 -0.580063 21.486776 11.830223 2.266128 8.162889 5e-06 3e-06 18.399002 -3.798953 -4.940529 3e-06 -3e-06 0.0 -3.953936 -3.252452 -37.226463 -0.02488 -0.153694 48.038036 -1.440593 8.255194 -10.59615 1.601376 -2.233436 1.560622 0.0 0.0 -0.0 -7.906176 -8.788445 -30.110733 0.161293 -0.073702 73.309067 0.215821 -2.109273 -19.872429 -1.229312 0.474453 -6.268451 -0.0 -1e-06 1e-06 
0.0 0.0 0.0 0.0 -0.0 0.0 -0.095304 92.32283 98.150589 2.877331 -6.055179 -0.938983 -0.828328 -0.33386 2.121107 -0.555179 1.239693 -3.718463 0.110342 -1.725266 9.524626 -1.183962 3.496291 0.723228 -0.04019 1.77363 -3.554583 -0.391469 1.193281 -11.519561 7.7e-05 -2.2e-05 6e-06 0.008039 0.014395 0.087644 0.718689 -3.706025 -10.573129 -0.713633 3.738849 -10.566933 -11.620218 -4.119907 15.040022 -55.463779 -22.596209 9.267039 -0.038583 -34.536343 -0.1024 11.607462 0.61291 -12.568426 -5.882085 9.861273 0.702634 -10.936791 -0.360517 7.156283 2e-06 8.774846 4e-06 -15.681979 18.26334 6.241454 -1.844037 2.498503 -2.507281 -10.163626 4.678954 4.621084 -20.976109 -1.2e-05 -1.8e-05 -21.22646 2.451687 -3.594061 -1e-06 -5e-06 1e-06 -1.362692 2.240811 -0.746329 -21.334957 0.584883 3.008303 -13.821271 -9e-06 -9e-06 -23.887415 -0.249107 -0.83953 -59.687344 2.895573 -1.0818 -0.294038 1.679704 0.83325 -14.218224 0.093185 1.300567 -34.212212 -0.287575 0.967148 -20.033344 0.964534 1.212848 2e-06 -0.0 -1e-06 -3.440423 0.78826 0.501638 -15.928172 -3.167357 2.999707 -6.33885 -1e-06 -4e-06 -18.123611 3.64817 -4.905738 -3e-06 -0.0 -1e-06 14.915506 13.519807 17.669369 60.498463 21.701605 10.81669 0.867051 24.102516 0.150826 -15.126335 5.385971 4.820745 2.243524 -5.25504 -3.180179 14.28284 -0.826594 6.952507 -1.4e-05 -12.690601 -1e-06 15.792383 -17.761749 2.835246 1.665669 -1.95592 -2.878298 4.727807 -4.170585 4.993914 11.020556 1.3e-05 -7e-06 12.109135 -3.735703 -2.866818 0.0 -1e-06 0.0 1.291991 -1.928548 -1.498092 14.800142 0.567475 3.865598 14.242613 -1.341726 -6.660675 19.632126 0.143959 -0.648274 49.118694 -0.562597 -6.346452 0.353032 -1.511147 -0.031941 20.222813 3.684321 2.316625 18.787323 2.3e-05 -5e-06 10.751665 -0.479858 1.397912 1e-06 -2e-06 3e-06 3.273816 0.305955 -0.580113 21.486822 11.830379 2.266135 8.162943 7e-06 -8e-06 18.399204 -3.798938 -4.940613 3e-06 0.0 1e-06 -3.064733 -3.560189 -33.71785 -0.066389 -0.209459 44.53553 -1.314521 7.519202 -10.003264 1.618202 -2.197869 1.354996 0.0 0.0 -0.0 -6.766421 -8.827343 -30.339485 0.132685 -0.063768 65.25386 1.315724 -1.62359 -19.269085 -1.311666 0.518457 -5.891934 -0.0 -1e-06 1e-06 
0.0 0.0 0.0 0.0 -0.0 0.0 -0.657386 93.829605 99.562164 2.087775 -4.970552 -1.444558 -0.939528 -0.370136 2.090511 -0.534812 0.842894 -3.847023 0.566171 -2.135478 9.564279 -0.702168 3.305182 2.162746 -0.037652 1.946907 -3.579478 -0.215545 1.31359 -10.811481 7.7e-05 -2.2e-05 6e-06 0.003294 0.003533 0.09088 0.707022 -3.71349 -10.57465 -0.709971 3.726956 -10.567644 -10.544487 -5.147681 14.779349 -53.002342 -25.633911 10.003328 -0.114599 -38.275124 0.0674 11.110776 0.149678 -8.618189 -5.882174 9.861255 0.702565 -10.936906 -0.360623 7.156168 3e-06 8.774808 -1.2e-05 -15.598438 18.445246 6.37106 -1.844027 2.498504 -2.507272 -10.163571 4.678931 4.621116 -20.975981 -8e-06 3.5e-05 -21.226254 2.45169 -3.593971 -3e-06 -5e-06 2e-06 -1.362668 2.240788 -0.746322 -21.334873 0.584916 3.008353 -13.821194 -4e-06 2.8e-05 -23.887175 -0.249075 -0.839427 -59.976143 2.84866 -0.904511 -0.29401 1.679674 0.833256 -14.218189 0.093231 1.300604 -34.21199 -0.287557 0.967234 -20.033213 0.964555 1.212891 2e-06 -1e-06 0.0 -3.440354 0.788207 0.501675 -15.928185 -3.167275 2.999722 -6.338817 -4e-06 1.3e-05 -18.123425 3.648168 -4.905632 -6e-06 2e-06 -1e-06 15.869033 12.882089 18.03804 59.867851 20.275497 10.603314 0.951965 22.828094 0.159567 -14.564823 4.99204 4.675404 2.243504 -5.255008 -3.180134 14.282846 -0.826601 6.95252 -1.2e-05 -12.690602 2e-06 15.932279 -17.694309 2.704312 1.665668 -1.955919 -2.878302 4.727801 -4.170588 4.993909 11.020532 1e-05 -1.5e-05 12.109085 -3.735698 -2.866826 -0.0 -0.0 -2e-06 1.291989 -1.928557 -1.498101 14.800129 0.567477 3.865601 14.242576 -1.341726 -6.660676 19.632013 0.143978 -0.648276 49.254879 -0.557056 -6.273047 0.353036 -1.51116 -0.031949 20.22279 3.684321 2.316617 18.787271 2.6e-05 -1.6e-05 10.751633 -0.479857 1.397907 2e-06 0.0 -1e-06 3.273819 0.305931 -0.580128 21.486809 11.830385 2.266132 8.162921 9e-06 -1e-05 18.399111 -3.798929 -4.940605 3e-06 -0.0 -3e-06 -2.191628 -3.506561 -29.98114 -0.082974 -0.245479 40.466053 -1.121142 6.415739 -9.046627 1.630599 -2.162495 0.979913 0.0 0.0 3e-06 -6.148504 -8.589324 -28.73909 0.182218 0.049092 55.538929 2.797471 -0.817683 -18.152092 -1.391563 0.622762 -5.61846 0.0 -0.0 -5e-06 
0.0 0.0 0.0 0.0 -0.0 0.0 -1.371045 95.279968 101.052628 1.359834 -3.870095 -1.944954 -1.044045 -0.355414 1.915422 -0.510884 0.490572 -4.014253 0.92823 -2.354621 9.53553 -0.300735 3.123129 3.71077 -0.047675 2.011691 -3.591297 -0.012179 1.430622 -10.132379 7.7e-05 -2.2e-05 6e-06 -0.001479 -0.000129 0.093002 0.704315 -3.721706 -10.585375 -0.715649 3.729145 -10.574702 -9.57771 -5.951755 14.664404 -51.100334 -27.977501 9.817457 -0.131634 -41.73896 0.239741 10.798689 -0.387035 -5.339226 -5.882011 9.861348 0.702619 -10.936792 -0.360556 7.156281 8e-06 8.774816 1e-05 -15.584854 18.558954 6.475513 -1.844036 2.498498 -2.507282 -10.1636 4.678929 4.621081 -20.976044 -2.6e-05 -2.8e-05 -21.226372 2.451638 -3.594042 3e-06 -5e-06 -2e-06 -1.362686 2.240774 -0.746332 -21.334904 0.584907 3.00828 -13.821215 -1.9e-05 -1.9e-05 -23.887266 -0.24916 -0.839512 -60.320385 2.787505 -0.790306 -0.294029 1.679658 0.833254 -14.218202 0.093226 1.300549 -34.212067 -0.287613 0.967136 -20.033255 0.964513 1.212845 1e-06 -1e-06 -1e-06 -3.440382 0.788187 0.501638 -15.928176 -3.167275 2.999681 -6.338826 -5e-06 -5e-06 -18.123508 3.648118 -4.905715 -4e-06 2e-06 -1e-06 16.555166 12.224826 18.407343 59.643871 18.585482 10.311278 0.965897 21.831663 0.15432 -14.050395 4.433523 4.499737 2.243516 -5.25519 -3.180407 14.28288 -0.82654 6.952405 -1.2e-05 -12.690559 8e-06 16.092302 -17.638002 2.570958 1.665663 -1.955921 -2.878283 4.727789 -4.170566 4.993936 11.020513 1.1e-05 -3e-06 12.109059 -3.735682 -2.866769 0.0 -0.0 0.0 1.29198 -1.928514 -1.498064 14.800101 0.567446 3.865595 14.242545 -1.34172 -6.660629 19.631975 0.14396 -0.64824 49.394291 -0.560006 -6.277292 0.353022 -1.511105 -0.031915 20.222754 3.68427 2.316612 18.787243 2.1e-05 -8e-06 10.751621 -0.479854 1.397897 -2e-06 1e-06 0.0 3.273777 0.30601 -0.580065 21.486786 11.830283 2.266097 8.162911 7e-06 -1e-05 18.399088 -3.798943 -4.940581 2e-06 -1e-06 -2e-06 -1.307945 -3.178868 -26.208986 -0.078012 -0.25379 36.207546 -0.955994 4.932869 -7.930504 1.642724 -2.137018 0.580742 0.0 0.0 1e-06 -5.692435 -8.255941 -25.629814 0.242022 0.177313 44.65992 4.244374 0.119483 -16.312925 -1.443474 0.744048 -5.453748 0.0 -0.0 -4e-06 
0.0 0.0 0.0 0.0 -0.0 0.0 -2.174878 96.488602 102.513733 0.746583 -2.645397 -2.398571 -1.153493 -0.31247 1.592716 -0.520212 0.229913 -4.214575 1.174047 -2.433037 9.472495 0.104338 2.960223 5.323928 -0.066304 1.97917 -3.591919 0.16768 1.471748 -9.543316 7.7e-05 -2.2e-05 7e-06 -0.004272 -0.003367 0.088921 0.711206 -3.734558 -10.605114 -0.727198 3.73672 -10.590754 -8.653432 -6.556948 14.696433 -49.972069 -29.737373 9.19812 -0.222457 -45.125507 0.47343 10.798587 -0.914192 -2.683434 -5.882078 9.861226 0.702762 -10.936784 -0.360512 7.156326 1e-05 8.774842 -0.0 -15.627295 18.527914 6.512904 -1.844037 2.498504 -2.507288 -10.163615 4.678943 4.621078 -20.97608 -2.8e-05 -9e-06 -21.22641 2.45166 -3.594046 1e-06 -6e-06 -0.0 -1.362684 2.24081 -0.746336 -21.334951 0.584877 3.008297 -13.821252 -2.1e-05 -5e-06 -23.887348 -0.249138 -0.839505 -60.604172 2.787295 -0.742966 -0.29403 1.679704 0.833244 -14.218225 0.09319 1.300562 -34.212166 -0.287603 0.967169 -20.033302 0.964522 1.212867 -0.0 0.0 1e-06 -3.440405 0.788253 0.501622 -15.928189 -3.167342 2.999708 -6.338841 -6e-06 -3e-06 -18.123568 3.648142 -4.905729 -2e-06 2e-06 -4e-06 16.920345 11.517396 18.697243 59.874416 16.70413 9.885922 0.865058 21.211044 0.123663 -13.586785 3.970273 4.282994 2.243582 -5.254934 -3.179967 14.282838 -0.8267 6.952622 -1.8e-05 -12.690656 6e-06 16.175812 -17.61282 2.481831 1.665671 -1.955921 -2.878313 4.727808 -4.1706 4.993906 11.020578 1.5e-05 3e-06 12.109159 -3.73573 -2.866828 0.0 -0.0 0.0 1.291985 -1.928579 -1.498104 14.80017 0.56752 3.865601 14.242624 -1.341727 -6.660689 19.632164 0.14396 -0.648248 49.45005 -0.559069 -6.364105 0.353027 -1.51119 -0.031952 20.222845 3.684389 2.316635 18.787355 1.8e-05 2.1e-05 10.751683 -0.479872 1.397943 1e-06 -2e-06 -2e-06 3.27383 0.305902 -0.580138 21.486849 11.830492 2.266148 8.162968 8e-06 8e-06 18.399254 -3.798971 -4.940598 2e-06 2e-06 -0.0 -0.458823 -2.95637 -22.804104 -0.072574 -0.242374 32.353302 -0.910651 3.310489 -6.85537 1.658605 -2.120979 0.157689 -0.0 0.0 -2e-06 -5.28269 -7.876011 -21.620699 0.23882 0.247191 33.855049 5.679261 1.709891 -13.437405 -1.462404 0.856822 -5.458106 0.0 1e-06 -4e-06 
0.0 0.0 0.0 0.0 -0.0 0.0 -3.014298 97.358284 103.851082 0.249077 -1.136582 -2.814463 -1.253362 -0.230388 1.141657 -0.587567 0.032889 -4.424663 1.281145 -2.479283 9.405719 0.570148 2.717484 6.903146 -0.071689 2.03669 -3.615718 0.312084 1.325231 -8.917852 7.7e-05 -2.2e-05 6e-06 -0.004466 0.016721 0.082922 0.724117 -3.724115 -10.638416 -0.739916 3.767446 -10.617231 -7.840011 -7.029472 14.765973 -49.285572 -31.073868 8.896108 -0.427275 -48.66378 0.792527 11.003656 -1.256388 -0.38561 -5.882098 9.861145 0.702893 -10.936735 -0.360406 7.156409 -1.5e-05 8.774921 -0.0 -15.673935 18.357319 6.483779 -1.844044 2.498508 -2.5073 -10.163686 4.679013 4.621059 -20.976233 3.2e-05 -3.3e-05 -21.226665 2.451782 -3.594181 -1e-06 -5e-06 1e-06 -1.362721 2.240874 -0.746347 -21.335035 0.58486 3.008296 -13.821352 2.1e-05 -2.6e-05 -23.887657 -0.249043 -0.839641 -60.813786 2.825663 -0.728207 -0.294078 1.679789 0.833237 -14.218247 0.093115 1.300555 -34.212429 -0.28753 0.967112 -20.033453 0.964564 1.212829 -0.0 -3e-06 0.0 -3.440518 0.788402 0.501592 -15.928142 -3.167496 2.999735 -6.338888 1.2e-05 -9e-06 -18.123795 3.648238 -4.905841 -5e-06 2e-06 -1e-06 17.107347 10.627699 18.881462 60.451466 14.709435 9.159973 0.702162 20.897856 0.089405 -13.419249 3.645947 3.882895 2.243545 -5.254917 -3.180058 14.282798 -0.826747 6.95259 -6e-06 -12.690701 7e-06 16.217934 -17.618027 2.446842 1.665676 -1.955921 -2.878313 4.727825 -4.17062 4.993906 11.020596 7e-06 -7e-06 12.109195 -3.735766 -2.866846 -1e-06 -0.0 -1e-06 1.292005 -1.928606 -1.498098 14.800192 0.567541 3.865591 14.242667 -1.341743 -6.6607 19.632225 0.143943 -0.648294 49.425903 -0.516338 -6.438372 0.353053 -1.511229 -0.031944 20.222872 3.684433 2.316627 18.787405 1.4e-05 -1.3e-05 10.751698 -0.479863 1.397922 1e-06 -1e-06 1e-06 3.273888 0.305839 -0.580145 21.486843 11.830585 2.266166 8.162976 5e-06 -1e-05 18.399286 -3.798983 -4.94067 5e-06 -0.0 -2e-06 0.356373 -3.266135 -19.913366 -0.079683 -0.228295 29.234198 -1.081884 1.841472 -5.953598 1.671735 -2.124195 -0.378823 0.0 0.0 4e-06 -4.863141 -7.503093 -17.23229 0.177797 0.256366 24.307383 6.985105 3.717942 -8.681059 -1.458157 0.908705 -5.319579 0.0 -0.0 -4e-06 
0.0 0.0 0.0 0.0 -0.0 0.0 -3.812806 97.99321 105.000282 -0.130066 0.363473 -3.153368 -1.234897 -0.083007 0.617487 -0.685759 -0.06902 -4.725259 1.154757 -2.484237 9.414587 0.941296 2.4871 8.239927 -0.165389 1.813136 -3.689892 0.57653 0.908135 -8.067538 7.7e-05 -2.2e-05 6e-06 -0.004474 0.015053 0.080736 0.707381 -3.724908 -10.626152 -0.722742 3.765389 -10.60333 -7.598558 -7.258768 14.78233 -48.4305 -31.909698 9.682624 -0.065763 -52.058437 0.484814 10.855675 -1.359972 2.171364 -5.882049 9.86132 0.702388 -10.936855 -0.36063 7.156122 -1e-06 8.774809 -1.2e-05 -15.701999 18.423607 6.577656 -1.844032 2.498504 -2.507265 -10.16358 4.678939 4.621104 -20.975977 -1.1e-05 -1.8e-05 -21.226273 2.45166 -3.594023 1e-06 -5e-06 2e-06 -1.362685 2.240789 -0.746313 -21.334873 0.584922 3.008313 -13.821191 -9e-06 -1e-05 -23.887171 -0.249113 -0.839511 -61.077122 2.827875 -0.676738 -0.294031 1.679674 0.833263 -14.218184 0.093236 1.300585 -34.211994 -0.287588 0.967135 -20.03322 0.964512 1.212835 0.0 1e-06 -0.0 -3.440381 0.788219 0.501668 -15.928167 -3.167283 2.999707 -6.338812 -3e-06 -5e-06 -18.123447 3.64816 -4.905699 -4e-06 1e-06 -2e-06 17.310638 9.662731 19.178427 60.962185 12.799333 8.467988 0.65806 20.802252 0.116731 -13.611521 3.302814 3.255286 2.243514 -5.255098 -3.180325 14.282944 -0.826528 6.95239 1.4e-05 -12.690568 -9e-06 16.286358 -17.675543 2.499132 1.665662 -1.955924 -2.878288 4.727782 -4.170584 4.993934 11.020469 -7e-06 -4e-06 12.108983 -3.735718 -2.866777 0.0 -0.0 0.0 1.291984 -1.928541 -1.498072 14.800066 0.567443 3.865611 14.242504 -1.341754 -6.660638 19.631851 0.143918 -0.648257 49.457336 -0.469338 -6.40391 0.353029 -1.511139 -0.031927 20.222698 3.684265 2.316639 18.787172 -1.1e-05 -8e-06 10.751579 -0.479869 1.397901 -1e-06 -1e-06 -3e-06 3.273775 0.305954 -0.580077 21.486748 11.830311 2.266141 8.162885 -4e-06 -1e-06 18.398968 -3.798989 -4.940572 2e-06 1e-06 -2e-06 1.114621 -4.087883 -17.636354 -0.043546 -0.157796 27.000689 -1.35209 0.754188 -5.576253 1.685392 -2.112056 -0.672227 -0.0 0.0 -1e-06 -4.329657 -6.627972 -13.459731 0.076105 0.098353 18.364725 6.181673 3.497994 -4.147393 -1.443228 0.923324 -4.016075 0.0 -0.0 -4e-06 
0.0 0.0 0.0 0.0 -0.0 0.0 -4.52155 98.440643 106.157745 -0.444182 1.862841 -3.557176 -1.199189 -0.080582 0.209135 -0.74441 -0.086395 -4.884544 0.991415 -2.55407 9.41223 1.185283 2.229246 9.144985 -0.244762 1.732313 -3.632286 0.724829 0.679654 -7.647015 7.7e-05 -2.2e-05 5e-06 -0.000462 0.016082 0.079169 0.708077 -3.732074 -10.640115 -0.715126 3.776666 -10.6153 -7.826693 -7.098945 14.715855 -47.91098 -32.215748 10.609415 0.322913 -55.032822 0.155519 10.736817 -1.443491 4.715712 -5.882064 9.861215 0.702641 -10.936811 -0.360569 7.156262 -3e-06 8.774839 -1e-05 -15.706811 18.382479 6.404362 -1.844037 2.498507 -2.507283 -10.163611 4.678956 4.621083 -20.976067 -1.2e-05 -2.4e-05 -21.226398 2.451674 -3.594073 1e-06 -7e-06 -1e-06 -1.362694 2.240813 -0.746335 -21.334929 0.584899 3.008309 -13.821241 -6e-06 -1.1e-05 -23.887327 -0.249118 -0.839545 -61.051102 2.717542 -0.828198 -0.294039 1.679706 0.83324 -14.218209 0.093198 1.300574 -34.212135 -0.287582 0.967147 -20.033287 0.964524 1.21285 -0.0 -1e-06 0.0 -3.440416 0.78827 0.501624 -15.928172 -3.167336 2.999726 -6.338836 -3e-06 -5e-06 -18.123547 3.648158 -4.90574 -4e-06 3e-06 -3e-06 17.648291 8.955857 19.289679 61.228577 10.965539 8.442013 0.520631 20.553459 0.057949 -13.955264 2.820426 2.955109 2.243547 -5.254969 -3.180056 14.282882 -0.826644 6.952559 1.5e-05 -12.69065 -3e-06 16.279287 -17.680094 2.514533 1.665667 -1.955925 -2.878304 4.727818 -4.170612 4.993912 11.02057 -1.2e-05 -3e-06 12.109174 -3.735769 -2.866839 0.0 0.0 2e-06 1.292002 -1.928578 -1.498098 14.800142 0.567486 3.865608 14.242636 -1.341762 -6.66069 19.632168 0.143894 -0.648301 49.525963 -0.464811 -6.364727 0.353052 -1.511192 -0.031951 20.222805 3.68435 2.316643 18.787367 -1.7e-05 -8e-06 10.751688 -0.479878 1.397918 -2e-06 -1e-06 2e-06 3.273854 0.305874 -0.580125 21.486786 11.830465 2.266166 8.162964 -9e-06 -4e-06 18.399267 -3.799013 -4.940666 3e-06 2e-06 2e-06 1.746408 -5.293878 -15.660937 -0.062742 -0.195229 25.29047 -1.603 0.198962 -5.503664 1.681382 -2.113247 -0.95033 0.0 0.0 1e-06 -3.715177 -6.525477 -10.776738 0.003945 0.068663 15.985488 5.441124 1.902253 -3.428006 -1.438053 0.942242 -3.3576 0.0 -0.0 -1e-06 
0.0 0.0 0.0 0.0 -0.0 0.0 -5.074131 98.789543 107.321724 -0.475509 2.952371 -3.948421 -1.269795 -0.062299 -0.193926 -0.793763 -0.101385 -5.041319 0.818924 -2.502202 9.526325 1.270411 2.107884 9.695171 -0.317347 1.550033 -3.592278 0.794628 0.398173 -7.299032 7.7e-05 -2.2e-05 5e-06 0.000803 0.005823 0.066579 0.706411 -3.743814 -10.65096 -0.710568 3.769061 -10.626629 -8.324741 -6.720811 14.797976 -47.99276 -31.854168 11.400702 0.644224 -57.296921 -0.217644 10.463886 -1.38274 7.058932 -5.882129 9.861073 0.703242 -10.936674 -0.360304 7.156582 -6e-06 8.77494 1.6e-05 -15.754909 18.378269 6.308799 -1.844053 2.498508 -2.507319 -10.163721 4.679017 4.621046 -20.976322 9e-06 -3e-05 -21.226755 2.451759 -3.594177 2e-06 -7e-06 1e-06 -1.362729 2.240898 -0.746367 -21.335114 0.584826 3.008278 -13.821401 8e-06 -1.7e-05 -23.887779 -0.249082 -0.839622 -61.086658 2.635702 -0.898641 -0.294083 1.679822 0.833217 -14.218294 0.093078 1.300532 -34.212574 -0.287554 0.967137 -20.033522 0.964555 1.212853 0.0 3e-06 -0.0 -3.440563 0.788444 0.501548 -15.928157 -3.167548 2.999726 -6.338915 7e-06 -6e-06 -18.123878 3.648206 -4.90584 -2e-06 -1e-06 -1e-06 17.907125 8.442204 19.42008 61.352829 9.460769 8.705729 0.496125 20.211098 0.040581 -14.042713 2.153796 3.141297 2.243604 -5.254768 -3.179801 14.282714 -0.826837 6.95273 -1.9e-05 -12.690756 3e-06 16.297609 -17.677382 2.49662 1.665682 -1.95592 -2.878334 4.727855 -4.170638 4.993886 11.020685 1.5e-05 -9e-06 12.109337 -3.735781 -2.866887 -0.0 -0.0 -2e-06 1.292014 -1.928642 -1.498129 14.800282 0.567582 3.865592 14.24278 -1.34173 -6.660741 19.632498 0.14396 -0.648318 49.568935 -0.42527 -6.335968 0.353067 -1.511273 -0.031977 20.222988 3.6845 2.316635 18.787548 3.1e-05 -8e-06 10.751773 -0.479859 1.39794 0.0 -0.0 1e-06 3.273958 0.305785 -0.580201 21.486914 11.830686 2.266189 8.163034 1e-05 -8e-06 18.39949 -3.798963 -4.940711 4e-06 1e-06 0.0 1.94966 -6.4374 -13.634745 -0.055572 -0.21689 23.455667 -1.75258 0.188832 -5.504989 1.671471 -2.110543 -1.040861 -0.0 0.0 -3e-06 -3.48118 -6.508 -8.576572 -0.00211 0.070843 14.382707 4.923078 0.799651 -3.285319 -1.432881 0.947513 -2.891335 0.0 -0.0 -4e-06 
0.0 0.0 0.0 0.0 -0.0 0.0 -5.457601 99.108902 108.448669 -0.244138 3.592336 -4.244939 -1.379543 -0.048545 -0.608521 -0.822322 -0.042602 -5.211682 0.5924 -2.370449 9.651914 1.18639 2.144867 9.988913 -0.425262 1.238235 -3.557545 0.826131 0.109647 -7.016336 7.7e-05 -2.3e-05 6e-06 0.001327 0.007201 0.053808 0.706479 -3.740313 -10.657129 -0.709189 3.768706 -10.632558 -9.031406 -6.126792 14.987329 -48.58353 -30.851494 12.247013 0.841575 -58.823265 -0.425317 10.242568 -1.097231 9.012979 -5.882071 9.861366 0.702638 -10.936865 -0.360525 7.156258 1.9e-05 8.77481 1.3e-05 -15.817719 18.404043 6.261972 -1.844025 2.498495 -2.50728 -10.163548 4.678907 4.621112 -20.975937 -4.8e-05 1.3e-05 -21.226187 2.451629 -3.593956 2e-06 -5e-06 -1e-06 -1.362654 2.240762 -0.746309 -21.334845 0.584885 3.008307 -13.821158 -2.6e-05 1.8e-05 -23.887062 -0.249142 -0.839422 -61.034512 2.61341 -0.947537 -0.293991 1.679641 0.833268 -14.218189 0.093219 1.300557 -34.211903 -0.287613 0.96722 -20.033161 0.964526 1.212884 -1e-06 2e-06 -0.0 -3.44031 0.788154 0.501675 -15.928201 -3.167274 2.99967 -6.338798 -1.3e-05 1e-05 -18.123354 3.648122 -4.905629 -4e-06 0.0 -2e-06 18.102566 8.068439 19.584608 61.423809 8.222363 9.142567 0.453345 20.020884 0.044722 -13.811189 1.569299 3.229947 2.243591 -5.254922 -3.179971 14.282776 -0.82664 6.952616 -4.8e-05 -12.690616 -2e-06 16.345165 -17.671644 2.46434 1.665669 -1.955922 -2.878313 4.727806 -4.170579 4.993896 11.02059 4.1e-05 -1e-06 12.109163 -3.735662 -2.866831 0.0 -0.0 0.0 1.291971 -1.928549 -1.498117 14.8002 0.567507 3.865604 14.242636 -1.341684 -6.660687 19.632217 0.144023 -0.648232 49.594894 -0.448636 -6.366802 0.353013 -1.511148 -0.031973 20.222898 3.684369 2.316637 18.787388 6.4e-05 2.7e-05 10.751706 -0.479851 1.397949 0.0 -0.0 1e-06 3.273805 0.305974 -0.580161 21.486916 11.830401 2.266143 8.162971 2.4e-05 1e-05 18.399263 -3.798898 -4.940569 3e-06 1e-06 -3e-06 1.794735 -7.374425 -11.445825 -0.033953 -0.224136 21.181414 -1.866722 0.575103 -5.375792 1.665319 -2.117626 -1.026843 -0.0 0.0 -1e-06 -3.564226 -6.512794 -6.513467 0.004188 0.09478 12.657928 4.49473 0.128231 -3.071347 -1.429331 0.953393 -2.536818 0.0 -0.0 -1e-06 
0.0 0.0 0.0 0.0 -0.0 0.0 -5.700287 99.424423 109.552505 0.115354 3.789255 -4.417862 -1.439354 -0.030795 -1.041119 -0.817585 0.065846 -5.397284 0.363895 -2.195076 9.750489 0.854322 2.348682 10.099945 -0.547942 0.884539 -3.549192 0.786476 -0.182069 -6.758268 7.7e-05 -2.3e-05 7e-06 0.003586 0.01458 0.038718 0.707688 -3.730092 -10.662529 -0.705551 3.772358 -10.636462 -10.051951 -5.342449 15.218077 -49.403801 -29.135107 13.149967 0.842557 -59.803745 -0.394456 10.308416 -0.595247 10.58662 -5.882086 9.861203 0.702883 -10.936764 -0.360417 7.156393 2e-06 8.774882 6e-06 -15.87763 18.449808 6.235391 -1.84404 2.498504 -2.507293 -10.163641 4.678973 4.621075 -20.976124 -1.4e-05 -2e-05 -21.22646 2.451702 -3.594085 0.0 -8e-06 -2e-06 -1.362699 2.240844 -0.746338 -21.334984 0.584856 3.008294 -13.821281 -7e-06 -8e-06 -23.887415 -0.249107 -0.839547 -60.900291 2.619834 -0.984742 -0.29405 1.679749 0.833247 -14.218239 0.093142 1.300547 -34.21225 -0.28758 0.967152 -20.03335 0.964534 1.212855 -0.0 -1e-06 0.0 -3.440455 0.788325 0.501613 -15.928172 -3.167427 2.999706 -6.338855 -2e-06 -5e-06 -18.123619 3.648174 -4.905751 -5e-06 1e-06 -2e-06 18.251942 7.827528 19.782921 61.41777 7.249608 9.621941 0.372583 20.000257 0.061094 -13.373043 1.170625 3.116829 2.243626 -5.254791 -3.179884 14.282751 -0.826816 6.952666 -1.1e-05 -12.690756 -0.0 16.371279 -17.645733 2.438044 1.665682 -1.955918 -2.87832 4.727853 -4.170642 4.993888 11.020688 1e-05 6e-06 12.109347 -3.735793 -2.866869 -0.0 -0.0 -1e-06 1.292013 -1.928632 -1.498111 14.800267 0.567572 3.865604 14.242773 -1.341744 -6.660719 19.632498 0.143926 -0.648296 49.618591 -0.49553 -6.396966 0.35306 -1.511266 -0.031959 20.222969 3.684484 2.31665 18.787556 1.8e-05 1e-06 10.751783 -0.479866 1.397942 -3e-06 -1e-06 -2e-06 3.273944 0.305789 -0.580171 21.486902 11.830672 2.2662 8.16304 7e-06 -8e-06 18.399525 -3.798984 -4.940701 1e-06 1e-06 -3e-06 1.453699 -8.08176 -9.104193 -0.008357 -0.218385 18.424261 -1.949987 1.188326 -5.089056 1.662492 -2.112987 -1.002846 0.0 0.0 3e-06 -3.808094 -6.348163 -4.52695 0.003351 0.099313 10.653886 4.246981 -0.29406 -2.671579 -1.428119 0.958898 -2.336388 0.0 -0.0 -0.0 
0.0 0.0 0.0 0.0 -0.0 0.0 -5.854223 99.721161 110.600365 0.544639 3.635209 -4.483027 -1.454898 -0.004119 -1.486749 -0.793632 0.208106 -5.587942 0.163502 -2.021789 9.855783 0.322109 2.649467 10.026269 -0.662762 0.498844 -3.568964 0.699031 -0.457487 -6.495986 7.7e-05 -2.2e-05 6e-06 0.008862 0.009162 0.027526 0.712012 -3.733547 -10.671791 -0.699257 3.763638 -10.641196 -11.353691 -4.443641 15.488544 -50.221397 -26.833401 14.199786 0.920754 -60.176899 -0.439247 10.52978 0.046361 11.91104 -5.882126 9.861233 0.702564 -10.936842 -0.360619 7.156196 6e-06 8.774816 -1.2e-05 -15.920737 18.532984 6.246161 -1.844033 2.498505 -2.507277 -10.163604 4.678942 4.621097 -20.97607 -1.1e-05 5e-06 -21.226398 2.451672 -3.594025 0.0 -8e-06 -2e-06 -1.362681 2.240791 -0.746333 -21.334927 0.584919 3.008328 -13.82124 -8e-06 7e-06 -23.887318 -0.249111 -0.839489 -60.801178 2.666278 -1.004081 -0.294025 1.679678 0.833243 -14.218216 0.093226 1.300595 -34.212154 -0.287582 0.96719 -20.033312 0.964534 1.212872 0.0 2e-06 1e-06 -3.440389 0.78822 0.501643 -15.928183 -3.167283 2.999731 -6.33884 -5e-06 -1e-06 -18.123558 3.648148 -4.905698 -4e-06 1e-06 -2e-06 18.405735 7.71512 19.999105 61.263184 6.561882 10.106666 0.257197 20.126869 0.056141 -12.887593 0.808007 3.175504 2.243522 -5.255066 -3.180143 14.282955 -0.826536 6.952488 1.6e-05 -12.690575 -3e-06 16.394114 -17.60783 2.441073 1.665659 -1.955924 -2.878298 4.727785 -4.170582 4.993924 11.020494 -1.1e-05 2e-06 12.10904 -3.735723 -2.866798 0.0 -0.0 0.0 1.29198 -1.928536 -1.49809 14.800069 0.567436 3.865615 14.242527 -1.341753 -6.660654 19.631924 0.143904 -0.648261 49.677071 -0.52131 -6.400772 0.353027 -1.511136 -0.031941 20.222708 3.684258 2.316632 18.78722 -2.4e-05 6e-06 10.751616 -0.479885 1.397918 -1e-06 0.0 -3e-06 3.273773 0.305954 -0.580098 21.486732 11.830298 2.266133 8.162905 -1e-05 6e-06 18.399048 -3.799009 -4.940581 3e-06 -0.0 -3e-06 1.018062 -8.492182 -6.731032 0.013256 -0.196437 15.378903 -1.992596 1.799955 -4.606714 1.660526 -2.104476 -0.997536 0.0 0.0 2e-06 -4.159218 -6.114308 -2.673883 -0.000423 0.078022 8.531961 4.146235 -0.412649 -2.174511 -1.427605 0.944831 -2.264544 0.0 -0.0 -4e-06 
0.0 0.0 0.0 0.0 -0.0 0.0 -5.985366 99.938217 111.525276 0.918233 3.342409 -4.423262 -1.424333 0.038121 -1.906712 -0.765363 0.336051 -5.766604 0.028239 -1.913182 9.989864 -0.225895 2.968512 9.749487 -0.758663 0.113669 -3.603111 0.562987 -0.729462 -6.307058 7.7e-05 -2.2e-05 6e-06 0.015407 -0.010434 0.022256 0.718907 -3.755256 -10.691076 -0.693287 3.744895 -10.658582 -12.827899 -3.597058 15.73789 -50.799446 -24.357821 15.467083 1.212893 -59.623043 -0.707877 10.645291 0.654668 12.841532 -5.882139 9.861436 0.702316 -10.936953 -0.360666 7.156046 2.2e-05 8.774763 -3e-06 -15.894431 18.613684 6.265205 -1.844016 2.498494 -2.507254 -10.163513 4.678881 4.621147 -20.97588 -3.8e-05 5.8e-05 -21.226114 2.451642 -3.59387 0.0 -3e-06 2e-06 -1.36264 2.240721 -0.746294 -21.334805 0.584935 3.008355 -13.821125 -2.5e-05 4.2e-05 -23.886984 -0.249102 -0.839341 -60.702038 2.710537 -1.015299 -0.293972 1.679588 0.833285 -14.218168 0.093279 1.3006 -34.211826 -0.287593 0.967274 -20.033136 0.964535 1.212903 -0.0 -1e-06 0.0 -3.440254 0.788068 0.501733 -15.928211 -3.167175 2.999677 -6.338792 -1.5e-05 1.3e-05 -18.123318 3.648128 -4.905555 -6e-06 -0.0 -2e-06 18.699839 7.687952 20.164494 60.824429 6.156657 10.585046 0.145484 20.393127 0.022595 -12.457238 0.390442 3.472758 2.243521 -5.255155 -3.180295 14.282855 -0.826488 6.952439 -3.9e-05 -12.690508 2e-06 16.421379 -17.575853 2.481958 1.665663 -1.955918 -2.878287 4.72777 -4.170543 4.993926 11.020483 3.3e-05 -6e-06 12.108986 -3.735613 -2.866765 -0.0 -0.0 -1e-06 1.291957 -1.928488 -1.498081 14.800099 0.567433 3.8656 14.242504 -1.341684 -6.660629 19.631903 0.144024 -0.648207 49.826954 -0.512758 -6.358871 0.352993 -1.511065 -0.031933 20.222759 3.684242 2.316611 18.787199 5.4e-05 1.2e-05 10.751605 -0.479847 1.397913 1e-06 -1e-06 2e-06 3.273725 0.306083 -0.580093 21.486834 11.830195 2.266088 8.162892 2.2e-05 0.0 18.399002 -3.798889 -4.940519 4e-06 2e-06 -2e-06 0.66321 -8.546298 -4.774906 0.029704 -0.165016 12.730067 -2.060491 2.093204 -4.137987 1.656938 -2.099421 -0.978409 -0.0 -1e-06 1e-06 -4.478112 -5.977508 -1.262817 -0.008357 0.055185 6.798765 4.101409 -0.312453 -1.801694 -1.430533 0.923906 -2.223989 0.0 -0.0 -1e-06 
0.0 0.0 0.0 0.0 -0.0 0.0 -6.118729 100.069092 112.343727 1.219776 3.098998 -4.326178 -1.37818 0.076398 -2.271478 -0.738432 0.421253 -5.916043 -0.060018 -1.871276 10.196021 -0.701883 3.236304 9.401127 -0.827624 -0.227579 -3.645502 0.364963 -1.020383 -6.288819 7.7e-05 -2.2e-05 5e-06 0.021523 -0.030991 0.023764 0.724018 -3.778563 -10.703651 -0.686531 3.726775 -10.675482 -14.402089 -2.899638 15.971197 -51.11871 -22.030895 16.831671 1.632721 -57.834915 -1.066892 10.586451 1.069114 13.111141 -5.882104 9.861238 0.702756 -10.936808 -0.360512 7.15631 5e-06 8.774848 2e-06 -15.818597 18.67387 6.263898 -1.844035 2.498504 -2.507287 -10.163611 4.678952 4.621088 -20.976076 -1.2e-05 -7e-06 -21.226398 2.451689 -3.594056 -1e-06 -6e-06 1e-06 -1.362687 2.240814 -0.746331 -21.334936 0.584887 3.00831 -13.82124 -8e-06 -3e-06 -23.887318 -0.249103 -0.839519 -60.480869 2.721413 -1.030227 -0.294032 1.679707 0.833247 -14.218222 0.093183 1.300567 -34.212151 -0.287582 0.967172 -20.033297 0.964537 1.212859 -0.0 -2e-06 0.0 -3.440405 0.788259 0.501632 -15.928183 -3.167357 2.999705 -6.338841 -5e-06 0.0 -18.123568 3.648165 -4.90573 -5e-06 1e-06 0.0 19.155426 7.681607 20.227118 60.115448 6.00643 11.102993 0.07048 20.749891 -0.011353 -12.015474 -0.032842 3.629677 2.243567 -5.254942 -3.179958 14.282898 -0.826658 6.95261 9e-06 -12.69065 2e-06 16.424662 -17.550526 2.529338 1.665664 -1.955923 -2.878305 4.727806 -4.170609 4.993903 11.020553 -6e-06 5e-06 12.109134 -3.735759 -2.866835 0.0 -0.0 0.0 1.29199 -1.928577 -1.498106 14.800129 0.567491 3.865611 14.242604 -1.341757 -6.660689 19.632092 0.143899 -0.648283 49.94276 -0.480835 -6.307798 0.353038 -1.511185 -0.031956 20.22279 3.684347 2.316642 18.787327 -2.2e-05 1.3e-05 10.75167 -0.479888 1.397932 2e-06 -0.0 1e-06 3.273825 0.305892 -0.580134 21.48679 11.830453 2.266156 8.162951 -8e-06 1e-05 18.399199 -3.799025 -4.940612 6e-06 2e-06 -0.0 0.403561 -8.371642 -3.248945 0.04357 -0.133284 10.690283 -2.154788 2.106147 -3.799901 1.651242 -2.098911 -0.898333 0.0 0.0 1e-06 -4.727945 -5.883603 -0.223998 -0.015497 0.048782 5.578677 4.064775 -0.24238 -1.662287 -1.436256 0.913228 -2.108274 0.0 -0.0 -0.0 
0.0 0.0 0.0 0.0 -0.0 0.0 -6.265051 100.141403 113.097443 1.468764 2.90913 -4.301544 -1.336172 0.099427 -2.561271 -0.722845 0.457926 -6.030069 -0.116912 -1.872936 10.485485 -1.085053 3.447629 9.1506 -0.882847 -0.501538 -3.683002 0.141375 -1.265138 -6.412093 7.7e-05 -2.2e-05 6e-06 0.026425 -0.046741 0.02632 0.725914 -3.794469 -10.708125 -0.678754 3.711986 -10.685538 -15.90472 -2.373812 16.211851 -51.358906 -20.052898 18.05024 1.887864 -54.646145 -1.235639 10.447368 1.276527 12.550304 -5.882099 9.861327 0.702484 -10.936913 -0.360615 7.156135 6e-06 8.774807 -7e-06 -15.689518 18.668497 6.256702 -1.844023 2.4985 -2.507268 -10.163548 4.678914 4.621117 -20.975927 -2.3e-05 2.6e-05 -21.226177 2.451667 -3.59396 1e-06 -8e-06 -1e-06 -1.362658 2.24077 -0.746311 -21.334831 0.584913 3.008337 -13.821146 -1.1e-05 1.7e-05 -23.887053 -0.249096 -0.839428 -60.156052 2.693738 -1.03279 -0.293993 1.67965 0.833271 -14.218171 0.093237 1.30059 -34.211872 -0.287579 0.967213 -20.033148 0.96454 1.212872 -1e-06 -3e-06 0.0 -3.440313 0.788167 0.501688 -15.928191 -3.167263 2.999697 -6.338799 -3e-06 8e-06 -18.123358 3.648163 -4.90563 -6e-06 -1e-06 -2e-06 19.661736 7.718216 20.214758 59.318607 6.153536 11.702231 -0.004456 21.057507 -0.045398 -11.532333 -0.459829 3.592492 2.24355 -5.255005 -3.180022 14.282842 -0.826605 6.952599 -2.6e-05 -12.6906 4e-06 16.436598 -17.556231 2.556392 1.665665 -1.955922 -2.878309 4.727797 -4.170578 4.993902 11.020544 2.2e-05 -3e-06 12.109105 -3.735678 -2.866829 -1e-06 -1e-06 1e-06 1.291975 -1.928539 -1.498107 14.800142 0.567482 3.8656 14.242584 -1.341704 -6.660685 19.63208 0.143997 -0.648253 50.030621 -0.452691 -6.2769 0.353015 -1.511134 -0.031956 20.222809 3.684319 2.316623 18.787298 3.1e-05 1.6e-05 10.75165 -0.479864 1.397934 -1e-06 0.0 0.0 3.273787 0.305979 -0.580137 21.486837 11.830359 2.266129 8.162938 1.2e-05 8e-06 18.399164 -3.798941 -4.940574 1e-06 1e-06 -2e-06 0.200325 -8.078971 -1.939641 0.053131 -0.110436 9.111614 -2.260736 1.977553 -3.602516 1.642538 -2.113282 -0.786755 -0.0 0.0 -3e-06 -4.936831 -5.801047 0.62336 -0.013432 0.059446 4.800955 4.073575 -0.218754 -1.690851 -1.43989 0.907842 -1.935735 0.0 -0.0 -2e-06 
0.0 0.0 0.0 0.0 -0.0 0.0 -6.419596 100.175026 113.789452 1.672854 2.744595 -4.348825 -1.29912 0.119066 -2.787689 -0.716888 0.468893 -6.12253 -0.148597 -1.917446 10.798303 -1.383378 3.602824 9.06086 -0.932077 -0.689031 -3.707323 -0.05605 -1.441113 -6.605237 7.7e-05 -2.2e-05 6e-06 0.029564 -0.057763 0.027391 0.728276 -3.802866 -10.703196 -0.67474 3.699348 -10.68524 -17.111713 -2.036206 16.450426 -51.789867 -18.526211 19.013922 1.894047 -50.136337 -1.157181 10.286632 1.453376 11.308672 -5.882187 9.861268 0.702686 -10.936834 -0.360498 7.156254 2.2e-05 8.774843 2e-06 -15.570746 18.589075 6.23528 -1.844026 2.498495 -2.50728 -10.163588 4.678916 4.621109 -20.976055 -4.7e-05 5.2e-05 -21.226358 2.451671 -3.593944 -1e-06 -6e-06 -1e-06 -1.362656 2.240783 -0.746318 -21.334946 0.58486 3.008338 -13.821246 -2.7e-05 3.7e-05 -23.887346 -0.249102 -0.839389 -59.848537 2.643809 -1.015971 -0.293994 1.679672 0.833262 -14.218234 0.093182 1.300577 -34.212139 -0.2876 0.967271 -20.033306 0.964545 1.21292 0.0 3e-06 1e-06 -3.440342 0.788189 0.50167 -15.928224 -3.167329 2.99969 -6.338841 -1.7e-05 1.6e-05 -18.123543 3.648136 -4.905632 -3e-06 -2e-06 -1e-06 20.050766 7.784457 20.178339 58.635147 6.621306 12.285975 -0.059181 21.269453 -0.075591 -11.049845 -0.868478 3.422699 2.243525 -5.255007 -3.180143 14.282861 -0.826526 6.952494 -2.2e-05 -12.690554 -1.2e-05 16.469376 -17.580812 2.556682 1.665664 -1.955924 -2.878298 4.727781 -4.170566 4.993912 11.020494 2.3e-05 -6e-06 12.109015 -3.735658 -2.866808 0.0 -0.0 0.0 1.291968 -1.928528 -1.498099 14.800108 0.567458 3.865605 14.24253 -1.341707 -6.660665 19.631931 0.143997 -0.648245 50.087681 -0.43049 -6.265777 0.353006 -1.511118 -0.031952 20.222771 3.684281 2.316628 18.787216 3.7e-05 6e-06 10.751608 -0.479854 1.397915 2e-06 -0.0 3e-06 3.273759 0.306004 -0.580133 21.486832 11.830286 2.26614 8.162902 1.7e-05 4e-06 18.399021 -3.798922 -4.940553 4e-06 -0.0 -2e-06 0.048229 -7.684433 -0.800507 0.056854 -0.101988 7.913831 -2.358999 1.757125 -3.508015 1.63277 -2.134754 -0.667344 0.0 0.0 2e-06 -5.115375 -5.693883 1.370785 -0.004858 0.070876 4.292195 4.102353 -0.237568 -1.817698 -1.437811 0.911379 -1.764783 0.0 -0.0 -2e-06 
0.0 0.0 0.0 0.0 -0.0 0.0 -6.563511 100.176689 114.433159 1.800235 2.582497 -4.43912 -1.241556 0.116597 -2.959347 -0.70839 0.482606 -6.198595 -0.137177 -1.961295 11.052407 -1.646177 3.738271 9.132542 -0.966025 -0.8525 -3.715472 -0.22434 -1.55305 -6.756018 7.6e-05 -2.3e-05 5e-06 0.031941 -0.056925 0.027658 0.729815 -3.798583 -10.69098 -0.671256 3.697542 -10.675883 -17.957159 -1.829082 16.710381 -52.532589 -17.431316 19.613827 1.659263 -44.700836 -0.909075 10.144296 1.895666 9.637978 -5.882091 9.861379 0.702282 -10.937048 -0.360854 7.155976 1.3e-05 8.774698 -2.9e-05 -15.478913 18.439465 6.179772 -1.844007 2.498501 -2.507248 -10.16344 4.678848 4.621147 -20.975691 -4e-05 4.7e-05 -21.225842 2.451575 -3.593844 2e-06 -5e-06 1e-06 -1.362614 2.240684 -0.746307 -21.334673 0.584991 3.008377 -13.82101 -2.3e-05 4.4e-05 -23.886648 -0.249118 -0.839324 -59.553539 2.601379 -1.014773 -0.293946 1.679538 0.833263 -14.218102 0.093366 1.300633 -34.211483 -0.28759 0.967275 -20.032944 0.964536 1.212904 1e-06 1e-06 2e-06 -3.44016 0.787993 0.501723 -15.928211 -3.167042 2.99971 -6.338736 -1.3e-05 2.2e-05 -18.123066 3.648107 -4.905522 -4e-06 -2e-06 -2e-06 20.32501 7.849094 20.181402 58.094845 7.321836 12.58446 -0.037641 21.478266 -0.07679 -10.695923 -1.12485 3.114331 2.243481 -5.255235 -3.180302 14.282953 -0.826353 6.952401 -2.9e-05 -12.690427 -4e-06 16.481728 -17.591835 2.540814 1.66565 -1.955923 -2.878277 4.727741 -4.170516 4.993928 11.020403 2.7e-05 -6e-06 12.108867 -3.735574 -2.866749 -0.0 -0.0 -2e-06 1.291943 -1.928441 -1.498082 14.800011 0.567369 3.865607 14.242402 -1.34168 -6.660616 19.631676 0.144027 -0.648189 50.096149 -0.427188 -6.271675 0.352976 -1.511005 -0.031938 20.222639 3.684132 2.316612 18.787058 3.8e-05 2.5e-05 10.751537 -0.479856 1.397913 3e-06 -0.0 3e-06 3.273634 0.306162 -0.580077 21.486763 11.830014 2.26607 8.162837 1.4e-05 1.6e-05 18.398796 -3.798897 -4.940451 4e-06 -1e-06 0.0 -0.020113 -7.257451 0.192157 0.052741 -0.100557 7.033022 -2.432679 1.540727 -3.504488 1.62547 -2.151784 -0.56291 0.0 0.0 4e-06 -5.21953 -5.552118 2.061219 0.010417 0.082793 3.914699 4.130617 -0.247864 -1.930918 -1.431088 0.915182 -1.605585 -0.0 -0.0 2e-06 
0.0 0.0 0.0 0.0 -0.0 0.0 -6.691208 100.151192 115.033737 1.855195 2.389537 -4.541295 -1.172263 0.089332 -3.072913 -0.696461 0.491357 -6.260173 -0.07507 -1.978384 11.201268 -1.880585 3.870351 9.304873 -0.978736 -0.968504 -3.708746 -0.384683 -1.592275 -6.796768 7.7e-05 -2.2e-05 6e-06 0.031922 -0.051971 0.028598 0.729489 -3.790522 -10.672878 -0.670548 3.699647 -10.660594 -18.447941 -1.698883 16.965918 -53.528919 -16.60301 20.010553 1.344031 -38.933693 -0.65754 9.946059 2.689558 7.641213 -5.882135 9.861171 0.70276 -10.936764 -0.360466 7.156316 2.4e-05 8.774863 -3e-06 -15.447404 18.213066 6.093804 -1.844035 2.4985 -2.507287 -10.16362 4.678939 4.621083 -20.976116 -5.9e-05 2e-05 -21.226439 2.45165 -3.594009 0.0 -7e-06 -3e-06 -1.36267 2.240818 -0.74634 -21.334991 0.584836 3.008315 -13.821271 -4.2e-05 1.9e-05 -23.887392 -0.249165 -0.839437 -59.367268 2.563262 -1.064434 -0.294013 1.679715 0.833242 -14.218262 0.093146 1.300573 -34.212227 -0.287647 0.967234 -20.033344 0.96451 1.212911 -1e-06 1e-06 2e-06 -3.440392 0.788253 0.50162 -15.928226 -3.167385 2.999718 -6.338851 -1.9e-05 7e-06 -18.123585 3.648113 -4.905686 -6e-06 1e-06 -2e-06 20.574392 7.930623 20.212055 57.667629 8.10284 12.666523 -0.011189 21.798786 -0.063572 -10.516431 -1.146652 2.651954 2.243551 -5.254931 -3.18003 14.28278 -0.826695 6.952591 -1.6e-05 -12.69066 1e-06 16.460714 -17.580671 2.526014 1.665675 -1.95592 -2.878313 4.727825 -4.170604 4.993902 11.020601 1.5e-05 -1e-05 12.109204 -3.735731 -2.866844 -1e-06 -0.0 -4e-06 1.291999 -1.928586 -1.498109 14.8002 0.567518 3.865596 14.242666 -1.341724 -6.660699 19.632235 0.143967 -0.648288 50.095974 -0.465147 -6.285351 0.353046 -1.5112 -0.031955 20.222883 3.684397 2.316627 18.787401 2.9e-05 -1e-05 10.751698 -0.479856 1.397918 -1e-06 -2e-06 1e-06 3.273878 0.305887 -0.580156 21.486862 11.830503 2.266152 8.162971 1.1e-05 -1e-05 18.399284 -3.798945 -4.94065 3e-06 1e-06 -1e-06 -0.004303 -6.823353 1.056022 0.047295 -0.100034 6.387894 -2.489409 1.372007 -3.615449 1.623174 -2.146831 -0.471897 -0.0 0.0 -3e-06 -5.235373 -5.370255 2.648092 0.024312 0.089566 3.690534 4.135513 -0.238081 -2.060869 -1.423772 0.915677 -1.454679 0.0 -0.0 -0.0 
0.0 0.0 0.0 0.0 -0.0 0.0 -6.809958 100.121078 115.57106 1.870351 2.151186 -4.62537 -1.112463 0.044433 -3.147092 -0.676019 0.486549 -6.321935 0.010784 -1.966819 11.280604 -2.077265 3.986551 9.466516 -0.969769 -1.005733 -3.689147 -0.517005 -1.557666 -6.740952 7.7e-05 -2.2e-05 6e-06 0.030473 -0.038875 0.028049 0.732594 -3.775228 -10.655612 -0.676223 3.710599 -10.645421 -18.676254 -1.632227 17.207779 -54.54829 -15.856105 20.432163 1.070125 -33.492352 -0.467069 9.532633 3.70344 5.412974 -5.882163 9.861187 0.702758 -10.936749 -0.360486 7.156314 2e-05 8.774856 -2e-06 -15.496823 17.969604 6.011007 -1.844039 2.498502 -2.507288 -10.163646 4.678945 4.62108 -20.976179 -4.3e-05 2e-05 -21.22653 2.451668 -3.594023 -1e-06 -6e-06 -0.0 -1.362684 2.240814 -0.74634 -21.335026 0.584857 3.008314 -13.821314 -3e-05 1.1e-05 -23.887537 -0.24914 -0.839473 -59.373047 2.532632 -1.140914 -0.294027 1.679711 0.833242 -14.21827 0.093164 1.300569 -34.212345 -0.287623 0.967219 -20.033409 0.964523 1.212894 -2e-06 0.0 -0.0 -3.440428 0.788258 0.501616 -15.928211 -3.167373 2.999715 -6.338868 -1.5e-05 0.0 -18.123682 3.648131 -4.905714 -3e-06 3e-06 -2e-06 20.884199 8.00949 20.237329 57.286991 8.868306 12.676177 -0.026053 22.294075 -0.045913 -10.53133 -0.993232 2.008438 2.243592 -5.255011 -3.18009 14.282922 -0.826614 6.952513 -5e-06 -12.690607 4e-06 16.419489 -17.563774 2.519961 1.665659 -1.955922 -2.878305 4.727783 -4.170584 4.993924 11.0205 6e-06 9e-06 12.109017 -3.735712 -2.866781 0.0 -0.0 0.0 1.291974 -1.928555 -1.498091 14.800105 0.567476 3.865617 14.242527 -1.341737 -6.660645 19.63192 0.143932 -0.648222 50.088982 -0.509454 -6.302019 0.353017 -1.511155 -0.031941 20.222759 3.684318 2.316643 18.787233 -2e-06 2.6e-05 10.751618 -0.479876 1.397923 -0.0 -1e-06 1e-06 3.273777 0.305946 -0.580104 21.486794 11.830382 2.266138 8.162911 0.0 1.6e-05 18.399044 -3.799 -4.940541 2e-06 3e-06 1e-06 0.066177 -6.405826 1.815018 0.045709 -0.097259 5.851692 -2.543948 1.283811 -3.771648 1.624697 -2.122474 -0.387652 0.0 0.0 1e-06 -5.183175 -5.137427 3.117358 0.025623 0.088211 3.55725 4.079414 -0.223768 -2.192133 -1.419578 0.921132 -1.323756 0.0 -0.0 -4e-06 
0.0 0.0 0.0 0.0 -0.0 0.0 -6.917854 100.098206 116.061745 1.872064 1.902321 -4.658671 -1.080381 -0.002447 -3.222823 -0.660126 0.467844 -6.383648 0.098399 -1.957617 11.333112 -2.193994 4.044034 9.568851 -0.932107 -0.962536 -3.672426 -0.658749 -1.429653 -6.633667 7.7e-05 -2.2e-05 7e-06 0.029773 -0.017998 0.026101 0.740613 -3.752621 -10.646063 -0.685291 3.729498 -10.639096 -18.685274 -1.630059 17.45645 -55.504658 -15.055863 20.995224 0.892115 -28.729235 -0.35543 8.596516 4.843421 3.185252 -5.882187 9.861029 0.703022 -10.936635 -0.360331 7.156463 1.5e-05 8.77493 1e-06 -15.647402 17.778059 5.93561 -1.844056 2.498508 -2.507308 -10.163718 4.678993 4.621046 -20.976347 -4.2e-05 -5e-06 -21.226768 2.451708 -3.594117 0.0 -5e-06 -0.0 -1.36271 2.240885 -0.746358 -21.335155 0.584795 3.008296 -13.82142 -2.8e-05 -4e-06 -23.887821 -0.24915 -0.839554 -59.590805 2.517271 -1.242494 -0.294058 1.679804 0.833222 -14.218335 0.093065 1.300553 -34.212639 -0.287639 0.967185 -20.033562 0.964511 1.212896 -3e-06 -2e-06 -2e-06 -3.440538 0.788397 0.50156 -15.928211 -3.167531 2.999738 -6.338915 -1.4e-05 -5e-06 -18.12388 3.648142 -4.905805 -3e-06 0.0 -3e-06 21.276024 8.061976 20.292084 56.931984 9.691112 12.640581 -0.05576 22.8715 -0.027344 -10.612569 -0.751016 1.264644 2.243617 -5.254713 -3.179703 14.282701 -0.826849 6.95277 -3.2e-05 -12.690758 -0.0 16.344193 -17.536106 2.532646 1.665684 -1.95592 -2.878335 4.727851 -4.170637 4.993875 11.020687 2.7e-05 -5e-06 12.109331 -3.735757 -2.866893 0.0 0.0 2e-06 1.292007 -1.92864 -1.498131 14.800294 0.567589 3.865593 14.242771 -1.341714 -6.660747 19.63249 0.143987 -0.648295 50.046757 -0.544891 -6.312336 0.353055 -1.511273 -0.031987 20.223007 3.684515 2.316643 18.787558 4.6e-05 9e-06 10.751784 -0.47986 1.39796 1e-06 1e-06 -1e-06 3.273944 0.305789 -0.580214 21.486942 11.830696 2.266195 8.163042 1.9e-05 -2e-06 18.399511 -3.798946 -4.940687 3e-06 1e-06 1e-06 0.165526 -6.042811 2.457766 0.042575 -0.092036 5.371789 -2.579361 1.269807 -3.931642 1.629194 -2.083617 -0.293354 -0.0 -1e-06 1e-06 -5.094843 -4.911721 3.48316 0.019157 0.082526 3.449244 4.012285 -0.172965 -2.303402 -1.420221 0.920189 -1.226212 0.0 -0.0 -6e-06 
0.0 0.0 0.0 0.0 -0.0 0.0 -7.034507 100.078842 116.525177 1.887724 1.637023 -4.645566 -1.084519 -0.043125 -3.307058 -0.657712 0.445623 -6.434239 0.178754 -1.949005 11.373208 -2.248423 4.042428 9.613936 -0.871907 -0.86623 -3.665017 -0.795321 -1.251403 -6.492244 7.7e-05 -2.2e-05 6e-06 0.030334 0.007643 0.023944 0.749877 -3.725617 -10.637393 -0.693014 3.752803 -10.634654 -18.554373 -1.674676 17.686903 -56.321182 -14.05921 21.742773 0.777441 -25.011801 -0.298375 7.102522 5.945455 1.277792 -5.882122 9.861221 0.702739 -10.936761 -0.360464 7.156322 2.4e-05 8.774858 4e-06 -15.886234 17.691484 5.883456 -1.844037 2.4985 -2.507287 -10.163616 4.678933 4.621082 -20.976105 -6.4e-05 9e-06 -21.226414 2.451635 -3.594009 0.0 -6e-06 -0.0 -1.362675 2.240808 -0.746329 -21.33498 0.584841 3.008303 -13.821262 -4e-05 1.2e-05 -23.887367 -0.249172 -0.839455 -59.955311 2.538747 -1.354684 -0.294014 1.679699 0.83325 -14.218257 0.093158 1.300558 -34.212193 -0.287653 0.967217 -20.033323 0.964506 1.212906 -1e-06 0.0 3e-06 -3.440396 0.788238 0.501628 -15.928222 -3.167369 2.999701 -6.338847 -1.7e-05 0.0 -18.123573 3.648109 -4.905702 -7e-06 -0.0 -1e-06 21.729324 8.11093 20.339205 56.60281 10.549 12.71554 -0.088873 23.444765 -0.015752 -10.59566 -0.543309 0.65459 2.243539 -5.255004 -3.180138 14.28286 -0.826629 6.95251 -1.5e-05 -12.690614 2e-06 16.265928 -17.504326 2.554497 1.665665 -1.95592 -2.878304 4.727793 -4.170587 4.993916 11.020521 1.6e-05 -5e-06 12.109058 -3.735703 -2.866802 -1e-06 1e-06 -1e-06 1.291979 -1.928555 -1.498092 14.800127 0.567489 3.865605 14.24256 -1.341725 -6.660661 19.631994 0.143968 -0.648254 49.985081 -0.579242 -6.318533 0.353022 -1.511161 -0.031942 20.222794 3.684346 2.316629 18.787271 2.6e-05 7e-06 10.751637 -0.479859 1.39792 -3e-06 -3e-06 -0.0 3.273796 0.30594 -0.580114 21.486822 11.830419 2.26614 8.162924 1e-05 -0.0 18.399107 -3.798959 -4.940586 3e-06 -1e-06 -1e-06 0.262332 -5.704981 3.005847 0.04023 -0.07817 4.919198 -2.627066 1.289527 -4.082863 1.635323 -2.041981 -0.215031 0.0 0.0 1e-06 -5.013687 -4.698 3.747889 0.014256 0.07664 3.367805 3.993552 -0.067022 -2.389409 -1.423312 0.914686 -1.148139 -0.0 -0.0 2e-06 
0.0 0.0 0.0 0.0 -0.0 0.0 -7.150642 100.067543 116.942406 1.914615 1.347916 -4.596796 -1.098516 -0.070856 -3.4007 -0.671457 0.424436 -6.469509 0.250377 -1.924251 11.419144 -2.255163 4.010612 9.601009 -0.820617 -0.764842 -3.659891 -0.911111 -1.090977 -6.311891 7.7e-05 -2.2e-05 6e-06 0.031801 0.026913 0.02624 0.757854 -3.705817 -10.631366 -0.697693 3.77042 -10.631923 -18.445251 -1.7049 17.870321 -56.912029 -12.815106 22.482901 0.643604 -22.483099 -0.241557 5.354125 6.74974 -0.297022 -5.882102 9.861271 0.702619 -10.936824 -0.360545 7.156249 6e-06 8.774832 -2e-06 -16.143986 17.679626 5.843983 -1.844033 2.498503 -2.507278 -10.163604 4.678944 4.621093 -20.976053 -1.7e-05 -5e-06 -21.226374 2.451674 -3.594037 1e-06 -7e-06 -0.0 -1.362684 2.2408 -0.746329 -21.334925 0.584889 3.008311 -13.821231 -1.4e-05 5e-06 -23.887274 -0.249121 -0.839491 -60.269493 2.57625 -1.433663 -0.294027 1.679693 0.833257 -14.218215 0.093198 1.300568 -34.212109 -0.287591 0.967177 -20.033274 0.964527 1.212865 -1e-06 3e-06 -2e-06 -3.440394 0.788237 0.501649 -15.928181 -3.167328 2.999703 -6.338833 -6e-06 0.0 -18.123524 3.648151 -4.905705 -5e-06 -1e-06 -1e-06 22.207359 8.156454 20.373283 56.304359 11.414136 12.894738 -0.068496 23.966105 0.012706 -10.488076 -0.377883 0.226591 2.243526 -5.255044 -3.180221 14.282895 -0.826558 6.952462 -5e-06 -12.69058 -8e-06 16.204369 -17.491955 2.579859 1.665665 -1.955923 -2.878289 4.727786 -4.170582 4.99392 11.020501 7e-06 -3e-06 12.109028 -3.735699 -2.866795 0.0 0.0 1e-06 1.291984 -1.928549 -1.498081 14.800098 0.567462 3.865608 14.24253 -1.341735 -6.660654 19.631918 0.143953 -0.648245 49.9338 -0.614069 -6.317967 0.353028 -1.511149 -0.031937 20.222754 3.684297 2.316638 18.787231 1.1e-05 -2e-06 10.751615 -0.479865 1.397916 0.0 3e-06 -3e-06 3.27379 0.305949 -0.580101 21.48679 11.830344 2.266144 8.162906 4e-06 1e-06 18.399042 -3.798964 -4.940566 1e-06 -1e-06 -2e-06 0.351479 -5.385595 3.46643 0.034449 -0.06782 4.522476 -2.715201 1.329948 -4.242437 1.641114 -2.020875 -0.13602 -0.0 0.0 -2e-06 -4.945219 -4.481114 3.95242 0.008947 0.070568 3.273902 4.033432 0.069868 -2.487503 -1.425884 0.907856 -1.086821 0.0 -0.0 -6e-06 
0.0 0.0 0.0 0.0 -0.0 0.0 -7.264021 100.063446 117.29512 1.936313 1.044596 -4.525143 -1.096385 -0.073661 -3.487718 -0.692547 0.40586 -6.493146 0.316098 -1.872465 11.474722 -2.224669 3.963582 9.555478 -0.794314 -0.711529 -3.647283 -0.999256 -0.974 -6.166662 7.7e-05 -2.2e-05 6e-06 0.033102 0.033009 0.035433 0.762264 -3.698723 -10.623717 -0.699284 3.774463 -10.624998 -18.423088 -1.712861 18.000238 -57.252102 -11.440963 23.093904 0.445439 -21.031944 -0.160412 3.550383 7.118986 -1.748392 -5.882102 9.861311 0.702617 -10.93687 -0.360561 7.156241 -8e-06 8.774833 1e-06 -16.367764 17.678112 5.78775 -1.844031 2.498503 -2.507279 -10.163601 4.678953 4.621103 -20.976048 1.6e-05 3e-06 -21.226374 2.451722 -3.594034 0.0 -6e-06 1e-06 -1.362687 2.240797 -0.746321 -21.334904 0.584918 3.008319 -13.821236 8e-06 3e-06 -23.887312 -0.249061 -0.839504 -60.441978 2.599697 -1.481571 -0.294034 1.679685 0.833261 -14.218191 0.093215 1.300572 -34.212112 -0.287529 0.96717 -20.033287 0.964561 1.212849 3e-06 2e-06 1e-06 -3.440396 0.788241 0.501663 -15.928155 -3.167319 2.999703 -6.338833 5e-06 3e-06 -18.123537 3.648201 -4.905701 -6e-06 -0.0 -2e-06 22.634329 8.192896 20.392654 56.059231 12.233792 13.356776 -0.032099 24.462725 0.044257 -10.321582 -0.226626 -0.197053 2.243528 -5.25507 -3.180176 14.282924 -0.826545 6.952482 3e-06 -12.690566 -0.0 16.156124 -17.51766 2.612724 1.665662 -1.955923 -2.878292 4.727785 -4.170578 4.993919 11.020488 0.0 -1e-06 12.109018 -3.7357 -2.866793 -1e-06 -0.0 0.0 1.291979 -1.928534 -1.498086 14.800077 0.567443 3.865613 14.242516 -1.341737 -6.660651 19.631897 0.14393 -0.648248 49.924564 -0.649297 -6.31879 0.353024 -1.511127 -0.031937 20.222729 3.684266 2.316637 18.78721 1e-06 8e-06 10.751606 -0.479875 1.397915 2e-06 1e-06 -2e-06 3.273772 0.305973 -0.580097 21.486767 11.830298 2.266131 8.162901 -3e-06 8e-06 18.399025 -3.798987 -4.940559 4e-06 1e-06 -1e-06 0.442744 -5.097549 3.819962 0.030683 -0.060236 4.238592 -2.814603 1.385 -4.416452 1.644865 -2.015533 -0.045301 -0.0 0.0 -2e-06 -4.872886 -4.247284 4.091257 0.001259 0.066938 3.211287 4.075826 0.179598 -2.607961 -1.428217 0.906583 -1.017488 0.0 -0.0 -4e-06 
0.0 0.0 0.0 0.0 -0.0 0.0 -7.372602 100.062057 117.595581 1.95782 0.765128 -4.440767 -1.083232 -0.064689 -3.568885 -0.708353 0.393006 -6.507547 0.360054 -1.797087 11.541993 -2.169961 3.897055 9.513151 -0.78592 -0.709205 -3.626848 -1.050954 -0.909322 -6.056685 7.7e-05 -2.2e-05 7e-06 0.033827 0.033347 0.047219 0.762009 -3.696992 -10.615682 -0.697471 3.77246 -10.614605 -18.480198 -1.703976 18.083261 -57.36742 -10.118569 23.638136 0.222962 -20.37081 -0.074847 1.761577 7.110572 -3.123734 -5.882046 9.861356 0.70243 -10.936872 -0.360646 7.156145 8e-06 8.774786 -3e-06 -16.530504 17.681076 5.730253 -1.844027 2.498499 -2.507264 -10.163556 4.678912 4.621106 -20.97595 -2.6e-05 -2e-06 -21.226229 2.451637 -3.593984 -2e-06 -4e-06 1e-06 -1.362665 2.240755 -0.746312 -21.334843 0.584929 3.008312 -13.821164 -1.7e-05 1e-06 -23.88711 -0.249128 -0.839469 -60.521137 2.612487 -1.533672 -0.294006 1.679631 0.833261 -14.218178 0.093257 1.300582 -34.211937 -0.287598 0.967175 -20.033182 0.964517 1.212859 -1e-06 1e-06 1e-06 -3.44033 0.78815 0.501675 -15.928185 -3.167229 2.999694 -6.338801 -7e-06 -1e-06 -18.123404 3.648131 -4.905663 -0.0 0.0 -2e-06 23.001505 8.233882 20.378519 55.863773 12.927991 14.122481 0.020765 24.970814 0.078383 -10.098764 -0.063782 -0.658172 2.243484 -5.255154 -3.180329 14.282921 -0.826486 6.952422 0.0 -12.690529 -0.0 16.103872 -17.554796 2.639347 1.66566 -1.955922 -2.878283 4.727777 -4.170564 4.993929 11.020469 3e-06 -9e-06 12.108989 -3.735676 -2.866782 -0.0 -1e-06 -2e-06 1.291976 -1.928508 -1.498077 14.800066 0.567423 3.865604 14.242503 -1.341728 -6.660648 19.631868 0.14396 -0.648259 49.902946 -0.684392 -6.338177 0.35302 -1.5111 -0.031927 20.222704 3.684234 2.316617 18.787174 8e-06 -1.2e-05 10.751588 -0.479868 1.397901 -3e-06 -1e-06 -3e-06 3.273752 0.306016 -0.580085 21.486761 11.83023 2.266115 8.162885 0.0 -2e-06 18.398994 -3.798954 -4.940563 7e-06 3e-06 -3e-06 0.514634 -4.850229 4.088167 0.033641 -0.046902 4.041013 -2.892423 1.44876 -4.57201 1.64662 -2.023641 0.054993 0.0 0.0 2e-06 -4.812757 -4.041865 4.190841 -0.005106 0.074141 3.162494 4.113451 0.271844 -2.722691 -1.429907 0.910499 -0.933944 0.0 -0.0 -5e-06 
0.0 0.0 0.0 0.0 -0.0 0.0 -7.471973 100.063171 117.861664 1.974022 0.506535 -4.327719 -1.054219 -0.042022 -3.647582 -0.715851 0.402343 -6.521983 0.379891 -1.739847 11.606433 -2.120268 3.831167 9.495542 -0.781347 -0.729797 -3.599638 -1.068568 -0.877399 -5.963345 7.7e-05 -2.2e-05 7e-06 0.034265 0.030045 0.0564 0.759526 -3.697927 -10.607477 -0.694069 3.766464 -10.60437 -18.608629 -1.63912 18.083935 -57.346127 -8.949389 24.155575 0.101366 -20.182989 -0.02174 0.044835 6.903927 -4.410424 -5.882116 9.86117 0.70294 -10.93677 -0.360488 7.156402 9e-06 8.774855 -0.0 -16.63447 17.701603 5.707254 -1.844037 2.498505 -2.507295 -10.163634 4.678949 4.62107 -20.976139 -2.6e-05 4e-06 -21.226488 2.451671 -3.594047 2e-06 -8e-06 -1e-06 -1.36269 2.240817 -0.746348 -21.334991 0.584873 3.008305 -13.821298 -1.6e-05 6e-06 -23.887497 -0.249117 -0.839504 -60.624741 2.652464 -1.576158 -0.294034 1.679713 0.833229 -14.218248 0.093175 1.300562 -34.212288 -0.287586 0.967195 -20.033388 0.96454 1.212883 1e-06 2e-06 -1e-06 -3.440425 0.788267 0.501599 -15.928191 -3.167362 2.999719 -6.338859 -6e-06 4e-06 -18.123653 3.648143 -4.905731 -5e-06 -2e-06 -3e-06 23.337263 8.327285 20.371792 55.680042 13.488525 15.052767 0.099849 25.462811 0.114032 -9.805695 0.14241 -0.952057 2.243598 -5.254873 -3.179789 14.282875 -0.826641 6.952662 -1.3e-05 -12.690619 2e-06 16.06164 -17.57667 2.645186 1.665667 -1.955925 -2.878319 4.727801 -4.170592 4.993896 11.020551 1.2e-05 7e-06 12.109108 -3.735702 -2.866828 -1e-06 0.0 1e-06 1.291981 -1.928568 -1.498122 14.800149 0.56749 3.865613 14.242591 -1.341723 -6.660692 19.632072 0.143952 -0.648239 49.842602 -0.707206 -6.367549 0.353025 -1.511177 -0.031978 20.222816 3.684337 2.316642 18.787323 1e-05 3.3e-05 10.751664 -0.479882 1.397947 1e-06 1e-06 -1e-06 3.273817 0.305916 -0.580163 21.486828 11.830409 2.266155 8.162951 2e-06 1.9e-05 18.399179 -3.79898 -4.940562 5e-06 -0.0 -2e-06 0.580017 -4.594678 4.259133 0.038839 -0.035294 3.909724 -2.921999 1.460641 -4.659604 1.648998 -2.03136 0.128845 0.0 0.0 1e-06 -4.761138 -3.859615 4.266552 -0.005994 0.082255 3.066381 4.148074 0.343637 -2.799371 -1.430221 0.904314 -0.851385 0.0 -0.0 -2e-06 
0.0 0.0 0.0 0.0 -0.0 0.0 -7.546312 100.056099 118.102203 1.97624 0.274982 -4.183514 -1.013627 -0.011188 -3.723131 -0.71251 0.430125 -6.540062 0.395024 -1.688923 11.654077 -2.081112 3.764963 9.511211 -0.779865 -0.732442 -3.586427 -1.050009 -0.89069 -5.841115 7.7e-05 -2.2e-05 6e-06 0.034048 0.027591 0.060907 0.755397 -3.697674 -10.60185 -0.690314 3.761421 -10.595848 -18.760311 -1.512385 18.012768 -57.293262 -8.050033 24.391806 0.075273 -20.287312 -0.001758 -1.154104 6.636277 -5.457954 -5.882016 9.861407 0.702397 -10.936932 -0.360674 7.156146 -2e-05 8.774791 -3e-06 -16.671581 17.731213 5.7236 -1.844025 2.498505 -2.507265 -10.16356 4.678946 4.621112 -20.975931 3.7e-05 -2.2e-05 -21.226238 2.451718 -3.594042 -1e-06 -5e-06 -0.0 -1.362686 2.240771 -0.74631 -21.334808 0.584971 3.008312 -13.821161 2.4e-05 -1.4e-05 -23.887108 -0.249041 -0.839546 -60.736317 2.703153 -1.597135 -0.294034 1.679651 0.833266 -14.218134 0.093273 1.300585 -34.211906 -0.287499 0.967118 -20.033176 0.964556 1.212807 3e-06 1e-06 1e-06 -3.440363 0.7882 0.501688 -15.928119 -3.167243 2.999698 -6.338802 1.4e-05 -2e-06 -18.123419 3.648218 -4.905705 -3e-06 -2e-06 -1e-06 23.620213 8.469501 20.371323 55.52866 13.924132 16.114952 0.155941 25.800861 0.135304 -9.412424 0.343796 -1.078989 2.243504 -5.255144 -3.180382 14.282962 -0.826462 6.952361 1.8e-05 -12.690537 -1.2e-05 16.028091 -17.598961 2.645832 1.665656 -1.955924 -2.87828 4.727778 -4.170573 4.993937 11.020468 -1.2e-05 -2e-06 12.108995 -3.735711 -2.866777 -1e-06 -0.0 -3e-06 1.291981 -1.928523 -1.498069 14.800045 0.567413 3.865619 14.242497 -1.341759 -6.660631 19.631834 0.143909 -0.648256 49.768654 -0.726698 -6.399076 0.353028 -1.511111 -0.031923 20.222677 3.684216 2.316639 18.787174 -1.8e-05 -1e-05 10.751588 -0.479875 1.397895 -1e-06 0.0 -1e-06 3.273757 0.305993 -0.580066 21.486725 11.830237 2.266138 8.162888 -7e-06 -2e-06 18.399004 -3.798987 -4.940573 4e-06 1e-06 -1e-06 0.645951 -4.359015 4.358543 0.041944 -0.024991 3.801555 -2.905954 1.459139 -4.701031 1.648458 -2.03492 0.178995 0.0 1e-06 3e-06 -4.71218 -3.701773 4.339524 -0.003867 0.082924 2.881505 4.182075 0.393484 -2.829957 -1.427637 0.895096 -0.781875 0.0 -0.0 -0.0 
0.0 0.0 0.0 0.0 -0.0 0.0 -7.592528 100.043701 118.324303 1.964027 0.079272 -4.005789 -0.969164 0.024194 -3.787053 -0.697288 0.461603 -6.554854 0.42499 -1.627075 11.675023 -2.050936 3.727802 9.539975 -0.777305 -0.750249 -3.589989 -1.017907 -0.916224 -5.710165 7.7e-05 -2.2e-05 6e-06 0.032062 0.025644 0.061201 0.75178 -3.697252 -10.599778 -0.690545 3.757235 -10.592694 -18.904482 -1.377287 17.851128 -57.249317 -7.405662 24.067413 0.08854 -20.634581 0.001371 -1.385401 6.26089 -6.388273 -5.881995 9.861441 0.702429 -10.936957 -0.36069 7.156159 -1.7e-05 8.774775 -0.0 -16.65415 17.739346 5.741477 -1.844021 2.498502 -2.507264 -10.163539 4.67893 4.621118 -20.975891 3e-05 -1.7e-05 -21.226179 2.451698 -3.594022 1e-06 -9e-06 -1e-06 -1.362676 2.240753 -0.746309 -21.33477 0.584978 3.008309 -13.821137 2e-05 -7e-06 -23.887037 -0.249048 -0.839524 -60.758331 2.72033 -1.622002 -0.294023 1.679625 0.833267 -14.218122 0.09329 1.300581 -34.211834 -0.287507 0.967133 -20.033142 0.964563 1.212816 -3e-06 -1e-06 1e-06 -3.440324 0.788156 0.501694 -15.928126 -3.167204 2.999687 -6.338788 1.1e-05 0.0 -18.123354 3.648196 -4.905683 -3e-06 -0.0 0.0 23.802967 8.607199 20.349768 55.456955 14.22303 17.115267 0.187499 25.955931 0.14976 -8.995395 0.466902 -1.098275 2.243525 -5.255193 -3.180382 14.282985 -0.826451 6.95237 1.8e-05 -12.690521 -3e-06 16.014389 -17.602654 2.625525 1.665655 -1.955925 -2.878277 4.727776 -4.170563 4.993938 11.020464 -1.4e-05 6e-06 12.108991 -3.735699 -2.86676 2e-06 -1e-06 4e-06 1.291978 -1.928504 -1.498066 14.80004 0.567398 3.865618 14.242499 -1.341754 -6.660623 19.631861 0.143895 -0.64824 49.703609 -0.731758 -6.432178 0.353024 -1.511093 -0.031921 20.22267 3.684195 2.316633 18.787186 -2.5e-05 -1e-06 10.751601 -0.479882 1.397901 1e-06 1e-06 -4e-06 3.273749 0.306014 -0.580052 21.486712 11.83019 2.266116 8.162885 -1e-05 -0.0 18.399 -3.798992 -4.940556 4e-06 -3e-06 -2e-06 0.708555 -4.178025 4.39489 0.042449 -0.012486 3.707653 -2.88558 1.479452 -4.738051 1.646085 -2.039664 0.197247 0.0 0.0 -0.0 -4.670871 -3.6092 4.378829 -0.000778 0.079911 2.672835 4.247459 0.481419 -2.831691 -1.422318 0.900094 -0.726071 0.0 -0.0 -1e-06 
0.0 0.0 0.0 0.0 -0.0 0.0 -7.613496 100.029419 118.517212 1.945882 -0.051802 -3.799023 -0.929092 0.044012 -3.839925 -0.67819 0.487696 -6.563566 0.460701 -1.554262 11.670699 -2.003564 3.70708 9.554846 -0.777199 -0.772883 -3.605472 -0.983111 -0.939822 -5.564732 7.7e-05 -2.2e-05 6e-06 0.029585 0.027844 0.058129 0.74959 -3.694057 -10.604366 -0.693245 3.758475 -10.596347 -19.032007 -1.292091 17.636677 -57.196053 -7.000546 23.290613 0.122524 -21.152094 -0.010963 -0.77006 5.77178 -7.221673 -5.882167 9.861242 0.702495 -10.936837 -0.360567 7.156149 7e-06 8.774836 -1.4e-05 -16.622265 17.718624 5.730147 -1.844033 2.498503 -2.507272 -10.1636 4.678939 4.621108 -20.976053 -2.3e-05 2.1e-05 -21.226343 2.451689 -3.593996 1e-06 -7e-06 -0.0 -1.362675 2.240802 -0.746319 -21.334938 0.584887 3.00834 -13.821238 -1.7e-05 1.5e-05 -23.88728 -0.249097 -0.839457 -60.684731 2.68865 -1.663529 -0.294018 1.679693 0.833261 -14.218224 0.093191 1.300596 -34.212135 -0.287592 0.967205 -20.033293 0.964522 1.212876 3e-06 2e-06 -0.0 -3.440388 0.788234 0.501664 -15.928201 -3.167335 2.999721 -6.338833 -8e-06 3e-06 -18.123522 3.648162 -4.905672 -3e-06 -1e-06 -2e-06 23.88184 8.700284 20.312662 55.48502 14.425507 17.882631 0.202456 25.884922 0.160759 -8.701765 0.522683 -1.014976 2.243549 -5.254972 -3.180091 14.282811 -0.826676 6.952564 -2.1e-05 -12.690648 5e-06 16.027634 -17.592236 2.59746 1.665673 -1.955917 -2.878307 4.727813 -4.170595 4.99391 11.020575 1.7e-05 -5e-06 12.109151 -3.735717 -2.866832 -0.0 -0.0 -4e-06 1.29199 -1.928571 -1.498095 14.800172 0.56751 3.865603 14.242626 -1.341724 -6.660681 19.632153 0.143966 -0.648261 49.700069 -0.733085 -6.452883 0.353035 -1.511179 -0.031942 20.222851 3.684382 2.316623 18.787355 3.2e-05 -4e-06 10.751681 -0.479859 1.397928 2e-06 -1e-06 -0.0 3.273837 0.305917 -0.580132 21.486851 11.83047 2.266145 8.16296 1.5e-05 -4e-06 18.399239 -3.798943 -4.940619 -1e-06 -1e-06 -4e-06 0.760362 -4.045221 4.368606 0.039765 -0.004635 3.632932 -2.87643 1.520184 -4.783948 1.644153 -2.04697 0.216061 0.0 0.0 1e-06 -4.647445 -3.6363 4.376244 0.005451 0.075363 2.480911 4.34151 0.622977 -2.822219 -1.41617 0.920719 -0.685021 0.0 -0.0 -4e-06 
0.0 0.0 0.0 0.0 -0.0 0.0 -7.617103 100.018417 118.687645 1.919668 -0.120988 -3.555973 -0.892984 0.047751 -3.882149 -0.664569 0.50897 -6.572673 0.504768 -1.485971 11.64012 -1.932941 3.686714 9.542895 -0.781306 -0.771862 -3.619746 -0.927833 -0.975165 -5.425272 7.7e-05 -2.2e-05 6e-06 0.026637 0.033544 0.054489 0.748824 -3.688349 -10.609839 -0.698269 3.764087 -10.600402 -19.153605 -1.271917 17.399628 -57.098141 -6.825635 22.451954 0.177319 -21.759054 -0.039141 0.305913 5.280595 -7.923187 -5.882027 9.861401 0.702573 -10.936881 -0.360624 7.156241 1e-06 8.774788 8e-06 -16.560133 17.694181 5.730912 -1.844027 2.4985 -2.507272 -10.163563 4.678919 4.621105 -20.975962 -4e-06 -8e-06 -21.226269 2.451663 -3.594012 1e-06 -4e-06 -1e-06 -1.362674 2.240748 -0.746319 -21.334843 0.584943 3.0083 -13.821177 -2e-06 -2e-06 -23.887169 -0.249099 -0.839496 -60.564812 2.635084 -1.681527 -0.294016 1.679621 0.833257 -14.218166 0.09327 1.300564 -34.211967 -0.287559 0.967158 -20.033209 0.964543 1.212843 1e-06 -0.0 0.0 -3.440338 0.788144 0.501668 -15.928159 -3.167218 2.999679 -6.338809 -0.0 4e-06 -18.123436 3.648155 -4.905686 -1e-06 0.0 -2e-06 23.879202 8.771859 20.256651 55.595684 14.542076 18.450027 0.177039 25.600756 0.156031 -8.5439 0.543264 -0.884519 2.243569 -5.255086 -3.180068 14.282927 -0.826502 6.952537 -1e-05 -12.69053 5e-06 16.051563 -17.578279 2.578923 1.665658 -1.955924 -2.878299 4.727777 -4.170555 4.993917 11.020493 9e-06 6e-06 12.109019 -3.735652 -2.866786 -1e-06 -1e-06 1e-06 1.291969 -1.928502 -1.498096 14.800082 0.56742 3.865613 14.242522 -1.341714 -6.660654 19.631937 0.143953 -0.648224 49.742802 -0.736195 -6.452712 0.353007 -1.511085 -0.031956 20.222729 3.684219 2.316631 18.787216 2e-06 2.7e-05 10.75162 -0.479879 1.397932 1e-06 2e-06 0.0 3.27374 0.306038 -0.58011 21.486782 11.830202 2.266108 8.162913 0.0 1.7e-05 18.399069 -3.798963 -4.940533 5e-06 3e-06 -1e-06 0.811887 -3.918355 4.257105 0.037302 -0.002307 3.606667 -2.891872 1.549972 -4.846978 1.642232 -2.053665 0.234798 0.0 0.0 1e-06 -4.634677 -3.782588 4.327232 0.013133 0.077967 2.293417 4.418406 0.791189 -2.803327 -1.410501 0.93843 -0.646338 -0.0 -0.0 1e-06 
0.0 0.0 0.0 0.0 -0.0 0.0 -7.587842 100.016991 118.850349 1.895951 -0.112032 -3.279274 -0.875496 0.038902 -3.906613 -0.653817 0.524746 -6.58624 0.540607 -1.455434 11.577714 -1.831456 3.660079 9.490122 -0.791396 -0.735341 -3.633425 -0.843296 -1.031267 -5.312035 7.7e-05 -2.2e-05 6e-06 0.023971 0.040844 0.04942 0.749171 -3.681063 -10.619702 -0.703841 3.771091 -10.610366 -19.235928 -1.30848 17.180092 -56.955055 -6.88527 21.807657 0.259342 -22.424271 -0.08062 1.412093 4.850813 -8.418361 -5.881994 9.861403 0.702435 -10.936944 -0.360681 7.156152 -1e-05 8.774778 -4e-06 -16.480398 17.684206 5.754812 -1.844021 2.498502 -2.507264 -10.16353 4.678924 4.621115 -20.975874 1.1e-05 -1.4e-05 -21.226145 2.451672 -3.594013 -2e-06 -5e-06 -0.0 -1.36267 2.240755 -0.746312 -21.33477 0.584962 3.008316 -13.82112 7e-06 -6e-06 -23.887005 -0.249081 -0.839498 -60.464447 2.587433 -1.6505 -0.294013 1.679629 0.833262 -14.218128 0.093282 1.300585 -34.2118 -0.287539 0.967146 -20.033113 0.964547 1.21283 -2e-06 -0.0 -1e-06 -3.440308 0.788161 0.501687 -15.928144 -3.167211 2.999693 -6.338785 5e-06 1e-06 -18.123323 3.648178 -4.905672 -3e-06 -1e-06 -2e-06 23.820906 8.836988 20.189785 55.763306 14.557471 18.745119 0.166723 25.179403 0.165261 -8.48837 0.528691 -0.69387 2.243506 -5.255086 -3.180174 14.282944 -0.826491 6.95249 2e-05 -12.690552 -4e-06 16.07021 -17.557732 2.565544 1.66566 -1.955928 -2.878292 4.727793 -4.170583 4.993921 11.02051 -1.5e-05 -5e-06 12.109078 -3.735723 -2.866819 -1e-06 -1e-06 1e-06 1.291986 -1.928525 -1.49809 14.800071 0.567414 3.865612 14.242543 -1.341752 -6.660668 19.631958 0.143904 -0.648283 49.770126 -0.739677 -6.433825 0.353035 -1.511117 -0.031948 20.222712 3.684227 2.316632 18.787239 -2.3e-05 -8e-06 10.751628 -0.479884 1.397911 -2e-06 0.0 0.0 3.273783 0.305977 -0.580105 21.486732 11.830243 2.266134 8.162914 -9e-06 1e-06 18.399099 -3.798998 -4.940602 3e-06 -1e-06 -1e-06 0.856226 -3.771578 4.057152 0.034315 -0.005828 3.627421 -2.909318 1.523811 -4.893024 1.642924 -2.055727 0.259677 0.0 0.0 1e-06 -4.632184 -4.015483 4.22377 0.018423 0.080446 2.132448 4.456951 0.941646 -2.785296 -1.406831 0.945549 -0.619323 0.0 -0.0 -4e-06 
0.0 0.0 0.0 0.0 -0.0 0.0 -7.54196 100.029526 119.010818 1.864575 -0.043842 -2.974563 -0.87179 0.028259 -3.908387 -0.644208 0.524836 -6.594049 0.569219 -1.46697 11.466388 -1.716673 3.621077 9.382962 -0.788723 -0.667008 -3.637074 -0.750851 -1.095435 -5.22898 7.7e-05 -2.2e-05 6e-06 0.02206 0.046574 0.043196 0.749253 -3.675508 -10.628711 -0.707609 3.776568 -10.621235 -19.237511 -1.392491 16.983027 -56.802719 -7.128339 21.363132 0.310268 -23.131605 -0.118146 2.380629 4.465771 -8.6675 -5.881949 9.861467 0.702292 -10.936977 -0.360679 7.156092 -1.6e-05 8.77478 -1e-06 -16.392107 17.688293 5.773823 -1.844019 2.498501 -2.507258 -10.163512 4.678927 4.621123 -20.975813 1.7e-05 -2.5e-05 -21.226059 2.451684 -3.59401 1e-06 -6e-06 1e-06 -1.362669 2.240753 -0.746302 -21.334721 0.584966 3.00831 -13.821078 1.3e-05 -1.4e-05 -23.886869 -0.249065 -0.839513 -60.363457 2.550725 -1.605646 -0.294013 1.679627 0.833283 -14.218101 0.093282 1.300583 -34.211681 -0.287527 0.967117 -20.033045 0.964541 1.212809 2e-06 -1e-06 0.0 -3.440295 0.788162 0.501709 -15.928127 -3.16722 2.999684 -6.338765 9e-06 -3e-06 -18.123243 3.6482 -4.905669 -3e-06 -0.0 -1e-06 23.688848 8.897323 20.100954 55.993454 14.449458 18.744015 0.222079 24.71435 0.202271 -8.451426 0.492807 -0.47644 2.243474 -5.255215 -3.180367 14.282985 -0.826423 6.952381 1.4e-05 -12.690495 -3e-06 16.069677 -17.530157 2.546528 1.665651 -1.955924 -2.878279 4.727767 -4.170554 4.993937 11.020432 -1e-05 -7e-06 12.108935 -3.735673 -2.866766 -2e-06 -1e-06 3e-06 1.291975 -1.928489 -1.49807 14.800016 0.567386 3.865609 14.242454 -1.341744 -6.660627 19.631741 0.143927 -0.648251 49.780483 -0.740125 -6.417611 0.353019 -1.511074 -0.031927 20.222639 3.684171 2.316623 18.787115 -1.4e-05 -8e-06 10.751556 -0.479876 1.397894 1e-06 2e-06 0.0 3.273726 0.306044 -0.58006 21.486704 11.830145 2.266102 8.16286 -4e-06 1e-06 18.39889 -3.798977 -4.940539 5e-06 3e-06 -5e-06 0.908965 -3.612718 3.767926 0.028601 -0.017759 3.716055 -2.94977 1.428715 -4.911678 1.644586 -2.046222 0.311827 0.0 0.0 3e-06 -4.62301 -4.284771 4.073428 0.02071 0.081267 2.000886 4.467156 1.036812 -2.776628 -1.405342 0.945479 -0.60479 -0.0 -0.0 6e-06 
0.0 0.0 0.0 0.0 -0.0 0.0 -7.486761 100.048721 119.155609 1.831802 0.064242 -2.666392 -0.878764 0.018428 -3.889702 -0.644492 0.499995 -6.58791 0.585741 -1.493452 11.32109 -1.579459 3.556036 9.231349 -0.77539 -0.594472 -3.636646 -0.667313 -1.153657 -5.164894 7.7e-05 -2.2e-05 5e-06 0.021168 0.04656 0.036545 0.748183 -3.675747 -10.63389 -0.708146 3.775851 -10.628654 -19.148672 -1.537353 16.821001 -56.665905 -7.494055 21.151957 0.324285 -23.875856 -0.14038 3.163979 4.064631 -8.758171 -5.882129 9.861216 0.702721 -10.936812 -0.360522 7.156295 -2e-06 8.774855 -3e-06 -16.303637 17.711046 5.77963 -1.844035 2.498506 -2.507284 -10.16363 4.678964 4.621086 -20.976124 2e-06 0.0 -21.226484 2.451717 -3.594066 -1e-06 -7e-06 -0.0 -1.362693 2.240821 -0.746333 -21.334961 0.584889 3.008317 -13.821274 -0.0 2e-06 -23.887419 -0.249078 -0.839521 -60.269077 2.54067 -1.582418 -0.294041 1.679715 0.833244 -14.218225 0.093182 1.300575 -34.212234 -0.287558 0.967174 -20.033356 0.964547 1.212862 1e-06 1e-06 1e-06 -3.440435 0.788282 0.501633 -15.92817 -3.167372 2.999722 -6.338856 -0.0 1e-06 -18.123631 3.648184 -4.905729 -6e-06 -1e-06 -3e-06 23.497108 8.944328 19.965322 56.25259 14.21956 18.579819 0.333887 24.285906 0.25064 -8.330259 0.446125 -0.184879 2.243537 -5.254954 -3.180143 14.282871 -0.82659 6.952496 5e-06 -12.690621 -1.7e-05 16.073277 -17.517076 2.513278 1.665665 -1.955923 -2.878301 4.727804 -4.170601 4.993913 11.020548 -1e-06 -3e-06 12.109119 -3.735737 -2.866829 1e-06 -1e-06 3e-06 1.291991 -1.928572 -1.498102 14.800131 0.567477 3.865617 14.242599 -1.341747 -6.66068 19.632072 0.143926 -0.648276 49.777748 -0.739782 -6.436356 0.353038 -1.511178 -0.031954 20.222794 3.68433 2.316654 18.787308 5e-06 -5e-06 10.751649 -0.47987 1.39792 2e-06 2e-06 -3e-06 3.27383 0.305904 -0.58013 21.486805 11.830406 2.266176 8.162946 5e-06 -3e-06 18.399185 -3.798972 -4.940624 5e-06 -0.0 -6e-06 0.964891 -3.432825 3.443032 0.023032 -0.036849 3.838427 -3.008737 1.26559 -4.916896 1.648514 -2.025307 0.373614 0.0 0.0 3e-06 -4.613875 -4.566989 3.902198 0.021415 0.083034 1.902993 4.468028 1.089024 -2.798251 -1.406704 0.938021 -0.591626 0.0 -0.0 -1e-06 
0.0 0.0 0.0 0.0 -0.0 0.0 -7.443967 100.066498 119.302132 1.794587 0.181865 -2.377148 -0.888009 0.011342 -3.848239 -0.651975 0.458966 -6.568602 0.590938 -1.520136 11.166852 -1.419519 3.490667 9.070939 -0.764621 -0.564581 -3.638456 -0.611416 -1.190752 -5.139999 7.7e-05 -2.2e-05 5e-06 0.02112 0.041978 0.032916 0.747424 -3.680927 -10.635372 -0.707351 3.770765 -10.632477 -19.002213 -1.725764 16.668335 -56.537819 -7.90878 21.076591 0.31756 -24.687056 -0.153577 3.819445 3.601055 -8.763209 -5.882074 9.861338 0.702637 -10.93688 -0.360601 7.156269 2e-06 8.774804 3e-06 -16.209099 17.736666 5.794061 -1.844027 2.4985 -2.507276 -10.163569 4.678927 4.621101 -20.975986 -5e-06 3e-06 -21.226292 2.451676 -3.594017 -3e-06 -6e-06 -2e-06 -1.36267 2.240762 -0.746326 -21.334858 0.584927 3.008315 -13.821193 -0.0 8e-06 -23.887197 -0.249089 -0.839485 -60.190952 2.548032 -1.573099 -0.294012 1.679642 0.833255 -14.218176 0.093247 1.300573 -34.212006 -0.28755 0.967182 -20.033236 0.964556 1.212859 -1e-06 -0.0 -1e-06 -3.440338 0.788164 0.501662 -15.928168 -3.167251 2.999695 -6.338817 -0.0 7e-06 -18.123461 3.648167 -4.905687 -4e-06 1e-06 -3e-06 23.28438 8.985609 19.806599 56.486542 13.888398 18.35029 0.448023 23.931149 0.287983 -8.099755 0.345607 0.132726 2.243531 -5.255089 -3.180156 14.282868 -0.8266 6.952537 -2e-05 -12.690592 1.2e-05 16.099619 -17.516764 2.461849 1.665665 -1.95592 -2.878299 4.727791 -4.170572 4.993915 11.020528 1.7e-05 -5e-06 12.109078 -3.735685 -2.866807 0.0 0.0 2e-06 1.291975 -1.928529 -1.498087 14.800118 0.567469 3.865597 14.242562 -1.341717 -6.66067 19.632025 0.143969 -0.648254 49.773643 -0.719696 -6.482966 0.353014 -1.511119 -0.031939 20.22278 3.684306 2.316616 18.78727 2.3e-05 1e-05 10.75164 -0.479866 1.397925 3e-06 2e-06 -1e-06 3.273769 0.306 -0.580104 21.486811 11.830331 2.266105 8.162925 8e-06 3e-06 18.39912 -3.798954 -4.940567 3e-06 -1e-06 -3e-06 1.026249 -3.220093 3.103791 0.020849 -0.053998 4.021966 -3.111254 1.053092 -4.962477 1.654271 -1.999799 0.406538 0.0 0.0 5e-06 -4.59358 -4.803339 3.722374 0.019805 0.08257 1.853208 4.459994 1.113735 -2.829094 -1.410509 0.929945 -0.57855 0.0 -0.0 -0.0 
0.0 0.0 0.0 0.0 -0.0 0.0 -7.390628 100.08094 119.43808 1.759827 0.27481 -2.11969 -0.893334 0.007919 -3.793235 -0.663904 0.41726 -6.547076 0.589211 -1.537177 11.021791 -1.251688 3.434662 8.946812 -0.770628 -0.565288 -3.6421 -0.551952 -1.22496 -5.149269 7.7e-05 -2.2e-05 6e-06 0.020529 0.033481 0.032001 0.746314 -3.690455 -10.638308 -0.707422 3.762859 -10.635175 -18.867746 -1.918084 16.523046 -56.382607 -8.33476 21.057117 0.324461 -25.517641 -0.170455 4.364486 3.151258 -8.718967 -5.882056 9.861313 0.702574 -10.936875 -0.360616 7.156194 1.1e-05 8.774793 -7e-06 -16.12949 17.767282 5.824041 -1.844026 2.4985 -2.507271 -10.163549 4.67891 4.621105 -20.975927 -3.7e-05 3e-06 -21.226181 2.451628 -3.593973 0.0 -4e-06 -0.0 -1.362665 2.240765 -0.746321 -21.334843 0.58491 3.008314 -13.821151 -2.3e-05 7e-06 -23.887051 -0.249136 -0.839442 -60.149391 2.562253 -1.571505 -0.294001 1.679643 0.833252 -14.218183 0.093241 1.300578 -34.211906 -0.287607 0.967196 -20.033165 0.964518 1.212875 -2e-06 2e-06 -0.0 -3.440329 0.788163 0.501659 -15.928191 -3.167244 2.999696 -6.338797 -1.2e-05 3e-06 -18.123352 3.648127 -4.905651 -3e-06 1e-06 -2e-06 23.07329 9.019458 19.656736 56.662971 13.527895 18.109697 0.509033 23.586845 0.300355 -7.859969 0.142708 0.522679 2.243571 -5.255032 -3.180029 14.282882 -0.826576 6.952555 -2e-05 -12.690577 4e-06 16.140274 -17.518024 2.41823 1.665664 -1.955921 -2.878307 4.727785 -4.170569 4.993912 11.02053 1.8e-05 8e-06 12.109074 -3.735673 -2.866795 0.0 -1e-06 0.0 1.29197 -1.928527 -1.4981 14.800122 0.56746 3.865606 14.242568 -1.34171 -6.660659 19.632042 0.143958 -0.648233 49.78756 -0.68619 -6.523804 0.35301 -1.511118 -0.031953 20.222784 3.684291 2.316633 18.787273 2.2e-05 2.5e-05 10.751642 -0.479871 1.397932 1e-06 3e-06 0.0 3.273766 0.306002 -0.580119 21.48682 11.830308 2.266117 8.162933 8e-06 1.1e-05 18.399132 -3.798955 -4.940542 3e-06 -1e-06 0.0 1.078351 -2.997852 2.789513 0.023586 -0.071052 4.240723 -3.192805 0.842565 -5.055546 1.658291 -1.980319 0.412027 0.0 0.0 -0.0 -4.573906 -4.993576 3.55274 0.013807 0.074196 1.843844 4.436757 1.155488 -2.855455 -1.415863 0.925961 -0.576521 0.0 -0.0 -0.0 
0.0 0.0 0.0 0.0 -0.0 0.0 -7.329885 100.092903 119.562843 1.729463 0.313742 -1.907488 -0.889424 0.011585 -3.741686 -0.676633 0.374488 -6.526574 0.583663 -1.54124 10.904353 -1.10523 3.399258 8.884172 -0.785729 -0.58672 -3.642718 -0.491301 -1.252539 -5.173915 7.7e-05 -2.2e-05 6e-06 0.018835 0.024717 0.034521 0.742071 -3.699476 -10.637009 -0.706697 3.754444 -10.632163 -18.789562 -2.072542 16.384577 -56.232098 -8.747388 20.918743 0.344472 -26.244167 -0.190423 4.854449 2.761776 -8.783346 -5.882147 9.861251 0.702704 -10.936826 -0.360599 7.156238 2.6e-05 8.774791 -3e-06 -16.065422 17.791269 5.868565 -1.844029 2.498499 -2.507281 -10.163581 4.678899 4.621101 -20.976019 -5.9e-05 3e-05 -21.226286 2.451607 -3.59394 1e-06 -7e-06 -3e-06 -1.36266 2.240761 -0.746336 -21.334929 0.584897 3.008324 -13.821213 -3.8e-05 2.5e-05 -23.887222 -0.249159 -0.839394 -60.132755 2.583681 -1.561653 -0.293998 1.679636 0.833241 -14.218224 0.093237 1.300581 -34.212055 -0.287634 0.967243 -20.033245 0.964516 1.212906 -2e-06 0.0 -0.0 -3.440346 0.788145 0.501637 -15.928225 -3.167243 2.999705 -6.33883 -1.9e-05 8e-06 -18.12348 3.648098 -4.905634 -3e-06 -0.0 -1e-06 22.873283 9.050942 19.51656 56.7803 13.19573 17.799019 0.523753 23.171831 0.29214 -7.73069 -0.091756 0.900056 2.243633 -5.254992 -3.180033 14.282855 -0.826603 6.952541 -4.4e-05 -12.690585 -2e-06 16.181026 -17.516405 2.397567 1.665663 -1.955921 -2.878306 4.727782 -4.170564 4.993914 11.020534 3.9e-05 1.5e-05 12.109059 -3.735651 -2.866776 -0.0 1e-06 1e-06 1.291956 -1.928526 -1.498096 14.800155 0.567482 3.865618 14.242556 -1.341688 -6.660642 19.632044 0.144003 -0.64817 49.800411 -0.65954 -6.538972 0.352995 -1.511122 -0.031951 20.22283 3.684322 2.316645 18.787294 4.9e-05 4.9e-05 10.751657 -0.479858 1.397948 0.0 1e-06 2e-06 3.273753 0.306011 -0.58012 21.486883 11.830334 2.266136 8.162941 2.3e-05 1.9e-05 18.399132 -3.798915 -4.940499 3e-06 2e-06 -3e-06 1.115036 -2.799398 2.54088 0.026387 -0.087043 4.456418 -3.231389 0.691839 -5.170948 1.65964 -1.969555 0.413171 0.0 0.0 3e-06 -4.562374 -5.129846 3.413451 0.008217 0.05871 1.855819 4.406497 1.217955 -2.870726 -1.421867 0.923026 -0.591151 0.0 -0.0 -0.0 
0.0 0.0 0.0 0.0 -0.0 0.0 -7.265776 100.103867 119.66832 1.701427 0.313343 -1.743958 -0.874427 0.021792 -3.701654 -0.687495 0.340977 -6.500046 0.565665 -1.550247 10.814515 -0.975636 3.379118 8.892267 -0.804476 -0.628466 -3.640995 -0.440744 -1.286776 -5.198165 7.7e-05 -2.2e-05 6e-06 0.016901 0.015792 0.038445 0.735891 -3.707469 -10.634493 -0.704638 3.745335 -10.627314 -18.778381 -2.191627 16.259268 -56.107582 -9.120912 20.591604 0.344198 -26.789749 -0.202159 5.369575 2.449225 -9.098927 -5.882088 9.86137 0.702413 -10.936913 -0.360611 7.156134 1e-06 8.774808 -3e-06 -16.007555 17.825014 5.92474 -1.844021 2.4985 -2.507266 -10.163554 4.678926 4.62112 -20.975946 -7e-06 1.7e-05 -21.226223 2.45169 -3.593974 -1e-06 -6e-06 -0.0 -1.362668 2.240771 -0.746306 -21.334839 0.584921 3.008329 -13.821168 -5e-06 1.1e-05 -23.887129 -0.249083 -0.83945 -60.114536 2.604125 -1.544472 -0.294011 1.679655 0.833272 -14.218167 0.09324 1.300585 -34.211922 -0.28756 0.967195 -20.033182 0.964543 1.212864 1e-06 -0.0 0.0 -3.440332 0.788183 0.501697 -15.928174 -3.167265 2.999694 -6.338804 -0.0 7e-06 -18.123402 3.648172 -4.90565 -4e-06 1e-06 0.0 22.682844 9.076413 19.390812 56.846783 12.929966 17.384539 0.524766 22.686203 0.272329 -7.723641 -0.330204 1.312746 2.243494 -5.255081 -3.180269 14.282907 -0.826565 6.952462 9e-06 -12.6906 -4e-06 16.211966 -17.504581 2.389873 1.665664 -1.955922 -2.878295 4.727792 -4.170589 4.993924 11.020509 -4e-06 -1.1e-05 12.10907 -3.735728 -2.866819 -0.0 1e-06 1e-06 1.291988 -1.928547 -1.498082 14.80009 0.567459 3.865603 14.242558 -1.341747 -6.66067 19.631992 0.143936 -0.648287 49.779892 -0.643481 -6.53106 0.353032 -1.511146 -0.031935 20.222734 3.68429 2.316628 18.787239 -1e-06 -1.8e-05 10.75162 -0.479867 1.397904 -1e-06 3e-06 -3e-06 3.273788 0.30595 -0.580097 21.486765 11.830359 2.266138 8.16291 0.0 -6e-06 18.399082 -3.798979 -4.940608 2e-06 1e-06 -0.0 1.137625 -2.633321 2.355145 0.031041 -0.098225 4.670125 -3.233722 0.585002 -5.269523 1.659963 -1.978988 0.409238 0.0 0.0 3e-06 -4.554261 -5.216155 3.318519 0.00496 0.043973 1.867879 4.397107 1.276411 -2.872785 -1.426247 0.925106 -0.609254 0.0 -0.0 -1e-06 
0.0 0.0 0.0 0.0 -0.0 0.0 -7.218111 100.111626 119.770515 1.663374 0.254329 -1.605724 -0.850944 0.0349 -3.688346 -0.689023 0.314276 -6.482212 0.542062 -1.580294 10.762985 -0.869408 3.356512 8.943634 -0.82276 -0.664441 -3.631644 -0.412467 -1.334204 -5.222725 7.7e-05 -2.2e-05 6e-06 0.01518 0.01096 0.042686 0.729395 -3.710554 -10.628921 -0.701898 3.739806 -10.621033 -18.804089 -2.275869 16.117012 -56.022671 -9.442294 20.185371 0.308349 -27.135614 -0.192504 5.933686 2.253609 -9.513384 -5.882196 9.861027 0.702933 -10.936701 -0.360346 7.156405 -1.2e-05 8.774956 -8e-06 -15.951873 17.859745 5.981767 -1.844049 2.498509 -2.507301 -10.163732 4.679036 4.621054 -20.976351 2.2e-05 -1e-05 -21.226807 2.451809 -3.59418 -1e-06 -6e-06 -1e-06 -1.362725 2.24092 -0.74635 -21.335125 0.584818 3.008312 -13.821425 9e-06 -1e-05 -23.887842 -0.249041 -0.839616 -60.093426 2.618333 -1.51989 -0.29408 1.679847 0.833234 -14.218302 0.093054 1.300567 -34.21265 -0.28754 0.967147 -20.033571 0.964552 1.212856 -0.0 -2e-06 0.0 -3.440569 0.788477 0.501578 -15.928164 -3.167594 2.99976 -6.338921 5e-06 -5e-06 -18.123926 3.648238 -4.905838 -3e-06 -1e-06 -3e-06 22.466482 9.11073 19.244398 56.891022 12.676025 16.911602 0.511115 22.209723 0.24314 -7.807216 -0.550643 1.802927 2.243562 -5.254752 -3.179873 14.282735 -0.82684 6.952697 4e-06 -12.690783 -5e-06 16.224476 -17.486933 2.393691 1.665684 -1.955922 -2.878324 4.727866 -4.170659 4.993886 11.020695 -4e-06 -8e-06 12.109376 -3.735825 -2.866908 -1e-06 -0.0 0.0 1.292029 -1.928662 -1.498118 14.80027 0.567581 3.865598 14.242794 -1.341766 -6.660752 19.632523 0.143913 -0.648355 49.739704 -0.623817 -6.51273 0.353082 -1.511303 -0.031968 20.222965 3.68451 2.316649 18.787561 1e-05 -3.1e-05 10.751781 -0.479865 1.397929 -1e-06 0.0 -1e-06 3.273984 0.305728 -0.580193 21.486876 11.830736 2.266214 8.163041 4e-06 -1.9e-05 18.399546 -3.798988 -4.940759 3e-06 -1e-06 0.0 1.162932 -2.500615 2.20483 0.038366 -0.099219 4.893625 -3.210886 0.51493 -5.365117 1.659122 -2.003963 0.395833 -0.0 0.0 -1e-06 -4.530734 -5.239479 3.253808 0.004906 0.034455 1.87276 4.407566 1.308343 -2.860217 -1.427999 0.927662 -0.622065 0.0 -0.0 -4e-06 
0.0 0.0 0.0 0.0 -0.0 0.0 -7.191371 100.111557 119.892418 1.615849 0.146864 -1.481823 -0.824662 0.043354 -3.697052 -0.682717 0.287584 -6.475134 0.514559 -1.641088 10.737837 -0.797287 3.328379 9.002733 -0.831421 -0.669919 -3.626056 -0.407773 -1.354002 -5.242848 7.7e-05 -2.2e-05 6e-06 0.01354 0.006021 0.043315 0.72561 -3.713181 -10.62461 -0.701642 3.733593 -10.615235 -18.813921 -2.33591 16.001747 -56.012203 -9.714556 19.817337 0.273145 -27.195578 -0.162896 6.377123 2.209141 -9.867563 -5.882146 9.86127 0.702582 -10.936824 -0.360554 7.15621 9e-06 8.774828 -4e-06 -15.926131 17.876814 6.011351 -1.844034 2.498503 -2.507274 -10.163608 4.678934 4.621104 -20.976074 -2.3e-05 1.9e-05 -21.226389 2.451676 -3.593991 1e-06 -5e-06 -0.0 -1.362678 2.240795 -0.746319 -21.334944 0.584896 3.008325 -13.821247 -1.4e-05 9e-06 -23.887329 -0.249105 -0.839463 -60.074268 2.604965 -1.475976 -0.294023 1.679683 0.83326 -14.218224 0.093207 1.300578 -34.212143 -0.287591 0.967204 -20.033293 0.964531 1.212878 -1e-06 -0.0 -1e-06 -3.440399 0.788222 0.501659 -15.928194 -3.167311 2.999707 -6.338838 -6e-06 2e-06 -18.123541 3.648148 -4.905674 -2e-06 3e-06 -3e-06 22.206295 9.150314 19.101839 56.964035 12.455633 16.43701 0.472261 21.825779 0.21334 -7.931502 -0.701961 2.255699 2.243584 -5.254979 -3.180123 14.282842 -0.826608 6.95251 -2.6e-05 -12.69061 -1.1e-05 16.214182 -17.470348 2.413275 1.665665 -1.955922 -2.878301 4.727793 -4.17058 4.993913 11.020548 2.6e-05 6e-06 12.109095 -3.735684 -2.8668 -1e-06 1e-06 -3e-06 1.291973 -1.928549 -1.498096 14.800151 0.567488 3.865615 14.242588 -1.341712 -6.660655 19.632086 0.143975 -0.648216 49.707863 -0.603887 -6.479507 0.353016 -1.511152 -0.031947 20.22283 3.68434 2.316649 18.787319 3.4e-05 2e-05 10.751666 -0.479857 1.397933 3e-06 3e-06 -1e-06 3.2738 0.305956 -0.580121 21.486862 11.830395 2.266157 8.162947 1.9e-05 6e-06 18.399185 -3.798941 -4.940569 2e-06 2e-06 -1e-06 1.20627 -2.344682 2.085747 0.044523 -0.097734 5.108863 -3.17037 0.457869 -5.469017 1.657638 -2.030781 0.39492 -0.0 0.0 -1e-06 -4.489338 -5.21209 3.202351 0.009026 0.034047 1.876499 4.418748 1.341486 -2.832424 -1.426891 0.931861 -0.618386 -0.0 -0.0 2e-06 
0.0 0.0 0.0 0.0 -0.0 0.0 -7.158637 100.107941 120.042969 1.56993 -0.001581 -1.360862 -0.803835 0.045529 -3.703782 -0.670613 0.272747 -6.469697 0.48812 -1.72374 10.702587 -0.764379 3.304987 9.034175 -0.820246 -0.65442 -3.624039 -0.424708 -1.318985 -5.261204 7.7e-05 -2.2e-05 6e-06 0.012783 0.006949 0.039339 0.726304 -3.710959 -10.622662 -0.703947 3.733999 -10.612084 -18.777985 -2.37483 15.920642 -56.072441 -9.934732 19.632124 0.240642 -26.986797 -0.1248 6.549597 2.276519 -10.041429 -5.881996 9.861499 0.702258 -10.937008 -0.360777 7.156057 -7e-06 8.774733 -6e-06 -15.897905 17.870104 6.02351 -1.844013 2.4985 -2.507252 -10.163491 4.678895 4.621134 -20.975788 5e-06 -2e-06 -21.226021 2.451644 -3.593952 -2e-06 -6e-06 -0.0 -1.362655 2.24071 -0.746301 -21.3347 0.585 3.008326 -13.821067 5e-06 4e-06 -23.886841 -0.249084 -0.839455 -60.041721 2.578201 -1.43858 -0.293995 1.679572 0.833274 -14.218096 0.093341 1.300595 -34.211639 -0.287539 0.967159 -20.033033 0.964545 1.212833 0.0 1e-06 -2e-06 -3.44025 0.788071 0.501722 -15.928146 -3.167112 2.999681 -6.338759 1e-06 4e-06 -18.123211 3.648158 -4.90562 -3e-06 0.0 -3e-06 21.935652 9.179249 18.966276 57.042496 12.23442 16.052568 0.424924 21.651667 0.191641 -8.06044 -0.78835 2.464503 2.243459 -5.255267 -3.18045 14.282963 -0.826408 6.952361 7e-06 -12.690484 3e-06 16.197906 -17.458811 2.4268 1.665655 -1.955922 -2.878277 4.727767 -4.170548 4.993941 11.020446 -4e-06 -5e-06 12.108967 -3.735663 -2.866767 -1e-06 1e-06 -0.0 1.291974 -1.928475 -1.498067 14.800019 0.567382 3.8656 14.24247 -1.341728 -6.660625 19.631796 0.143953 -0.648263 49.681904 -0.587091 -6.457331 0.353014 -1.511051 -0.031922 20.222652 3.684163 2.31661 18.787136 1e-06 -2e-05 10.751573 -0.479863 1.397882 1e-06 3e-06 0.0 3.273717 0.306075 -0.580057 21.486713 11.830122 2.266082 8.162861 -1e-06 -8e-06 18.398918 -3.798946 -4.94055 3e-06 2e-06 -2e-06 1.256278 -2.176821 1.986117 0.047439 -0.089988 5.300649 -3.116302 0.413418 -5.57942 1.656383 -2.041226 0.407197 0.0 0.0 5e-06 -4.439721 -5.145189 3.144097 0.016989 0.035216 1.876836 4.43101 1.389901 -2.803345 -1.42401 0.938365 -0.606601 0.0 -0.0 -0.0 
0.0 0.0 0.0 0.0 -0.0 0.0 -7.124975 100.104759 120.225098 1.527334 -0.175328 -1.246269 -0.785499 0.045092 -3.688154 -0.65568 0.273365 -6.463359 0.46357 -1.82172 10.644036 -0.755658 3.275076 9.039376 -0.796971 -0.615112 -3.624277 -0.450226 -1.236411 -5.303336 7.7e-05 -2.2e-05 6e-06 0.01273 0.012825 0.03139 0.729279 -3.705739 -10.624876 -0.707016 3.740606 -10.610476 -18.682899 -2.430562 15.903728 -56.19632 -10.122297 19.673155 0.182608 -26.590107 -0.076545 6.474985 2.391068 -9.944765 -5.882242 9.861025 0.703107 -10.936724 -0.360419 7.156462 1.8e-05 8.774896 -4e-06 -15.869363 17.837191 6.029966 -1.844041 2.498507 -2.507305 -10.163677 4.678966 4.621062 -20.976263 -3.5e-05 3.2e-05 -21.226656 2.451701 -3.594063 -5e-06 -6e-06 -2e-06 -1.36269 2.240852 -0.746362 -21.335087 0.584829 3.008327 -13.821371 -2.1e-05 2.7e-05 -23.887678 -0.249103 -0.839483 -60.001465 2.555476 -1.399088 -0.294032 1.679752 0.833215 -14.2183 0.093122 1.300574 -34.212502 -0.287594 0.967256 -20.033499 0.964553 1.212925 0.0 1e-06 -0.0 -3.440469 0.78832 0.501574 -15.92822 -3.167442 2.999747 -6.338896 -1.2e-05 9e-06 -18.123785 3.648149 -4.905742 -2e-06 3e-06 -1e-06 21.678715 9.181525 18.867569 57.128029 12.065018 15.824845 0.359403 21.636257 0.171458 -8.188977 -0.844566 2.373842 2.243618 -5.254916 -3.179956 14.282882 -0.826589 6.952568 -1.9e-05 -12.690594 -7e-06 16.188379 -17.453569 2.430305 1.665662 -1.955923 -2.878304 4.727791 -4.17058 4.993906 11.020536 1.9e-05 1.3e-05 12.109076 -3.735689 -2.866801 -1e-06 1e-06 -3e-06 1.29197 -1.928557 -1.498106 14.80014 0.567479 3.86562 14.242568 -1.341718 -6.660664 19.632025 0.143956 -0.648218 49.677132 -0.577514 -6.445958 0.353011 -1.511153 -0.031959 20.222813 3.684317 2.316659 18.787294 1.9e-05 4e-05 10.751652 -0.479871 1.397944 4e-06 -0.0 -0.0 3.273786 0.305951 -0.580136 21.486849 11.830364 2.266168 8.162946 1.2e-05 1.8e-05 18.399158 -3.798962 -4.940544 4e-06 1e-06 0.0 1.30666 -2.002216 1.891511 0.048796 -0.083766 5.494865 -3.092829 0.385899 -5.685111 1.653346 -2.037469 0.421785 0.0 0.0 4e-06 -4.390065 -5.084477 3.093845 0.026598 0.041492 1.861153 4.426733 1.446703 -2.792027 -1.420525 0.940275 -0.60193 -0.0 -0.0 1e-06 
0.0 0.0 0.0 0.0 -0.0 0.0 -7.092146 100.102219 120.429062 1.493551 -0.371012 -1.116933 -0.773256 0.034325 -3.662536 -0.64072 0.275291 -6.456439 0.449254 -1.912783 10.560825 -0.751802 3.243664 9.01163 -0.776795 -0.540405 -3.619554 -0.468374 -1.149517 -5.389921 7.7e-05 -2.2e-05 6e-06 0.013046 0.015608 0.026559 0.732164 -3.703904 -10.620955 -0.709048 3.74411 -10.601574 -18.524635 -2.490717 15.924439 -56.383629 -10.281679 19.974026 0.132789 -26.091505 -0.036294 6.173253 2.56496 -9.541506 -5.882051 9.86145 0.7023 -10.937011 -0.360806 7.156016 1.1e-05 8.774704 -1.1e-05 -15.834357 17.788927 6.042439 -1.844013 2.498498 -2.507257 -10.163466 4.678862 4.621146 -20.975723 -2.6e-05 3.1e-05 -21.225883 2.451595 -3.593865 1e-06 -6e-06 -0.0 -1.362635 2.240695 -0.746308 -21.334696 0.584991 3.008347 -13.821025 -1.7e-05 2.7e-05 -23.886698 -0.249113 -0.839355 -59.968807 2.541558 -1.371308 -0.293968 1.679548 0.833266 -14.218108 0.093352 1.300612 -34.211548 -0.287578 0.967231 -20.03297 0.964535 1.212872 1e-06 -0.0 0.0 -3.440212 0.788018 0.501716 -15.928189 -3.16706 2.99968 -6.338743 -9e-06 1.6e-05 -18.1231 3.648116 -4.90554 -2e-06 1e-06 -3e-06 21.447851 9.176808 18.78368 57.239304 11.925656 15.655621 0.282483 21.688108 0.148191 -8.330131 -0.841927 2.044566 2.243556 -5.255168 -3.180262 14.28293 -0.826458 6.952427 -2.3e-05 -12.690498 -0.0 16.188225 -17.451571 2.425875 1.665656 -1.955922 -2.878286 4.727761 -4.170539 4.993932 11.020465 2.1e-05 6e-06 12.10897 -3.735628 -2.866752 -0.0 -0.0 -1e-06 1.291954 -1.928482 -1.49808 14.800062 0.567411 3.865616 14.242479 -1.341705 -6.660616 19.631849 0.143971 -0.648195 49.673954 -0.585609 -6.460237 0.35299 -1.511059 -0.031933 20.22271 3.684203 2.316633 18.787172 2.5e-05 2.6e-05 10.751595 -0.479863 1.397914 -0.0 -1e-06 -0.0 3.2737 0.30609 -0.580074 21.486786 11.830148 2.266093 8.162887 1e-05 1.2e-05 18.398987 -3.798933 -4.940496 -1e-06 -1e-06 0.0 1.35684 -1.822366 1.768186 0.045153 -0.082069 5.718897 -3.111714 0.368782 -5.784628 1.649167 -2.016045 0.440516 0.0 0.0 4e-06 -4.345658 -5.034326 3.027202 0.035887 0.053009 1.839674 4.407434 1.507572 -2.802493 -1.418573 0.933751 -0.594558 -0.0 -0.0 5e-06 
0.0 0.0 0.0 0.0 -0.0 0.0 -7.074881 100.105156 120.627472 1.47833 -0.561032 -0.994665 -0.761677 0.017034 -3.634758 -0.63147 0.261837 -6.446689 0.446248 -1.953187 10.475901 -0.753112 3.216666 8.973414 -0.772116 -0.495609 -3.615855 -0.489326 -1.080375 -5.527133 7.7e-05 -2.2e-05 6e-06 0.013697 0.02151 0.026073 0.732911 -3.69866 -10.613108 -0.708232 3.750149 -10.590917 -18.33078 -2.541773 15.957127 -56.618752 -10.382508 20.432171 0.13186 -25.661861 -0.016645 5.735857 2.716412 -9.049523 -5.882084 9.861292 0.702553 -10.936852 -0.360535 7.156221 -1.6e-05 8.774859 -2e-06 -15.803886 17.743443 6.047223 -1.844033 2.498503 -2.507272 -10.163614 4.678976 4.621093 -20.976086 2.9e-05 -1.6e-05 -21.226458 2.451754 -3.594091 -2e-06 -6e-06 -0.0 -1.362696 2.240816 -0.746317 -21.334917 0.58491 3.008316 -13.821256 1.6e-05 -1.2e-05 -23.887396 -0.249042 -0.839567 -59.967621 2.541833 -1.372289 -0.294047 1.679716 0.833265 -14.218195 0.093184 1.300576 -34.212185 -0.287523 0.967131 -20.033329 0.96455 1.212826 -2e-06 0.0 -0.0 -3.440423 0.788291 0.501662 -15.928138 -3.167377 2.999712 -6.338843 1.2e-05 -5e-06 -18.123598 3.648229 -4.905749 -4e-06 0.0 -2e-06 21.261692 9.194881 18.72872 57.385658 11.808771 15.467448 0.224517 21.742571 0.12703 -8.488104 -0.763257 1.769155 2.243501 -5.255108 -3.180301 14.282923 -0.826513 6.952436 1.2e-05 -12.690572 -8e-06 16.193378 -17.457001 2.414682 1.665661 -1.955925 -2.878288 4.72779 -4.170581 4.993926 11.020511 -8e-06 -2e-06 12.109075 -3.735719 -2.866804 1e-06 0.0 1e-06 1.291989 -1.928534 -1.498081 14.800081 0.567434 3.865613 14.242556 -1.34175 -6.660657 19.631996 0.143916 -0.648272 49.654709 -0.600231 -6.505085 0.353034 -1.511128 -0.031934 20.222725 3.684251 2.316637 18.787249 -1.3e-05 -9e-06 10.751634 -0.479874 1.397911 -0.0 -2e-06 -2e-06 3.273783 0.305971 -0.580089 21.486753 11.830291 2.266145 8.16291 -4e-06 -5e-06 18.399107 -3.798986 -4.940605 4e-06 2e-06 -2e-06 1.395971 -1.616881 1.643203 0.036086 -0.081481 5.940291 -3.134324 0.350278 -5.872285 1.647064 -1.999746 0.479553 0.0 0.0 1e-06 -4.311428 -4.960105 2.955603 0.04182 0.0624 1.826853 4.371331 1.558302 -2.826982 -1.418586 0.920242 -0.570501 -0.0 -0.0 1e-06 
0.0 0.0 0.0 0.0 -0.0 0.0 -7.073618 100.11438 120.815125 1.474197 -0.740109 -0.88815 -0.741225 0.000884 -3.605406 -0.628379 0.237667 -6.436109 0.456038 -1.939699 10.402334 -0.760512 3.211879 8.94065 -0.78151 -0.488866 -3.615965 -0.523202 -1.02495 -5.660662 7.7e-05 -2.2e-05 6e-06 0.014316 0.021545 0.029148 0.729036 -3.699651 -10.600514 -0.702898 3.75073 -10.576835 -18.156654 -2.579336 15.967493 -56.828144 -10.385162 20.862806 0.130976 -25.417295 -0.001039 5.333278 2.828392 -8.630013 -5.882134 9.861177 0.702752 -10.93682 -0.360523 7.156277 5e-06 8.774851 -8e-06 -15.774967 17.720203 6.051276 -1.844032 2.498504 -2.507282 -10.163614 4.678953 4.621085 -20.976082 -2.1e-05 7e-06 -21.226406 2.451691 -3.594042 0.0 -8e-06 1e-06 -1.362681 2.240824 -0.746337 -21.334951 0.584872 3.008326 -13.821254 -1.6e-05 8e-06 -23.887358 -0.24911 -0.839488 -59.992256 2.546181 -1.383277 -0.294025 1.679716 0.833242 -14.218225 0.093172 1.300583 -34.21217 -0.287588 0.967197 -20.033308 0.964526 1.212879 -3e-06 0.0 -1e-06 -3.440403 0.788274 0.50163 -15.928191 -3.167371 2.999726 -6.338843 -9e-06 3e-06 -18.123568 3.648159 -4.90571 -4e-06 -1e-06 -1e-06 21.11274 9.233215 18.682035 57.557159 11.700906 15.228269 0.232733 21.776712 0.122854 -8.631606 -0.663123 1.7337 2.24358 -5.254895 -3.179951 14.28288 -0.826621 6.952577 -5e-06 -12.690624 -7e-06 16.19561 -17.472403 2.40476 1.665666 -1.955925 -2.878312 4.727796 -4.170599 4.993904 11.020538 8e-06 2e-06 12.109091 -3.735724 -2.866829 -0.0 1e-06 -5e-06 1.291982 -1.928578 -1.498112 14.800134 0.567492 3.865617 14.242579 -1.341738 -6.660681 19.632044 0.143945 -0.648267 49.62986 -0.6054 -6.558029 0.353025 -1.511183 -0.031964 20.222801 3.684345 2.316654 18.787304 8e-06 1.7e-05 10.751656 -0.479873 1.397937 3e-06 2e-06 0.0 3.273808 0.305904 -0.580149 21.48682 11.830425 2.266175 8.162941 5e-06 9e-06 18.399157 -3.79898 -4.940589 5e-06 3e-06 1e-06 1.423567 -1.391963 1.540922 0.028743 -0.07702 6.129044 -3.130177 0.309099 -5.933189 1.645161 -1.993805 0.510263 0.0 0.0 3e-06 -4.283428 -4.876331 2.887888 0.040444 0.074068 1.825624 4.325663 1.587711 -2.861637 -1.420068 0.906498 -0.549945 0.0 -0.0 -1e-06 
0.0 0.0 0.0 0.0 -0.0 0.0 -7.100695 100.126244 120.984093 1.479011 -0.903682 -0.795533 -0.711423 -0.005785 -3.576606 -0.632812 0.222801 -6.431092 0.472676 -1.894283 10.356363 -0.770266 3.225971 8.905419 -0.793381 -0.503643 -3.608802 -0.570012 -0.983479 -5.771963 7.7e-05 -2.2e-05 6e-06 0.014668 0.017806 0.034168 0.721636 -3.706442 -10.591364 -0.694695 3.749771 -10.568967 -18.020433 -2.601363 15.960457 -56.969749 -10.329808 21.156134 0.104636 -25.341688 0.010746 5.04645 2.895418 -8.31922 -5.882155 9.861212 0.702785 -10.93674 -0.360492 7.15633 3.5e-05 8.774837 2e-06 -15.755956 17.727354 6.05436 -1.844038 2.498499 -2.50729 -10.16362 4.678914 4.621082 -20.976124 -7.8e-05 2.2e-05 -21.226439 2.451609 -3.593982 0.0 -7e-06 -0.0 -1.362665 2.24078 -0.746338 -21.334995 0.58485 3.00831 -13.821278 -5e-05 2e-05 -23.887419 -0.249189 -0.83942 -60.031956 2.561654 -1.407638 -0.294003 1.679663 0.833238 -14.218272 0.093184 1.300563 -34.212246 -0.287666 0.967242 -20.033356 0.964505 1.212915 1e-06 3e-06 -0.0 -3.440381 0.788177 0.501619 -15.928241 -3.167317 2.999699 -6.338854 -2.4e-05 5e-06 -18.123604 3.648088 -4.90568 -3e-06 0.0 -3e-06 20.996235 9.273435 18.645128 57.736088 11.619343 14.961973 0.316756 21.764696 0.139273 -8.74914 -0.554687 1.938528 2.243551 -5.255004 -3.18005 14.282756 -0.826635 6.952585 -5.7e-05 -12.690594 9e-06 16.200932 -17.491938 2.392163 1.665673 -1.955918 -2.878309 4.727802 -4.170566 4.993902 11.020565 4.9e-05 -1.3e-05 12.109118 -3.73563 -2.866817 0.0 -1e-06 2e-06 1.291969 -1.928534 -1.498107 14.80019 0.567501 3.865586 14.242612 -1.34167 -6.660681 19.632151 0.14406 -0.648241 49.611805 -0.591877 -6.612952 0.353009 -1.511128 -0.031958 20.222878 3.684351 2.31661 18.787331 8e-05 5e-06 10.751666 -0.479837 1.397925 3e-06 3e-06 1e-06 3.2738 0.306001 -0.580149 21.486906 11.830376 2.26611 8.162947 3.3e-05 -2e-06 18.399181 -3.798866 -4.940575 6e-06 0.0 -1e-06 1.436075 -1.177511 1.474498 0.024529 -0.075715 6.263353 -3.118758 0.280983 -5.978879 1.642493 -1.997475 0.504707 0.0 0.0 2e-06 -4.265686 -4.808384 2.828009 0.036703 0.084571 1.833431 4.275571 1.622153 -2.904369 -1.422847 0.895383 -0.554493 0.0 -0.0 -4e-06 
0.0 0.0 0.0 0.0 -0.0 0.0 -7.171243 100.139748 121.124924 1.489068 -1.025463 -0.7164 -0.680191 -0.004079 -3.546317 -0.642463 0.21499 -6.422567 0.494696 -1.837869 10.31882 -0.787394 3.253493 8.897786 -0.793298 -0.541831 -3.598463 -0.644377 -0.938574 -5.884265 7.7e-05 -2.2e-05 6e-06 0.014406 0.00393 0.038608 0.713203 -3.723987 -10.585159 -0.686775 3.739136 -10.568138 -17.909895 -2.598811 15.940239 -57.061359 -10.26471 21.396503 0.100178 -25.341059 0.002184 4.860909 2.940471 -8.098134 -5.882106 9.861279 0.70262 -10.936873 -0.360611 7.156203 9e-06 8.774799 -1e-06 -15.766954 17.774889 6.060329 -1.844026 2.498501 -2.507272 -10.163564 4.678919 4.621105 -20.975958 -2.3e-05 1.3e-05 -21.226219 2.451654 -3.593979 2e-06 -4e-06 -0.0 -1.362666 2.240773 -0.746325 -21.334871 0.584915 3.008326 -13.821178 -1.4e-05 1.4e-05 -23.887127 -0.249107 -0.839448 -60.109253 2.600327 -1.448049 -0.294007 1.679655 0.833252 -14.218189 0.093239 1.300588 -34.211948 -0.28758 0.967206 -20.033182 0.964537 1.212873 0.0 -0.0 0.0 -3.440344 0.788179 0.501658 -15.928189 -3.167258 2.999705 -6.338809 -7e-06 7e-06 -18.123407 3.648148 -4.905655 -3e-06 0.0 -2e-06 20.909513 9.324781 18.629438 57.903908 11.553448 14.815051 0.409449 21.763926 0.164215 -8.823107 -0.512711 2.248237 2.24352 -5.255023 -3.180134 14.282807 -0.826599 6.952539 -2.3e-05 -12.690601 2e-06 16.218699 -17.497602 2.368138 1.665671 -1.955923 -2.878304 4.727808 -4.17058 4.993909 11.020558 2e-05 -1.3e-05 12.109132 -3.735681 -2.866824 1e-06 1e-06 -3e-06 1.291988 -1.928545 -1.498096 14.800156 0.567478 3.865592 14.242614 -1.34171 -6.660682 19.632141 0.143995 -0.648281 49.61425 -0.565216 -6.656112 0.35303 -1.511145 -0.031947 20.22283 3.684326 2.316617 18.787327 4.1e-05 -1.3e-05 10.751666 -0.47985 1.397915 -1e-06 0.0 -3e-06 3.273812 0.305965 -0.580134 21.486841 11.830364 2.266132 8.162941 1.6e-05 -8e-06 18.399172 -3.798912 -4.940614 4e-06 1e-06 0.0 1.439063 -0.989161 1.437839 0.024175 -0.076308 6.337029 -3.125201 0.228801 -6.04132 1.642778 -1.99103 0.424734 -0.0 0.0 -3e-06 -4.258139 -4.782351 2.776483 0.035027 0.090445 1.854658 4.248649 1.676469 -2.980917 -1.427084 0.886349 -0.576276 0.0 -0.0 -1e-06 
0.0 0.0 0.0 0.0 -0.0 0.0 -7.256324 100.148438 121.21347 1.496385 -1.062803 -0.65372 -0.652509 -0.005716 -3.530008 -0.648541 0.202554 -6.401428 0.512985 -1.790356 10.294756 -0.848115 3.246993 8.903849 -0.763217 -0.535049 -3.598203 -0.731243 -0.950575 -5.945302 7.7e-05 -2.2e-05 6e-06 0.013115 -0.01338 0.039751 0.705389 -3.743895 -10.573627 -0.681556 3.723813 -10.563243 -17.863239 -2.561864 15.956726 -57.090454 -10.221875 21.532209 0.156867 -25.401386 -0.015902 4.804009 3.008939 -7.91886 -5.882089 9.861279 0.70268 -10.93688 -0.36057 7.15627 -1.1e-05 8.774834 1e-06 -15.825825 17.856407 6.072612 -1.844029 2.498506 -2.507278 -10.163593 4.678957 4.621098 -20.976027 2e-05 -5e-06 -21.226353 2.451722 -3.594058 -2e-06 -6e-06 -1e-06 -1.362687 2.240801 -0.746327 -21.334888 0.584922 3.008316 -13.821224 1.3e-05 4e-06 -23.88728 -0.249055 -0.839527 -60.235577 2.636498 -1.49608 -0.294034 1.679692 0.83325 -14.218178 0.093215 1.30058 -34.21207 -0.287523 0.96716 -20.033266 0.96456 1.212841 2e-06 0.0 3e-06 -3.440391 0.788251 0.501651 -15.928146 -3.167321 2.999709 -6.338832 5e-06 1e-06 -18.123539 3.6482 -4.905718 -4e-06 -1e-06 -2e-06 20.854717 9.362981 18.635313 58.059525 11.505187 14.953229 0.417951 21.851381 0.178288 -8.866306 -0.58828 2.389166 2.243571 -5.254987 -3.180057 14.282937 -0.826564 6.952532 2.3e-05 -12.690608 -7e-06 16.217789 -17.493694 2.335154 1.665659 -1.955926 -2.878305 4.727808 -4.170602 4.993913 11.020558 -1.9e-05 7e-06 12.109162 -3.73576 -2.866823 -2e-06 -0.0 -3e-06 1.291992 -1.92856 -1.4981 14.800115 0.567449 3.865622 14.242609 -1.341769 -6.66068 19.632133 0.143865 -0.648287 49.622826 -0.535531 -6.671965 0.353042 -1.511164 -0.031953 20.222763 3.684282 2.316653 18.787327 -3.6e-05 4e-06 10.751676 -0.479892 1.397923 0.0 3e-06 -2e-06 3.273819 0.305912 -0.580117 21.486753 11.830361 2.266173 8.162952 -1.5e-05 2e-06 18.399239 -3.799027 -4.940628 3e-06 0.0 -1e-06 1.431975 -0.904758 1.426823 0.024992 -0.072989 6.360005 -3.141966 0.186227 -6.091908 1.648577 -1.979141 0.275493 0.0 0.0 4e-06 -4.247773 -4.750093 2.748337 0.031143 0.099238 1.878747 4.197675 1.653389 -3.092643 -1.431768 0.892014 -0.643613 0.0 -0.0 -2e-06 
0.0 0.0 0.0 0.0 -0.0 0.0 -7.297569 100.142799 121.298065 1.496914 -1.015288 -0.580835 -0.62492 -0.003849 -3.553486 -0.654878 0.190207 -6.372246 0.523901 -1.81201 10.291776 -0.954811 3.187362 8.900765 -0.727621 -0.464913 -3.603213 -0.827594 -1.038494 -5.944236 7.7e-05 -2.2e-05 6e-06 0.010884 -0.035844 0.048197 0.690873 -3.769049 -10.551114 -0.671459 3.702571 -10.544316 -17.885126 -2.487824 15.955718 -57.043362 -10.135919 21.487728 0.214624 -25.602402 -0.025478 4.888749 3.087451 -7.845592 -5.882129 9.861096 0.702779 -10.936745 -0.36038 7.156347 -2.4e-05 8.774948 -3e-06 -15.909524 17.963671 6.075205 -1.844046 2.498511 -2.507291 -10.1637 4.679037 4.621065 -20.976261 3.5e-05 -3.4e-05 -21.226692 2.451807 -3.594195 -3e-06 -4e-06 1e-06 -1.362729 2.240912 -0.746337 -21.335058 0.584837 3.008306 -13.821368 2.1e-05 -2.1e-05 -23.887691 -0.249031 -0.839651 -60.330883 2.64126 -1.554036 -0.294083 1.679837 0.833248 -14.218256 0.093072 1.300567 -34.212486 -0.287524 0.967108 -20.03348 0.964548 1.212826 -1e-06 0.0 1e-06 -3.440544 0.788472 0.501604 -15.92814 -3.167577 2.999749 -6.338893 1.1e-05 -1.3e-05 -18.123823 3.648254 -4.905847 -3e-06 -0.0 1e-06 20.879698 9.370637 18.631266 58.133297 11.432928 15.129354 0.394155 22.029779 0.19666 -8.83966 -0.675729 2.459738 2.243564 -5.254735 -3.179847 14.282806 -0.826802 6.952682 2.6e-05 -12.690778 -1.4e-05 16.211142 -17.527084 2.34253 1.66568 -1.955927 -2.878324 4.727855 -4.170662 4.993887 11.020659 -1.6e-05 -6e-06 12.109321 -3.735845 -2.866905 2e-06 -0.0 -3e-06 1.292027 -1.928666 -1.498124 14.800226 0.567565 3.865609 14.242754 -1.341787 -6.66075 19.63241 0.143877 -0.648352 49.669502 -0.548778 -6.630292 0.353089 -1.511307 -0.03197 20.222908 3.684476 2.316662 18.78751 -2.7e-05 -2.3e-05 10.751756 -0.479885 1.397932 1e-06 1e-06 0.0 3.273969 0.30571 -0.580186 21.486834 11.830714 2.266241 8.163025 -8e-06 -9e-06 18.399477 -3.799041 -4.940746 3e-06 -0.0 -3e-06 1.415757 -1.008599 1.375545 0.025351 -0.056623 6.423104 -3.16072 0.263327 -6.176968 1.653903 -1.981865 0.160739 0.0 0.0 4e-06 -4.230614 -4.743323 2.72378 0.023376 0.109614 1.902094 4.112594 1.531888 -3.187907 -1.434514 0.905602 -0.763418 0.0 -0.0 -0.0 
