HIERARCHY
ROOT Root
{
  OFFSET 0.0 0.0 0.0
  CHANNELS 6 Xposition Yposition Zposition Zrotation Yrotation Xrotation
  JOINT Hips
  {
    OFFSET 0.0 100.0 0.0
    CHANNELS 6 Xposition Yposition Zposition Zrotation Yrotation Xrotation
    JOINT Spine1
    {
      OFFSET 5.003913 -0.037094 -0.013727
      CHANNELS 3 Zrotation Yrotation Xrotation
      JOINT Spine2
      {
        OFFSET 7.125363 -1e-06 0.0
        CHANNELS 3 Zrotation Yrotation Xrotation
        JOINT Chest
        {
          OFFSET 7.594027 1e-06 0.0
          CHANNELS 3 Zrotation Yrotation Xrotation
          JOINT Neck1
          {
            OFFSET 26.313086 -0.460272 -0.181672
            CHANNELS 3 Zrotation Yrotation Xrotation
            JOINT Neck2
            {
              OFFSET 8.04591 0.0 0.0
              CHANNELS 3 Zrotation Yrotation Xrotation
              JOINT Head
              {
                OFFSET 6.432777 0.0 0.0
                CHANNELS 3 Zrotation Yrotation Xrotation
                JOINT HeadEnd
                {
                  OFFSET 16.169769 0.06451 0.00362
                  CHANNELS 3 Zrotation Yrotation Xrotation
                }
                JOINT Jaw
                {
                  OFFSET 0.108738 3.12938 0.002639
                  CHANNELS 3 Zrotation Yrotation Xrotation
                }
                JOINT LeftEye
                {
                  OFFSET 4.451729 8.166359 3.206392
                  CHANNELS 3 Zrotation Yrotation Xrotation
                }
                JOINT RightEye
                {
                  OFFSET 4.43689 8.135758 -3.222429
                  CHANNELS 3 Zrotation Yrotation Xrotation
                }
              }
            }
          }
          JOINT LeftShoulder
          {
            OFFSET 23.218927 5.195579 1.621656
            CHANNELS 3 Zrotation Yrotation Xrotation
            JOINT LeftArm
            {
              OFFSET 15.902122 2e-06 -2e-06
              CHANNELS 3 Zrotation Yrotation Xrotation
              JOINT LeftForeArm
              {
                OFFSET 28.739304 0.0 -1e-06
                CHANNELS 3 Zrotation Yrotation Xrotation
                JOINT LeftHand
                {
                  OFFSET 27.093979 -4e-06 0.0
                  CHANNELS 3 Zrotation Yrotation Xrotation
                  JOINT LeftHandThumb1
                  {
                    OFFSET 2.276787 3.380274 0.83384
                    CHANNELS 3 Zrotation Yrotation Xrotation
                    JOINT LeftHandThumb2
                    {
                      OFFSET 4.705307 -2e-06 -1e-06
                      CHANNELS 3 Zrotation Yrotation Xrotation
                      JOINT LeftHandThumb3
                      {
                        OFFSET 2.798515 0.0 3e-06
                        CHANNELS 3 Zrotation Yrotation Xrotation
                        JOINT LeftHandThumbEnd
                        {
                          OFFSET 3.180786 5e-06 -4e-06
                          CHANNELS 3 Zrotation Yrotation Xrotation
                        }
                      }
                    }
                  }
                  JOINT LeftHandIndex1
                  {
                    OFFSET 3.24778 2.352677 0.137192
                    CHANNELS 3 Zrotation Yrotation Xrotation
                    JOINT LeftHandIndex2
                    {
                      OFFSET 6.367104 1e-06 0.0
                      CHANNELS 3 Zrotation Yrotation Xrotation
                      JOINT LeftHandIndex3
                      {
                        OFFSET 3.662361 0.0 0.0
                        CHANNELS 3 Zrotation Yrotation Xrotation
                        JOINT LeftHandIndex4
                        {
                          OFFSET 2.329239 4e-06 -4e-06
                          CHANNELS 3 Zrotation Yrotation Xrotation
                          JOINT LeftHandIndexEnd
                          {
                            OFFSET 2.767822 0.0 0.0
                            CHANNELS 3 Zrotation Yrotation Xrotation
                          }
                        }
                      }
                    }
                  }
                  JOINT LeftHandMiddle1
                  {
                    OFFSET 3.163612 0.945023 -0.406112
                    CHANNELS 3 Zrotation Yrotation Xrotation
                    JOINT LeftHandMiddle2
                    {
                      OFFSET 6.276794 3e-06 0.0
                      CHANNELS 3 Zrotation Yrotation Xrotation
                      JOINT LeftHandMiddle3
                      {
                        OFFSET 4.356522 -1e-06 4e-06
                        CHANNELS 3 Zrotation Yrotation Xrotation
                        JOINT LeftHandMiddle4
                        {
                          OFFSET 2.996872 0.0 8e-06
                          CHANNELS 3 Zrotation Yrotation Xrotation
                          JOINT LeftHandMiddleEnd
                          {
                            OFFSET 2.323257 3e-06 -4e-06
                            CHANNELS 3 Zrotation Yrotation Xrotation
                          }
                        }
                      }
                    }
                  }
                  JOINT LeftHandRing1
                  {
                    OFFSET 2.882607 -0.309162 0.107445
                    CHANNELS 3 Zrotation Yrotation Xrotation
                    JOINT LeftHandRing2
                    {
                      OFFSET 6.033195 0.0 4e-06
                      CHANNELS 3 Zrotation Yrotation Xrotation
                      JOINT LeftHandRing3
                      {
                        OFFSET 4.350578 3e-06 0.0
                        CHANNELS 3 Zrotation Yrotation Xrotation
                        JOINT LeftHandRing4
                        {
                          OFFSET 2.651321 1e-06 -7e-06
                          CHANNELS 3 Zrotation Yrotation Xrotation
                          JOINT LeftHandRingEnd
                          {
                            OFFSET 1.937668 1e-06 -4e-06
                            CHANNELS 3 Zrotation Yrotation Xrotation
                          }
                        }
                      }
                    }
                  }
                  JOINT LeftHandPinky1
                  {
                    OFFSET 2.865311 -1.525436 0.575687
                    CHANNELS 3 Zrotation Yrotation Xrotation
                    JOINT LeftHandPinky2
                    {
                      OFFSET 5.549362 1e-06 -8e-06
                      CHANNELS 3 Zrotation Yrotation Xrotation
                      JOINT LeftHandPinky3
                      {
                        OFFSET 3.070969 0.0 -4e-06
                        CHANNELS 3 Zrotation Yrotation Xrotation
                        JOINT LeftHandPinky4
                        {
                          OFFSET 1.549675 1e-06 0.0
                          CHANNELS 3 Zrotation Yrotation Xrotation
                          JOINT LeftHandPinkyEnd
                          {
                            OFFSET 1.952118 0.0 0.0
                            CHANNELS 3 Zrotation Yrotation Xrotation
                          }
                        }
                      }
                    }
                  }
                }
              }
            }
          }
          JOINT RightShoulder
          {
            OFFSET 23.161718 5.296122 -1.380114
            CHANNELS 3 Zrotation Yrotation Xrotation
            JOINT RightArm
            {
              OFFSET -16.027195 -2e-06 1.1e-05
              CHANNELS 3 Zrotation Yrotation Xrotation
              JOINT RightForeArm
              {
                OFFSET -28.736641 4e-06 2e-06
                CHANNELS 3 Zrotation Yrotation Xrotation
                JOINT RightHand
                {
                  OFFSET -27.133617 6e-06 0.0
                  CHANNELS 3 Zrotation Yrotation Xrotation
                  JOINT RightHandThumb1
                  {
                    OFFSET -2.274328 -3.351035 -0.83067
                    CHANNELS 3 Zrotation Yrotation Xrotation
                    JOINT RightHandThumb2
                    {
                      OFFSET -4.703592 -3e-06 2e-06
                      CHANNELS 3 Zrotation Yrotation Xrotation
                      JOINT RightHandThumb3
                      {
                        OFFSET -2.794937 -4e-06 -3e-06
                        CHANNELS 3 Zrotation Yrotation Xrotation
                        JOINT RightHandThumbEnd
                        {
                          OFFSET -3.183853 4e-06 1e-06
                          CHANNELS 3 Zrotation Yrotation Xrotation
                        }
                      }
                    }
                  }
                  JOINT RightHandIndex1
                  {
                    OFFSET -3.253498 -2.33755 -0.127667
                    CHANNELS 3 Zrotation Yrotation Xrotation
                    JOINT RightHandIndex2
                    {
                      OFFSET -6.344433 0.0 0.0
                      CHANNELS 3 Zrotation Yrotation Xrotation
                      JOINT RightHandIndex3
                      {
                        OFFSET -3.654869 0.0 -8e-06
                        CHANNELS 3 Zrotation Yrotation Xrotation
                        JOINT RightHandIndex4
                        {
                          OFFSET -2.327587 -1e-06 0.0
                          CHANNELS 3 Zrotation Yrotation Xrotation
                          JOINT RightHandIndexEnd
                          {
                            OFFSET -2.770004 3e-06 8e-06
                            CHANNELS 3 Zrotation Yrotation Xrotation
                          }
                        }
                      }
                    }
                  }
                  JOINT RightHandMiddle1
                  {
                    OFFSET -3.168224 -0.944764 0.411762
                    CHANNELS 3 Zrotation Yrotation Xrotation
                    JOINT RightHandMiddle2
                    {
                      OFFSET -6.266689 -1e-06 -4e-06
                      CHANNELS 3 Zrotation Yrotation Xrotation
                      JOINT RightHandMiddle3
                      {
                        OFFSET -4.348904 0.0 0.0
                        CHANNELS 3 Zrotation Yrotation Xrotation
                        JOINT RightHandMiddle4
                        {
                          OFFSET -3.000237 2e-06 -4e-06
                          CHANNELS 3 Zrotation Yrotation Xrotation
                          JOINT RightHandMiddleEnd
                          {
                            OFFSET -2.32148 -4e-06 -4e-06
                            CHANNELS 3 Zrotation Yrotation Xrotation
                          }
                        }
                      }
                    }
                  }
                  JOINT RightHandRing1
                  {
                    OFFSET -2.885654 0.293261 -0.119232
                    CHANNELS 3 Zrotation Yrotation Xrotation
                    JOINT RightHandRing2
                    {
                      OFFSET -6.032833 -1e-06 -4e-06
                      CHANNELS 3 Zrotation Yrotation Xrotation
                      JOINT RightHandRing3
                      {
                        OFFSET -4.33881 0.0 -4e-06
                        CHANNELS 3 Zrotation Yrotation Xrotation
                        JOINT RightHandRing4
                        {
                          OFFSET -2.654903 -4e-06 -4e-06
                          CHANNELS 3 Zrotation Yrotation Xrotation
                          JOINT RightHandRingEnd
                          {
                            OFFSET -1.935123 0.0 4e-06
                            CHANNELS 3 Zrotation Yrotation Xrotation
                          }
                        }
                      }
                    }
                  }
                  JOINT RightHandPinky1
                  {
                    OFFSET -2.866241 1.503903 -0.60527
                    CHANNELS 3 Zrotation Yrotation Xrotation
                    JOINT RightHandPinky2
                    {
                      OFFSET -5.553177 -1e-06 0.0
                      CHANNELS 3 Zrotation Yrotation Xrotation
                      JOINT RightHandPinky3
                      {
                        OFFSET -3.062664 -1e-06 -4e-06
                        CHANNELS 3 Zrotation Yrotation Xrotation
                        JOINT RightHandPinky4
                        {
                          OFFSET -1.546532 2e-06 4e-06
                          CHANNELS 3 Zrotation Yrotation Xrotation
                          JOINT RightHandPinkyEnd
                          {
                            OFFSET -1.952339 0.0 -4e-06
                            CHANNELS 3 Zrotation Yrotation Xrotation
                          }
                        }
                      }
                    }
                  }
                }
              }
            }
          }
        }
      }
    }
    JOINT LeftLeg
    {
      OFFSET -8.443107 2.567604 10.043214
      CHANNELS 3 Zrotation Yrotation Xrotation
      JOINT LeftShin
      {
        OFFSET 43.229202 1e-06 -1e-06
        CHANNELS 3 Zrotation Yrotation Xrotation
        JOINT LeftFoot
        {
          OFFSET 42.298607 1e-06 1e-06
          CHANNELS 3 Zrotation Yrotation Xrotation
          JOINT LeftToeBase
          {
            OFFSET 14.165863 1e-06 0.0
            CHANNELS 3 Zrotation Yrotation Xrotation
            JOINT LeftToeEnd
            {
              OFFSET 6.714096 -0.234461 0.0
              CHANNELS 3 Zrotation Yrotation Xrotation
            }
          }
        }
      }
    }
    JOINT RightLeg
    {
      OFFSET -8.303924 2.592729 -10.047277
      CHANNELS 3 Zrotation Yrotation Xrotation
      JOINT RightShin
      {
        OFFSET -43.369686 0.0 0.0
        CHANNELS 3 Zrotation Yrotation Xrotation
        JOINT RightFoot
        {
          OFFSET -42.260784 4e-06 3e-06
          CHANNELS 3 Zrotation Yrotation Xrotation
          JOINT RightToeBase
          {
            OFFSET -14.222237 -2e-06 -2e-06
            CHANNELS 3 Zrotation Yrotation Xrotation
            JOINT RightToeEnd
            {
              OFFSET -6.660072 0.232574 -1e-06
              CHANNELS 3 Zrotation Yrotation Xrotation
            }
          }
        }
      }
    }
  }
}
MOTION
Frames: 120
Frame Time: 0.03333333333333333
0.0 0.0 0.0 0.0 -0.0 0.0 -0.304406 100.303375 5.210325 91.143173 -0.482164 89.722786 -3.987674 -0.659453 -0.297913 -12.416924 -0.844539 -0.103691 18.591963 -0.570777 -2.471442 22.043591 1.227392 2.584719 -2.565969 -0.789757 -2.303162 -29.666931 -1.09544 -3.41445 6e-06 -0.0 -1e-06 0.036323 0.013293 -0.02241 0.073289 0.028337 -0.012482 0.037066 -0.001725 -0.026829 -105.455383 -73.357033 122.453178 49.268978 -61.550674 2.435032 26.936808 0.125831 0.068565 -2.333924 5.061918 5.476075 17.636641 -26.322683 52.411148 -19.466764 -14.395604 29.410433 -2e-05 -8.774836 -1e-06 16.160179 -18.192482 6.092997 -0.609772 -1.79566 -3.889328 -4.807069 -11.04682 -2.937867 6.9e-05 -20.976065 -3.6e-05 -5.019877 -25.033627 -4.03191 3e-06 1e-06 1e-06 -10.634535 -5.686971 -3.565587 10.573323 -17.922998 -3.113935 4.3e-05 -13.821246 -1.7e-05 -0.501653 -31.181654 -4.027056 -12.034693 -59.990719 8.009864 -13.982713 -7.150192 -2.875037 13.772756 -8.401529 -3.218266 0.347852 -34.211655 0.771592 -0.96297 -17.733452 2.621035 0.0 1e-06 1e-06 -17.346395 -20.095226 -4.201793 21.757572 -1.638415 3.866417 1.9e-05 -6.338835 -7e-06 -1.697498 -22.591822 -6.194057 -0.0 -3e-06 -1e-06 37.945641 -69.492729 162.372543 46.462746 -52.604931 2.103422 27.182816 -0.457987 0.048517 -7.212457 8.780403 1.42023 22.182165 -20.375927 49.933403 -16.701906 -16.743595 28.476633 -6e-06 -12.690666 3e-06 16.032927 -17.591122 2.631826 -0.10592 -1.513862 -4.275895 -5.039062 -5.612897 -2.953566 7e-06 -11.020596 -5e-06 -6.111331 -15.895477 -3.840502 0.0 0.0 -1e-06 -10.283401 -5.680308 -4.341842 11.028339 -11.302451 -2.372652 -1.384269 -14.238669 -6.320156 -0.625418 -26.924423 -3.827646 -3.926546 -49.313347 -3.923173 -13.70857 -7.363502 -3.720939 18.141232 -14.052799 -3.242698 1.4e-05 -18.787392 -1.2e-05 -0.429707 -8.456119 2.555518 1e-06 1e-06 1e-06 -15.923593 -20.094553 -5.473581 30.419336 -7.190851 1.735922 3e-06 -8.162971 -1e-05 -1.861891 -22.861666 -6.168012 0.0 -1e-06 -1e-06 174.840271 0.051776 -0.790902 14.554795 -0.009581 -0.023955 -78.292038 4.56066 -0.310207 -5.676143 1.42303 2.129796 -0.999998 -0.0 -0.0 -7.185587 -1.978789 -6.635757 17.962687 -0.029331 -0.086767 -80.774414 -4.557955 -3.587618 -6.083666 0.724724 1.658853 -1.000005 -0.0 0.0 
0.0 0.0 0.0 0.0 -0.0 0.0 -0.312283 100.299545 5.348016 91.137657 -0.498088 89.729279 -3.99492 -0.672866 -0.309965 -12.394897 -0.827746 -0.074726 18.561598 -0.517602 -2.530085 22.0387 1.232326 2.587415 -2.536851 -0.784172 -2.339515 -29.677677 -1.120501 -3.430241 6e-06 0.0 -0.0 0.035453 0.012246 0.004067 0.066439 0.02998 0.010648 0.031124 -0.005527 0.002138 -105.306541 -73.435257 122.24614 49.309769 -61.619961 2.254741 26.910563 0.013659 0.013073 -2.283594 5.024527 5.58638 17.636581 -26.32268 52.411079 -19.466608 -14.395555 29.410334 -3e-06 -8.774796 -1e-06 16.161657 -18.183121 6.06951 -0.609776 -1.795647 -3.889322 -4.807071 -11.046788 -2.937843 7e-06 -20.975994 7e-06 -5.019947 -25.03356 -4.031862 5e-06 -2e-06 0.0 -10.634505 -5.686958 -3.565581 10.57324 -17.92292 -3.113887 3e-06 -13.821197 7e-06 -0.501772 -31.181528 -4.026991 -12.018892 -59.989155 8.035878 -13.982677 -7.150182 -2.875038 13.772685 -8.401477 -3.218232 0.347726 -34.211525 0.771677 -0.963038 -17.733398 2.621039 -1e-06 2e-06 -0.0 -17.346371 -20.095177 -4.201775 21.757492 -1.638372 3.866417 2e-06 -6.338819 3e-06 -1.697572 -22.591757 -6.193998 -1e-06 -3e-06 -1e-06 37.95649 -69.568169 162.348846 46.612278 -52.585049 1.873214 27.135288 -0.494058 0.031758 -7.064399 8.759314 1.375319 22.182093 -20.375847 49.933228 -16.701799 -16.743549 28.4765 2e-06 -12.69062 2e-06 16.077751 -17.619196 2.601992 -0.10592 -1.513855 -4.275875 -5.039045 -5.612872 -2.953554 -2e-06 -11.020529 -0.0 -6.111317 -15.895373 -3.840481 -1e-06 2e-06 -0.0 -10.283374 -5.680288 -4.341824 11.028296 -11.302391 -2.372635 -1.384277 -14.238586 -6.320119 -0.625431 -26.92424 -3.827617 -3.958879 -49.489143 -3.901594 -13.708529 -7.363476 -3.720925 18.141161 -14.052717 -3.242677 -3e-06 -18.787279 -5e-06 -0.429713 -8.456063 2.555509 -0.0 -3e-06 2e-06 -15.923554 -20.094475 -5.473562 30.419241 -7.190803 1.735925 -1e-06 -8.162927 -2e-06 -1.861909 -22.861532 -6.167973 1e-06 -4e-06 2e-06 174.850937 0.077969 -0.784984 14.59236 -0.001775 0.014285 -78.423553 4.517984 -0.408231 -5.694785 1.460848 2.142571 -0.999998 1e-06 -0.0 -7.226326 -1.985042 -6.485384 18.083939 -0.028129 -0.069502 -80.874969 -4.713228 -3.641882 -6.130292 0.710965 1.658636 -1.000001 -1e-06 0.0 
0.0 0.0 0.0 0.0 -0.0 0.0 -0.285849 100.281715 5.424791 91.154282 -0.524499 89.704048 -4.005601 -0.697122 -0.324367 -12.397155 -0.822534 -0.065952 18.577259 -0.461086 -2.541879 22.034994 1.239842 2.598195 -2.555558 -0.758424 -2.404377 -29.651924 -1.150515 -3.43298 6e-06 -0.0 -1e-06 0.034156 0.012255 0.010462 0.050277 0.028536 0.016693 0.021431 -0.0045 0.00807 -105.146439 -73.522491 122.010292 49.256454 -61.701595 2.224983 26.950409 -0.061608 -0.026429 -2.308383 4.979685 5.498227 17.636559 -26.322515 52.410793 -19.466461 -14.395464 29.410118 1.2e-05 -8.774755 -1.4e-05 16.17618 -18.217335 6.049381 -0.609775 -1.795641 -3.889301 -4.80707 -11.046739 -2.937824 -2.3e-05 -20.97587 1e-05 -5.019954 -25.033407 -4.031866 4e-06 2e-06 -1e-06 -10.634473 -5.686943 -3.565569 10.573168 -17.922815 -3.11385 -1.1e-05 -13.821114 6e-06 -0.5018 -31.181311 -4.026984 -12.06639 -59.993484 8.032666 -13.982633 -7.150166 -2.875026 13.772614 -8.40142 -3.218195 0.347688 -34.211288 0.771664 -0.963035 -17.733269 2.621001 -3e-06 1e-06 1e-06 -17.346327 -20.095102 -4.201748 21.757404 -1.638342 3.866422 -2e-06 -6.338781 -0.0 -1.697598 -22.591612 -6.193972 -1e-06 -3e-06 -6e-06 37.892181 -69.605865 162.384033 46.697449 -52.530991 1.725835 27.114777 -0.512131 0.003625 -6.989044 8.757829 1.389807 22.181992 -20.375746 49.932991 -16.701662 -16.743399 28.476305 -3e-06 -12.690501 -4e-06 16.11179 -17.618715 2.590172 -0.105922 -1.513847 -4.275851 -5.039004 -5.612831 -2.95354 6e-06 -11.020452 0.0 -6.111238 -15.895241 -3.840451 -1e-06 0.0 1e-06 -10.283306 -5.680253 -4.341814 11.028206 -11.302325 -2.372608 -1.384257 -14.238482 -6.320076 -0.625418 -26.924025 -3.827577 -3.990694 -49.56142 -3.892146 -13.708439 -7.36343 -3.720919 18.141003 -14.05264 -3.242632 8e-06 -18.78714 6e-06 -0.429704 -8.455998 2.555491 1e-06 -0.0 4e-06 -15.923433 -20.094351 -5.473551 30.418978 -7.190771 1.73593 4e-06 -8.162871 -2e-06 -1.861873 -22.86133 -6.167897 0.0 -4e-06 -2e-06 174.81778 0.125094 -0.742788 14.685486 0.001413 0.036537 -78.544777 4.412785 -0.465611 -5.648509 1.476213 2.151074 -0.999999 -0.0 0.0 -7.311924 -2.017822 -6.372124 18.273222 -0.025139 -0.06558 -80.985863 -4.8317 -3.698617 -6.110661 0.700834 1.657491 -1.000001 -1e-06 -1e-06 
0.0 0.0 0.0 0.0 -0.0 0.0 -0.25266 100.260437 5.499208 91.172127 -0.54732 89.681938 -4.002079 -0.726417 -0.336682 -12.409811 -0.82023 -0.067526 18.602755 -0.412956 -2.545306 22.038771 1.249768 2.602638 -2.583002 -0.732273 -2.472017 -29.657251 -1.169733 -3.435666 6e-06 -0.0 0.0 0.032358 0.011648 0.006713 0.033044 0.025886 0.013332 0.011064 -0.003542 0.003311 -104.980606 -73.595718 121.805275 49.250065 -61.741844 2.283831 26.986624 -0.072363 -0.029975 -2.333689 4.97264 5.435315 17.636562 -26.322714 52.411266 -19.466616 -14.395556 29.410423 2.5e-05 -8.774826 -3e-06 16.176577 -18.219898 6.041251 -0.609783 -1.795657 -3.889325 -4.80712 -11.046841 -2.937854 -6.1e-05 -20.976088 -7e-06 -5.020039 -25.033735 -4.031943 5e-06 -0.0 1e-06 -10.634537 -5.687001 -3.565593 10.573215 -17.922947 -3.113897 -3.7e-05 -13.821252 -9e-06 -0.501825 -31.181717 -4.027102 -12.107113 -60.011055 8.030234 -13.982714 -7.150236 -2.875043 13.772695 -8.401465 -3.218235 0.347632 -34.211681 0.77165 -0.963067 -17.733492 2.621 1e-06 -2e-06 -2e-06 -17.346451 -20.095272 -4.201773 21.757549 -1.638311 3.866445 -1.7e-05 -6.338846 -3e-06 -1.697647 -22.591915 -6.194076 1e-06 -3e-06 -4e-06 37.797787 -69.62635 162.475006 46.78463 -52.478909 1.595407 27.104622 -0.487305 -0.00833 -6.971996 8.737035 1.395261 22.182018 -20.375784 49.93317 -16.701612 -16.743464 28.476364 2.9e-05 -12.690538 -3e-06 16.12678 -17.605785 2.589723 -0.105926 -1.513842 -4.275865 -5.039033 -5.612834 -2.953542 -2.1e-05 -11.020425 3e-06 -6.1113 -15.895209 -3.840476 -1e-06 -1e-06 -2e-06 -10.283345 -5.680271 -4.341822 11.028214 -11.302281 -2.372607 -1.384297 -14.238452 -6.320089 -0.625467 -26.923916 -3.827604 -4.024845 -49.551018 -3.869407 -13.708489 -7.363455 -3.720924 18.141029 -14.052579 -3.242629 -4e-05 -18.787107 1.5e-05 -0.429731 -8.455974 2.555499 2e-06 1e-06 1e-06 -15.923521 -20.094379 -5.473557 30.419071 -7.190704 1.735962 -1.6e-05 -8.162854 8e-06 -1.861954 -22.861271 -6.167898 0.0 -3e-06 -3e-06 174.789307 0.172893 -0.692861 14.768616 4.4e-05 0.049225 -78.623718 4.294754 -0.476476 -5.617188 1.482105 2.155145 -0.999998 -0.0 -0.0 -7.355695 -2.055155 -6.299726 18.395615 -0.020466 -0.07593 -81.084335 -4.897766 -3.739302 -6.105676 0.68974 1.654387 -1.000004 -1e-06 0.0 
0.0 0.0 0.0 0.0 -0.0 0.0 -0.218829 100.245056 5.553165 91.167404 -0.578962 89.669754 -4.009562 -0.743971 -0.334905 -12.419676 -0.821543 -0.081995 18.636007 -0.371417 -2.557713 22.016657 1.268524 2.595337 -2.594124 -0.697779 -2.515461 -29.696539 -1.18572 -3.434402 6e-06 0.0 -0.0 0.034126 0.012132 0.009385 0.029094 0.025972 0.01664 0.01047 -0.002904 0.004767 -104.789192 -73.647194 121.606178 49.318363 -61.749466 2.291697 27.01557 -0.060884 -0.019434 -2.362482 4.988102 5.409731 17.636646 -26.322798 52.411377 -19.466715 -14.395657 29.410522 2.2e-05 -8.774881 2e-06 16.140608 -18.198633 6.058561 -0.609783 -1.79566 -3.889338 -4.807136 -11.046869 -2.937862 -4.4e-05 -20.976141 -6e-06 -5.020056 -25.033791 -4.031959 5e-06 -1e-06 1e-06 -10.634581 -5.687008 -3.565589 10.573288 -17.92301 -3.113911 -2.7e-05 -13.821291 -8e-06 -0.50182 -31.181801 -4.027112 -12.116611 -60.005398 8.03091 -13.982777 -7.150248 -2.875037 13.77278 -8.401497 -3.218261 0.34766 -34.211792 0.771649 -0.963063 -17.733534 2.621017 2e-06 -1e-06 -2e-06 -17.346533 -20.095324 -4.20177 21.757675 -1.638335 3.866449 -1.5e-05 -6.338863 -1e-06 -1.697648 -22.59198 -6.1941 -1e-06 -6e-06 -0.0 37.699154 -69.629204 162.582413 46.855003 -52.44109 1.498131 27.095152 -0.448763 -0.006368 -6.962676 8.711744 1.34352 22.182201 -20.37595 49.933517 -16.701811 -16.743597 28.476627 3.2e-05 -12.690677 -1e-05 16.136593 -17.607094 2.598421 -0.105925 -1.513856 -4.275894 -5.03908 -5.612901 -2.95357 -2.3e-05 -11.020575 2e-06 -6.111392 -15.895469 -3.840519 -1e-06 0.0 0.0 -10.28342 -5.680322 -4.341851 11.028319 -11.302412 -2.372633 -1.384314 -14.238647 -6.320165 -0.625489 -26.924362 -3.827666 -4.048043 -49.530003 -3.849601 -13.70859 -7.363522 -3.720948 18.141203 -14.052741 -3.24267 -3.7e-05 -18.787361 -2e-06 -0.429728 -8.456104 2.555523 -0.0 3e-06 -2e-06 -15.923644 -20.09457 -5.473592 30.419344 -7.190787 1.735977 -1.5e-05 -8.162962 -1e-06 -1.861969 -22.861643 -6.168018 0.0 -2e-06 -2e-06 174.779648 0.192241 -0.63401 14.801105 -0.005743 0.052977 -78.663818 4.212445 -0.474331 -5.587296 1.483472 2.155672 -0.999994 -0.0 -0.0 -7.333448 -2.058198 -6.256722 18.375732 -0.017981 -0.081346 -81.112564 -4.950634 -3.780704 -6.077839 0.683395 1.653034 -1.000002 -0.0 -0.0 
0.0 0.0 0.0 0.0 -0.0 0.0 -0.184895 100.233414 5.566606 91.145203 -0.624684 89.635925 -4.021569 -0.754305 -0.328221 -12.428723 -0.82137 -0.100343 18.661663 -0.336789 -2.570171 21.975794 1.297021 2.590355 -2.592037 -0.67362 -2.524663 -29.713259 -1.196432 -3.437263 6e-06 -0.0 -0.0 0.03588 0.012253 0.012238 0.032584 0.027591 0.020246 0.012928 -0.004167 0.006533 -104.659439 -73.655579 121.465775 49.377781 -61.740471 2.291497 27.002371 -0.049721 -0.013165 -2.369669 4.989692 5.380851 17.636536 -26.322599 52.41098 -19.466576 -14.395544 29.410269 -9e-06 -8.774776 0.0 16.098293 -18.189425 6.079004 -0.609771 -1.795644 -3.889312 -4.807052 -11.046743 -2.937845 3e-05 -20.975893 -4e-06 -5.019904 -25.033411 -4.031859 6e-06 4e-06 -0.0 -10.634481 -5.686935 -3.565581 10.573232 -17.922853 -3.113891 1.8e-05 -13.821126 3e-06 -0.501733 -31.181313 -4.02698 -12.114732 -59.978775 8.028251 -13.982646 -7.150153 -2.875035 13.772667 -8.401456 -3.218234 0.347768 -34.211346 0.771647 -0.963012 -17.733294 2.621022 -2e-06 -1e-06 0.0 -17.346321 -20.095102 -4.201778 21.757454 -1.638382 3.866399 8e-06 -6.338789 1e-06 -1.697543 -22.591633 -6.193983 -1e-06 -4e-06 -3e-06 37.535553 -69.607391 162.757523 46.847382 -52.396263 1.492628 27.111216 -0.411613 0.001799 -6.971932 8.679951 1.274519 22.181995 -20.375843 49.933224 -16.70182 -16.743446 28.476515 -4.6e-05 -12.690519 1.3e-05 16.149429 -17.627575 2.5992 -0.105912 -1.513853 -4.275875 -5.038997 -5.612845 -2.953561 4.1e-05 -11.020498 -1.8e-05 -6.111177 -15.895293 -3.840483 -1e-06 0.0 1e-06 -10.283311 -5.680255 -4.341837 11.028263 -11.302397 -2.372647 -1.384197 -14.238541 -6.320118 -0.625313 -26.924166 -3.827595 -4.055249 -49.515427 -3.861022 -13.708444 -7.363431 -3.72095 18.14109 -14.052741 -3.242689 6.7e-05 -18.78722 -5e-06 -0.429689 -8.45603 2.555509 1e-06 -0.0 0.0 -15.923403 -20.094397 -5.473607 30.41905 -7.190863 1.735873 2.7e-05 -8.162905 -1e-06 -1.861793 -22.861431 -6.167916 0.0 -0.0 1e-06 174.779724 0.195677 -0.570211 14.798532 -0.009232 0.039189 -78.699265 4.137134 -0.461458 -5.55079 1.485321 2.156514 -0.999998 0.0 -0.0 -7.284728 -2.034159 -6.238319 18.276091 -0.016584 -0.078025 -81.09034 -4.977791 -3.804769 -6.045105 0.679969 1.65336 -1.000003 -1e-06 0.0 
0.0 0.0 0.0 0.0 -0.0 0.0 -0.149537 100.232567 5.562456 91.104645 -0.67233 89.598045 -4.023841 -0.754072 -0.330798 -12.432207 -0.813653 -0.115257 18.670389 -0.31299 -2.575211 21.928528 1.31769 2.587118 -2.592382 -0.66062 -2.524691 -29.735741 -1.19277 -3.432616 6e-06 -0.0 -1e-06 0.033142 0.012817 0.01514 0.031805 0.029102 0.024134 0.01049 -0.004357 0.008156 -104.583557 -73.642502 121.371002 49.395679 -61.742268 2.321401 26.97719 -0.022607 -0.009 -2.378846 4.99224 5.307433 17.636599 -26.322716 52.411163 -19.466509 -14.395501 29.410313 1.7e-05 -8.774781 -1.1e-05 16.067764 -18.189735 6.095659 -0.609783 -1.795647 -3.889316 -4.807091 -11.046781 -2.937843 -4.3e-05 -20.975971 2.3e-05 -5.01999 -25.033548 -4.031897 5e-06 2e-06 1e-06 -10.634502 -5.686964 -3.565589 10.573182 -17.92288 -3.113858 -2.7e-05 -13.821177 1.5e-05 -0.501835 -31.181494 -4.027008 -12.117247 -59.963638 8.042647 -13.982669 -7.150193 -2.875047 13.772642 -8.401441 -3.218202 0.347636 -34.211479 0.771706 -0.963074 -17.733379 2.621033 -0.0 3e-06 -0.0 -17.346376 -20.095171 -4.201784 21.757454 -1.638333 3.866448 -1e-05 -6.338811 1e-05 -1.697616 -22.59173 -6.19401 -1e-06 -2e-06 -0.0 37.313805 -69.574471 162.98407 46.778267 -52.371754 1.556264 27.126074 -0.388251 0.014056 -6.985627 8.687153 1.206328 22.182072 -20.375849 49.933178 -16.701679 -16.743452 28.476383 1e-05 -12.690544 -9e-06 16.156424 -17.636814 2.589514 -0.105922 -1.513847 -4.275867 -5.039029 -5.612848 -2.953545 -5e-06 -11.020479 7e-06 -6.111281 -15.895287 -3.840462 -1e-06 -1e-06 -1e-06 -10.283341 -5.68027 -4.341828 11.028238 -11.302344 -2.372605 -1.384277 -14.238518 -6.320088 -0.625456 -26.924101 -3.827577 -4.050865 -49.48632 -3.882874 -13.708487 -7.363454 -3.720934 18.141058 -14.052665 -3.242629 -1.5e-05 -18.787195 2e-05 -0.42972 -8.456022 2.555508 1e-06 1e-06 -0.0 -15.923495 -20.094408 -5.473567 30.419077 -7.190778 1.735953 -3e-06 -8.162895 2e-06 -1.861915 -22.861403 -6.167914 -0.0 -3e-06 2e-06 174.797775 0.172563 -0.511752 14.759233 -0.008826 0.025414 -78.723236 4.067754 -0.464262 -5.524076 1.484758 2.156819 -0.999996 -0.0 -0.0 -7.198985 -1.981616 -6.233322 18.102707 -0.013105 -0.070627 -81.013458 -4.982797 -3.801229 -6.033106 0.67634 1.652278 -1.000001 1e-06 0.0 
0.0 0.0 0.0 0.0 -0.0 0.0 -0.111283 100.240341 5.574625 91.05825 -0.723355 89.578552 -4.021511 -0.746615 -0.338474 -12.434941 -0.808392 -0.119443 18.671431 -0.298676 -2.579101 21.876944 1.354741 2.587476 -2.592412 -0.660098 -2.537672 -29.759199 -1.195906 -3.426727 6e-06 -0.0 -1e-06 0.029311 0.012963 0.0163 0.028219 0.029777 0.026557 0.005187 -0.004533 0.007889 -104.525696 -73.625046 121.303207 49.386196 -61.730354 2.319836 26.973429 -0.00422 -0.009103 -2.385252 4.994754 5.217629 17.636518 -26.32254 52.410892 -19.46649 -14.395486 29.4102 1.2e-05 -8.77476 -3e-06 16.039351 -18.185703 6.098672 -0.609777 -1.795643 -3.889303 -4.807076 -11.046747 -2.937829 -2.7e-05 -20.975872 -5e-06 -5.019949 -25.033403 -4.031885 4e-06 1e-06 0.0 -10.63448 -5.686953 -3.565566 10.57317 -17.922823 -3.113872 -1.6e-05 -13.821123 -4e-06 -0.501789 -31.181341 -4.027023 -12.098168 -59.925533 8.020841 -13.98264 -7.150176 -2.875026 13.772618 -8.40142 -3.218213 0.347678 -34.211315 0.771647 -0.963042 -17.73328 2.620992 -2e-06 2e-06 0.0 -17.34634 -20.095123 -4.201756 21.757412 -1.638331 3.866417 -9e-06 -6.338783 -1e-06 -1.697597 -22.591621 -6.193995 -0.0 -3e-06 -1e-06 37.08149 -69.544357 163.222183 46.702152 -52.377674 1.579124 27.097771 -0.394392 0.02366 -7.001333 8.69539 1.142943 22.18199 -20.375727 49.933002 -16.701641 -16.743425 28.476305 1.9e-05 -12.690521 -4e-06 16.155691 -17.624155 2.576114 -0.105922 -1.513846 -4.275854 -5.039021 -5.612841 -2.953535 -1.6e-05 -11.020459 5e-06 -6.111291 -15.895269 -3.840448 -1e-06 0.0 2e-06 -10.283323 -5.680268 -4.341811 11.028207 -11.302315 -2.372605 -1.384289 -14.238501 -6.320075 -0.625476 -26.924046 -3.82759 -4.038185 -49.447353 -3.909816 -13.708462 -7.363449 -3.720912 18.141008 -14.052621 -3.242633 -2.6e-05 -18.787165 -0.0 -0.429723 -8.456007 2.555488 -2e-06 -1e-06 1e-06 -15.923485 -20.094383 -5.473539 30.419029 -7.190731 1.735946 -9e-06 -8.16288 -5e-06 -1.861923 -22.861378 -6.167929 -1e-06 -3e-06 0.0 174.829849 0.133691 -0.45152 14.689121 -0.005615 0.018996 -78.731705 3.996476 -0.507407 -5.486795 1.482211 2.15778 -0.999998 -0.0 0.0 -7.098866 -1.920739 -6.247894 17.902349 -0.010115 -0.065936 -80.928307 -4.973397 -3.778855 -6.0373 0.669745 1.649881 -1.0 -0.0 -0.0 
0.0 0.0 0.0 0.0 -0.0 0.0 -0.074835 100.252449 5.604986 91.000687 -0.766596 89.577499 -4.008759 -0.735768 -0.343956 -12.43669 -0.812082 -0.126676 18.662956 -0.28091 -2.585852 21.834166 1.393558 2.597552 -2.590007 -0.660136 -2.564094 -29.773273 -1.210763 -3.440874 6e-06 0.0 0.0 0.026772 0.012222 0.013068 0.028194 0.029136 0.02517 0.00356 -0.005202 0.002426 -104.438393 -73.608994 121.221077 49.360455 -61.715343 2.321127 27.003094 0.012322 -0.008996 -2.37429 4.999538 5.191981 17.636709 -26.322775 52.411263 -19.466856 -14.395652 29.410532 -1e-05 -8.774892 -2e-06 16.014181 -18.20013 6.109808 -0.609775 -1.795667 -3.88934 -4.807107 -11.046896 -2.937872 3.4e-05 -20.976244 -3.1e-05 -5.019965 -25.033909 -4.031941 7e-06 1e-06 -1e-06 -10.634574 -5.687002 -3.565591 10.573353 -17.923096 -3.113944 2.2e-05 -13.821349 -1.9e-05 -0.501699 -31.181969 -4.027104 -12.104352 -59.907665 8.034142 -13.982767 -7.150236 -2.875039 13.772815 -8.401567 -3.218273 0.347801 -34.211967 0.771592 -0.962999 -17.733635 2.621029 -2e-06 -3e-06 -0.0 -17.346493 -20.095337 -4.201784 21.757685 -1.638396 3.866442 8e-06 -6.338889 -1.1e-05 -1.69755 -22.592081 -6.194121 2e-06 -5e-06 -0.0 36.855762 -69.541405 163.461716 46.657852 -52.40358 1.590091 27.012177 -0.407533 0.026518 -7.035066 8.652576 1.055727 22.182165 -20.375879 49.933296 -16.701857 -16.743565 28.476549 2e-06 -12.690648 -1e-06 16.154453 -17.606926 2.570644 -0.105918 -1.513858 -4.275885 -5.03906 -5.612892 -2.953554 1e-06 -11.020571 -6e-06 -6.111331 -15.895436 -3.840487 -0.0 0.0 2e-06 -10.283399 -5.680306 -4.341832 11.028319 -11.302431 -2.372634 -1.384282 -14.238636 -6.320135 -0.625439 -26.924351 -3.827632 -4.028007 -49.42778 -3.929693 -13.708563 -7.363499 -3.72093 18.141205 -14.052774 -3.242681 4e-06 -18.787363 -1.2e-05 -0.429711 -8.456102 2.555511 -0.0 2e-06 -0.0 -15.923591 -20.09454 -5.473567 30.419304 -7.190832 1.735938 3e-06 -8.162953 -1.1e-05 -1.861897 -22.861605 -6.167997 0.0 -5e-06 -1e-06 174.869888 0.084482 -0.387414 14.621255 -0.002655 0.017444 -78.755287 3.937778 -0.582181 -5.432673 1.475722 2.158219 -0.999999 0.0 0.0 -6.998986 -1.851377 -6.256922 17.727558 -0.007558 -0.066558 -80.86438 -4.958898 -3.772589 -6.01349 0.65776 1.64756 -1.000005 -0.0 -0.0 
0.0 0.0 0.0 0.0 -0.0 0.0 -0.042624 100.26754 5.643719 90.953651 -0.802268 89.58651 -3.983984 -0.728714 -0.352078 -12.437353 -0.82279 -0.134333 18.645227 -0.266244 -2.582883 21.78755 1.419581 2.60057 -2.583158 -0.656843 -2.594817 -29.784639 -1.223492 -3.472753 6e-06 -0.0 -1e-06 0.024932 0.011129 0.0076 0.032011 0.028659 0.021393 0.005283 -0.006757 -0.00506 -104.347878 -73.587784 121.143707 49.336021 -61.70166 2.343468 27.067429 0.034489 -0.01045 -2.366072 4.986848 5.246182 17.636497 -26.322598 52.410965 -19.466471 -14.395498 29.410231 -4e-06 -8.774749 -3e-06 16.008934 -18.226028 6.126715 -0.609773 -1.795634 -3.889307 -4.807046 -11.046706 -2.937835 1.1e-05 -20.975824 1.5e-05 -5.0199 -25.033329 -4.031846 4e-06 2e-06 -1e-06 -10.634451 -5.686922 -3.565578 10.573179 -17.922792 -3.113862 4e-06 -13.821087 1.9e-05 -0.501773 -31.181225 -4.026939 -12.123858 -59.91658 8.082047 -13.982605 -7.150137 -2.875039 13.772613 -8.401423 -3.218213 0.347721 -34.211243 0.771702 -0.963042 -17.733255 2.621047 0.0 0.0 -1e-06 -17.346272 -20.095045 -4.201779 21.757374 -1.638368 3.86641 5e-06 -6.338772 1.1e-05 -1.697558 -22.591553 -6.193953 1e-06 0.0 -1e-06 36.691589 -69.561646 163.618652 46.61549 -52.456528 1.69269 26.92498 -0.39476 0.030308 -7.077384 8.571603 0.932681 22.181974 -20.375751 49.933044 -16.701685 -16.74342 28.476353 -8e-06 -12.69051 3e-06 16.150013 -17.587984 2.574327 -0.105918 -1.513845 -4.275856 -5.039009 -5.612834 -2.953541 7e-06 -11.020454 -7e-06 -6.111243 -15.895252 -3.840465 -1e-06 1e-06 1e-06 -10.283312 -5.680253 -4.341816 11.028218 -11.302329 -2.372615 -1.38425 -14.238493 -6.320089 -0.625403 -26.924044 -3.827591 -4.021175 -49.415363 -3.940723 -13.708443 -7.363431 -3.720923 18.141031 -14.052643 -3.242645 1.1e-05 -18.787153 -2e-06 -0.429707 -8.456004 2.555497 1e-06 -0.0 0.0 -15.923437 -20.094353 -5.473557 30.419016 -7.190776 1.73592 2e-06 -8.162874 -1e-06 -1.861865 -22.861353 -6.167916 -2e-06 -5e-06 -3e-06 174.909256 0.045535 -0.356182 14.568352 -0.0004 0.015282 -78.773293 3.910698 -0.642181 -5.389603 1.467428 2.158508 -0.999999 0.0 0.0 -6.909388 -1.800994 -6.277948 17.588957 -0.005669 -0.067837 -80.825775 -4.934012 -3.778849 -5.96886 0.646416 1.646194 -0.999999 1e-06 -0.0 
0.0 0.0 0.0 0.0 -0.0 0.0 -0.000481 100.278625 5.696411 90.915581 -0.843262 89.600426 -3.957966 -0.718652 -0.351382 -12.435303 -0.837007 -0.138968 18.620241 -0.262228 -2.571031 21.741779 1.439616 2.592438 -2.573302 -0.662824 -2.607114 -29.813004 -1.23595 -3.531359 6e-06 0.0 0.0 0.02437 0.010316 0.004667 0.036755 0.027617 0.018774 0.008068 -0.00727 -0.008429 -104.273811 -73.56234 121.088341 49.319519 -61.6754 2.394364 27.15564 0.051584 -0.008214 -2.368306 4.961956 5.329065 17.636442 -26.322433 52.41077 -19.466402 -14.395451 29.410078 1.2e-05 -8.774715 -2e-06 16.036753 -18.25787 6.136041 -0.609775 -1.795637 -3.889296 -4.807053 -11.046687 -2.937821 -1.8e-05 -20.975727 -7e-06 -5.019904 -25.033197 -4.031862 6e-06 -2e-06 1e-06 -10.634448 -5.686931 -3.565559 10.573133 -17.922722 -3.113861 -1.2e-05 -13.82102 -3e-06 -0.50178 -31.181026 -4.026985 -12.144076 -59.947929 8.136988 -13.9826 -7.150147 -2.875021 13.77257 -8.401375 -3.218205 0.347687 -34.211033 0.771639 -0.96303 -17.733118 2.620973 2e-06 1e-06 1e-06 -17.346281 -20.095041 -4.201752 21.75733 -1.638327 3.866392 -9e-06 -6.338737 1e-06 -1.697588 -22.59141 -6.193939 -1e-06 -3e-06 -1e-06 36.626099 -69.592484 163.682236 46.600388 -52.523281 1.816771 26.866125 -0.364449 0.035404 -7.1356 8.454344 0.794745 22.18198 -20.375788 49.933159 -16.701645 -16.743423 28.476383 2.3e-05 -12.690515 2e-06 16.151955 -17.573009 2.583786 -0.105925 -1.513847 -4.275865 -5.039021 -5.612846 -2.953546 -1.7e-05 -11.020466 2e-06 -6.111281 -15.895287 -3.840475 -0.0 1e-06 -0.0 -10.283322 -5.680272 -4.341823 11.0282 -11.30232 -2.372615 -1.384286 -14.238508 -6.3201 -0.625471 -26.924061 -3.827614 -4.017436 -49.411366 -3.939171 -13.708461 -7.363458 -3.72093 18.141006 -14.052625 -3.242639 -3e-05 -18.787174 -0.0 -0.429728 -8.456015 2.555495 -1e-06 3e-06 0.0 -15.923473 -20.094391 -5.473564 30.419012 -7.190722 1.735942 -1.5e-05 -8.16288 -0.0 -1.861928 -22.861376 -6.167922 2e-06 -5e-06 -3e-06 174.917938 0.008113 -0.373789 14.573821 0.001727 0.014466 -78.80172 3.928754 -0.679754 -5.357379 1.46297 2.158163 -0.999997 -1e-06 -0.0 -6.844195 -1.775351 -6.350493 17.501596 -0.009149 -0.062849 -80.829651 -4.876278 -3.789919 -5.919084 0.639785 1.646157 -1.000001 -0.0 0.0 
0.0 0.0 0.0 0.0 -0.0 0.0 0.048891 100.28434 5.750906 90.891479 -0.899993 89.604721 -3.942466 -0.708559 -0.345754 -12.433845 -0.846813 -0.132162 18.595013 -0.272992 -2.551541 21.700756 1.450847 2.587004 -2.56743 -0.661958 -2.63354 -29.872042 -1.24585 -3.578603 6e-06 0.0 -1e-06 0.02404 0.010271 0.006555 0.039962 0.025501 0.019547 0.009413 -0.005209 -0.005213 -104.243492 -73.529259 121.079269 49.281342 -61.651161 2.470041 27.268061 0.062996 -0.003957 -2.364645 4.973155 5.320899 17.636446 -26.322668 52.411095 -19.466421 -14.395485 29.410248 -3e-06 -8.774715 4e-06 16.068226 -18.285944 6.137755 -0.609774 -1.795631 -3.889308 -4.807034 -11.04669 -2.937829 -2e-06 -20.975777 3.2e-05 -5.019901 -25.033249 -4.031813 5e-06 -0.0 4e-06 -10.634439 -5.686916 -3.565584 10.573147 -17.922766 -3.113844 -7e-06 -13.821064 3.1e-05 -0.501808 -31.181149 -4.026905 -12.158959 -59.968304 8.174986 -13.982588 -7.150133 -2.875049 13.772575 -8.401407 -3.218205 0.347681 -34.211166 0.771746 -0.963067 -17.733208 2.621055 -0.0 0.0 2e-06 -17.346245 -20.095026 -4.201793 21.757318 -1.638361 3.866402 -1e-06 -6.338761 1.9e-05 -1.69757 -22.591505 -6.193916 -0.0 -3e-06 -3e-06 36.630672 -69.611656 163.668335 46.594688 -52.594105 1.926302 26.849094 -0.343774 0.038429 -7.172301 8.359636 0.709612 22.181921 -20.37578 49.933086 -16.70162 -16.743372 28.476318 -1.6e-05 -12.690442 5e-06 16.161657 -17.568274 2.578696 -0.105921 -1.513842 -4.275857 -5.038988 -5.612808 -2.953542 1.6e-05 -11.020394 -6e-06 -6.111187 -15.895129 -3.840458 -1e-06 1e-06 1e-06 -10.283281 -5.680234 -4.341825 11.028183 -11.302285 -2.37261 -1.384231 -14.238405 -6.320071 -0.625374 -26.92384 -3.827564 -4.013687 -49.409649 -3.937233 -13.708405 -7.363405 -3.720933 18.140966 -14.052592 -3.242639 1.8e-05 -18.787043 1.2e-05 -0.429703 -8.455948 2.555491 -3e-06 2e-06 1e-06 -15.923377 -20.094288 -5.473583 30.41889 -7.190762 1.735908 7e-06 -8.162829 1.1e-05 -1.861856 -22.861176 -6.167847 2e-06 -2e-06 -3e-06 174.892517 -0.01429 -0.402731 14.629671 0.005379 0.008596 -78.843719 3.948973 -0.706681 -5.353328 1.469078 2.159465 -0.999999 -0.0 -0.0 -6.822852 -1.772953 -6.426819 17.487051 -0.012994 -0.057751 -80.880775 -4.798729 -3.799176 -5.899388 0.637329 1.646045 -1.000001 1e-06 -0.0 
0.0 0.0 0.0 0.0 -0.0 0.0 0.097791 100.288177 5.80466 90.880188 -0.971142 89.612411 -3.937163 -0.705285 -0.33528 -12.42981 -0.84857 -0.111036 18.569565 -0.291232 -2.544702 21.680195 1.46958 2.590227 -2.567865 -0.65968 -2.65503 -29.97278 -1.231931 -3.623848 5e-06 0.0 -0.0 0.023638 0.00971 0.006118 0.039735 0.023383 0.017816 0.009077 -0.004251 -0.003816 -104.249031 -73.496063 121.110481 49.228264 -61.639351 2.526942 27.379356 0.076952 0.000873 -2.358217 5.023366 5.270506 17.636721 -26.322847 52.411457 -19.466808 -14.395688 29.410601 1.9e-05 -8.774916 -3e-06 16.080925 -18.309406 6.140254 -0.609782 -1.795666 -3.889343 -4.807151 -11.046918 -2.937869 -3.7e-05 -20.976255 -1.2e-05 -5.020067 -25.03396 -4.031978 5e-06 3e-06 3e-06 -10.634613 -5.687027 -3.565596 10.57333 -17.923088 -3.11393 -2.1e-05 -13.821363 -1.7e-05 -0.501798 -31.18203 -4.027141 -12.164487 -59.977093 8.197225 -13.982818 -7.150271 -2.875045 13.772827 -8.401534 -3.218267 0.347676 -34.211975 0.771636 -0.963058 -17.733631 2.621024 -0.0 -1e-06 1e-06 -17.346586 -20.095394 -4.201777 21.75775 -1.638345 3.866468 -1.1e-05 -6.338895 -3e-06 -1.697645 -22.592115 -6.194133 2e-06 -4e-06 -3e-06 36.654331 -69.620346 163.621002 46.577835 -52.666142 2.059222 26.879698 -0.317799 0.041774 -7.211968 8.29545 0.648015 22.182251 -20.375946 49.933552 -16.701931 -16.743633 28.476702 1.8e-05 -12.690721 -6e-06 16.167448 -17.571541 2.572417 -0.105922 -1.513866 -4.275901 -5.039091 -5.612925 -2.953575 -1.1e-05 -11.020638 -9e-06 -6.111389 -15.895567 -3.840533 1e-06 -1e-06 -1e-06 -10.283445 -5.680339 -4.341852 11.028366 -11.302473 -2.372653 -1.384303 -14.238729 -6.320189 -0.625454 -26.924541 -3.827699 -4.013594 -49.404148 -3.930366 -13.708627 -7.363544 -3.720948 18.141277 -14.052822 -3.242698 -1e-05 -18.78746 -2.6e-05 -0.429718 -8.456147 2.555522 0.0 -1e-06 -1e-06 -15.923683 -20.094645 -5.473596 30.419451 -7.190839 1.735963 -4e-06 -8.162996 -1.3e-05 -1.861922 -22.861774 -6.168072 1e-06 -5e-06 -2e-06 174.854721 -0.021839 -0.429964 14.698401 0.009498 0.00477 -78.884583 3.968252 -0.728455 -5.401001 1.480466 2.161443 -1.000003 -0.0 0.0 -6.832388 -1.785926 -6.483782 17.518803 -0.017692 -0.056323 -80.954521 -4.728976 -3.800503 -5.931123 0.635534 1.644126 -1.000003 -0.0 0.0 
0.0 0.0 0.0 0.0 -0.0 0.0 0.144317 100.289276 5.862032 90.873421 -1.046281 89.611198 -3.944268 -0.704372 -0.319074 -12.430822 -0.843379 -0.07854 18.562061 -0.315281 -2.547226 21.675777 1.485264 2.590258 -2.575978 -0.6546 -2.655382 -30.083101 -1.191868 -3.687384 6e-06 0.0 -0.0 0.021556 0.00922 0.003956 0.039509 0.0223 0.015704 0.010357 -0.004222 -0.00536 -104.255882 -73.460609 121.131874 49.142597 -61.645805 2.567579 27.48682 0.083389 0.009724 -2.357401 5.096179 5.200573 17.636448 -26.322554 52.410847 -19.466339 -14.395438 29.410078 0.0 -8.774692 -4e-06 16.081198 -18.318546 6.136346 -0.609773 -1.795626 -3.889297 -4.807024 -11.046654 -2.937813 -3e-06 -20.975689 3.7e-05 -5.019888 -25.033119 -4.03179 7e-06 -5e-06 -1e-06 -10.63442 -5.686902 -3.565571 10.573118 -17.922701 -3.113828 -7e-06 -13.820998 3e-05 -0.501817 -31.180962 -4.026879 -12.161605 -59.977291 8.200897 -13.982563 -7.150115 -2.875038 13.772542 -8.40138 -3.218184 0.347682 -34.210991 0.771735 -0.963055 -17.733112 2.621033 -0.0 -1e-06 -2e-06 -17.346212 -20.094973 -4.201771 21.757273 -1.638358 3.866395 1e-06 -6.338734 1.6e-05 -1.697567 -22.591379 -6.193876 -0.0 -4e-06 -0.0 36.688797 -69.637138 163.555588 46.583569 -52.744633 2.095872 26.929834 -0.31509 0.04371 -7.241958 8.262071 0.659747 22.181942 -20.375776 49.932995 -16.701567 -16.74337 28.476254 -2e-06 -12.690446 -1e-06 16.149858 -17.564402 2.572459 -0.105919 -1.513836 -4.27585 -5.038991 -5.612803 -2.953533 7e-06 -11.020382 7e-06 -6.111203 -15.895112 -3.840438 -0.0 -0.0 -2e-06 -10.283283 -5.680231 -4.341815 11.028167 -11.302263 -2.372591 -1.384254 -14.238379 -6.320049 -0.625426 -26.923784 -3.827535 -4.019852 -49.371208 -3.921525 -13.708407 -7.363403 -3.720922 18.140947 -14.052569 -3.242611 -5e-06 -18.787031 3.2e-05 -0.429716 -8.455945 2.555501 1e-06 2e-06 1e-06 -15.923394 -20.094275 -5.473557 30.41889 -7.190739 1.735933 -0.0 -8.162829 1.5e-05 -1.861893 -22.861166 -6.167822 -1e-06 -3e-06 -5e-06 174.815247 -0.02826 -0.474877 14.768522 0.012774 0.003185 -78.919823 4.011881 -0.743948 -5.439062 1.492589 2.164796 -0.999999 -0.0 0.0 -6.848172 -1.803789 -6.531922 17.564528 -0.020853 -0.057244 -81.044861 -4.668226 -3.80385 -5.981444 0.636193 1.641789 -0.999995 -0.0 -0.0 
0.0 0.0 0.0 0.0 -0.0 0.0 0.192175 100.289261 5.931806 90.864906 -1.130268 89.612366 -3.96273 -0.705362 -0.307529 -12.438781 -0.836336 -0.046999 18.560181 -0.342456 -2.55546 21.680719 1.496584 2.580327 -2.578251 -0.646097 -2.633824 -30.162867 -1.143525 -3.736543 6e-06 -0.0 0.0 0.019759 0.009919 0.005006 0.041207 0.021623 0.017042 0.011449 -0.00197 -0.004001 -104.262466 -73.409218 121.124718 49.031799 -61.671787 2.617125 27.576561 0.063404 0.009297 -2.38009 5.167632 5.188677 17.636669 -26.322695 52.411118 -19.466681 -14.395607 29.410381 1.4e-05 -8.774852 -4e-06 16.079346 -18.32976 6.133876 -0.609779 -1.795658 -3.889326 -4.807118 -11.046845 -2.937847 -2.6e-05 -20.976095 -1e-06 -5.020022 -25.033703 -4.03192 3e-06 0.0 -0.0 -10.634564 -5.686996 -3.565576 10.573275 -17.922983 -3.113901 -1.6e-05 -13.821258 -9e-06 -0.501802 -31.181709 -4.027066 -12.164314 -59.980064 8.202686 -13.982755 -7.150232 -2.875031 13.772754 -8.401497 -3.21824 0.347695 -34.211693 0.771641 -0.96304 -17.733482 2.621014 -3e-06 2e-06 0.0 -17.346498 -20.095287 -4.201751 21.757622 -1.638348 3.866443 -6e-06 -6.338846 -5e-06 -1.697623 -22.591887 -6.194059 -0.0 -5e-06 -2e-06 36.703056 -69.632507 163.497986 46.570381 -52.808754 2.14788 27.009695 -0.333621 0.039836 -7.274082 8.256761 0.727557 22.182167 -20.375839 49.933289 -16.701862 -16.74358 28.476551 8e-06 -12.690663 -2e-06 16.129875 -17.559641 2.571869 -0.105917 -1.513861 -4.275881 -5.039066 -5.612895 -2.953556 -4e-06 -11.020573 -7e-06 -6.111343 -15.895451 -3.840497 1e-06 -1e-06 -2e-06 -10.283405 -5.680312 -4.341827 11.028328 -11.302425 -2.372646 -1.384287 -14.238644 -6.320141 -0.625437 -26.924358 -3.827647 -4.023821 -49.339893 -3.920713 -13.708576 -7.363509 -3.720927 18.141211 -14.052764 -3.242689 3e-06 -18.78735 -2.1e-05 -0.429707 -8.456097 2.555505 -1e-06 3e-06 2e-06 -15.923615 -20.094551 -5.473564 30.419331 -7.190821 1.735939 0.0 -8.162952 -1.4e-05 -1.861905 -22.861599 -6.168016 1e-06 -3e-06 -3e-06 174.771973 -0.041558 -0.526155 14.836307 0.015781 0.001975 -78.969582 4.094846 -0.751437 -5.45961 1.492587 2.163 -1.000003 0.0 0.0 -6.863264 -1.818442 -6.580584 17.601255 -0.019724 -0.062789 -81.139305 -4.619177 -3.842405 -6.016327 0.64585 1.641957 -1.0 -1e-06 -1e-06 
0.0 0.0 0.0 0.0 -0.0 0.0 0.243191 100.280319 5.996026 90.860573 -1.213293 89.617348 -3.96958 -0.71067 -0.300315 -12.444633 -0.829625 -0.030703 18.543156 -0.364554 -2.558494 21.722265 1.504213 2.576078 -2.569592 -0.634003 -2.63598 -30.266922 -1.089076 -3.74718 6e-06 0.0 0.0 0.018814 0.010681 0.006842 0.049735 0.02214 0.01983 0.018477 -0.000692 -0.002846 -104.274063 -73.358063 121.119019 48.929737 -61.710083 2.661945 27.628353 0.046742 0.013138 -2.378469 5.239842 5.190216 17.636566 -26.32268 52.411118 -19.466587 -14.39558 29.410351 8e-06 -8.774813 -1e-06 16.079931 -18.327291 6.125088 -0.609777 -1.795646 -3.889321 -4.807088 -11.046782 -2.937841 -1.5e-05 -20.975973 1.2e-05 -5.019978 -25.033541 -4.031885 7e-06 5e-06 -2e-06 -10.634516 -5.686963 -3.565578 10.573237 -17.922901 -3.113884 -1.1e-05 -13.821191 6e-06 -0.501802 -31.181536 -4.027013 -12.133902 -59.970387 8.175121 -13.982688 -7.150187 -2.875036 13.772695 -8.401459 -3.218232 0.347689 -34.21151 0.771687 -0.963058 -17.733387 2.621038 -1e-06 3e-06 -1e-06 -17.346399 -20.095179 -4.201769 21.757528 -1.638352 3.866426 -6e-06 -6.338817 4e-06 -1.69761 -22.591768 -6.194011 -0.0 -5e-06 -3e-06 36.753498 -69.639824 163.4021 46.593773 -52.869995 2.227533 27.097456 -0.34256 0.036564 -7.316458 8.279032 0.797709 22.182022 -20.375774 49.93306 -16.701649 -16.743458 28.47633 2e-05 -12.690542 -3e-06 16.123564 -17.562874 2.565588 -0.105923 -1.513844 -4.275856 -5.039025 -5.612841 -2.953534 -1.5e-05 -11.020453 1.2e-05 -6.1113 -15.895246 -3.840446 -0.0 -0.0 -0.0 -10.283333 -5.680265 -4.341809 11.02822 -11.302314 -2.372605 -1.384293 -14.238488 -6.320073 -0.625481 -26.924023 -3.827573 -4.020997 -49.309834 -3.938835 -13.708473 -7.363451 -3.720915 18.141033 -14.052622 -3.242633 -2.8e-05 -18.787159 1.3e-05 -0.429723 -8.456003 2.555499 -0.0 1e-06 -2e-06 -15.923502 -20.094385 -5.47354 30.419064 -7.190734 1.735948 -1.3e-05 -8.162872 5e-06 -1.861939 -22.861336 -6.167903 1e-06 -5e-06 -2e-06 174.736099 -0.046185 -0.564459 14.907426 0.018162 -0.002605 -79.04718 4.16545 -0.768227 -5.471181 1.486838 2.160558 -1.000001 -0.0 -0.0 -6.885488 -1.849166 -6.669453 17.670717 -0.016488 -0.065161 -81.264221 -4.523646 -3.896698 -6.020396 0.656732 1.643776 -1.0 -1e-06 -0.0 
0.0 0.0 0.0 0.0 -0.0 0.0 0.303711 100.268379 6.056273 90.853264 -1.30376 89.631943 -3.975479 -0.711196 -0.29422 -12.452065 -0.823272 -0.021335 18.520702 -0.386107 -2.560586 21.789707 1.518988 2.586631 -2.561972 -0.631111 -2.663374 -30.376656 -1.03468 -3.742396 6e-06 0.0 1e-06 0.020067 0.010933 0.007866 0.058747 0.020513 0.021265 0.026915 0.001682 -0.002296 -104.321228 -73.302467 121.144089 48.83672 -61.736866 2.730302 27.652632 0.033935 0.012071 -2.364689 5.321309 5.207946 17.63669 -26.322733 52.41116 -19.466753 -14.395645 29.410423 -1.7e-05 -8.774853 -5e-06 16.082846 -18.317503 6.112821 -0.609772 -1.795658 -3.889329 -4.807082 -11.046824 -2.937856 5.4e-05 -20.976076 -1.3e-05 -5.019928 -25.033638 -4.031889 4e-06 3e-06 -1e-06 -10.634552 -5.686966 -3.565586 10.573341 -17.923004 -3.113922 3.4e-05 -13.821244 -2e-06 -0.501706 -31.181644 -4.027015 -12.081063 -59.948952 8.125839 -13.982741 -7.150195 -2.875038 13.772784 -8.40153 -3.218255 0.347818 -34.21167 0.771632 -0.962989 -17.733456 2.621041 -0.0 -3e-06 1e-06 -17.346437 -20.095232 -4.201784 21.757626 -1.638416 3.86642 1.6e-05 -6.338839 -2e-06 -1.697538 -22.591831 -6.194031 -1e-06 -6e-06 -2e-06 36.843552 -69.646027 163.29509 46.687325 -52.901554 2.270698 27.174208 -0.356287 0.03699 -7.366559 8.315356 0.870779 22.182144 -20.375906 49.933338 -16.701918 -16.743595 28.476597 -2.6e-05 -12.690647 9e-06 16.124973 -17.567232 2.559973 -0.105913 -1.513862 -4.27589 -5.039046 -5.612881 -2.953561 2.3e-05 -11.020562 -8e-06 -6.111287 -15.895401 -3.840479 -1e-06 -1e-06 0.0 -10.283392 -5.680293 -4.341834 11.028345 -11.302444 -2.372658 -1.384246 -14.238623 -6.320137 -0.62537 -26.924318 -3.827618 -4.017203 -49.289913 -3.955878 -13.708557 -7.363483 -3.720936 18.141235 -14.052796 -3.242706 3.7e-05 -18.787336 -1e-05 -0.429694 -8.456093 2.555511 -3e-06 -1e-06 3e-06 -15.923571 -20.094526 -5.473579 30.419331 -7.190876 1.735897 1.4e-05 -8.162949 -9e-06 -1.861859 -22.861578 -6.167974 -1e-06 -6e-06 0.0 174.690643 -0.049271 -0.582356 14.986485 0.020758 -0.010487 -79.153976 4.219252 -0.782665 -5.477234 1.48279 2.158926 -1.000003 -0.0 0.0 -6.908034 -1.882502 -6.783739 17.742262 -0.014406 -0.067567 -81.399261 -4.403222 -3.962361 -6.007344 0.662796 1.644291 -1.000002 0.0 0.0 
0.0 0.0 0.0 0.0 -0.0 0.0 0.371358 100.254845 6.130367 90.844902 -1.405792 89.657074 -3.98934 -0.704673 -0.28806 -12.461814 -0.817347 -0.016573 18.495848 -0.409134 -2.557978 21.875479 1.52296 2.600207 -2.560135 -0.6371 -2.690796 -30.465834 -0.973298 -3.744679 6e-06 0.0 1e-06 0.022073 0.011148 0.008974 0.063456 0.017127 0.022226 0.033051 0.005622 -0.001091 -104.371117 -73.246986 121.192963 48.773052 -61.753361 2.756492 27.67634 0.033348 0.013469 -2.383221 5.402361 5.222188 17.63677 -26.322817 52.411247 -19.466925 -14.395693 29.410549 -3e-05 -8.774909 -3e-06 16.072025 -18.298838 6.111759 -0.609771 -1.795669 -3.889338 -4.807094 -11.046902 -2.937871 8.1e-05 -20.976278 -2.6e-05 -5.019938 -25.033936 -4.031911 8e-06 3e-06 -3e-06 -10.634583 -5.686991 -3.565589 10.573416 -17.923147 -3.113956 5.5e-05 -13.821377 -1.5e-05 -0.501639 -31.182047 -4.027069 -12.061582 -59.942009 8.111974 -13.98278 -7.150219 -2.875042 13.772858 -8.401607 -3.21828 0.347893 -34.212025 0.771597 -0.962959 -17.733658 2.621063 -2e-06 -2e-06 1e-06 -17.346481 -20.095324 -4.201787 21.757715 -1.638447 3.866434 2.5e-05 -6.338894 -1.1e-05 -1.697496 -22.592096 -6.194103 -0.0 -3e-06 -2e-06 36.953136 -69.667908 163.188965 46.832211 -52.9189 2.262678 27.240606 -0.380421 0.042629 -7.413181 8.390249 0.943077 22.182232 -20.375931 49.933445 -16.702032 -16.74361 28.476698 -4.1e-05 -12.690693 1e-06 16.120508 -17.561655 2.555864 -0.105914 -1.513871 -4.275899 -5.039058 -5.612907 -2.953577 3.9e-05 -11.020629 -2.3e-05 -6.111288 -15.895514 -3.840524 0.0 2e-06 1e-06 -10.283417 -5.68031 -4.341853 11.028393 -11.302512 -2.372673 -1.384229 -14.238715 -6.320183 -0.625316 -26.924543 -3.827675 -4.013361 -49.257462 -3.971898 -13.708588 -7.363502 -3.72095 18.14131 -14.052886 -3.24273 7.6e-05 -18.787447 -3.8e-05 -0.429676 -8.456138 2.555516 -2e-06 3e-06 2e-06 -15.923587 -20.094589 -5.473616 30.419416 -7.190947 1.735904 2.9e-05 -8.16299 -1.7e-05 -1.8618 -22.861725 -6.168047 -1e-06 -6e-06 -2e-06 174.627579 -0.057611 -0.608223 15.084881 0.024414 -0.014882 -79.296486 4.282619 -0.797227 -5.484111 1.476935 2.156856 -0.999998 -0.0 -0.0 -6.936537 -1.916368 -6.888116 17.829842 -0.013528 -0.068498 -81.560783 -4.300838 -4.040012 -5.987852 0.663321 1.643739 -1.000003 0.0 -0.0 
0.0 0.0 0.0 0.0 -0.0 0.0 0.442954 100.24437 6.227602 90.843765 -1.509349 89.682838 -4.006121 -0.698338 -0.288409 -12.470265 -0.811988 -0.020891 18.471388 -0.43318 -2.545794 21.972704 1.509214 2.613472 -2.564512 -0.649276 -2.710071 -30.50618 -0.90924 -3.745272 6e-06 0.0 -0.0 0.024031 0.010829 0.005472 0.060682 0.013642 0.018092 0.031956 0.00857 -0.003958 -104.455536 -73.183586 121.273178 48.690773 -61.753571 2.799177 27.736034 0.042966 0.015356 -2.43639 5.494219 5.216853 17.636625 -26.32272 52.411137 -19.466671 -14.39558 29.410378 -1.3e-05 -8.774817 -5e-06 16.050566 -18.275713 6.129748 -0.609775 -1.795652 -3.889325 -4.807071 -11.046799 -2.93785 3.5e-05 -20.976032 3e-06 -5.019929 -25.033602 -4.031871 8e-06 -3e-06 -0.0 -10.634517 -5.686959 -3.565587 10.573277 -17.922951 -3.113899 2.1e-05 -13.821212 6e-06 -0.50173 -31.181572 -4.026999 -12.063229 -59.946003 8.143414 -13.982691 -7.150182 -2.875044 13.772718 -8.401504 -3.218238 0.347783 -34.21159 0.77166 -0.963011 -17.733423 2.62105 0.0 0.0 -0.0 -17.346378 -20.095188 -4.201782 21.757526 -1.638395 3.866418 1e-05 -6.338829 2e-06 -1.697539 -22.591795 -6.194017 0.0 -3e-06 -5e-06 37.053772 -69.705124 163.083008 46.989006 -52.936432 2.275868 27.30176 -0.397816 0.048239 -7.453172 8.488722 1.021995 22.182117 -20.375982 49.933395 -16.701857 -16.743567 28.47662 -2.8e-05 -12.690621 1.1e-05 16.115702 -17.557497 2.559483 -0.105917 -1.513854 -4.275888 -5.039036 -5.612872 -2.953562 2.6e-05 -11.020557 3e-06 -6.111267 -15.895395 -3.840487 -1e-06 1e-06 -1e-06 -10.283368 -5.680279 -4.341845 11.028316 -11.302431 -2.372642 -1.384239 -14.238614 -6.320135 -0.625382 -26.924337 -3.827595 -4.015398 -49.244427 -3.970735 -13.70852 -7.363463 -3.720947 18.14118 -14.05278 -3.242683 2.8e-05 -18.787331 1.8e-05 -0.42971 -8.456097 2.555537 -2e-06 3e-06 2e-06 -15.923517 -20.094475 -5.473594 30.419235 -7.190867 1.735904 1.2e-05 -8.162951 5e-06 -1.861872 -22.861582 -6.167932 0.0 -3e-06 -2e-06 174.571365 -0.059762 -0.651269 15.189825 0.026521 -0.019092 -79.44178 4.373218 -0.778408 -5.509989 1.46791 2.154592 -0.999997 0.0 -0.0 -6.970456 -1.954096 -6.953026 17.946503 -0.013582 -0.070197 -81.746109 -4.233875 -4.134931 -5.992041 0.665585 1.643605 -1.000003 -0.0 -0.0 
0.0 0.0 0.0 0.0 -0.0 0.0 0.504963 100.237297 6.360602 90.843552 -1.635784 89.715065 -4.040287 -0.687241 -0.292239 -12.480475 -0.805626 -0.022372 18.444225 -0.454066 -2.524724 22.059919 1.483893 2.620005 -2.564853 -0.661977 -2.71468 -30.542461 -0.850595 -3.775109 6e-06 -0.0 -0.0 0.02542 0.010655 0.001459 0.055559 0.010444 0.012857 0.027536 0.011497 -0.006909 -104.601181 -73.122276 121.4151 48.614235 -61.732849 2.837588 27.802824 0.06083 0.019631 -2.483488 5.570968 5.199594 17.636852 -26.322893 52.411377 -19.466953 -14.395721 29.410618 -5e-06 -8.774952 -1.1e-05 16.041777 -18.275625 6.144928 -0.609778 -1.795678 -3.889348 -4.807142 -11.046966 -2.937872 2.2e-05 -20.976393 -1.2e-05 -5.02004 -25.034121 -4.031948 7e-06 3e-06 0.0 -10.634636 -5.687032 -3.565597 10.573421 -17.923212 -3.113952 1.9e-05 -13.821453 -1.4e-05 -0.501732 -31.182255 -4.027112 -12.07588 -59.952328 8.178333 -13.982849 -7.150272 -2.875045 13.772902 -8.401616 -3.218279 0.347791 -34.212223 0.771619 -0.963009 -17.733761 2.621054 -2e-06 -3e-06 -1e-06 -17.346601 -20.095446 -4.201777 21.757824 -1.638407 3.866467 8e-06 -6.338929 -9e-06 -1.697586 -22.592255 -6.194137 2e-06 -2e-06 -2e-06 37.142025 -69.74073 162.993576 47.150406 -52.938393 2.355309 27.341604 -0.383683 0.04905 -7.457383 8.578822 1.040848 22.182323 -20.375971 49.933517 -16.702106 -16.743719 28.476772 -2.4e-05 -12.690791 -0.0 16.10994 -17.550673 2.56345 -0.105914 -1.513876 -4.275907 -5.039093 -5.612938 -2.953574 2.3e-05 -11.020688 -1.6e-05 -6.111373 -15.895621 -3.840526 -1e-06 1e-06 -1e-06 -10.28347 -5.680339 -4.341845 11.028448 -11.302553 -2.372684 -1.384264 -14.238794 -6.320197 -0.625373 -26.924707 -3.827682 -4.012026 -49.247993 -3.96783 -13.708661 -7.363542 -3.72094 18.141407 -14.052932 -3.242745 5.5e-05 -18.787554 -3.6e-05 -0.429687 -8.456189 2.555525 0.0 -0.0 3e-06 -15.923701 -20.094683 -5.473594 30.419603 -7.190949 1.735915 2.1e-05 -8.163033 -2.5e-05 -1.861853 -22.861872 -6.168088 0.0 -7e-06 -4e-06 174.51857 -0.058583 -0.683974 15.276668 0.023616 -0.021864 -79.599388 4.443295 -0.747381 -5.552989 1.456354 2.151531 -1.000002 -0.0 0.0 -7.009768 -1.98123 -6.984387 18.059525 -0.019361 -0.065992 -81.951698 -4.218997 -4.218267 -6.014839 0.669239 1.64522 -1.000005 0.0 0.0 
0.0 0.0 0.0 0.0 -0.0 0.0 0.543498 100.229668 6.536553 90.838554 -1.783799 89.740974 -4.090339 -0.669014 -0.28862 -12.494908 -0.800801 -0.019494 18.415865 -0.467659 -2.511718 22.127802 1.467239 2.625768 -2.568932 -0.668272 -2.715002 -30.597078 -0.812348 -3.796978 6e-06 0.0 -0.0 0.02714 0.010874 -0.001572 0.04963 0.008632 0.008765 0.020676 0.013896 -0.008825 -104.719765 -73.062508 121.536049 48.578297 -61.726231 2.804604 27.853622 0.079995 0.023995 -2.512445 5.631611 5.121099 17.63674 -26.32295 52.41148 -19.466869 -14.395698 29.410622 -3.5e-05 -8.774886 -2e-06 16.035744 -18.291592 6.147532 -0.609772 -1.795662 -3.889349 -4.807075 -11.046866 -2.937877 8.8e-05 -20.976212 -1e-06 -5.01992 -25.033829 -4.031885 6e-06 0.0 -2e-06 -10.634564 -5.686969 -3.565608 10.5734 -17.923103 -3.113935 5.3e-05 -13.821334 1e-05 -0.501669 -31.181911 -4.027 -12.083444 -59.936584 8.194664 -13.982755 -7.150195 -2.875063 13.772835 -8.401593 -3.21827 0.34787 -34.211918 0.771671 -0.962999 -17.733603 2.621106 2e-06 -1e-06 -1e-06 -17.346432 -20.095266 -4.201823 21.757669 -1.638456 3.866433 2.6e-05 -6.338878 3e-06 -1.697498 -22.591999 -6.194062 1e-06 -2e-06 -0.0 37.181988 -69.746429 162.945282 47.280106 -52.90881 2.54068 27.343979 -0.353412 0.041805 -7.441559 8.642819 1.041792 22.182217 -20.37606 49.933514 -16.701935 -16.743563 28.476677 -4.1e-05 -12.69064 -4e-06 16.118807 -17.560411 2.566152 -0.105915 -1.513862 -4.275899 -5.03904 -5.612888 -2.953576 3.8e-05 -11.020607 -0.0 -6.11126 -15.895464 -3.840495 -1e-06 0.0 2e-06 -10.283381 -5.680288 -4.341865 11.028349 -11.302496 -2.372643 -1.384225 -14.23868 -6.320151 -0.625367 -26.92448 -3.827597 -4.012938 -49.277458 -3.959647 -13.708538 -7.363475 -3.720966 18.141233 -14.052863 -3.24269 5.8e-05 -18.78742 1e-05 -0.429697 -8.456137 2.555543 2e-06 -3e-06 1e-06 -15.923521 -20.094528 -5.473628 30.419287 -7.190941 1.735912 2.6e-05 -8.162992 3e-06 -1.861831 -22.86171 -6.167957 3e-06 -6e-06 1e-06 174.457916 -0.06528 -0.707668 15.348262 0.02158 -0.019938 -79.769424 4.486244 -0.722382 -5.601613 1.447804 2.149794 -0.999994 0.0 -0.0 -7.050464 -1.9875 -6.97002 18.154268 -0.024276 -0.061489 -82.168388 -4.257817 -4.281019 -6.03797 0.667881 1.646696 -1.000001 0.0 0.0 
0.0 0.0 0.0 0.0 -0.0 0.0 0.557605 100.216591 6.762656 90.827698 -1.94153 89.754051 -4.138534 -0.646198 -0.284091 -12.51228 -0.79746 -0.009549 18.3804 -0.470962 -2.504502 22.186361 1.451374 2.622378 -2.569971 -0.662889 -2.717901 -30.658234 -0.76698 -3.814924 5e-06 0.0 0.0 0.027868 0.011933 0.000182 0.046221 0.008906 0.009468 0.017913 0.015776 -0.006184 -104.821465 -73.017723 121.641174 48.564331 -61.746552 2.729168 27.89114 0.0914 0.015809 -2.526989 5.710884 4.977942 17.636593 -26.322775 52.411301 -19.466692 -14.395623 29.410463 -2.2e-05 -8.774819 3e-06 16.027004 -18.326368 6.151709 -0.609772 -1.795651 -3.889337 -4.807061 -11.046782 -2.937858 5.7e-05 -20.975992 -2e-06 -5.019896 -25.033525 -4.031872 4e-06 1e-06 2e-06 -10.634516 -5.686946 -3.565598 10.573301 -17.922939 -3.113911 3.3e-05 -13.821188 1.2e-05 -0.501704 -31.181484 -4.026968 -12.084414 -59.917973 8.195042 -13.982693 -7.150171 -2.875053 13.772732 -8.401504 -3.218255 0.347802 -34.211521 0.771677 -0.963013 -17.733385 2.621068 -0.0 -1e-06 1e-06 -17.346367 -20.095167 -4.201804 21.757536 -1.63841 3.866406 1.6e-05 -6.338817 7e-06 -1.697521 -22.59173 -6.194005 0.0 -1e-06 -2e-06 37.211159 -69.740089 162.900421 47.422955 -52.879749 2.700757 27.292767 -0.329091 0.036903 -7.414532 8.662832 1.067854 22.182106 -20.375919 49.933403 -16.70187 -16.743526 28.476608 -2.1e-05 -12.690605 6e-06 16.125528 -17.572248 2.573045 -0.105919 -1.513859 -4.275889 -5.039036 -5.61288 -2.953566 1.9e-05 -11.020561 -1.2e-05 -6.111269 -15.895423 -3.840505 -0.0 2e-06 -1e-06 -10.283364 -5.680289 -4.34185 11.028303 -11.302431 -2.372644 -1.384243 -14.238621 -6.320153 -0.625371 -26.924337 -3.827643 -4.021779 -49.316124 -3.946159 -13.708516 -7.363478 -3.720953 18.141167 -14.052776 -3.242695 3.5e-05 -18.787327 -1.4e-05 -0.429698 -8.456089 2.555519 -1e-06 2e-06 -1e-06 -15.923514 -20.0945 -5.473612 30.419218 -7.19086 1.735908 1.3e-05 -8.162946 -4e-06 -1.861846 -22.861574 -6.167976 -1e-06 -3e-06 -3e-06 174.403366 -0.079825 -0.744192 15.42576 0.020513 -0.019058 -79.976547 4.503594 -0.697672 -5.640246 1.44208 2.147021 -1.000003 -0.0 0.0 -7.079273 -1.979066 -6.922235 18.230843 -0.027844 -0.054755 -82.403168 -4.311845 -4.306107 -6.055623 0.665895 1.64728 -1.000006 0.0 -0.0 
0.0 0.0 0.0 0.0 -0.0 0.0 0.560659 100.203529 7.04411 90.813728 -2.121817 89.742371 -4.189578 -0.619161 -0.284582 -12.532248 -0.797762 0.00153 18.347588 -0.465597 -2.498236 22.205557 1.431045 2.621019 -2.57554 -0.654029 -2.712662 -30.66926 -0.701184 -3.847101 6e-06 -0.0 -1e-06 0.027387 0.011663 -0.003126 0.039161 0.008921 0.005923 0.012596 0.015225 -0.009231 -104.985703 -72.963593 121.776222 48.481262 -61.795906 2.650117 27.931715 0.07771 -0.005539 -2.518467 5.803967 4.84376 17.636658 -26.322598 52.411045 -19.466616 -14.39557 29.410334 5.3e-05 -8.774866 -1.4e-05 16.028358 -18.35486 6.159123 -0.609785 -1.795662 -3.88932 -4.807172 -11.046885 -2.937842 -0.000115 -20.976143 -1.1e-05 -5.02013 -25.033836 -4.031986 6e-06 3e-06 -2e-06 -10.634587 -5.687038 -3.565566 10.573214 -17.922976 -3.113892 -6.8e-05 -13.821286 -2.5e-05 -0.501896 -31.181826 -4.027169 -12.097435 -59.917171 8.198204 -13.982783 -7.150283 -2.875012 13.772734 -8.401458 -3.218225 0.347556 -34.211781 0.771611 -0.963084 -17.733532 2.62095 -3e-06 -1e-06 2e-06 -17.346588 -20.095371 -4.201722 21.75766 -1.638265 3.866477 -3.1e-05 -6.338863 -1.2e-05 -1.697721 -22.592001 -6.194124 -2e-06 -2e-06 -0.0 37.205727 -69.719208 162.902222 47.590626 -52.809906 2.783689 27.203556 -0.339787 0.031756 -7.349098 8.677072 1.186088 22.182125 -20.37569 49.933132 -16.701698 -16.743509 28.476395 5.8e-05 -12.690625 -2.3e-05 16.12496 -17.576902 2.584739 -0.105928 -1.513854 -4.275866 -5.039075 -5.612881 -2.953545 -4.5e-05 -11.020498 -5e-06 -6.111385 -15.895353 -3.840504 -0.0 0.0 1e-06 -10.283404 -5.680321 -4.341813 11.028255 -11.302332 -2.372613 -1.384344 -14.238567 -6.320125 -0.625512 -26.924139 -3.827679 -4.043337 -49.346428 -3.919003 -13.70857 -7.363522 -3.720911 18.141104 -14.052632 -3.242642 -6.1e-05 -18.787222 -3e-05 -0.429732 -8.456022 2.555484 0.0 -0.0 1e-06 -15.923656 -20.094528 -5.473534 30.419239 -7.1907 1.736002 -2.4e-05 -8.1629 -1.4e-05 -1.86197 -22.86146 -6.168024 0.0 -3e-06 -1e-06 174.354248 -0.096101 -0.783239 15.50361 0.019726 -0.019419 -80.226791 4.506777 -0.663146 -5.675761 1.433386 2.14239 -1.000005 -0.0 0.0 -7.104618 -1.964301 -6.858811 18.287439 -0.029897 -0.053423 -82.653702 -4.366318 -4.33697 -6.078162 0.665019 1.64633 -1.000002 -0.0 -0.0 
0.0 0.0 0.0 0.0 -0.0 0.0 0.560616 100.185822 7.373971 90.804329 -2.320166 89.717346 -4.24386 -0.596187 -0.283677 -12.552129 -0.799605 0.009766 18.31031 -0.45515 -2.493351 22.180531 1.424577 2.619074 -2.58512 -0.651358 -2.716788 -30.647572 -0.6137 -3.884845 5e-06 -0.0 -1e-06 0.027172 0.010132 -0.009427 0.035281 0.007468 0.000752 0.010903 0.01361 -0.016677 -105.177887 -72.920181 121.949394 48.386497 -61.874474 2.529452 27.958122 0.058094 -0.010664 -2.484122 5.863214 4.713159 17.636576 -26.322645 52.411091 -19.466509 -14.395518 29.410276 1.6e-05 -8.774779 -8e-06 16.042248 -18.362034 6.16275 -0.609782 -1.795644 -3.889318 -4.80709 -11.046763 -2.937838 -3.3e-05 -20.97591 1.1e-05 -5.019976 -25.033457 -4.031889 3e-06 1e-06 1e-06 -10.634507 -5.686963 -3.565585 10.573194 -17.92285 -3.113866 -2.2e-05 -13.821147 7e-06 -0.50182 -31.181395 -4.027009 -12.130107 -59.940025 8.226678 -13.982679 -7.150191 -2.875039 13.772655 -8.401432 -3.218208 0.347666 -34.211388 0.771681 -0.963056 -17.733313 2.621013 -5e-06 -2e-06 -1e-06 -17.346392 -20.095165 -4.201772 21.757473 -1.638334 3.866434 -9e-06 -6.338797 8e-06 -1.697617 -22.591669 -6.193994 -1e-06 2e-06 -3e-06 37.16037 -69.698593 162.953949 47.766003 -52.732838 2.867299 27.082453 -0.342418 0.034891 -7.264792 8.729661 1.428775 22.182034 -20.375803 49.933193 -16.701654 -16.74346 28.476389 2.7e-05 -12.690538 -1e-06 16.119333 -17.581854 2.592874 -0.105924 -1.513848 -4.275866 -5.039033 -5.612852 -2.953545 -2.2e-05 -11.020466 4e-06 -6.111302 -15.895278 -3.840468 -1e-06 1e-06 0.0 -10.283351 -5.680284 -4.341821 11.028221 -11.302321 -2.372607 -1.384298 -14.238509 -6.320097 -0.625478 -26.924053 -3.827615 -4.071422 -49.352528 -3.893925 -13.708495 -7.363471 -3.720924 18.141035 -14.052625 -3.242634 -4.3e-05 -18.787165 8e-06 -0.429733 -8.456006 2.555496 0.0 1e-06 1e-06 -15.923532 -20.094429 -5.473553 30.419088 -7.190722 1.735957 -1.6e-05 -8.162881 2e-06 -1.861947 -22.861364 -6.167926 3e-06 -7e-06 -1e-06 174.316956 -0.109316 -0.811782 15.555816 0.019507 -0.021317 -80.480629 4.51154 -0.632501 -5.708027 1.425477 2.13636 -1.000001 -0.0 0.0 -7.111258 -1.947626 -6.798011 18.322887 -0.032089 -0.054776 -82.938347 -4.441023 -4.363489 -6.109269 0.665029 1.645177 -1.000001 0.0 -0.0 
0.0 0.0 0.0 0.0 -0.0 0.0 0.557359 100.166 7.752976 90.805641 -2.535393 89.70253 -4.293977 -0.582234 -0.285909 -12.567265 -0.799907 0.011843 18.269239 -0.454076 -2.491557 22.11021 1.428728 2.610666 -2.588226 -0.646915 -2.710872 -30.6311 -0.517393 -3.923614 6e-06 0.0 -0.0 0.029918 0.007848 -0.016355 0.03727 0.006047 -0.004852 0.016318 0.010377 -0.024897 -105.400894 -72.885201 122.15979 48.27845 -61.961163 2.420249 27.970798 0.038184 -0.001031 -2.432835 5.842202 4.542968 17.636669 -26.322762 52.411297 -19.466661 -14.395626 29.41045 2.8e-05 -8.774871 -6e-06 16.06846 -18.348612 6.156436 -0.609783 -1.795658 -3.889335 -4.807143 -11.046863 -2.93785 -6.2e-05 -20.976128 4e-06 -5.020075 -25.033779 -4.03194 7e-06 2e-06 -0.0 -10.634581 -5.687011 -3.565587 10.573264 -17.922989 -3.113898 -3.6e-05 -13.821279 -5e-06 -0.501851 -31.181784 -4.027093 -12.157616 -59.972416 8.243943 -13.982777 -7.150252 -2.875037 13.772762 -8.401483 -3.218239 0.347623 -34.211758 0.771672 -0.963076 -17.733513 2.621012 -2e-06 0.0 3e-06 -17.34654 -20.09532 -4.201764 21.757658 -1.63832 3.866459 -1.7e-05 -6.338857 -1e-06 -1.69767 -22.591948 -6.19408 -0.0 -4e-06 -2e-06 37.117336 -69.680099 163.015518 47.934525 -52.670456 2.922756 26.981852 -0.339347 0.041011 -7.154663 8.815024 1.659048 22.182167 -20.375896 49.933372 -16.701809 -16.743568 28.476559 2.1e-05 -12.690656 -7e-06 16.111425 -17.577583 2.586197 -0.105922 -1.513856 -4.275884 -5.039068 -5.612895 -2.95356 -1.6e-05 -11.020573 3e-06 -6.111365 -15.89546 -3.840495 -1e-06 0.0 4e-06 -10.283403 -5.680313 -4.341839 11.028303 -11.302408 -2.372627 -1.384304 -14.238635 -6.320141 -0.625477 -26.924341 -3.82764 -4.081538 -49.322533 -3.894 -13.708565 -7.363509 -3.72094 18.141178 -14.052741 -3.242663 -2.5e-05 -18.78735 -4e-06 -0.429723 -8.4561 2.555512 0.0 -0.0 2e-06 -15.923618 -20.094549 -5.473567 30.419296 -7.19079 1.735962 -1.1e-05 -8.162952 -4e-06 -1.861935 -22.861618 -6.168004 1e-06 -3e-06 -1e-06 174.281174 -0.10999 -0.822266 15.592183 0.018255 -0.028629 -80.71994 4.526071 -0.612026 -5.744442 1.421669 2.131959 -0.999999 -0.0 0.0 -7.105123 -1.93523 -6.731288 18.335646 -0.034858 -0.055756 -83.226761 -4.549134 -4.379506 -6.140078 0.66378 1.643882 -1.000004 0.0 -0.0 
0.0 0.0 0.0 0.0 -0.0 0.0 0.547319 100.148796 8.192984 90.807343 -2.766591 89.707039 -4.343795 -0.572505 -0.292573 -12.585299 -0.800277 0.005713 18.243792 -0.458502 -2.496555 22.004913 1.451942 2.601767 -2.590746 -0.638864 -2.688465 -30.621365 -0.453787 -3.976132 6e-06 -0.0 -0.0 0.033474 0.006502 -0.019934 0.036152 0.004668 -0.008194 0.017111 0.009046 -0.028639 -105.578598 -72.854881 122.324608 48.177231 -62.041466 2.393584 27.997005 0.034305 0.002199 -2.40197 5.74299 4.29067 17.636522 -26.322718 52.411179 -19.466528 -14.395566 29.410341 -2e-06 -8.774777 3e-06 16.075533 -18.320801 6.152548 -0.609775 -1.795638 -3.889322 -4.807062 -11.046735 -2.93784 2e-06 -20.975868 2.2e-05 -5.019937 -25.033379 -4.031861 9e-06 3e-06 -1e-06 -10.634483 -5.686935 -3.565588 10.573215 -17.922834 -3.113874 -1e-06 -13.821116 2.2e-05 -0.501788 -31.181307 -4.02695 -12.181039 -59.989471 8.257408 -13.982648 -7.150156 -2.875046 13.772658 -8.401438 -3.218224 0.347692 -34.211323 0.771723 -0.96306 -17.73329 2.621052 -3e-06 1e-06 -0.0 -17.346331 -20.095098 -4.201784 21.757444 -1.638367 3.86641 2e-06 -6.338784 1.2e-05 -1.69758 -22.591604 -6.19396 1e-06 -3e-06 -5e-06 37.082527 -69.643112 163.083725 48.083828 -52.591789 2.898844 26.934784 -0.368261 0.033268 -7.004726 8.939102 1.936133 22.181992 -20.375797 49.933071 -16.701685 -16.743456 28.476351 -1.2e-05 -12.690522 5e-06 16.085766 -17.558924 2.576245 -0.105918 -1.513844 -4.275856 -5.039009 -5.612825 -2.953541 1.3e-05 -11.020435 1e-06 -6.111238 -15.895203 -3.840452 0.0 1e-06 0.0 -10.283316 -5.680245 -4.341812 11.028232 -11.30232 -2.372615 -1.38425 -14.238458 -6.320075 -0.625402 -26.923962 -3.827559 -4.057868 -49.266994 -3.920732 -13.708447 -7.363422 -3.720918 18.141043 -14.052633 -3.242648 9e-06 -18.787119 1.8e-05 -0.429707 -8.455984 2.555499 -1e-06 -2e-06 2e-06 -15.923446 -20.094337 -5.473557 30.419041 -7.190782 1.735913 3e-06 -8.162861 6e-06 -1.861885 -22.86129 -6.167872 2e-06 -3e-06 -0.0 174.251175 -0.10953 -0.821011 15.618423 0.015373 -0.031852 -80.951302 4.554805 -0.585067 -5.788562 1.424118 2.129735 -0.999999 0.0 0.0 -7.075073 -1.919323 -6.664873 18.306873 -0.038413 -0.056661 -83.501961 -4.657422 -4.420125 -6.169925 0.662946 1.642686 -0.999997 1e-06 0.0 
0.0 0.0 0.0 0.0 -0.0 0.0 0.529841 100.126099 8.677581 90.800102 -3.021409 89.725761 -4.395975 -0.561045 -0.29376 -12.606722 -0.801213 -0.005771 18.226643 -0.448729 -2.510329 21.8571 1.470206 2.59073 -2.593386 -0.626232 -2.681204 -30.603731 -0.413476 -4.030437 6e-06 0.0 0.0 0.036134 0.006324 -0.02556 0.035805 0.004642 -0.013013 0.016511 0.008847 -0.034999 -105.760376 -72.834198 122.488762 48.100979 -62.118145 2.425434 27.996641 0.025959 -0.002025 -2.378732 5.62071 4.073881 17.636583 -26.322748 52.411213 -19.466545 -14.395583 29.410355 1e-05 -8.774804 -2e-06 16.082865 -18.300568 6.162393 -0.609778 -1.795645 -3.889324 -4.807089 -11.046772 -2.937838 -2.3e-05 -20.975948 3.1e-05 -5.019999 -25.033493 -4.031864 4e-06 0.0 -0.0 -10.634515 -5.686956 -3.565584 10.573228 -17.922876 -3.113871 -1.7e-05 -13.821164 2.3e-05 -0.501837 -31.181429 -4.026964 -12.228604 -60.015076 8.300801 -13.982689 -7.150184 -2.875043 13.772688 -8.401448 -3.218221 0.347657 -34.211445 0.771733 -0.963074 -17.733355 2.621049 -1e-06 1e-06 2e-06 -17.346395 -20.09516 -4.201773 21.757507 -1.638352 3.866428 -6e-06 -6.338805 1.2e-05 -1.697624 -22.591692 -6.193975 -0.0 -0.0 -3e-06 37.043873 -69.60041 163.155838 48.184036 -52.498005 2.962965 26.945759 -0.383897 0.018447 -6.839316 9.071263 2.212453 22.182114 -20.375931 49.933414 -16.701748 -16.743517 28.476542 1e-05 -12.690593 -1e-06 16.069399 -17.549847 2.56074 -0.105923 -1.513849 -4.275881 -5.039045 -5.612866 -2.953563 -5e-06 -11.020512 4e-06 -6.111301 -15.895341 -3.840497 0.0 0.0 -1e-06 -10.283372 -5.680289 -4.341846 11.028271 -11.302374 -2.372619 -1.384279 -14.238568 -6.320134 -0.625448 -26.924202 -3.827619 -4.020501 -49.233177 -3.961445 -13.708522 -7.363476 -3.72095 18.141115 -14.052698 -3.242655 -1.6e-05 -18.78726 1.5e-05 -0.429729 -8.456051 2.555519 3e-06 -3e-06 -3e-06 -15.923543 -20.094467 -5.473592 30.419176 -7.190787 1.73595 -6e-06 -8.162919 8e-06 -1.861924 -22.861488 -6.167945 2e-06 -6e-06 -0.0 174.226822 -0.112089 -0.784264 15.628303 0.011918 -0.038013 -81.197617 4.561324 -0.540348 -5.829903 1.431167 2.128551 -1.000001 -0.0 0.0 -7.024796 -1.887958 -6.599082 18.234957 -0.039117 -0.061349 -83.794487 -4.774061 -4.488172 -6.212125 0.657832 1.640001 -1.000004 -0.0 -0.0 
0.0 0.0 0.0 0.0 -0.0 0.0 0.50516 100.098526 9.209507 90.778519 -3.311369 89.764778 -4.447798 -0.548176 -0.295512 -12.625719 -0.798107 -0.010027 18.202742 -0.424657 -2.532585 21.66111 1.476558 2.576855 -2.597884 -0.617292 -2.692645 -30.574673 -0.357722 -4.092591 6e-06 0.0 0.0 0.03673 0.006226 -0.028544 0.03476 0.00501 -0.015209 0.015398 0.008419 -0.038498 -106.028214 -72.821396 122.74984 47.99445 -62.160198 2.505121 27.965359 0.013514 -0.004952 -2.346117 5.476821 3.963154 17.636528 -26.322577 52.4109 -19.466412 -14.395469 29.410139 1.2e-05 -8.774741 -8e-06 16.107313 -18.28573 6.174453 -0.609777 -1.795635 -3.889301 -4.807065 -11.046712 -2.937819 -3e-05 -20.975807 2.6e-05 -5.019955 -25.033308 -4.031843 6e-06 7e-06 -2e-06 -10.634466 -5.686934 -3.565569 10.573153 -17.922779 -3.113843 -2.1e-05 -13.821083 1.8e-05 -0.501831 -31.181217 -4.026958 -12.288028 -60.049042 8.354918 -13.982623 -7.150153 -2.875034 13.772601 -8.401404 -3.218194 0.347661 -34.211231 0.771711 -0.963058 -17.733244 2.621022 -2e-06 2e-06 1e-06 -17.34631 -20.095066 -4.201759 21.757376 -1.638338 3.866418 -6e-06 -6.338768 7e-06 -1.697604 -22.591534 -6.193937 1e-06 -3e-06 0.0 36.982204 -69.557114 163.272034 48.263027 -52.383366 3.168515 26.988102 -0.356972 0.007353 -6.661203 9.176 2.462074 22.181982 -20.375725 49.933022 -16.701626 -16.74338 28.476278 3e-06 -12.690479 -1e-05 16.06212 -17.549372 2.544796 -0.105922 -1.513844 -4.27585 -5.039006 -5.612822 -2.95354 -0.0 -11.020415 -4e-06 -6.111233 -15.895189 -3.840462 -0.0 2e-06 -2e-06 -10.283307 -5.680249 -4.341817 11.028192 -11.302291 -2.372605 -1.384263 -14.238433 -6.320076 -0.625415 -26.923895 -3.827587 -3.982392 -49.216095 -4.004903 -13.708436 -7.363426 -3.720927 18.140982 -14.052598 -3.242627 -0.0 -18.787079 1e-06 -0.429711 -8.455957 2.555491 0.0 -2e-06 -1e-06 -15.923435 -20.094336 -5.473562 30.418959 -7.190747 1.735942 2e-06 -8.162848 1e-06 -1.861879 -22.861242 -6.167897 -0.0 -1e-06 0.0 174.201874 -0.126459 -0.688179 15.622499 0.009005 -0.046643 -81.476166 4.541047 -0.507467 -5.865081 1.433435 2.125537 -0.999997 -0.0 0.0 -6.938884 -1.831287 -6.541708 18.089346 -0.036456 -0.065526 -84.110947 -4.946873 -4.552931 -6.25493 0.650324 1.63693 -1.0 -0.0 -0.0 
0.0 0.0 0.0 0.0 -0.0 0.0 0.481229 100.070061 9.790344 90.738068 -3.643922 89.834061 -4.494427 -0.532256 -0.295753 -12.646918 -0.792533 -0.005625 18.182808 -0.388743 -2.55613 21.405348 1.493235 2.554759 -2.601662 -0.624461 -2.712684 -30.547455 -0.283749 -4.151411 6e-06 0.0 0.0 0.035784 0.005817 -0.028517 0.032656 0.005569 -0.014332 0.013774 0.007145 -0.03891 -106.29248 -72.832977 123.009384 47.825073 -62.184223 2.604943 27.966272 -0.011734 -0.009489 -2.302376 5.316516 3.860873 17.636488 -26.322607 52.410995 -19.466434 -14.395498 29.410208 1.4e-05 -8.774754 -3e-06 16.131256 -18.279387 6.18207 -0.609778 -1.795636 -3.889306 -4.807071 -11.046726 -2.937829 -3.6e-05 -20.975843 2.5e-05 -5.019974 -25.033373 -4.031856 5e-06 3e-06 -2e-06 -10.63447 -5.686937 -3.565574 10.573158 -17.922787 -3.11385 -2.2e-05 -13.821098 1.4e-05 -0.501836 -31.181261 -4.026963 -12.331101 -60.076965 8.388448 -13.982626 -7.15016 -2.875036 13.772609 -8.401405 -3.218205 0.347642 -34.211262 0.77171 -0.96307 -17.733265 2.62102 -2e-06 1e-06 -0.0 -17.346319 -20.095079 -4.201763 21.757395 -1.638331 3.866416 -1e-05 -6.338775 1e-05 -1.697618 -22.591589 -6.193956 2e-06 -3e-06 -1e-06 36.907497 -69.52018 163.427338 48.351635 -52.242832 3.459006 27.062794 -0.313432 0.001502 -6.461586 9.279319 2.737586 22.181982 -20.37587 49.93322 -16.701653 -16.743441 28.476429 8e-06 -12.690517 9e-06 16.050493 -17.553949 2.542155 -0.105924 -1.513844 -4.275864 -5.039016 -5.612843 -2.953549 -8e-06 -11.020472 1.2e-05 -6.111271 -15.895287 -3.840457 1e-06 -1e-06 -1e-06 -10.283316 -5.680259 -4.34183 11.02821 -11.302334 -2.372603 -1.384268 -14.238514 -6.320098 -0.625464 -26.924097 -3.827575 -3.955749 -49.20005 -4.039222 -13.70845 -7.363444 -3.720932 18.141012 -14.052646 -3.242635 -2.8e-05 -18.787201 2.7e-05 -0.429735 -8.456034 2.555515 2e-06 1e-06 -0.0 -15.923452 -20.094379 -5.473567 30.41901 -7.190748 1.735929 -1.2e-05 -8.1629 1.2e-05 -1.861937 -22.861441 -6.167891 -1e-06 -3e-06 2e-06 174.153473 -0.168435 -0.552669 15.639159 0.00833 -0.054437 -81.788277 4.534174 -0.47592 -5.891413 1.435752 2.121844 -0.999994 -0.0 -0.0 -6.816671 -1.74234 -6.496117 17.865692 -0.033562 -0.066552 -84.455376 -5.186067 -4.618566 -6.314126 0.641578 1.631923 -1.000004 -0.0 -0.0 
0.0 0.0 0.0 0.0 -0.0 0.0 0.452925 100.04364 10.402772 90.673149 -4.019495 89.952225 -4.535138 -0.511793 -0.301164 -12.669348 -0.78585 -0.016195 18.167538 -0.352388 -2.555139 21.089972 1.522016 2.54494 -2.600022 -0.642178 -2.742217 -30.545952 -0.220991 -4.196913 6e-06 -0.0 0.0 0.034108 0.00442 -0.029819 0.030574 0.00251 -0.015147 0.012173 0.007527 -0.040612 -106.498268 -72.885483 123.230042 47.579185 -62.183613 2.724625 28.005018 -0.065126 -0.019801 -2.186865 5.181885 3.746645 17.636694 -26.322664 52.410942 -19.466782 -14.395592 29.410334 -4.6e-05 -8.774823 -6e-06 16.135046 -18.28841 6.197583 -0.609768 -1.795659 -3.889322 -4.807035 -11.046803 -2.937853 0.00012 -20.976072 -1.9e-05 -5.019833 -25.033623 -4.031842 6e-06 -2e-06 -0.0 -10.63451 -5.686938 -3.565581 10.573352 -17.923014 -3.113928 7.5e-05 -13.821239 -0.0 -0.501614 -31.181618 -4.026962 -12.365331 -60.101528 8.423623 -13.982685 -7.150154 -2.875036 13.772758 -8.40156 -3.218256 0.347932 -34.211651 0.771614 -0.96294 -17.733454 2.621062 -3e-06 1e-06 -0.0 -17.346333 -20.095167 -4.201788 21.757534 -1.638463 3.866404 3.4e-05 -6.338834 -7e-06 -1.697447 -22.591812 -6.194009 2e-06 -3e-06 -3e-06 36.817459 -69.448761 163.605362 48.438755 -52.066078 3.851821 27.170013 -0.270311 -0.002487 -6.237609 9.352527 3.087341 22.182127 -20.375835 49.933128 -16.701899 -16.743521 28.476498 -4.8e-05 -12.690598 2e-06 16.043795 -17.56291 2.546655 -0.105912 -1.51386 -4.275878 -5.039021 -5.612861 -2.953553 4.5e-05 -11.020535 -1.3e-05 -6.111229 -15.895345 -3.840481 0.0 2e-06 -2e-06 -10.28336 -5.680266 -4.341834 11.028328 -11.302434 -2.372648 -1.384214 -14.238579 -6.320117 -0.625318 -26.924238 -3.827596 -3.948037 -49.189461 -4.054678 -13.708509 -7.363446 -3.720932 18.141193 -14.052792 -3.242696 8.1e-05 -18.787285 -1.5e-05 -0.429675 -8.456063 2.555507 6e-06 -2e-06 -0.0 -15.92349 -20.094446 -5.473582 30.419224 -7.190912 1.735891 3.1e-05 -8.162926 -1e-05 -1.861802 -22.86149 -6.167953 1e-06 -4e-06 -3e-06 174.088226 -0.240108 -0.359294 15.681601 0.007125 -0.058403 -82.170792 4.517323 -0.459486 -5.939945 1.445026 2.120437 -1.0 -0.0 0.0 -6.651609 -1.602807 -6.406469 17.552774 -0.03048 -0.066142 -84.802292 -5.51248 -4.6684 -6.3887 0.631461 1.625403 -0.999999 -0.0 0.0 
0.0 0.0 0.0 0.0 -0.0 0.0 0.411263 100.020508 11.063937 90.588341 -4.459402 90.13456 -4.570409 -0.480942 -0.31199 -12.693674 -0.778471 -0.036382 18.146811 -0.326164 -2.544316 20.702414 1.54427 2.529752 -2.593894 -0.663982 -2.76506 -30.576214 -0.158607 -4.253054 6e-06 -0.0 -1e-06 0.034608 0.003005 -0.028604 0.031775 -0.001126 -0.013118 0.01587 0.008315 -0.040524 -106.637039 -72.977119 123.385704 47.205109 -62.149517 2.971393 28.070429 -0.135392 -0.038 -2.004122 5.039507 3.650151 17.63657 -26.322716 52.411121 -19.466562 -14.395561 29.410313 -1.7e-05 -8.774777 0.0 16.120464 -18.291765 6.236899 -0.609773 -1.795642 -3.889318 -4.80705 -11.046741 -2.937838 3.6e-05 -20.975901 2.6e-05 -5.0199 -25.033392 -4.031826 6e-06 -1e-06 1e-06 -10.634484 -5.686932 -3.565585 10.573238 -17.922865 -3.113873 1.9e-05 -13.821139 2.8e-05 -0.501758 -31.181341 -4.026908 -12.407372 -60.154789 8.497685 -13.98265 -7.15015 -2.875039 13.772673 -8.401464 -3.218225 0.347759 -34.211357 0.77172 -0.963031 -17.733295 2.621075 0.0 -3e-06 -3e-06 -17.346319 -20.095102 -4.201789 21.757452 -1.638397 3.86641 1e-05 -6.338794 9e-06 -1.697543 -22.591631 -6.193945 0.0 -0.0 0.0 36.730076 -69.366432 163.816101 48.571014 -51.865086 4.296927 27.342731 -0.220431 -0.012073 -5.983368 9.391515 3.527202 22.182058 -20.375847 49.933266 -16.701782 -16.743498 28.476494 -2.3e-05 -12.690563 4e-06 16.050884 -17.57655 2.549407 -0.105919 -1.51385 -4.275879 -5.039022 -5.612844 -2.953555 2.3e-05 -11.020473 -1.3e-05 -6.111234 -15.895261 -3.840488 -1e-06 -1e-06 -1e-06 -10.283346 -5.680265 -4.341839 11.028272 -11.302362 -2.372634 -1.384236 -14.238514 -6.320119 -0.62536 -26.924082 -3.827605 -3.944245 -49.179684 -4.058729 -13.708491 -7.363446 -3.720942 18.141119 -14.052696 -3.24268 3.7e-05 -18.787193 -3e-06 -0.429697 -8.45602 2.555511 3e-06 -0.0 1e-06 -15.92348 -20.094402 -5.473594 30.419128 -7.190823 1.735905 1.3e-05 -8.162887 3e-06 -1.861852 -22.861361 -6.167912 1e-06 -1e-06 -3e-06 174.015167 -0.332086 -0.103947 15.704284 0.00449 -0.059613 -82.610466 4.496703 -0.460762 -6.019545 1.453154 2.120027 -0.999998 -0.0 0.0 -6.422007 -1.417752 -6.286692 17.098543 -0.028215 -0.060123 -85.147606 -5.942077 -4.689205 -6.479996 0.624002 1.61919 -1.000003 0.0 -0.0 
0.0 0.0 0.0 0.0 -0.0 0.0 0.334041 99.990417 11.83976 90.455177 -4.976449 90.401093 -4.596241 -0.419285 -0.319686 -12.719677 -0.77269 -0.05074 18.108187 -0.296635 -2.536913 20.223698 1.562725 2.505957 -2.587132 -0.684754 -2.810593 -30.623983 -0.129392 -4.34355 6e-06 0.0 -1e-06 0.03517 0.002232 -0.026293 0.035908 -0.003033 -0.01013 0.021851 0.008673 -0.039379 -106.739494 -73.094154 123.51889 46.710136 -62.044231 3.379977 28.155893 -0.212107 -0.061207 -1.769382 4.89863 3.666195 17.636633 -26.322744 52.411297 -19.466692 -14.395598 29.41048 4e-06 -8.774839 -2e-06 16.106743 -18.311522 6.29018 -0.609778 -1.795655 -3.889336 -4.807102 -11.046833 -2.937864 -2e-06 -20.976091 -1.2e-05 -5.019978 -25.033722 -4.031935 8e-06 2e-06 1e-06 -10.634544 -5.686984 -3.565596 10.573276 -17.922976 -3.113908 -1e-06 -13.821254 -6e-06 -0.501763 -31.181702 -4.027068 -12.455678 -60.216377 8.563311 -13.982727 -7.150215 -2.875052 13.772738 -8.401499 -3.218249 0.347722 -34.211689 0.771645 -0.963041 -17.733477 2.621033 -1e-06 -1e-06 -0.0 -17.346439 -20.095249 -4.201796 21.757584 -1.638365 3.866437 -3e-06 -6.338842 -0.0 -1.697584 -22.591881 -6.194076 -3e-06 -0.0 -1e-06 36.64423 -69.275131 164.048691 48.681267 -51.658417 4.813621 27.661774 -0.157268 -0.031593 -5.727468 9.410469 4.030586 22.182089 -20.375854 49.933277 -16.701775 -16.743483 28.4765 1e-06 -12.690576 -1e-06 16.054947 -17.584711 2.558841 -0.105922 -1.513857 -4.275875 -5.039036 -5.612873 -2.953559 -3e-06 -11.020526 -2e-06 -6.111283 -15.895367 -3.840487 0.0 2e-06 -2e-06 -10.283361 -5.680292 -4.341838 11.028263 -11.302387 -2.372625 -1.384269 -14.238575 -6.320127 -0.625425 -26.924212 -3.827629 -3.954407 -49.190853 -4.047319 -13.708508 -7.363482 -3.720937 18.141102 -14.052718 -3.242661 -3e-06 -18.787266 -3e-06 -0.429718 -8.456052 2.555508 4e-06 -1e-06 -3e-06 -15.923526 -20.094482 -5.473579 30.419142 -7.190797 1.735936 -1e-06 -8.16292 -4e-06 -1.861888 -22.861496 -6.16796 -1e-06 -3e-06 -1e-06 173.91011 -0.46964 0.222471 15.724615 -0.000254 -0.062207 -83.139473 4.470661 -0.484512 -6.11257 1.445113 2.113454 -1.000001 -0.0 0.0 -6.098405 -1.143569 -6.123244 16.425699 -0.029857 -0.052852 -85.499397 -6.524534 -4.658756 -6.583269 0.623405 1.61601 -1.000005 0.0 -0.0 
0.0 0.0 0.0 0.0 -0.0 0.0 0.216108 99.948242 12.765652 90.269936 -5.597789 90.771317 -4.611199 -0.323437 -0.319242 -12.740351 -0.765617 -0.05093 18.043394 -0.261252 -2.526518 19.621439 1.580052 2.481292 -2.579587 -0.721026 -2.919996 -30.659201 -0.130824 -4.522733 6e-06 -0.0 -0.0 0.032107 0.001982 -0.025497 0.037956 -0.002879 -0.008522 0.02681 0.007955 -0.039724 -106.867905 -73.226456 123.694206 46.044964 -61.875061 3.846259 28.292313 -0.301552 -0.093849 -1.487508 4.809137 3.806855 17.636501 -26.322765 52.411308 -19.466469 -14.395518 29.41036 2e-05 -8.774769 -0.0 16.097925 -18.347464 6.346796 -0.609781 -1.795641 -3.889321 -4.807086 -11.046762 -2.937841 -5.5e-05 -20.975924 3.6e-05 -5.019998 -25.033493 -4.031871 6e-06 2e-06 -0.0 -10.63449 -5.686957 -3.565593 10.573156 -17.922836 -3.113852 -3.8e-05 -13.821151 2.3e-05 -0.501865 -31.181419 -4.026984 -12.522349 -60.268852 8.627836 -13.982655 -7.150188 -2.87505 13.772622 -8.401419 -3.218211 0.347597 -34.211414 0.771742 -0.963098 -17.733343 2.621038 -3e-06 1e-06 -0.0 -17.346359 -20.095146 -4.201785 21.757427 -1.638319 3.866433 -1.6e-05 -6.338802 1.6e-05 -1.697634 -22.591692 -6.193983 -2e-06 -4e-06 1e-06 36.489632 -69.161079 164.321091 48.677711 -51.452053 5.439914 28.185465 -0.094888 -0.052224 -5.506912 9.466166 4.609843 22.182028 -20.375868 49.933311 -16.701538 -16.743402 28.476377 5.3e-05 -12.690499 -1.3e-05 16.056797 -17.583467 2.568799 -0.105933 -1.51384 -4.275867 -5.039031 -5.612843 -2.953547 -4.2e-05 -11.020433 1.6e-05 -6.111312 -15.895237 -3.840478 -0.0 0.0 4e-06 -10.283334 -5.680281 -4.341841 11.028166 -11.302279 -2.372582 -1.384318 -14.238473 -6.320095 -0.625536 -26.923958 -3.8276 -3.967284 -49.210285 -4.032144 -13.708469 -7.363472 -3.720943 18.140951 -14.052567 -3.242596 -7.9e-05 -18.787125 2.8e-05 -0.429754 -8.455988 2.555506 1e-06 -1e-06 0.0 -15.923506 -20.094402 -5.473579 30.418959 -7.190664 1.735992 -3.3e-05 -8.162868 2e-05 -1.86199 -22.861307 -6.167897 0.0 -4e-06 0.0 173.755981 -0.649634 0.687132 15.742671 -0.006868 -0.062169 -83.774681 4.4133 -0.525439 -6.199384 1.430905 2.103914 -0.999999 -0.0 0.0 -5.675041 -0.765283 -5.893219 15.500666 -0.033806 -0.051643 -85.840767 -7.30509 -4.57493 -6.68207 0.619744 1.613059 -0.999999 -0.0 0.0 
0.0 0.0 0.0 0.0 -0.0 0.0 0.066043 99.897636 13.85199 90.065605 -6.317409 91.216583 -4.608162 -0.205609 -0.322994 -12.752947 -0.746958 -0.026993 17.958172 -0.236504 -2.493801 18.920156 1.592356 2.469423 -2.570544 -0.778582 -3.088419 -30.683619 -0.156561 -4.811912 6e-06 0.0 -0.0 0.027264 0.000167 -0.034104 0.039421 -0.002427 -0.015369 0.032314 0.003717 -0.050286 -107.085022 -73.333611 123.960434 45.234146 -61.658077 4.23394 28.536873 -0.391784 -0.125416 -1.192003 4.807417 3.97566 17.636543 -26.32263 52.411129 -19.466555 -14.395551 29.410328 1.5e-05 -8.774791 -2e-06 16.11087 -18.37237 6.382609 -0.609778 -1.795649 -3.889318 -4.807091 -11.046772 -2.937847 -2.5e-05 -20.975918 -9e-06 -5.01996 -25.033463 -4.031914 6e-06 1e-06 -2e-06 -10.634515 -5.686969 -3.565583 10.57321 -17.922859 -3.113889 -1.7e-05 -13.821147 -7e-06 -0.501793 -31.181395 -4.027046 -12.564017 -60.310257 8.659837 -13.982687 -7.150197 -2.875035 13.772672 -8.401438 -3.218231 0.347679 -34.211395 0.771647 -0.963048 -17.733316 2.621004 -2e-06 1e-06 0.0 -17.346403 -20.095182 -4.20177 21.757494 -1.63833 3.866421 -9e-06 -6.338796 -2e-06 -1.697613 -22.591669 -6.194023 0.0 -4e-06 -1e-06 36.25246 -69.047791 164.634766 48.538738 -51.23204 6.032565 28.922379 -0.04606 -0.064333 -5.324286 9.550886 5.155404 22.182049 -20.375864 49.933285 -16.701681 -16.743464 28.476448 6e-06 -12.690534 -4e-06 16.053827 -17.57831 2.581812 -0.105923 -1.513849 -4.275869 -5.039025 -5.61284 -2.95355 -3e-06 -11.020452 4e-06 -6.111261 -15.895232 -3.840482 -2e-06 0.0 5e-06 -10.28334 -5.680267 -4.341838 11.02823 -11.302323 -2.372613 -1.384267 -14.238479 -6.320101 -0.625433 -26.923992 -3.82759 -3.980241 -49.236523 -4.012761 -13.708483 -7.363454 -3.720941 18.141048 -14.052637 -3.242637 -1.5e-05 -18.787146 1.6e-05 -0.429724 -8.455998 2.555512 2e-06 0.0 -0.0 -15.923491 -20.094397 -5.473584 30.41906 -7.190762 1.735938 -3e-06 -8.162876 1.5e-05 -1.861922 -22.861301 -6.167876 1e-06 -7e-06 -3e-06 173.544312 -0.838144 1.269002 15.769549 -0.017512 -0.056418 -84.461632 4.318775 -0.524019 -6.243939 1.4056 2.092912 -1.000005 0.0 0.0 -5.189141 -0.341342 -5.618979 14.378474 -0.040179 -0.0587 -86.165718 -8.21618 -4.427452 -6.736926 0.613974 1.611343 -1.000006 -1e-06 0.0 
0.0 0.0 0.0 0.0 -0.0 0.0 -0.092349 99.821732 15.055635 89.859283 -7.142385 91.724342 -4.593064 -0.065214 -0.323836 -12.751387 -0.710666 0.026183 17.867987 -0.221332 -2.435706 18.12669 1.592571 2.457635 -2.563469 -0.841994 -3.307546 -30.746725 -0.218175 -5.176243 6e-06 0.0 -0.0 0.023822 -0.001452 -0.03811 0.041806 -0.003394 -0.017445 0.038641 0.001218 -0.056454 -107.388107 -73.399788 124.309105 44.272339 -61.434006 4.484897 28.962639 -0.467269 -0.146754 -0.85538 4.896052 4.009262 17.636671 -26.32271 52.411247 -19.466703 -14.395597 29.410458 1.5e-05 -8.774855 -4e-06 16.113628 -18.372654 6.409866 -0.609782 -1.795662 -3.889332 -4.807124 -11.04686 -2.937867 -2e-05 -20.97612 -2.3e-05 -5.019994 -25.033747 -4.03196 8e-06 -1e-06 -4e-06 -10.63457 -5.687007 -3.565596 10.573274 -17.922995 -3.113911 -1.1e-05 -13.82127 -2e-05 -0.501763 -31.18174 -4.027112 -12.558378 -60.348679 8.64188 -13.982759 -7.150244 -2.875041 13.772754 -8.401497 -3.218251 0.347706 -34.211727 0.771615 -0.963032 -17.73349 2.62101 1e-06 1e-06 0.0 -17.346504 -20.095314 -4.20178 21.757622 -1.638341 3.866452 -8e-06 -6.338849 -7e-06 -1.697602 -22.591906 -6.194096 0.0 -5e-06 -4e-06 35.958736 -68.962669 164.985123 48.360531 -50.964214 6.374689 29.799852 -0.003486 -0.068513 -5.160648 9.675382 5.523826 22.182161 -20.37575 49.933147 -16.701738 -16.743494 28.476395 4.4e-05 -12.690621 -2.3e-05 16.049095 -17.572102 2.600032 -0.105927 -1.51386 -4.275868 -5.039069 -5.612893 -2.953545 -3.2e-05 -11.020544 -3e-06 -6.111373 -15.895416 -3.84049 -1e-06 1e-06 1e-06 -10.283399 -5.680322 -4.341821 11.028269 -11.302382 -2.372617 -1.384326 -14.238615 -6.320126 -0.625503 -26.924271 -3.827652 -4.011443 -49.277882 -3.977709 -13.708565 -7.363524 -3.720913 18.141119 -14.052697 -3.242646 -4.3e-05 -18.787298 -3.4e-05 -0.429721 -8.456063 2.555485 3e-06 0.0 -3e-06 -15.923628 -20.094555 -5.47354 30.419231 -7.190746 1.735996 -1.3e-05 -8.162931 -1.9e-05 -1.861941 -22.861551 -6.168025 -2e-06 -0.0 -1e-06 173.311783 -1.016107 1.925048 15.751634 -0.030503 -0.044873 -85.183662 4.192425 -0.492112 -6.259562 1.375474 2.084084 -1.000001 0.0 0.0 -4.681459 0.087513 -5.326993 13.139729 -0.055076 -0.062851 -86.491844 -9.23081 -4.210807 -6.725376 0.608812 1.612093 -1.000005 0.0 -1e-06 
0.0 0.0 0.0 0.0 -0.0 0.0 -0.233589 99.725571 16.390785 89.708275 -8.096765 92.230736 -4.571364 0.067799 -0.311832 -12.732787 -0.657564 0.100789 17.773138 -0.197619 -2.348759 17.270712 1.526098 2.442051 -2.570692 -0.883103 -3.581395 -30.883947 -0.320038 -5.566533 6e-06 0.0 -0.0 0.018314 -0.001659 -0.036457 0.042071 -0.003056 -0.014048 0.043393 0.000108 -0.056506 -107.753143 -73.38459 124.659492 43.144245 -61.272617 4.653201 29.565147 -0.523431 -0.167658 -0.482159 5.061986 4.027542 17.636683 -26.322729 52.411133 -19.466778 -14.395623 29.41044 -9e-06 -8.77486 -3e-06 16.077272 -18.35939 6.443155 -0.609774 -1.795661 -3.88933 -4.807095 -11.046865 -2.937859 2.8e-05 -20.976179 -1.1e-05 -5.019974 -25.033817 -4.031894 8e-06 3e-06 -2e-06 -10.634554 -5.686987 -3.565584 10.573326 -17.923056 -3.113924 1.7e-05 -13.821314 -9e-06 -0.501728 -31.181873 -4.027065 -12.534081 -60.357578 8.591424 -13.982741 -7.150214 -2.87503 13.772779 -8.401544 -3.218258 0.347784 -34.211842 0.771621 -0.963005 -17.733568 2.621033 1e-06 -2e-06 -1e-06 -17.346455 -20.095282 -4.20177 21.757629 -1.638393 3.866428 8e-06 -6.338871 -6e-06 -1.697561 -22.591993 -6.194071 0.0 -3e-06 -2e-06 35.589458 -68.971016 165.389481 48.245243 -50.642532 6.323181 30.720221 0.013373 -0.083465 -5.054503 9.873318 5.661078 22.182089 -20.375769 49.933052 -16.701817 -16.743521 28.476404 -8e-06 -12.6906 0.0 16.02326 -17.554523 2.615412 -0.105915 -1.513855 -4.275866 -5.039036 -5.612866 -2.953538 1e-05 -11.02052 -5e-06 -6.111293 -15.895343 -3.840453 0.0 0.0 -2e-06 -10.283364 -5.680278 -4.341811 11.028295 -11.302394 -2.372637 -1.384268 -14.238574 -6.320093 -0.625416 -26.924206 -3.8276 -4.03796 -49.300652 -3.94714 -13.708519 -7.363465 -3.720906 18.141157 -14.052726 -3.242681 1.8e-05 -18.787256 -2.1e-05 -0.429696 -8.456049 2.55549 2e-06 -1e-06 -3e-06 -15.923534 -20.094463 -5.473538 30.419218 -7.190826 1.735909 1e-05 -8.162917 -1.4e-05 -1.861877 -22.861479 -6.16796 2e-06 -4e-06 -4e-06 173.1194 -1.107983 2.636191 15.556837 -0.043945 -0.038479 -85.881073 3.97516 -0.410846 -6.276794 1.350017 2.077258 -1.000001 0.0 -0.0 -4.240395 0.436982 -5.028154 11.948829 -0.073126 -0.070285 -86.876816 -10.268291 -3.946447 -6.678354 0.609625 1.615326 -1.000003 1e-06 0.0 
0.0 0.0 0.0 0.0 -0.0 0.0 -0.338423 99.589767 17.825121 89.702286 -9.170537 92.688736 -4.542654 0.146815 -0.273385 -12.700339 -0.605991 0.208678 17.679077 -0.165298 -2.244098 16.408869 1.390649 2.434965 -2.596942 -0.907545 -3.903845 -31.05028 -0.43764 -5.983719 6e-06 0.0 -0.0 0.008766 0.000248 -0.032308 0.03981 -0.002903 -0.007688 0.04559 0.003291 -0.05422 -107.986839 -73.310577 124.843117 41.850388 -61.238075 4.746121 30.399908 -0.576535 -0.197638 -0.140069 5.275247 4.223417 17.636478 -26.322613 52.410931 -19.466553 -14.395493 29.410252 -3.8e-05 -8.774724 5e-06 16.015326 -18.321865 6.474507 -0.609767 -1.795637 -3.889307 -4.806997 -11.046694 -2.937844 9e-05 -20.975821 -3e-06 -5.019793 -25.033274 -4.031813 4e-06 0.0 -1e-06 -10.63442 -5.686893 -3.565578 10.573222 -17.922821 -3.113884 5.2e-05 -13.821082 1.7e-05 -0.50166 -31.181187 -4.026905 -12.481643 -60.324642 8.527188 -13.982565 -7.150098 -2.875046 13.772611 -8.401464 -3.218226 0.347848 -34.211227 0.771675 -0.962991 -17.733236 2.62106 1e-06 -6e-06 -1e-06 -17.34618 -20.095001 -4.2018 21.757324 -1.63843 3.866377 2.6e-05 -6.338768 6e-06 -1.697456 -22.591518 -6.193936 0.0 -1e-06 -1e-06 35.219868 -69.126541 165.769608 48.341839 -50.287762 5.75763 31.561878 -0.022984 -0.10966 -5.057707 10.17154 5.843197 22.181961 -20.37587 49.933109 -16.701694 -16.743427 28.476397 -5.4e-05 -12.690473 1.3e-05 15.961324 -17.503475 2.638817 -0.105915 -1.513839 -4.275862 -5.038977 -5.612794 -2.953549 4.9e-05 -11.020405 1e-06 -6.111147 -15.895121 -3.840453 0.0 -0.0 1e-06 -10.28328 -5.680208 -4.341832 11.028231 -11.302323 -2.372615 -1.384194 -14.238412 -6.320071 -0.625323 -26.923893 -3.827516 -4.063788 -49.307461 -3.901347 -13.708403 -7.363373 -3.720946 18.141031 -14.052651 -3.242648 6e-05 -18.787075 4.6e-05 -0.429697 -8.45597 2.555529 3e-06 -3e-06 -2e-06 -15.923345 -20.094244 -5.473589 30.418955 -7.190848 1.735875 2.4e-05 -8.162848 2.5e-05 -1.86183 -22.861212 -6.167791 0.0 -6e-06 0.0 173.071579 -1.008507 3.371709 15.062804 -0.059564 -0.036403 -86.535843 3.63011 -0.257289 -6.322904 1.331643 2.07217 -0.999995 -0.0 0.0 -3.982769 0.57545 -4.777973 11.103446 -0.086337 -0.083548 -87.446671 -11.240383 -3.695887 -6.648042 0.609159 1.616801 -1.000001 1e-06 0.0 
0.0 0.0 0.0 0.0 -0.0 0.0 -0.395971 99.387329 19.411104 89.923454 -10.295243 93.076385 -4.493481 0.112251 -0.20109 -12.647865 -0.568942 0.340297 17.581104 -0.1535 -2.142636 15.670814 1.217888 2.432091 -2.634457 -0.91963 -4.219758 -31.271141 -0.546534 -6.401378 6e-06 0.0 -0.0 0.000182 0.002692 -0.029441 0.041212 -0.006364 -0.003026 0.050337 0.011197 -0.053226 -107.727196 -73.23423 124.534813 40.30769 -61.406189 5.057553 31.636204 -0.562552 -0.229903 0.047012 5.426819 4.630976 17.636497 -26.322596 52.411015 -19.466549 -14.395515 29.410265 -5e-06 -8.774761 3e-06 15.963291 -18.258356 6.475793 -0.609772 -1.795642 -3.889311 -4.80705 -11.046735 -2.937847 2.1e-05 -20.975868 -1.2e-05 -5.019894 -25.033394 -4.031879 3e-06 3e-06 1e-06 -10.634467 -5.686935 -3.565575 10.573206 -17.922836 -3.113887 1.1e-05 -13.821115 -2e-06 -0.501733 -31.181307 -4.027002 -12.397133 -60.272549 8.431963 -13.982625 -7.150152 -2.875038 13.772637 -8.40144 -3.218228 0.34775 -34.211296 0.771643 -0.963018 -17.733265 2.621014 -0.0 -3e-06 0.0 -17.346294 -20.095093 -4.20178 21.757408 -1.638368 3.8664 6e-06 -6.33878 -1e-06 -1.697546 -22.591593 -6.193985 -0.0 -2e-06 0.0 34.990036 -69.490738 165.970474 48.716408 -49.981556 4.745899 32.413212 -0.09919 -0.137783 -5.2468 10.547019 6.147591 22.181992 -20.375811 49.933178 -16.701775 -16.743448 28.476469 -2.2e-05 -12.690532 8e-06 15.874531 -17.40744 2.665624 -0.105917 -1.513853 -4.275868 -5.03901 -5.612845 -2.953554 2.1e-05 -11.020487 -1.6e-05 -6.111225 -15.895295 -3.840489 -0.0 1e-06 2e-06 -10.283315 -5.680258 -4.341828 11.028246 -11.302365 -2.372635 -1.384233 -14.238525 -6.320116 -0.625354 -26.924128 -3.827635 -4.057991 -49.238297 -3.887552 -13.708449 -7.363437 -3.720937 18.141069 -14.052698 -3.242678 3.8e-05 -18.787197 -1.8e-05 -0.429696 -8.456022 2.555499 2e-06 -3e-06 -3e-06 -15.923432 -20.094389 -5.473584 30.41905 -7.190817 1.73589 1.3e-05 -8.162891 -5e-06 -1.861834 -22.861401 -6.167937 -1e-06 -3e-06 -3e-06 173.297836 -0.632949 4.17877 14.20813 -0.069919 -0.04043 -87.123734 3.064856 -0.050588 -6.392841 1.320654 2.067584 -0.999996 -0.0 -0.0 -4.070314 0.386176 -4.697343 11.107317 -0.095492 -0.100869 -88.333778 -12.075619 -3.543686 -6.624169 0.603421 1.614645 -1.000001 0.0 1e-06 
0.0 0.0 0.0 0.0 -0.0 0.0 -0.428589 99.098213 21.279566 90.395241 -11.357356 93.336975 -4.381676 -0.059959 -0.116652 -12.556699 -0.56215 0.454531 17.471378 -0.183458 -2.031029 15.178577 1.07614 2.433461 -2.678843 -0.917881 -4.483661 -31.575634 -0.623318 -6.72684 5e-06 0.0 -0.0 -0.004528 0.00452 -0.032438 0.047924 -0.015157 -0.005114 0.060606 0.023234 -0.057715 -106.80719 -73.17334 123.581795 38.233883 -61.818016 5.721238 33.532028 -0.519484 -0.252764 0.115121 5.535595 5.122462 17.636646 -26.322668 52.411102 -19.466711 -14.395617 29.410402 2e-06 -8.77485 -2e-06 15.90942 -18.177341 6.458634 -0.609776 -1.795659 -3.889325 -4.807101 -11.046833 -2.93785 5e-06 -20.97608 -1.2e-05 -5.019981 -25.033691 -4.031915 7e-06 3e-06 -0.0 -10.634548 -5.686984 -3.565576 10.57329 -17.922979 -3.113914 3e-06 -13.821244 -9e-06 -0.501761 -31.181654 -4.027057 -12.270796 -60.214634 8.34751 -13.982737 -7.150214 -2.875031 13.772754 -8.401502 -3.218251 0.347743 -34.21167 0.771629 -0.963024 -17.733469 2.62102 -1e-06 1e-06 1e-06 -17.346458 -20.095257 -4.201764 21.757607 -1.638366 3.86643 2e-06 -6.338843 -4e-06 -1.69759 -22.591879 -6.194061 1e-06 -3e-06 -2e-06 35.126778 -70.142235 165.767776 49.441463 -49.846375 3.326488 33.572826 -0.160361 -0.16614 -5.647104 10.99131 6.786573 22.182138 -20.375898 49.933392 -16.701948 -16.743645 28.476677 -1e-06 -12.690707 1.6e-05 15.807103 -17.301485 2.681243 -0.105914 -1.513863 -4.275891 -5.039073 -5.612917 -2.953564 -1e-06 -11.020632 -1.1e-05 -6.111367 -15.895548 -3.840503 0.0 -0.0 0.0 -10.283411 -5.680322 -4.341832 11.028359 -11.302471 -2.372666 -1.384281 -14.238718 -6.320165 -0.625424 -26.924547 -3.82767 -4.004052 -49.100616 -3.923434 -13.708584 -7.363522 -3.72092 18.141264 -14.05282 -3.242726 5e-06 -18.787447 -2.8e-05 -0.429713 -8.456145 2.555516 2e-06 2e-06 -4e-06 -15.923625 -20.094603 -5.473567 30.419413 -7.190842 1.735903 -2e-06 -8.162992 -1.4e-05 -1.861908 -22.861753 -6.168044 -2e-06 -5e-06 -5e-06 173.948883 0.011738 5.018025 12.951241 -0.073747 -0.04177 -87.634758 2.282732 0.131135 -6.43767 1.321352 2.067451 -1.000002 0.0 0.0 -4.635675 -0.150114 -4.707046 12.474455 -0.097279 -0.12273 -89.614273 -12.76791 -3.562149 -6.603244 0.603601 1.60976 -1.000004 0.0 1e-06 
0.0 0.0 0.0 0.0 -0.0 0.0 -0.482279 98.714767 23.489971 91.147125 -12.309813 93.362228 -4.181871 -0.397073 -0.038067 -12.426988 -0.599137 0.577989 17.359467 -0.277254 -1.903717 14.966943 1.1393 2.428981 -2.629104 -0.919467 -4.533513 -32.128075 -0.807498 -6.92324 6e-06 0.0 -0.0 0.018627 0.011769 0.015656 0.072706 -0.013138 0.03932 0.076181 0.036341 -0.006723 -105.266464 -73.12397 122.011398 35.308121 -62.34779 7.226728 36.390465 -0.369454 -0.209384 0.136621 5.630886 5.618168 17.636692 -26.322783 52.411362 -19.466698 -14.395658 29.410498 2.2e-05 -8.774888 -9e-06 15.873353 -18.063011 6.385983 -0.609783 -1.79566 -3.88934 -4.807142 -11.04686 -2.937857 -4e-05 -20.976122 -5e-06 -5.020056 -25.03376 -4.031959 7e-06 3e-06 -2e-06 -10.634591 -5.687008 -3.565593 10.573291 -17.922991 -3.113905 -2.4e-05 -13.821276 -6e-06 -0.501828 -31.181747 -4.027093 -12.00539 -60.193951 8.154758 -13.982789 -7.150247 -2.875041 13.772784 -8.401489 -3.21825 0.347663 -34.211731 0.771659 -0.963062 -17.733501 2.621027 2e-06 -2e-06 -2e-06 -17.346544 -20.095314 -4.201775 21.757685 -1.638337 3.86646 -1.1e-05 -6.338855 -2e-06 -1.697646 -22.591921 -6.194085 -0.0 -3e-06 1e-06 36.126083 -71.050476 164.748352 50.68034 -49.912621 1.459513 35.408604 -0.138537 -0.224394 -6.044693 11.543418 8.080066 22.182194 -20.375914 49.93343 -16.701849 -16.743576 28.476595 1.2e-05 -12.690663 -6e-06 15.718627 -17.251181 2.714005 -0.105922 -1.513859 -4.275892 -5.03907 -5.612899 -2.953565 -8e-06 -11.020574 -3e-06 -6.111346 -15.895445 -3.840507 0.0 -1e-06 1e-06 -10.283413 -5.680322 -4.341848 11.028321 -11.30243 -2.372638 -1.384291 -14.238647 -6.320145 -0.625443 -26.924353 -3.827645 -4.0746 -49.033951 -3.875326 -13.708584 -7.363521 -3.720944 18.141199 -14.052764 -3.24268 -8e-06 -18.787355 -1.8e-05 -0.429714 -8.456096 2.555513 3e-06 -2e-06 0.0 -15.923628 -20.09458 -5.473588 30.419323 -7.190812 1.735955 -5e-06 -8.162959 -5e-06 -1.861917 -22.86161 -6.168005 0.0 -3e-06 -3e-06 175.075653 0.941936 5.995463 11.375572 -0.081856 -0.007217 -88.115875 1.167705 0.33531 -6.445006 1.34212 2.063957 -1.000002 0.0 0.0 -6.099164 -1.080838 -4.795304 16.112688 -0.066966 -0.172978 -91.284538 -13.24692 -3.887312 -6.751547 0.591575 1.621007 -1.000002 -0.0 -0.0 
0.0 0.0 0.0 0.0 -0.0 0.0 -0.563729 98.180367 25.809473 91.972092 -13.02363 93.209305 -3.799418 -0.852184 -0.007232 -12.254911 -0.680319 0.626183 17.296328 -0.389309 -1.782737 14.944092 1.421661 2.441893 -2.618917 -0.937705 -4.579195 -32.810768 -0.895485 -6.932969 6e-06 -0.0 -0.0 0.028916 0.00985 -0.01775 0.097064 -0.016977 0.006547 0.085046 0.037563 -0.04033 -103.171478 -73.045547 119.987885 31.747337 -62.801601 9.02868 40.286366 -0.317238 -0.174932 0.196655 5.830058 6.255114 17.636497 -26.32271 52.411125 -19.466648 -14.395535 29.410378 -3.8e-05 -8.774755 9e-06 15.78963 -18.059074 6.436255 -0.609768 -1.795646 -3.88932 -4.807014 -11.046749 -2.937855 8.4e-05 -20.975945 -1e-05 -5.019816 -25.033464 -4.031834 6e-06 3e-06 -3e-06 -10.634451 -5.68692 -3.565591 10.573256 -17.922913 -3.113908 5e-05 -13.821168 9e-06 -0.501659 -31.181437 -4.026939 -11.957038 -60.230038 8.221989 -13.982604 -7.150134 -2.87505 13.772654 -8.401501 -3.218248 0.347848 -34.211456 0.771657 -0.962993 -17.733364 2.621068 2e-06 -3e-06 -1e-06 -17.346231 -20.095087 -4.201811 21.757385 -1.638426 3.866383 2.3e-05 -6.338802 5e-06 -1.697464 -22.591679 -6.193972 -1e-06 -2e-06 -3e-06 37.875751 -72.066452 162.775848 52.247425 -50.30864 -0.879717 38.115162 -0.070443 -0.296991 -6.3173 12.060499 10.652061 22.182034 -20.375916 49.933323 -16.701788 -16.743471 28.47654 -4.6e-05 -12.69053 7e-06 15.712309 -17.315069 2.778196 -0.105918 -1.513848 -4.275878 -5.039001 -5.61283 -2.953562 4.2e-05 -11.020472 -1.2e-05 -6.111186 -15.895247 -3.840497 1e-06 -1e-06 5e-06 -10.283317 -5.680241 -4.341847 11.028264 -11.302366 -2.372634 -1.384201 -14.238491 -6.320124 -0.62531 -26.924057 -3.827591 -4.093389 -49.035469 -3.859966 -13.70845 -7.363416 -3.720959 18.1411 -14.05271 -3.242676 6.1e-05 -18.787172 1.5e-05 -0.429694 -8.456017 2.555525 3e-06 -3e-06 0.0 -15.923408 -20.094347 -5.473623 30.419064 -7.190861 1.735885 1.9e-05 -8.162887 1.7e-05 -1.861822 -22.861341 -6.167871 -1e-06 -5e-06 -3e-06 176.488586 1.826717 6.771142 9.876794 -0.087044 -0.00958 -88.630165 0.115367 0.41774 -6.487814 1.360415 2.07594 -0.999997 -0.0 -0.0 -8.725637 -2.187551 -4.852168 22.714157 -0.083633 -0.145076 -92.832047 -13.434499 -4.757891 -7.165206 0.647353 1.632366 -1.000003 1e-06 0.0 
0.0 0.0 0.0 0.0 -0.0 0.0 -0.700215 97.565987 28.111311 92.542923 -13.563899 92.957962 -3.168951 -1.23121 -0.050526 -11.948528 -0.762405 0.698081 17.250578 -0.461386 -1.788396 14.812046 2.01835 2.559317 -2.633327 -0.924409 -4.564225 -33.706131 -0.996457 -6.69134 6e-06 0.0 -0.0 0.030553 -0.00031 -0.054342 0.135981 -0.023843 -0.021678 0.125738 0.024206 -0.086714 -100.798317 -73.060654 117.900581 28.204424 -63.008373 10.436609 45.148937 -0.284149 -0.157172 0.181689 6.15081 6.616621 17.636541 -26.322662 52.410999 -19.466536 -14.39552 29.410242 -1.1e-05 -8.77476 -3e-06 15.829194 -17.909899 6.384707 -0.609772 -1.795642 -3.889313 -4.807043 -11.046738 -2.937833 2.5e-05 -20.975883 1.5e-05 -5.019907 -25.033384 -4.031835 5e-06 6e-06 -0.0 -10.634465 -5.686928 -3.565578 10.573216 -17.922852 -3.113872 1.4e-05 -13.82113 1.7e-05 -0.501764 -31.18133 -4.026936 -11.902612 -60.520798 8.353204 -13.982624 -7.150143 -2.875041 13.772644 -8.40146 -3.218218 0.34775 -34.211361 0.771694 -0.963028 -17.733303 2.621047 -2e-06 -3e-06 -0.0 -17.346285 -20.095085 -4.201778 21.757408 -1.638388 3.866401 7e-06 -6.338788 7e-06 -1.697551 -22.5916 -6.193948 -1e-06 -4e-06 -4e-06 40.544189 -73.032181 159.835556 54.476505 -50.867901 -4.538898 41.919209 -0.240106 -0.337614 -5.986889 12.969265 14.257498 22.182043 -20.375919 49.933323 -16.701773 -16.743513 28.476536 -2.2e-05 -12.690566 1.2e-05 15.864544 -17.447187 2.774033 -0.10592 -1.513847 -4.27588 -5.039022 -5.612846 -2.953557 2e-05 -11.020492 -2e-06 -6.111242 -15.895297 -3.840485 -0.0 -1e-06 -1e-06 -10.283338 -5.68026 -4.341842 11.028267 -11.302369 -2.372628 -1.384237 -14.238521 -6.320124 -0.625377 -26.924116 -3.827598 -4.239537 -49.014 -3.745636 -13.708478 -7.363438 -3.720947 18.141108 -14.052702 -3.24267 1.9e-05 -18.78721 1.6e-05 -0.429711 -8.456035 2.55552 -3e-06 -1e-06 -2e-06 -15.923465 -20.094391 -5.473597 30.419115 -7.190822 1.735904 6e-06 -8.162903 1.4e-05 -1.861879 -22.861418 -6.1679 -3e-06 -4e-06 1e-06 177.969528 2.301498 7.27275 8.789819 -0.092995 0.064033 -89.204071 -0.957331 0.459069 -6.58574 1.386035 2.095415 -0.999995 0.0 0.0 -13.147233 -3.11324 -4.603191 33.107658 -0.071057 -0.134537 -92.616173 -13.747933 -5.975705 -8.666533 0.688814 1.638837 -0.999997 0.0 0.0 
0.0 0.0 0.0 0.0 -0.0 0.0 -0.958529 97.009415 30.320978 92.322968 -14.204939 92.709755 -2.451963 -1.241658 -0.147977 -11.620073 -0.828567 0.474692 17.280956 -0.259466 -1.689805 14.367994 2.593891 2.69365 -2.654424 -0.948107 -4.538859 -34.415176 -0.917548 -6.445335 6e-06 0.0 -0.0 0.009573 -0.003511 -0.082 0.132991 -0.02238 -0.042966 0.115635 0.017235 -0.120377 -99.129082 -73.246887 116.521416 25.62459 -62.773586 11.114763 50.139141 -0.271891 -0.217421 0.149509 6.46342 7.18006 17.636614 -26.322847 52.411324 -19.466753 -14.395626 29.410498 -2e-05 -8.774836 5e-06 15.815605 -17.960388 6.372591 -0.609771 -1.795656 -3.889335 -4.80707 -11.046837 -2.937857 4.4e-05 -20.976124 1e-06 -5.01994 -25.033733 -4.031872 6e-06 1e-06 -2e-06 -10.634521 -5.686964 -3.565595 10.573318 -17.923029 -3.113923 3e-05 -13.821279 7e-06 -0.501719 -31.181761 -4.026995 -11.601485 -60.589169 8.152098 -13.982696 -7.150187 -2.875051 13.77275 -8.401541 -3.218261 0.347796 -34.211742 0.771666 -0.963019 -17.733511 2.621064 0.0 1e-06 1e-06 -17.346378 -20.095232 -4.201796 21.757566 -1.638412 3.866412 1.2e-05 -6.338855 5e-06 -1.697538 -22.591913 -6.194031 1e-06 -3e-06 -4e-06 42.763596 -73.700081 157.266861 56.690033 -51.127758 -8.557016 46.857456 -0.491997 -0.386596 -5.560443 13.777611 16.961729 22.182154 -20.376038 49.933502 -16.701963 -16.743612 28.476725 -5.6e-05 -12.690657 1.6e-05 15.994993 -17.633896 2.784478 -0.105914 -1.513858 -4.2759 -5.039035 -5.612875 -2.953573 5.1e-05 -11.020589 -1.1e-05 -6.111248 -15.895442 -3.840512 1e-06 -1e-06 4e-06 -10.283378 -5.680269 -4.341859 11.028369 -11.302475 -2.372658 -1.384203 -14.238653 -6.320166 -0.625307 -26.924448 -3.827622 -4.359888 -49.21558 -3.606139 -13.708534 -7.363452 -3.720962 18.141262 -14.052845 -3.24272 7.7e-05 -18.787382 6e-06 -0.429692 -8.45612 2.555545 3e-06 -1e-06 -0.0 -15.923507 -20.094473 -5.473624 30.419317 -7.190942 1.735872 2.9e-05 -8.162971 7e-06 -1.861814 -22.861652 -6.167953 1e-06 -0.0 1e-06 178.848709 1.855219 7.106199 8.692928 -0.123781 0.147023 -90.181267 -1.366453 0.305145 -6.502457 1.383389 2.103115 -0.999994 0.0 -0.0 -19.510641 -3.236745 -4.406147 45.999802 -0.005794 -0.15284 -90.513962 -13.77637 -6.654158 -10.67226 0.755893 1.63635 -1.000005 0.0 1e-06 
0.0 0.0 0.0 0.0 -0.0 0.0 -1.336758 96.542274 32.578529 91.538155 -14.85249 92.464622 -1.595058 -0.932999 -0.272522 -11.268139 -0.837123 0.126166 17.421167 0.095441 -1.614724 13.676283 3.086927 2.854012 -2.703097 -0.869938 -4.451301 -35.152504 -0.740898 -6.069356 6e-06 -0.0 0.0 -0.00704 -0.004986 -0.106193 0.090408 -0.031511 -0.062646 0.078223 0.023484 -0.148179 -96.977982 -73.726677 114.466393 24.957701 -62.261608 10.747678 54.900856 -0.420658 -0.299587 -0.138048 6.538258 8.031404 17.63652 -26.322615 52.411083 -19.46673 -14.395591 29.410412 -1.6e-05 -8.774816 1.2e-05 15.859213 -18.130779 6.357024 -0.609767 -1.795655 -3.889325 -4.807061 -11.046805 -2.937862 5e-05 -20.976042 -4.6e-05 -5.019896 -25.033638 -4.031919 4e-06 1e-06 1e-06 -10.634499 -5.686959 -3.565579 10.573285 -17.922955 -3.113945 3.3e-05 -13.821219 -2.6e-05 -0.501663 -31.181604 -4.027078 -11.352122 -60.558628 8.058614 -13.982668 -7.150178 -2.875035 13.772718 -8.401505 -3.21827 0.347831 -34.21159 0.771567 -0.962981 -17.733421 2.621008 1e-06 -2e-06 -1e-06 -17.34634 -20.095182 -4.201791 21.757517 -1.638394 3.866389 1.2e-05 -6.338825 -9e-06 -1.697515 -22.59181 -6.194064 -0.0 -1e-06 0.0 44.447632 -74.472084 155.136581 59.032036 -51.124756 -12.368848 52.07542 -0.781021 -0.389433 -5.193046 14.206367 18.427067 22.18198 -20.375816 49.933178 -16.70183 -16.743511 28.476515 -1.6e-05 -12.690574 2.1e-05 16.025118 -17.763935 2.841819 -0.105912 -1.513854 -4.275875 -5.039022 -5.612861 -2.95355 1.6e-05 -11.020523 -1e-05 -6.111264 -15.895365 -3.840477 1e-06 0.0 -3e-06 -10.283332 -5.680273 -4.341821 11.028277 -11.30239 -2.372648 -1.384242 -14.238579 -6.320125 -0.625381 -26.924234 -3.827636 -4.470238 -49.374439 -3.451645 -13.708478 -7.363456 -3.720924 18.141117 -14.052726 -3.242702 2.6e-05 -18.787264 -2.2e-05 -0.429701 -8.456058 2.555498 -1e-06 0.0 0.0 -15.92347 -20.094433 -5.473569 30.419149 -7.190814 1.73587 4e-06 -8.162915 -1e-05 -1.86185 -22.861498 -6.167974 1e-06 -3e-06 -3e-06 179.146484 0.771106 6.491544 9.729297 -0.147465 0.284266 -91.42691 -1.487356 0.012151 -6.4788 1.387143 2.104768 -0.999994 0.0 -0.0 -26.674948 -2.793674 -4.296987 58.226791 0.144385 -0.199052 -88.978188 -14.057082 -6.580994 -9.159028 0.670745 1.61817 -0.999998 -1e-06 1e-06 
0.0 0.0 0.0 0.0 -0.0 0.0 -1.798704 96.096527 35.088062 90.55056 -15.672794 92.252357 -0.83592 -0.497802 -0.441074 -10.837138 -0.762469 -0.150744 17.569513 0.509026 -1.733724 12.982959 3.551735 2.87413 -2.729949 -0.81365 -4.081785 -36.099625 -0.501982 -5.624714 6e-06 -0.0 0.0 -0.022324 -0.002706 -0.155847 0.035057 -0.023452 -0.109326 0.039934 0.018792 -0.200936 -94.30407 -74.374176 111.523476 26.435295 -61.498756 9.488922 58.943584 -0.544123 -0.218638 -0.47752 6.065916 9.098008 17.636642 -26.322681 52.411022 -19.466469 -14.395515 29.4102 1.7e-05 -8.774781 -1.5e-05 15.885316 -18.338009 6.309284 -0.609781 -1.795643 -3.889307 -4.807091 -11.046756 -2.937829 -3.8e-05 -20.975908 3.6e-05 -5.020003 -25.033436 -4.031856 6e-06 -2e-06 -1e-06 -10.634507 -5.686953 -3.565578 10.573188 -17.922846 -3.113832 -2.6e-05 -13.821139 2.2e-05 -0.501858 -31.181358 -4.026969 -11.392302 -60.505424 8.009176 -13.982682 -7.15018 -2.875033 13.772655 -8.401431 -3.218192 0.347644 -34.211365 0.771725 -0.963072 -17.733301 2.621037 -3e-06 -3e-06 3e-06 -17.346395 -20.095144 -4.201757 21.757479 -1.638342 3.866448 -7e-06 -6.338797 9e-06 -1.69764 -22.591652 -6.193961 -2e-06 -3e-06 -1e-06 46.182087 -75.464012 152.757263 61.216843 -50.945774 -15.153726 57.048496 -0.977728 -0.444809 -4.89318 14.07891 19.005182 22.182161 -20.375778 49.933113 -16.701727 -16.74341 28.476358 2.2e-05 -12.690566 -3.3e-05 15.989616 -17.923649 2.930939 -0.105927 -1.513855 -4.275864 -5.039042 -5.612876 -2.953548 -8e-06 -11.020525 -4e-06 -6.111308 -15.895371 -3.840487 2e-06 0.0 -2e-06 -10.283364 -5.680296 -4.34183 11.028246 -11.302387 -2.372601 -1.384291 -14.238588 -6.320116 -0.625449 -26.924242 -3.827636 -4.812576 -49.530392 -3.218042 -13.708512 -7.363485 -3.720934 18.141079 -14.052717 -3.242626 0.0 -18.787271 -2.7e-05 -0.429702 -8.456057 2.55549 2e-06 -0.0 -0.0 -15.923539 -20.094484 -5.473565 30.419119 -7.190798 1.735991 -1e-06 -8.162927 -1.2e-05 -1.86188 -22.861517 -6.167999 1e-06 -2e-06 -3e-06 179.097855 -0.521309 5.828293 11.301879 -0.188223 0.369291 -92.55426 -1.625292 -0.388163 -6.514644 1.361152 2.122853 -1.000003 -0.0 -0.0 -34.05719 -2.31391 -4.352044 66.620857 0.289311 -0.273792 -90.446205 -13.532759 -6.741053 -8.037191 0.586856 1.573707 -1.000001 -1e-06 0.0 
0.0 0.0 0.0 0.0 -0.0 0.0 -2.280568 95.615265 37.849258 89.59819 -16.656082 92.083549 -0.087891 -0.034384 -0.521194 -10.453104 -0.664185 -0.439502 17.761765 0.941191 -1.889448 12.282882 3.961617 2.832298 -2.770326 -0.733823 -3.618306 -36.894611 -0.357265 -5.149624 6e-06 -0.0 -0.0 -0.029994 0.005982 -0.197399 0.014535 -0.019212 -0.145866 0.029801 0.031858 -0.248737 -92.14386 -75.287544 108.926003 30.81443 -60.121532 6.322684 61.456623 -0.483849 0.000141 -0.982166 5.388014 10.100163 17.636629 -26.322695 52.411098 -19.466534 -14.395525 29.410294 1.6e-05 -8.774798 -1.2e-05 15.99944 -18.618475 6.256167 -0.609781 -1.795645 -3.889318 -4.807096 -11.046788 -2.937838 -3.6e-05 -20.975986 2.3e-05 -5.020002 -25.033567 -4.031889 6e-06 1e-06 4e-06 -10.634513 -5.686963 -3.565588 10.573206 -17.922894 -3.113861 -2.3e-05 -13.821193 1.3e-05 -0.501829 -31.181541 -4.027016 -11.580373 -60.553284 8.091056 -13.982686 -7.150191 -2.875047 13.772671 -8.401453 -3.218206 0.347656 -34.211529 0.771705 -0.963065 -17.733402 2.621037 1e-06 1e-06 -3e-06 -17.346395 -20.095179 -4.201775 21.7575 -1.638343 3.866452 -7e-06 -6.338818 8e-06 -1.69762 -22.591772 -6.194011 2e-06 -4e-06 -2e-06 47.649143 -76.465851 150.570984 62.848614 -50.173668 -17.196362 60.987087 -1.239315 -0.641916 -4.477931 13.601402 19.078808 22.182058 -20.37574 49.93301 -16.701714 -16.743408 28.476324 -9e-06 -12.690519 -1.3e-05 15.972638 -18.151052 2.967843 -0.105919 -1.513849 -4.275858 -5.039014 -5.612841 -2.953544 1.2e-05 -11.020478 -4e-06 -6.111235 -15.895274 -3.840467 -1e-06 0.0 0.0 -10.283319 -5.680263 -4.341818 11.028231 -11.30235 -2.372612 -1.384253 -14.238515 -6.320092 -0.625393 -26.924088 -3.827599 -4.925982 -49.64846 -3.261576 -13.708462 -7.363442 -3.720927 18.141045 -14.052676 -3.242641 2.5e-05 -18.787178 -1.5e-05 -0.429691 -8.456015 2.555492 -1e-06 0.0 -2e-06 -15.923457 -20.094385 -5.473563 30.419029 -7.190803 1.735942 1.2e-05 -8.162885 -5e-06 -1.861843 -22.86137 -6.167936 3e-06 -3e-06 -3e-06 178.804794 -1.716114 5.140313 13.217093 -0.247175 0.480705 -93.231094 -1.644577 -0.737675 -7.151749 1.388299 2.112297 -0.999994 0.0 -0.0 -41.407433 -2.131666 -4.443198 69.632469 0.297976 -0.30229 -92.210495 -13.693724 -6.549457 -7.935869 0.521176 1.526279 -1.0 0.0 -0.0 
0.0 0.0 0.0 0.0 -0.0 0.0 -2.785234 95.13456 40.952271 88.8339 -17.841702 91.878151 0.564253 0.382597 -0.465196 -10.042086 -0.529525 -0.697921 17.918968 1.317484 -2.107744 11.575538 4.189011 2.832436 -2.814002 -0.652857 -3.246137 -37.500301 -0.197135 -4.762383 6e-06 -0.0 1e-06 -0.03792 0.014462 -0.231919 -0.000118 -0.019087 -0.174912 0.014552 0.049367 -0.290042 -91.701851 -76.357864 107.847054 37.095215 -58.072182 1.332054 62.238476 -0.224856 0.193191 -1.703112 4.978087 10.913903 17.636574 -26.322752 52.411266 -19.466684 -14.395633 29.410458 -1e-05 -8.774834 5e-06 16.114191 -18.834162 6.198464 -0.609772 -1.795651 -3.889329 -4.807075 -11.046789 -2.937856 2.7e-05 -20.976 -3e-06 -5.019937 -25.03356 -4.031897 4e-06 2e-06 0.0 -10.634521 -5.686955 -3.565587 10.573295 -17.922934 -3.11392 2e-05 -13.821206 3e-06 -0.501734 -31.181545 -4.02702 -11.741735 -60.592461 8.07894 -13.982697 -7.150176 -2.875046 13.772735 -8.401493 -3.218256 0.347767 -34.211544 0.771662 -0.963027 -17.733402 2.621044 1e-06 1e-06 -1e-06 -17.34638 -20.095175 -4.201793 21.757555 -1.63839 3.86641 9e-06 -6.338824 4e-06 -1.697557 -22.591774 -6.194032 2e-06 -5e-06 -3e-06 48.757412 -77.581154 148.6866 63.904816 -48.970974 -18.741852 63.452732 -1.481348 -0.769265 -4.016535 13.528846 18.508497 22.182041 -20.375854 49.933193 -16.701815 -16.743532 28.47649 -2.5e-05 -12.690588 1e-05 15.978561 -18.308977 2.915996 -0.105914 -1.513853 -4.275871 -5.039025 -5.612855 -2.953549 2e-05 -11.020504 -4e-06 -6.111252 -15.895314 -3.840472 -2e-06 -0.0 -4e-06 -10.283346 -5.680263 -4.341819 11.02829 -11.302385 -2.372638 -1.384241 -14.238547 -6.320107 -0.625388 -26.924162 -3.827585 -4.930727 -49.642639 -3.439253 -13.708501 -7.363451 -3.720923 18.141146 -14.052726 -3.242685 3.1e-05 -18.787239 -2e-06 -0.4297 -8.456046 2.55551 2e-06 0.0 0.0 -15.923493 -20.094418 -5.473567 30.419176 -7.190832 1.735889 9e-06 -8.162909 1e-06 -1.861865 -22.861448 -6.167927 0.0 -3e-06 -2e-06 178.471558 -2.724595 4.473275 15.039678 -0.299879 0.535793 -93.261742 -1.58311 -1.001799 -8.421714 1.457795 2.108934 -0.999999 0.0 -0.0 -48.555191 -2.272101 -4.226284 67.939438 0.168016 -0.287397 -93.148781 -14.460794 -6.113794 -7.872478 0.509239 1.534373 -0.999998 -0.0 0.0 
0.0 0.0 0.0 0.0 -0.0 0.0 -3.325705 94.610359 44.376926 88.313126 -19.0662 91.7005 1.095335 0.741428 -0.308571 -9.615095 -0.412501 -1.035062 18.101868 1.564908 -2.344097 10.889736 4.283276 2.979401 -2.865008 -0.573249 -3.052908 -37.922337 0.006969 -4.381603 6e-06 0.0 0.0 -0.032915 0.019739 -0.238281 -0.010461 -0.02725 -0.178483 -0.000692 0.068878 -0.298126 -93.250725 -77.514145 108.745537 44.004692 -55.258533 -4.522932 61.79113 0.224203 0.215181 -3.086934 5.167065 12.679039 17.636641 -26.32271 52.411171 -19.466709 -14.395628 29.410412 -2.3e-05 -8.774837 -4e-06 16.24509 -18.960327 6.167048 -0.609772 -1.795651 -3.889327 -4.807067 -11.046782 -2.937858 6.7e-05 -20.975998 -1.2e-05 -5.019896 -25.033545 -4.031881 7e-06 1e-06 0.0 -10.634529 -5.686947 -3.565591 10.573319 -17.922945 -3.113912 3.9e-05 -13.821194 4e-06 -0.501689 -31.181501 -4.026994 -11.955497 -60.539055 8.099741 -13.982707 -7.150167 -2.875044 13.772754 -8.401505 -3.218253 0.347837 -34.211521 0.771647 -0.962992 -17.733389 2.621059 -2e-06 -0.0 -1e-06 -17.34638 -20.095156 -4.201799 21.757561 -1.638418 3.866415 1.8e-05 -6.338816 4e-06 -1.697514 -22.59173 -6.194016 -3e-06 -3e-06 0.0 50.617519 -78.789284 146.169083 64.619049 -47.506802 -19.854176 64.216545 -1.56134 -0.8153 -3.767197 14.2038 17.711767 22.182116 -20.37591 49.933304 -16.701807 -16.74354 28.476513 -2e-05 -12.690599 -1e-06 15.927103 -18.330038 2.863129 -0.105918 -1.513853 -4.275879 -5.039032 -5.612849 -2.953554 2.1e-05 -11.020492 -2e-06 -6.111263 -15.895276 -3.840482 1e-06 -0.0 2e-06 -10.283367 -5.680271 -4.341836 11.028303 -11.302386 -2.372632 -1.384246 -14.238534 -6.320117 -0.625386 -26.924114 -3.827587 -4.912096 -49.588554 -3.570567 -13.708518 -7.363452 -3.720942 18.141157 -14.05272 -3.242671 2.8e-05 -18.787212 6e-06 -0.429702 -8.456024 2.555518 4e-06 -2e-06 -2e-06 -15.923517 -20.094437 -5.47359 30.419207 -7.190844 1.735917 1.1e-05 -8.162905 8e-06 -1.861875 -22.86141 -6.167912 -5e-06 -1e-06 1e-06 178.488235 -3.589101 3.733994 16.549961 -0.318435 0.5364 -92.524803 -1.245172 -1.189507 -10.471906 1.578369 2.109421 -1.0 -0.0 -0.0 -54.841808 -2.514722 -3.379803 62.870369 -0.020225 -0.136807 -92.912987 -15.606971 -5.291233 -7.765284 0.568385 1.581301 -1.0 -1e-06 1e-06 
0.0 0.0 0.0 0.0 -0.0 0.0 -3.88872 94.03437 48.126728 87.942032 -20.129971 91.575691 1.552891 1.059738 -0.142777 -9.22147 -0.31711 -1.45598 18.320515 1.706676 -2.61239 10.299085 4.286504 3.180422 -2.909913 -0.517121 -2.87347 -38.246063 0.229797 -3.896197 6e-06 -0.0 0.0 -0.014139 0.015426 -0.218534 -0.021651 -0.03872 -0.161823 -0.01629 0.072582 -0.272693 -95.420982 -78.499458 110.289062 50.010845 -52.46365 -10.33339 61.745895 0.672926 0.1869 -5.020039 5.462142 15.906105 17.636599 -26.322798 52.411308 -19.466644 -14.395617 29.410463 -1.3e-05 -8.774824 1e-06 16.446108 -18.930759 6.054139 -0.609775 -1.795643 -3.889333 -4.807072 -11.046779 -2.937854 3.8e-05 -20.975986 1e-05 -5.019919 -25.033535 -4.03188 3e-06 1e-06 -1e-06 -10.634515 -5.686947 -3.565601 10.573283 -17.922928 -3.113891 1.8e-05 -13.821198 2e-05 -0.501746 -31.181541 -4.026979 -12.160065 -60.4338 8.124498 -13.982688 -7.150171 -2.875057 13.772725 -8.401489 -3.218239 0.347765 -34.211536 0.771707 -0.963032 -17.7334 2.621078 0.0 1e-06 1e-06 -17.346369 -20.095154 -4.201807 21.757536 -1.638398 3.86642 1e-05 -6.338821 1.3e-05 -1.697547 -22.591757 -6.194008 -3e-06 -3e-06 -1e-06 55.44437 -79.988258 140.860077 64.878731 -46.397354 -20.33242 64.212715 -1.523055 -0.793504 -3.912887 15.423233 17.550924 22.182131 -20.376015 49.933212 -16.701721 -16.743484 28.476433 -2.8e-05 -12.69055 -5e-06 15.909553 -18.237858 2.84243 -0.10592 -1.513846 -4.275873 -5.039013 -5.61284 -2.953543 2.9e-05 -11.020512 2.9e-05 -6.111236 -15.895297 -3.840429 -2e-06 1e-06 -1e-06 -10.283334 -5.680247 -4.341835 11.028275 -11.302399 -2.372594 -1.384243 -14.238544 -6.320071 -0.62543 -26.924202 -3.827483 -4.859216 -49.617287 -3.575711 -13.708472 -7.36342 -3.720942 18.141102 -14.052744 -3.242623 2.2e-05 -18.78727 6.5e-05 -0.429711 -8.456072 2.555547 2e-06 -1e-06 0.0 -15.923456 -20.094379 -5.47357 30.419092 -7.190866 1.735931 8e-06 -8.162937 2.7e-05 -1.861887 -22.861509 -6.167829 0.0 -4e-06 -2e-06 179.436523 -4.432148 2.91635 17.256744 -0.303446 0.541303 -90.898758 -0.964683 -1.202946 -13.47546 1.748656 2.099687 -1.000001 0.0 0.0 -59.684753 -2.5823 -1.92786 55.946548 -0.104286 0.112145 -91.885918 -16.680593 -3.8478 -7.932509 0.667103 1.617745 -1.000005 2e-06 -1e-06 
0.0 0.0 0.0 0.0 -0.0 0.0 -4.541677 93.240356 52.394199 87.512505 -20.916906 91.521072 1.982313 1.351747 -0.074076 -8.952991 -0.224924 -1.832936 18.474323 1.913942 -2.909729 9.821091 4.1801 3.240282 -2.923933 -0.477754 -2.531572 -38.642948 0.423395 -3.293085 6e-06 -0.0 1e-06 -0.004778 0.002107 -0.189301 -0.04504 -0.045619 -0.142655 -0.037473 0.053405 -0.231446 -94.115417 -78.993393 108.33918 54.187439 -51.430267 -15.849635 64.856056 0.862161 0.170189 -6.589653 5.521811 19.05941 17.636738 -26.322742 52.411053 -19.466553 -14.39552 29.410248 4e-06 -8.774806 -2.4e-05 16.657484 -18.900999 5.875888 -0.609782 -1.795649 -3.889312 -4.807083 -11.046788 -2.937835 -1.2e-05 -20.975996 4.2e-05 -5.019982 -25.03356 -4.03185 6e-06 2e-06 -2e-06 -10.634524 -5.686963 -3.565588 10.573233 -17.92293 -3.113846 -7e-06 -13.821211 2.5e-05 -0.501816 -31.181566 -4.026964 -12.306813 -60.49791 8.030476 -13.982699 -7.150185 -2.875047 13.772689 -8.401482 -3.218192 0.347702 -34.211559 0.771725 -0.963049 -17.733418 2.621062 -2e-06 0.0 0.0 -17.346395 -20.095182 -4.201775 21.757505 -1.638376 3.866465 1e-06 -6.338826 9e-06 -1.697606 -22.591774 -6.193978 -2e-06 -2e-06 -6e-06 65.187675 -80.872841 130.804031 63.99815 -46.691975 -19.916719 66.170441 -1.380403 -0.676446 -4.163149 16.070045 17.830027 22.182148 -20.375879 49.93325 -16.701767 -16.743488 28.476465 0.0 -12.690585 -1.2e-05 15.95573 -18.107744 2.83133 -0.105921 -1.513852 -4.275878 -5.039039 -5.612867 -2.953557 3e-06 -11.02053 -0.0 -6.11129 -15.895362 -3.840483 -1e-06 -1e-06 2e-06 -10.283362 -5.68028 -4.341841 11.028277 -11.302395 -2.372613 -1.384275 -14.238583 -6.320117 -0.625432 -26.924231 -3.82761 -4.848 -49.737873 -3.534573 -13.708517 -7.36347 -3.720942 18.141121 -14.052731 -3.242646 5e-06 -18.787277 -2e-06 -0.429715 -8.45606 2.55551 1e-06 0.0 -0.0 -15.923528 -20.094467 -5.473582 30.419174 -7.19082 1.73595 3e-06 -8.162931 1e-06 -1.86189 -22.861517 -6.167957 -1e-06 -1e-06 0.0 -178.282272 -5.402354 2.07909 16.709106 -0.307189 0.613036 -88.713402 -1.012356 -1.100989 -17.050692 1.912449 2.069115 -1.0 0.0 0.0 -63.203053 -2.483646 -0.732935 49.486759 -0.090939 0.25634 -90.675911 -16.627048 -2.535404 -8.268632 0.741761 1.627749 -0.999999 2e-06 0.0 
0.0 0.0 0.0 0.0 -0.0 0.0 -5.356964 92.218559 57.412426 86.897697 -21.578669 91.571495 2.385641 1.674374 -0.145078 -8.801217 -0.191287 -2.111645 18.372282 2.357114 -3.208083 9.279977 3.983224 3.255786 -2.875303 -0.258076 -2.256354 -39.4021 0.470807 -2.419926 6e-06 -0.0 1e-06 -0.007413 -0.010253 -0.172272 -0.077288 -0.040209 -0.143275 -0.060673 0.025327 -0.197065 -88.934464 -78.89817 102.565681 56.822632 -52.909103 -21.334219 72.459785 0.732936 0.082567 -7.567397 6.099208 20.653734 17.636557 -26.3228 52.41132 -19.466721 -14.395684 29.410505 -1.2e-05 -8.774854 1.2e-05 16.673708 -19.015114 5.90234 -0.609773 -1.795652 -3.889334 -4.807084 -11.046811 -2.937854 3e-05 -20.976057 4e-06 -5.019963 -25.033651 -4.031879 6e-06 -1e-06 3e-06 -10.634531 -5.686957 -3.565587 10.573315 -17.922962 -3.113922 1.1e-05 -13.821236 1.4e-05 -0.501762 -31.181641 -4.026995 -12.529107 -60.680023 8.128143 -13.982716 -7.150185 -2.875039 13.772769 -8.401506 -3.218272 0.347756 -34.211636 0.771681 -0.963037 -17.733459 2.621061 -3e-06 0.0 1e-06 -17.346403 -20.095188 -4.201785 21.757597 -1.638393 3.866401 4e-06 -6.338838 7e-06 -1.69757 -22.591839 -6.194024 3e-06 -4e-06 -3e-06 79.148796 -80.968979 116.496475 61.236629 -48.744125 -18.363525 71.593719 -1.522959 -0.579672 -3.884165 15.739995 18.286173 22.182079 -20.376051 49.933498 -16.70183 -16.743605 28.476656 -2.9e-05 -12.690615 2.1e-05 15.919188 -17.932299 2.83182 -0.10592 -1.513853 -4.275896 -5.039035 -5.612857 -2.953562 2.3e-05 -11.02052 7e-06 -6.111261 -15.895324 -3.840478 -2e-06 -1e-06 0.0 -10.283367 -5.680272 -4.34185 11.028316 -11.302408 -2.372639 -1.384237 -14.238577 -6.320128 -0.625386 -26.924234 -3.827575 -4.745044 -49.69611 -3.620819 -13.708519 -7.363454 -3.720951 18.14118 -14.052747 -3.24269 1.6e-05 -18.787277 3.5e-05 -0.429718 -8.456066 2.555541 0.0 1e-06 0.0 -15.923511 -20.094437 -5.473599 30.419231 -7.190848 1.735883 4e-06 -8.162937 2.3e-05 -1.861906 -22.861511 -6.16789 0.0 -3e-06 -3e-06 -174.906708 -6.536713 1.154159 14.994243 -0.369586 0.723672 -85.90461 -1.184267 -0.828853 -21.024179 2.019691 2.033798 -0.999994 0.0 0.0 -65.968498 -2.389778 -0.81822 45.228832 -0.064314 0.266449 -89.653931 -15.303604 -2.385942 -8.680344 0.796498 1.618272 -1.000001 -0.0 -0.0 
0.0 0.0 0.0 0.0 -0.0 0.0 -6.426717 91.156502 63.192211 86.095184 -22.330877 91.949066 2.575089 1.842582 -0.389308 -8.72074 -0.044457 -2.469174 17.979099 2.923362 -3.461587 8.631684 3.989156 3.226536 -2.766026 -0.233963 -1.652868 -40.488991 0.351188 -1.758467 6e-06 0.0 1e-06 0.010757 -0.011774 -0.134148 -0.084182 -0.030953 -0.127504 -0.060733 0.013237 -0.137271 -82.164551 -78.325172 95.234314 58.303185 -56.470566 -26.272007 83.682999 -0.258514 -0.365883 -7.496416 7.618828 20.502632 17.636681 -26.322641 52.410957 -19.466633 -14.395556 29.410273 -5e-06 -8.774817 -1.3e-05 16.323744 -19.161934 6.16501 -0.609773 -1.795654 -3.889319 -4.807076 -11.046794 -2.937843 2.7e-05 -20.976015 0.0 -5.019947 -25.033581 -4.03187 6e-06 -0.0 3e-06 -10.634521 -5.686956 -3.565578 10.573269 -17.922943 -3.113883 1.8e-05 -13.8212 2e-06 -0.50175 -31.181528 -4.026998 -12.596389 -61.039955 8.091532 -13.982695 -7.15018 -2.875037 13.772717 -8.401495 -3.218225 0.347773 -34.211555 0.77165 -0.963011 -17.733402 2.621037 1e-06 -0.0 0.0 -17.346388 -20.095184 -4.201771 21.757532 -1.638391 3.866435 9e-06 -6.338821 -3e-06 -1.697565 -22.591772 -6.194014 1e-06 -3e-06 -2e-06 91.1045 -80.263428 104.231789 55.97673 -51.869507 -14.732189 79.393066 -1.803291 -0.766073 -2.436632 14.67909 18.885466 22.18214 -20.375847 49.933243 -16.701853 -16.74353 28.47653 -2.6e-05 -12.690619 -4e-06 15.867106 -17.750378 2.737666 -0.105919 -1.513858 -4.275879 -5.039042 -5.612868 -2.953556 2.4e-05 -11.020536 -1.1e-05 -6.111264 -15.895367 -3.840506 -0.0 -0.0 0.0 -10.283371 -5.680283 -4.341839 11.028315 -11.30241 -2.37264 -1.384243 -14.238591 -6.320142 -0.625361 -26.924257 -3.827634 -4.595557 -49.470612 -3.770952 -13.708529 -7.363468 -3.720941 18.141184 -14.052759 -3.242682 4.2e-05 -18.787287 -1.3e-05 -0.429695 -8.456065 2.555516 -1e-06 -1e-06 -1e-06 -15.923538 -20.094471 -5.473588 30.419241 -7.190858 1.735918 1.6e-05 -8.162933 -2e-06 -1.861843 -22.861523 -6.16797 -2e-06 -4e-06 -0.0 -171.250931 -7.857151 0.009056 12.814996 -0.41701 0.945171 -82.080383 -1.560722 -0.420544 -25.058672 2.096626 1.991745 -0.999997 -1e-06 0.0 -68.440849 -2.307597 -2.192641 44.009018 -0.037008 0.240969 -89.61245 -13.575992 -3.266271 -8.964896 0.745857 1.621827 -1.0 0.0 -1e-06 
0.0 0.0 0.0 0.0 -0.0 0.0 -7.758107 90.508057 69.939789 85.67115 -23.062578 92.814857 2.601804 1.704671 -0.746373 -8.726715 0.030632 -2.942475 17.473097 3.404682 -3.777257 7.809778 4.237238 3.273995 -2.685498 -0.357082 -1.26879 -41.3498 0.215746 -1.350472 7e-06 -0.0 1e-06 0.029102 -0.008418 -0.149307 -0.048627 -0.026156 -0.155694 -0.019477 0.01543 -0.141452 -75.75946 -77.728653 88.4767 58.225983 -60.065853 -27.285282 95.274033 -1.101862 -0.781165 -6.309531 8.84345 19.026272 17.63677 -26.322649 52.411224 -19.466665 -14.395524 29.410395 2.4e-05 -8.774848 -2.8e-05 16.037476 -18.8876 6.205894 -0.609788 -1.795662 -3.889327 -4.807132 -11.046857 -2.937876 -2.8e-05 -20.976101 -3.4e-05 -5.019996 -25.033752 -4.032001 9e-06 -1e-06 2e-06 -10.634574 -5.687007 -3.565607 10.573256 -17.922985 -3.113897 -1.4e-05 -13.821262 -2.5e-05 -0.501767 -31.181723 -4.027149 -12.620033 -61.41732 8.087045 -13.982769 -7.150249 -2.875061 13.772738 -8.401496 -3.218219 0.347719 -34.211712 0.771585 -0.963027 -17.733486 2.620997 2e-06 -0.0 1e-06 -17.346506 -20.095316 -4.201811 21.757616 -1.638345 3.866495 -6e-06 -6.338846 -1e-05 -1.697613 -22.591888 -6.19412 0.0 -4e-06 -2e-06 96.267181 -78.925484 99.09346 47.995274 -54.757679 -8.189149 87.41394 -2.03543 -1.094387 -0.330167 13.237568 19.77474 22.182281 -20.375807 49.933353 -16.701828 -16.743504 28.476524 3.6e-05 -12.690663 -3.6e-05 15.913097 -17.75614 2.667052 -0.105928 -1.513868 -4.275882 -5.039087 -5.612916 -2.953572 -2.3e-05 -11.020606 -1.1e-05 -6.111383 -15.895522 -3.840532 -2e-06 1e-06 -2e-06 -10.283429 -5.680342 -4.341847 11.028311 -11.302437 -2.372622 -1.38432 -14.238691 -6.320173 -0.625477 -26.924448 -3.827701 -4.439452 -49.3876 -3.950743 -13.708603 -7.363548 -3.720948 18.14119 -14.052775 -3.242656 -1.7e-05 -18.787401 -4.5e-05 -0.429716 -8.456118 2.555504 -2e-06 1e-06 1e-06 -15.923669 -20.094633 -5.473592 30.419323 -7.190808 1.736021 -3e-06 -8.16297 -2.1e-05 -1.861906 -22.861698 -6.168094 2e-06 -4e-06 0.0 -168.438553 -8.763272 -0.275385 11.780112 -0.529906 1.191552 -74.929428 -2.991155 0.513147 -30.850492 2.140705 1.914556 -1.000003 -1e-06 0.0 -69.554359 -2.468631 -3.534757 45.099102 -0.050324 0.208257 -91.391258 -12.630421 -3.839854 -9.422293 0.645658 1.648708 -0.999999 2e-06 -0.0 
0.0 0.0 0.0 0.0 -0.0 0.0 -9.329595 90.463478 77.449455 85.96122 -23.617825 93.8172 2.584817 1.267901 -1.01654 -8.781566 0.087814 -3.495593 17.10075 3.540139 -4.165503 6.745835 4.331082 3.475705 -2.68743 -0.551529 -1.153047 -41.117493 0.165047 -1.590006 7e-06 -0.0 1e-06 0.014443 0.001688 -0.163403 -0.007872 -0.032659 -0.159535 0.027321 0.042229 -0.171118 -72.145874 -77.62281 84.849869 55.07618 -62.119751 -22.901764 105.370201 -1.511871 -1.099736 -4.602094 8.719947 18.428528 17.636625 -26.322575 52.410961 -19.466595 -14.395542 29.410259 -3e-06 -8.774796 -8e-06 16.126263 -18.471388 5.862 -0.609773 -1.79565 -3.889316 -4.807079 -11.046763 -2.937844 2.1e-05 -20.975924 -1.7e-05 -5.019919 -25.033455 -4.031899 4e-06 -0.0 1e-06 -10.634513 -5.686954 -3.565581 10.573246 -17.922876 -3.113892 1e-05 -13.821142 -5e-06 -0.501741 -31.18136 -4.027022 -12.688762 -61.689259 8.169457 -13.982687 -7.150177 -2.875034 13.772694 -8.401462 -3.218227 0.347761 -34.211395 0.771632 -0.963008 -17.73332 2.621017 -3e-06 0.0 0.0 -17.346376 -20.095154 -4.201778 21.757502 -1.638375 3.866426 3e-06 -6.338797 1e-06 -1.697566 -22.591658 -6.194007 1e-06 -4e-06 -3e-06 94.499596 -77.762184 101.443993 38.09177 -56.022114 0.212891 93.86776 -2.334651 -1.471156 1.758604 11.953523 20.933142 22.1821 -20.3759 49.933277 -16.701826 -16.743526 28.47654 -3.7e-05 -12.690592 8e-06 16.094994 -17.804358 2.593589 -0.105918 -1.513853 -4.275878 -5.039023 -5.612854 -2.953555 3e-05 -11.020511 -4e-06 -6.111241 -15.895314 -3.840482 -1e-06 0.0 0.0 -10.283353 -5.680266 -4.341839 11.028296 -11.302402 -2.372636 -1.38423 -14.238557 -6.32012 -0.625359 -26.924198 -3.827587 -4.242144 -49.719635 -4.050002 -13.708501 -7.363446 -3.720941 18.141161 -14.052742 -3.242681 4.7e-05 -18.787252 1.2e-05 -0.429698 -8.456056 2.555529 3e-06 1e-06 1e-06 -15.923487 -20.094425 -5.473594 30.419174 -7.190863 1.735898 1.3e-05 -8.162917 9e-06 -1.861853 -22.861467 -6.167906 2e-06 -5e-06 -1e-06 -168.408447 -8.856319 0.611974 15.014919 -0.694688 1.358703 -62.91169 -6.123443 1.376327 -35.734444 2.059184 1.818485 -0.999999 0.0 1e-06 -68.25563 -2.507684 -3.732497 47.22963 -0.062223 0.173013 -93.837196 -12.971388 -3.881629 -10.222131 0.635017 1.674515 -1.000004 0.0 -0.0 
0.0 0.0 0.0 0.0 -0.0 0.0 -11.016644 90.690872 85.755966 86.139374 -23.824066 94.43779 2.73605 1.126622 -0.91982 -8.817537 0.184291 -3.869388 17.200829 3.818767 -4.324976 4.875829 3.622505 3.707645 -2.687608 -0.58936 -1.470964 -39.324184 0.082844 -2.287549 6e-06 -0.0 1e-06 -0.038488 0.014536 -0.228672 -0.025046 -0.04826 -0.205111 0.004962 0.08322 -0.263836 -74.684776 -78.325737 87.786194 48.094128 -61.63834 -12.519684 113.640495 -0.735839 -1.44282 -2.091783 7.385791 18.99711 17.636719 -26.322842 52.411617 -19.466709 -14.395619 29.410604 2.1e-05 -8.774881 -1.2e-05 16.179667 -18.179502 5.469649 -0.609787 -1.795661 -3.88935 -4.807144 -11.046867 -2.937885 -3.5e-05 -20.976133 -2e-05 -5.020018 -25.033792 -4.032007 5e-06 1e-06 2e-06 -10.634597 -5.687016 -3.565622 10.573283 -17.923004 -3.113911 -2.3e-05 -13.821282 -1.1e-05 -0.501793 -31.181782 -4.027143 -12.364792 -61.265396 7.876596 -13.982789 -7.150258 -2.875076 13.772775 -8.401497 -3.218245 0.347667 -34.211781 0.771649 -0.963069 -17.73353 2.621032 1e-06 0.0 0.0 -17.346537 -20.095339 -4.201831 21.757662 -1.638339 3.866491 -1.1e-05 -6.338856 -0.0 -1.697626 -22.59194 -6.194129 -1e-06 -4e-06 -1e-06 88.002853 -77.286308 108.598236 28.032936 -55.136322 8.801441 98.582657 -2.157096 -1.53491 3.217412 10.783382 22.851435 22.182201 -20.37595 49.933594 -16.701834 -16.743589 28.476677 2.8e-05 -12.690672 -4e-06 16.116505 -17.817812 2.586538 -0.105926 -1.513858 -4.275901 -5.039083 -5.612906 -2.953576 -1.9e-05 -11.020589 -5e-06 -6.111382 -15.895485 -3.840533 -3e-06 1e-06 -3e-06 -10.283422 -5.680332 -4.341862 11.028316 -11.302424 -2.372635 -1.384309 -14.238664 -6.320179 -0.625477 -26.9244 -3.827686 -4.200891 -50.235752 -3.969004 -13.708595 -7.36353 -3.720958 18.141205 -14.052754 -3.242679 -3.5e-05 -18.787369 -7e-06 -0.429733 -8.456106 2.555526 -1e-06 -0.0 0.0 -15.923649 -20.094599 -5.473608 30.41934 -7.190786 1.73597 -1.6e-05 -8.162967 2e-06 -1.861959 -22.86166 -6.168023 1e-06 -4e-06 -0.0 -172.607498 -8.481318 1.410644 24.993471 -0.884025 1.21237 -50.20668 -10.194487 0.998536 -26.219851 1.865796 1.860241 -1.000001 1e-06 -1e-06 -65.189072 -1.591532 -3.524388 49.654381 -0.031995 0.137241 -93.183952 -13.595017 -4.133761 -10.289046 0.789599 1.668943 -1.000006 -0.0 -0.0 
0.0 0.0 0.0 0.0 -0.0 0.0 -12.59557 90.005554 94.002968 85.36348 -23.260269 94.207062 3.463463 1.643027 -0.600719 -8.729096 0.472925 -3.71662 17.547672 4.452158 -3.989523 3.26507 2.559203 3.658338 -2.623946 -0.468996 -1.707566 -38.751358 -0.072685 -2.577268 6e-06 -0.0 1e-06 -0.036938 0.020638 -0.175934 -0.050451 -0.017144 -0.157947 -0.017856 0.060879 -0.206601 -78.849686 -78.790588 92.556175 40.2076 -60.111698 -0.901212 119.284378 0.05931 -1.077988 1.577682 5.577543 19.886084 17.636625 -26.322847 52.411316 -19.466724 -14.395669 29.410498 -1e-06 -8.774863 7e-06 15.885808 -17.792786 5.425403 -0.609775 -1.795655 -3.889337 -4.8071 -11.046844 -2.937849 -1e-06 -20.976128 1.5e-05 -5.02001 -25.033741 -4.031878 8e-06 0.0 0.0 -10.634553 -5.686984 -3.565587 10.573304 -17.92301 -3.113909 -3e-06 -13.821284 1.2e-05 -0.501795 -31.181782 -4.02702 -11.944733 -60.081444 7.521584 -13.982739 -7.15021 -2.875037 13.77277 -8.401516 -3.218259 0.347713 -34.211765 0.77169 -0.963053 -17.733528 2.621056 0.0 -0.0 -0.0 -17.346457 -20.095263 -4.201767 21.75762 -1.638374 3.866421 -1e-06 -6.338857 6e-06 -1.697601 -22.591928 -6.194039 0.0 -4e-06 -2e-06 82.756714 -77.428429 114.096626 20.88406 -53.05307 14.977055 101.335609 -1.879045 -1.047736 3.627153 9.360416 24.41263 22.182062 -20.375879 49.933323 -16.701849 -16.743553 28.476572 -2e-05 -12.690605 1.7e-05 15.945097 -17.902174 2.657493 -0.105918 -1.513858 -4.275885 -5.039036 -5.612869 -2.953555 1.2e-05 -11.020528 -1.3e-05 -6.111272 -15.895358 -3.840486 -1e-06 0.0 -2e-06 -10.283366 -5.680286 -4.341835 11.028303 -11.302407 -2.37265 -1.384248 -14.238586 -6.320138 -0.625378 -26.92424 -3.827632 -4.57348 -50.214069 -3.543648 -13.708519 -7.363475 -3.720932 18.141169 -14.052739 -3.242705 2.4e-05 -18.787273 -1.7e-05 -0.429708 -8.456056 2.555505 3e-06 -0.0 1e-06 -15.923524 -20.094482 -5.473581 30.419224 -7.190828 1.73589 6e-06 -8.162928 -3e-06 -1.861867 -22.861509 -6.167969 -1e-06 -3e-06 -1e-06 -179.724258 -8.588213 2.058181 41.61282 -1.207436 0.854993 -48.234207 -9.532876 -0.190574 -12.618811 1.836052 2.20007 -1.000001 2e-06 -1e-06 -61.866787 1.134976 -3.264743 53.434708 -0.089526 0.073595 -91.480499 -13.458907 -5.496698 -8.946488 0.838718 1.687133 -1.000001 0.0 0.0 
0.0 0.0 0.0 0.0 -0.0 0.0 -13.965215 89.29657 102.145676 84.575615 -21.626673 93.388542 4.695683 2.070704 -0.241579 -8.447553 0.761938 -3.162208 18.273457 5.144673 -3.588896 2.763299 1.775689 3.327038 -2.630658 -0.270206 -1.631577 -39.635704 -0.196276 -2.209509 6e-06 -0.0 -0.0 -0.029455 0.0133 -0.096407 -0.04827 0.001748 -0.078169 -0.036877 0.024434 -0.122108 -82.227943 -78.3041 97.099052 33.973568 -58.974792 7.610314 119.819344 0.468087 -0.300563 3.896936 4.286884 21.00762 17.636419 -26.322796 52.410988 -19.466637 -14.395749 29.410337 -9e-06 -8.774832 3.6e-05 15.734138 -17.493679 5.375912 -0.609763 -1.795643 -3.889319 -4.807067 -11.046781 -2.9378 2e-06 -20.975973 4.9e-05 -5.020022 -25.033503 -4.03177 5e-06 1e-06 2e-06 -10.634511 -5.686943 -3.565537 10.57329 -17.922913 -3.113899 -7e-06 -13.821189 3.3e-05 -0.501852 -31.181473 -4.026894 -11.353716 -59.274597 7.088488 -13.982687 -7.150165 -2.874979 13.772743 -8.401472 -3.218277 0.347684 -34.21151 0.771742 -0.963062 -17.733376 2.621048 1e-06 -1e-06 1e-06 -17.346399 -20.09514 -4.201672 21.757572 -1.638371 3.866328 -4e-06 -6.338819 1.5e-05 -1.697622 -22.591734 -6.193912 1e-06 -4e-06 -2e-06 76.882904 -77.901001 120.965996 20.045967 -50.760788 14.841493 100.704933 -2.046316 -0.653503 2.178887 8.064995 25.41341 22.182022 -20.376106 49.933491 -16.701948 -16.743706 28.476763 -6e-05 -12.690659 5.2e-05 15.988599 -17.875935 2.695755 -0.105905 -1.513853 -4.275902 -5.039025 -5.612864 -2.953555 4.3e-05 -11.020572 9e-06 -6.111261 -15.895403 -3.840451 3e-06 2e-06 -4e-06 -10.283367 -5.680262 -4.341835 11.028369 -11.302453 -2.372669 -1.384203 -14.238617 -6.320129 -0.625356 -26.92437 -3.827555 -4.897621 -50.360664 -2.948717 -13.70852 -7.363438 -3.720929 18.141264 -14.052813 -3.242744 4.3e-05 -18.787357 4.1e-05 -0.429715 -8.456112 2.555551 3e-06 -1e-06 -0.0 -15.923502 -20.094442 -5.473576 30.41934 -7.190901 1.73581 1.5e-05 -8.162971 2e-05 -1.861885 -22.861639 -6.167887 -2e-06 -3e-06 -3e-06 172.216919 -8.304039 3.266149 60.194279 -1.20179 0.432871 -57.212227 -5.586957 0.45539 -9.827184 1.746749 2.355056 -0.999999 0.0 0.0 -56.942726 4.362304 -3.175363 57.28936 -0.048311 -0.059201 -93.553818 -14.312614 -5.192823 -7.038786 0.788166 1.668696 -1.000003 -1e-06 0.0 
0.0 0.0 0.0 0.0 -0.0 0.0 -15.231827 88.976273 110.202324 85.145996 -19.598698 93.241028 5.826308 1.906764 -0.156413 -8.138794 0.722355 -2.711228 19.128185 5.087945 -3.466927 3.141252 1.47281 3.064189 -2.507857 -0.280129 -1.554866 -40.162117 -0.480274 -2.042418 6e-06 -0.0 0.0 -0.003413 0.001239 -0.082214 -0.034465 -0.008348 -0.073819 -0.041227 0.008515 -0.096278 -84.863014 -77.418213 101.022591 29.22587 -58.698402 11.945939 113.91391 0.09492 0.293997 3.715057 5.46343 23.125694 17.636742 -26.322687 52.411064 -19.466646 -14.395493 29.410295 -9e-06 -8.774806 -2.5e-05 15.85175 -17.989109 5.63162 -0.609778 -1.795657 -3.889321 -4.807074 -11.046819 -2.937856 3.4e-05 -20.976072 -2e-06 -5.019921 -25.033665 -4.031884 5e-06 -2e-06 -2e-06 -10.634521 -5.686966 -3.565598 10.573262 -17.922991 -3.113877 2.4e-05 -13.821249 2e-06 -0.501722 -31.181679 -4.027012 -11.529314 -59.780685 7.332058 -13.98269 -7.150192 -2.875063 13.772696 -8.401518 -3.218207 0.34779 -34.211658 0.77165 -0.963002 -17.733467 2.62105 -0.0 -1e-06 0.0 -17.346375 -20.095211 -4.201805 21.757502 -1.6384 3.866464 1.3e-05 -6.338835 -2e-06 -1.697536 -22.591837 -6.194033 0.0 -3e-06 -1e-06 65.984116 -77.536499 133.043076 24.396393 -49.147079 10.523866 96.478546 -1.451786 -0.80263 -0.172447 7.610441 28.867081 22.182142 -20.375919 49.933239 -16.701689 -16.743437 28.476398 -3e-06 -12.690529 -1.8e-05 16.358461 -17.8652 2.512845 -0.105925 -1.513847 -4.27587 -5.039022 -5.612844 -2.953551 9e-06 -11.020483 1.2e-05 -6.111249 -15.895263 -3.840455 1e-06 1e-06 1e-06 -10.28335 -5.680267 -4.341837 11.028243 -11.302368 -2.372597 -1.384265 -14.238522 -6.320091 -0.625445 -26.924109 -3.827544 -4.665293 -50.400597 -3.20586 -13.70849 -7.363451 -3.720945 18.14106 -14.052697 -3.242617 -4e-06 -18.78721 3.2e-05 -0.429717 -8.45603 2.555523 4e-06 -1e-06 1e-06 -15.923493 -20.094421 -5.47358 30.419067 -7.190812 1.735965 6e-06 -8.162905 1.2e-05 -1.861895 -22.861414 -6.167884 -4e-06 -2e-06 -2e-06 163.356277 -6.011595 4.81033 75.266724 -0.929058 0.103466 -67.38089 -4.237257 1.599135 -9.922274 1.704561 2.432202 -1.0 -1e-06 -1e-06 -50.281048 5.464821 -3.174246 60.00901 -0.009695 -0.065843 -99.141327 -15.357554 -3.97293 -6.232291 0.696406 1.660422 -1.000003 -0.0 0.0 
0.0 0.0 0.0 0.0 -0.0 0.0 -16.46068 88.854599 118.103317 86.403297 -18.225363 93.555428 6.532081 1.509055 -0.170582 -7.871291 0.531309 -2.305249 19.815733 4.632449 -3.25552 3.477126 1.039008 3.100294 -2.412286 -0.387894 -2.095222 -39.823559 -0.667865 -2.484067 6e-06 -0.0 0.0 -0.010052 -0.014114 -0.097597 -0.057613 -0.031324 -0.098522 -0.098484 0.001047 -0.102119 -88.831856 -76.779739 105.649452 24.579754 -59.140213 14.606095 104.537491 -0.365491 0.828624 2.395389 9.039191 25.47777 17.636822 -26.322828 52.411583 -19.466839 -14.395617 29.410631 1.1e-05 -8.77491 -2e-05 15.961001 -18.758371 6.047274 -0.609791 -1.795672 -3.889356 -4.807148 -11.046926 -2.937898 -1e-06 -20.976267 -4.7e-05 -5.02 -25.033955 -4.032027 5e-06 1e-06 0.0 -10.634623 -5.687035 -3.565627 10.573339 -17.923109 -3.113941 2e-06 -13.821363 -3.1e-05 -0.501724 -31.181995 -4.027185 -11.973838 -60.285511 7.844203 -13.982826 -7.150285 -2.875082 13.772826 -8.401554 -3.218254 0.347755 -34.211983 0.771576 -0.963019 -17.733631 2.62102 -0.0 -1e-06 2e-06 -17.346577 -20.095428 -4.201844 21.757734 -1.638369 3.866507 -4e-06 -6.338893 -1.3e-05 -1.697591 -22.592091 -6.194181 1e-06 -4e-06 -2e-06 51.35648 -76.403389 148.273178 30.659803 -47.986797 3.887719 92.849442 -0.95767 -1.39316 -1.476185 7.491556 33.975922 22.182362 -20.37606 49.933857 -16.701948 -16.743635 28.476835 2.7e-05 -12.690744 -1.9e-05 16.618513 -17.80164 2.167343 -0.105927 -1.513872 -4.275918 -5.03911 -5.612943 -2.953594 -1.9e-05 -11.020658 -9e-06 -6.111407 -15.895599 -3.840576 3e-06 -0.0 0.0 -10.283476 -5.680365 -4.341888 11.028379 -11.302501 -2.372649 -1.384312 -14.238764 -6.320233 -0.625447 -26.924612 -3.827735 -4.173004 -50.087673 -3.871158 -13.70866 -7.363575 -3.720987 18.141293 -14.052849 -3.242691 -2.4e-05 -18.787498 -1.9e-05 -0.429729 -8.456166 2.555542 2e-06 2e-06 1e-06 -15.923718 -20.094725 -5.473655 30.419483 -7.190851 1.735994 -7e-06 -8.163023 -3e-06 -1.86194 -22.861824 -6.168083 0.0 -5e-06 0.0 152.313187 -2.864038 5.251261 85.653656 -0.433004 -0.038527 -76.570389 -4.041602 3.524448 -10.416059 1.703857 2.354394 -1.000003 -0.0 -1e-06 -43.106079 5.229779 -3.430215 60.839809 0.000121 -0.048918 -104.182953 -16.022306 -2.770315 -6.038648 0.687646 1.665153 -1.000003 -0.0 0.0 
0.0 0.0 0.0 0.0 -0.0 0.0 -17.640087 88.716911 126.066635 87.809456 -17.473734 93.61985 6.949811 1.01523 -0.236915 -7.645567 0.337556 -1.680153 20.434616 4.257843 -2.748783 3.408206 0.249583 3.144725 -2.435335 -0.560098 -2.668929 -39.483715 -0.789849 -3.411684 6e-06 0.0 -0.0 -0.031376 -0.018834 -0.092373 -0.08901 -0.051314 -0.085367 -0.150068 0.011011 -0.104479 -92.574478 -76.309807 109.553841 18.937647 -59.803696 18.041725 97.648994 -0.467299 1.516088 2.506454 12.766924 25.686371 17.636614 -26.322718 52.411293 -19.466692 -14.395621 29.410458 8e-06 -8.774847 2e-06 16.067699 -18.860275 6.057644 -0.609783 -1.795661 -3.889333 -4.807111 -11.046832 -2.937858 -7e-06 -20.976053 -2.5e-05 -5.019985 -25.033653 -4.031942 6e-06 -1e-06 -0.0 -10.634562 -5.686993 -3.565587 10.573279 -17.922956 -3.113919 -9e-06 -13.821227 -1.2e-05 -0.501773 -31.181604 -4.027087 -12.249366 -60.304684 8.21838 -13.982746 -7.150224 -2.875042 13.772751 -8.40149 -3.218257 0.347724 -34.211636 0.771619 -0.963039 -17.733444 2.621012 1e-06 1e-06 3e-06 -17.346476 -20.095272 -4.201785 21.757618 -1.63835 3.866436 -1e-06 -6.338835 -5e-06 -1.697602 -22.591846 -6.194069 1e-06 -3e-06 1e-06 40.415668 -75.491234 158.995819 37.821053 -47.386944 -3.120012 93.032433 -0.809922 -1.339177 0.365406 6.722807 37.401257 22.18214 -20.375864 49.933357 -16.701832 -16.743528 28.476545 1.6e-05 -12.690634 -8e-06 16.728071 -17.954008 1.968155 -0.105922 -1.513859 -4.275882 -5.03906 -5.612898 -2.95356 -1e-05 -11.020573 -9e-06 -6.111341 -15.895453 -3.840497 -2e-06 -1e-06 0.0 -10.283394 -5.680313 -4.34184 11.028301 -11.302421 -2.372636 -1.384292 -14.23864 -6.320147 -0.625446 -26.92436 -3.827656 -4.16919 -49.819057 -4.155959 -13.708555 -7.363507 -3.720939 18.141172 -14.052756 -3.242679 -8e-06 -18.787344 -2.4e-05 -0.429714 -8.45609 2.555504 -0.0 0.0 -0.0 -15.923594 -20.094553 -5.473582 30.419262 -7.190809 1.735951 -3e-06 -8.162952 -1.3e-05 -1.861895 -22.861612 -6.168026 -3e-06 -3e-06 -2e-06 140.295013 -0.2198 4.184059 89.849686 0.100834 -0.104744 -83.330757 -3.417352 4.840496 -10.615922 1.672894 2.225423 -1.0 -0.0 0.0 -36.241795 4.504544 -4.234758 60.713875 -0.058846 -0.0749 -107.074379 -15.862739 -2.259278 -6.531215 0.789435 1.669282 -1.0 1e-06 -1e-06 
0.0 0.0 0.0 0.0 -0.0 0.0 -18.723648 88.399353 134.262253 89.596825 -17.107771 92.850464 7.292778 0.345924 -0.19788 -7.443507 0.107395 -0.785291 20.624067 3.689517 -2.018961 3.240517 -0.65635 2.938148 -2.472689 -0.656833 -3.147978 -39.330269 -0.836086 -4.466553 6e-06 -0.0 0.0 -0.071652 -0.013581 -0.054576 -0.147067 -0.055351 -0.044617 -0.21909 0.024385 -0.073621 -93.769569 -75.315689 111.122658 11.545896 -59.688908 23.654875 96.90168 -0.754004 2.026763 3.380178 14.507095 23.462341 17.636673 -26.322924 52.411613 -19.466816 -14.395697 29.410688 -0.0 -8.774901 3e-06 16.066984 -18.636549 5.799829 -0.609779 -1.795665 -3.889352 -4.80712 -11.046888 -2.937882 3e-06 -20.976227 -5e-06 -5.020009 -25.033901 -4.031954 7e-06 -1e-06 -3e-06 -10.634588 -5.687007 -3.56561 10.573345 -17.923073 -3.113939 -1e-06 -13.821341 1e-06 -0.501765 -31.181938 -4.027086 -11.874881 -60.306179 8.057455 -13.982782 -7.150241 -2.875062 13.77282 -8.401546 -3.218278 0.34773 -34.211933 0.771666 -0.963059 -17.733614 2.621067 3e-06 -3e-06 -0.0 -17.34651 -20.095337 -4.201813 21.7577 -1.638381 3.866453 -2e-06 -6.338882 2e-06 -1.697588 -22.592037 -6.194112 0.0 -5e-06 -3e-06 36.994179 -76.14032 161.933945 47.340229 -47.559589 -10.275484 96.54496 -0.455247 -1.093554 3.041428 5.122172 38.854706 22.182133 -20.375875 49.93343 -16.701883 -16.743568 28.476624 -1.1e-05 -12.690639 1e-06 16.480024 -17.870808 2.126726 -0.10592 -1.513858 -4.27589 -5.039054 -5.612885 -2.953565 1e-05 -11.020553 -1.7e-05 -6.111297 -15.895411 -3.840522 1e-06 1e-06 1e-06 -10.283392 -5.680302 -4.341844 11.028327 -11.302424 -2.372653 -1.384256 -14.238625 -6.320164 -0.62538 -26.92432 -3.827663 -4.487616 -49.600281 -3.72083 -13.708552 -7.363492 -3.720947 18.141201 -14.052759 -3.242702 2.2e-05 -18.787319 -2.3e-05 -0.429701 -8.456075 2.55551 -3e-06 0.0 0.0 -15.923571 -20.094528 -5.473603 30.419292 -7.190843 1.735915 9e-06 -8.162943 -8e-06 -1.861864 -22.861565 -6.167998 1e-06 -3e-06 -1e-06 129.006927 1.684587 1.844864 87.494591 0.358046 -0.234847 -86.430138 -2.469391 3.498513 -10.646957 1.587022 2.127541 -0.999997 0.0 -0.0 -29.394236 3.246023 -4.798978 59.880985 -0.058436 -0.218734 -108.036789 -14.447288 -2.79415 -8.102967 0.81382 1.647395 -1.000006 -1e-06 0.0 
0.0 0.0 0.0 0.0 -0.0 0.0 -19.624573 88.059792 142.652695 92.021263 -17.310987 91.056778 7.340613 -0.583864 -0.088624 -7.303848 -0.157293 0.33544 20.270416 2.579901 -1.213811 3.21332 -1.61073 2.50484 -2.541148 -0.663973 -3.564479 -39.314556 -0.68144 -5.473075 6e-06 0.0 0.0 -0.114599 -0.009058 0.022042 -0.209911 -0.057518 0.020553 -0.296087 0.034322 0.010778 -94.09375 -73.762604 111.923241 2.401865 -57.991947 31.061871 101.446068 -1.299126 2.354643 3.979349 14.783851 20.540253 17.636599 -26.322784 52.411507 -19.466854 -14.395693 29.410666 1e-06 -8.774893 1.1e-05 16.127224 -18.512222 5.590899 -0.609776 -1.795668 -3.889349 -4.807118 -11.046885 -2.937885 9e-06 -20.976196 -4.6e-05 -5.019976 -25.033863 -4.031988 5e-06 -1e-06 -2e-06 -10.634585 -5.687012 -3.565599 10.573349 -17.923058 -3.113969 6e-06 -13.821316 -3.1e-05 -0.50171 -31.181881 -4.027156 -11.320968 -60.482277 7.697753 -13.982783 -7.150247 -2.875047 13.772818 -8.401537 -3.2183 0.34777 -34.211857 0.77157 -0.963014 -17.73357 2.621006 1e-06 -0.0 1e-06 -17.346516 -20.095343 -4.201808 21.7577 -1.638367 3.866423 -0.0 -6.338872 -1.1e-05 -1.697566 -22.592016 -6.194141 -3e-06 1e-06 -6e-06 39.54636 -78.299416 158.656952 58.167004 -47.867664 -18.011221 101.759048 -0.34232 -1.326439 4.454522 3.328966 39.488842 22.18211 -20.375986 49.933582 -16.701864 -16.74362 28.4767 1.2e-05 -12.69066 1.6e-05 16.10569 -17.624628 2.535297 -0.10592 -1.51386 -4.275899 -5.039064 -5.612899 -2.953571 -1.2e-05 -11.020579 -2e-06 -6.111343 -15.89546 -3.840509 3e-06 -1e-06 -0.0 -10.283403 -5.680317 -4.341853 11.028317 -11.302422 -2.372651 -1.384285 -14.238656 -6.320167 -0.625444 -26.924387 -3.827669 -4.771448 -49.605907 -3.058081 -13.70857 -7.363516 -3.72095 18.141195 -14.052756 -3.242698 -2.3e-05 -18.787363 -9e-06 -0.429728 -8.456105 2.555518 0.0 0.0 1e-06 -15.923608 -20.094568 -5.473599 30.419323 -7.190797 1.735914 -1.2e-05 -8.162963 -1e-06 -1.861934 -22.861643 -6.168009 2e-06 -3e-06 -0.0 119.57457 2.558122 -1.314953 79.806564 0.291829 -0.386095 -86.78064 -2.042609 0.565472 -10.249963 1.501489 2.100486 -0.999998 -0.0 0.0 -22.12854 1.10326 -5.023734 57.04858 -0.142971 -0.262689 -107.555702 -12.028786 -3.814431 -10.490259 0.78827 1.610775 -1.000005 -0.0 0.0 
0.0 0.0 0.0 0.0 -0.0 0.0 -20.333057 87.941193 151.57103 95.103409 -17.96463 88.678459 6.974693 -1.653832 0.13264 -7.239276 -0.48395 1.464903 19.575363 0.709615 -0.332833 3.22987 -2.579183 2.111384 -2.538322 -0.611874 -4.266979 -39.40501 -0.256667 -6.77243 6e-06 -0.0 -0.0 -0.115746 -0.007628 0.09135 -0.245486 -0.052909 0.064606 -0.350611 0.031325 0.107556 -94.598618 -72.174995 112.655609 -7.186409 -54.714413 38.04488 108.507874 -1.836717 2.28012 4.248957 14.626744 17.598677 17.636696 -26.322756 52.411034 -19.466551 -14.395555 29.410252 1.2e-05 -8.774819 -2e-05 16.11824 -18.530279 5.560039 -0.609779 -1.795649 -3.889315 -4.807098 -11.046797 -2.937828 -3.1e-05 -20.976021 4.7e-05 -5.020032 -25.033604 -4.031851 4e-06 -1e-06 -0.0 -10.63453 -5.686965 -3.56558 10.57324 -17.922924 -3.113847 -2.1e-05 -13.821214 2.8e-05 -0.501861 -31.181583 -4.026965 -11.228222 -60.657211 7.490294 -13.982703 -7.150186 -2.875037 13.772708 -8.401475 -3.218199 0.347655 -34.211601 0.771745 -0.963068 -17.73344 2.621056 -1e-06 -1e-06 2e-06 -17.346418 -20.095184 -4.201753 21.757538 -1.638366 3.866452 -2e-06 -6.338829 1.1e-05 -1.697638 -22.591791 -6.19397 -1e-06 -3e-06 -3e-06 50.008739 -80.932495 147.111084 68.538353 -48.489113 -26.277565 107.256516 -0.837564 -1.729985 4.559858 2.25728 39.731415 22.182045 -20.375738 49.932964 -16.701742 -16.743431 28.476318 -2.4e-05 -12.690529 -5e-06 15.83772 -17.623104 2.862244 -0.105916 -1.51385 -4.275856 -5.03901 -5.612838 -2.953538 2.3e-05 -11.020479 -4e-06 -6.111239 -15.895266 -3.840448 -1e-06 -3e-06 -4e-06 -10.283323 -5.680249 -4.341812 11.028254 -11.302361 -2.372619 -1.384242 -14.23851 -6.32008 -0.625386 -26.924091 -3.827563 -5.153699 -49.753365 -2.71036 -13.708462 -7.36343 -3.720917 18.141083 -14.052692 -3.242655 4e-05 -18.787188 -1.3e-05 -0.429688 -8.456018 2.555493 0.0 0.0 3e-06 -15.923448 -20.094368 -5.473555 30.419075 -7.190827 1.735918 1.7e-05 -8.162888 -6e-06 -1.861844 -22.861378 -6.167912 1e-06 -3e-06 -1e-06 113.248833 2.697399 -4.079214 68.207603 0.10236 -0.418892 -86.062027 -1.776726 -2.228555 -9.655723 1.512217 2.11376 -0.999996 -0.0 -0.0 -13.638019 -1.971838 -5.547661 50.467453 -0.429114 -0.089782 -104.897636 -9.688769 -4.841389 -14.185027 0.812724 1.582075 -1.000003 0.0 -0.0 
0.0 0.0 0.0 0.0 -0.0 0.0 -20.935665 88.21669 161.602829 99.003532 -18.577715 86.158051 6.266328 -2.932148 0.27072 -7.214787 -0.912573 2.504037 18.807301 -2.149866 0.696395 3.499628 -3.187453 1.826125 -2.503694 -0.69216 -5.27134 -39.833992 0.489949 -8.50942 7e-06 0.0 -0.0 -0.088148 -0.012768 0.095725 -0.318782 -0.05918 0.034793 -0.442536 0.026093 0.148794 -94.039299 -70.977592 112.449913 -15.335855 -50.870865 42.34774 115.903801 -1.999157 1.610084 4.439425 14.473597 14.359353 17.636683 -26.322701 52.411133 -19.466648 -14.395587 29.41036 1.1e-05 -8.774844 -1e-05 15.89352 -18.633116 5.709914 -0.609783 -1.795655 -3.889324 -4.807107 -11.046824 -2.937849 -2.3e-05 -20.976057 -6e-06 -5.020003 -25.03367 -4.031921 5e-06 2e-06 -1e-06 -10.634557 -5.686986 -3.565583 10.573264 -17.922956 -3.113896 -1e-05 -13.821237 -5e-06 -0.501781 -31.181644 -4.02707 -11.401913 -60.41473 7.533052 -13.982744 -7.150214 -2.875037 13.772736 -8.401485 -3.218234 0.347709 -34.211643 0.771644 -0.963036 -17.733459 2.621019 2e-06 -1e-06 -3e-06 -17.346468 -20.095243 -4.201767 21.757589 -1.638353 3.866446 -6e-06 -6.338834 -1e-06 -1.697605 -22.591841 -6.194056 -4e-06 -3e-06 -3e-06 71.943092 -82.759521 123.808136 77.70369 -50.048103 -34.249081 112.113052 -1.329316 -2.126987 4.330954 2.351923 40.217297 22.182219 -20.375866 49.933422 -16.701777 -16.743437 28.476507 6e-06 -12.690574 -3.1e-05 16.038658 -17.78421 2.938475 -0.105928 -1.51386 -4.275882 -5.039047 -5.612872 -2.953572 5e-06 -11.020528 -1.3e-05 -6.111279 -15.895365 -3.840527 0.0 0.0 2e-06 -10.283381 -5.680296 -4.341864 11.028271 -11.302393 -2.372615 -1.384272 -14.238575 -6.320151 -0.625409 -26.924198 -3.827649 -5.49362 -50.187733 -2.539347 -13.708533 -7.363492 -3.720971 18.141113 -14.052731 -3.242641 1.5e-05 -18.78726 -1.7e-05 -0.429707 -8.456048 2.555518 1e-06 0.0 -1e-06 -15.923543 -20.0945 -5.473637 30.419146 -7.190831 1.735991 9e-06 -8.162919 -1e-06 -1.86186 -22.861481 -6.16798 0.0 -3e-06 -3e-06 110.23558 3.181959 -5.879204 55.21048 0.01891 -0.193575 -86.679237 -2.168983 -4.877478 -10.305591 1.773088 2.074383 -1.000001 -0.0 0.0 -3.134205 -6.116892 -7.06122 39.219543 -0.713864 0.361105 -97.643784 -7.420013 -5.643883 -20.747242 0.828598 1.49845 -0.999999 0.0 0.0 
0.0 0.0 0.0 0.0 -0.0 0.0 -21.524212 88.679665 172.863846 102.18615 -19.05407 84.34877 5.226968 -3.854028 0.194591 -7.558056 -1.271524 3.651033 18.314367 -4.782491 1.537465 3.878443 -3.431967 1.514547 -2.492853 -0.8732 -6.096611 -39.733864 1.158833 -10.329941 6e-06 -0.0 0.0 -0.052205 -0.017409 0.121456 -0.330874 -0.091656 0.042129 -0.483226 0.049969 0.193145 -91.568565 -70.484558 110.632935 -22.027866 -48.703861 45.079491 121.813843 -1.693959 0.982707 4.362091 14.772608 11.129433 17.636625 -26.322811 52.411346 -19.466707 -14.395648 29.41049 -6e-06 -8.774852 -0.0 15.32244 -18.474073 6.129776 -0.609773 -1.795655 -3.889338 -4.807095 -11.046826 -2.937855 1.5e-05 -20.97608 5e-06 -5.01998 -25.03367 -4.031887 6e-06 -3e-06 -1e-06 -10.634547 -5.686975 -3.565594 10.573304 -17.922983 -3.113908 6e-06 -13.821247 1.3e-05 -0.50178 -31.181665 -4.026996 -10.915724 -59.863728 7.280183 -13.982731 -7.150203 -2.875049 13.772764 -8.401512 -3.218252 0.34774 -34.211681 0.771686 -0.963045 -17.733479 2.621062 2e-06 -0.0 0.0 -17.346439 -20.095238 -4.201793 21.757616 -1.638384 3.86643 3e-06 -6.338847 6e-06 -1.697592 -22.591879 -6.194026 3e-06 -5e-06 -2e-06 97.741638 -82.940559 96.911911 84.316093 -52.269196 -40.215271 115.966316 -1.818722 -2.606601 3.968275 2.769665 39.725163 22.182043 -20.375938 49.933228 -16.701817 -16.743551 28.476522 -1.2e-05 -12.690593 2.3e-05 16.039965 -17.793072 2.967398 -0.105914 -1.513856 -4.275879 -5.039025 -5.612872 -2.953545 1.2e-05 -11.020553 7e-06 -6.111275 -15.895384 -3.840444 0.0 -0.0 -1e-06 -10.283351 -5.680279 -4.341823 11.028288 -11.302421 -2.372636 -1.384253 -14.238611 -6.320108 -0.625428 -26.924313 -3.827571 -5.33253 -50.904202 -2.651175 -13.708503 -7.363467 -3.720923 18.141146 -14.052759 -3.242686 9e-06 -18.787323 1.2e-05 -0.429713 -8.456089 2.555513 0.0 -0.0 -2e-06 -15.923507 -20.094479 -5.473549 30.419188 -7.190827 1.735884 3e-06 -8.16295 1e-06 -1.861889 -22.861593 -6.167933 0.0 -3e-06 -0.0 109.38726 3.85633 -6.35101 46.016541 0.011027 0.0508 -87.403214 -2.231378 -6.220238 -10.90583 1.992756 1.93322 -1.000003 1e-06 -0.0 8.215123 -9.060529 -9.740936 25.225204 -0.650103 0.725096 -82.465813 -5.885936 -6.327888 -30.822407 0.880781 1.325812 -1.000009 0.0 -1e-06 
0.0 0.0 0.0 0.0 -0.0 0.0 -22.162483 88.994049 184.918762 103.802376 -19.756327 82.932831 3.927284 -4.262786 0.528218 -8.286029 -1.260947 4.462341 17.955099 -6.593672 2.320403 4.406709 -3.45079 1.363841 -2.552735 -1.068264 -6.546698 -39.043427 1.537617 -11.672686 6e-06 -0.0 0.0 -0.056268 -0.026761 0.131554 -0.287678 -0.114496 0.079522 -0.449558 0.054238 0.172158 -90.613525 -70.355331 110.065025 -26.306259 -48.065144 46.515896 125.250671 -1.457115 0.634093 4.041765 14.808087 8.807173 17.636656 -26.322702 52.411266 -19.466736 -14.395639 29.410467 5e-06 -8.774866 -2e-06 14.874405 -18.099377 6.418325 -0.60978 -1.79566 -3.889337 -4.807114 -11.046839 -2.937863 3e-06 -20.976076 -3.4e-05 -5.019976 -25.03368 -4.03196 4e-06 1e-06 -0.0 -10.63457 -5.686994 -3.56559 10.573302 -17.922977 -3.113929 1e-06 -13.821238 -2.5e-05 -0.501742 -31.181637 -4.0271 -10.253298 -59.133717 6.767595 -13.982767 -7.150229 -2.875039 13.772776 -8.401497 -3.218261 0.34775 -34.211643 0.771592 -0.96301 -17.733442 2.621002 -2e-06 3e-06 -5e-06 -17.346495 -20.095284 -4.201784 21.757648 -1.638361 3.866438 -3e-06 -6.33884 -7e-06 -1.697594 -22.591856 -6.194092 -1e-06 -3e-06 -2e-06 114.88221 -82.399864 79.158463 87.587349 -54.690453 -42.301273 118.529045 -2.297762 -2.69083 3.633221 2.477896 37.983047 22.182249 -20.375975 49.933617 -16.701809 -16.743549 28.476648 2.3e-05 -12.690651 -2e-05 15.856322 -17.691639 3.002317 -0.105928 -1.51386 -4.275896 -5.039073 -5.612891 -2.95358 -1.2e-05 -11.020555 -8e-06 -6.111347 -15.895425 -3.840544 1e-06 -1e-06 -1e-06 -10.283421 -5.680315 -4.341868 11.028311 -11.302406 -2.372624 -1.3843 -14.238623 -6.320181 -0.625455 -26.924299 -3.827674 -5.157824 -51.079754 -2.561758 -13.708585 -7.363515 -3.720971 18.141186 -14.052742 -3.242661 -1.8e-05 -18.787319 0.0 -0.429727 -8.456081 2.555531 -0.0 0.0 -1e-06 -15.923618 -20.094561 -5.47363 30.419289 -7.19081 1.735985 -8e-06 -8.162944 7e-06 -1.861934 -22.86157 -6.167994 0.0 -3e-06 -1e-06 109.450714 4.333566 -6.192193 43.699829 -0.029133 0.074188 -88.908142 -2.030882 -5.347059 -11.030256 2.048221 1.906274 -1.0 0.0 0.0 16.756897 -9.830487 -11.394448 13.86455 -0.373157 0.903088 -59.76833 -7.021223 -6.794579 -36.941975 0.843025 1.153002 -0.999995 -0.0 1e-06 
0.0 0.0 0.0 0.0 -0.0 0.0 -22.866852 89.090752 196.965179 103.911819 -20.10714 81.98687 3.125752 -4.039672 0.958686 -8.827934 -1.076701 5.035687 17.931103 -7.313376 2.648249 4.159706 -3.838328 1.557502 -2.48767 -1.221668 -6.86056 -37.949802 1.951649 -12.47005 6e-06 -0.0 -0.0 -0.070439 -0.027187 0.16243 -0.20749 -0.115982 0.136772 -0.35059 0.053006 0.170027 -95.639488 -70.399666 115.072327 -26.456665 -48.502323 44.864388 126.089737 -1.377346 0.777208 2.872878 14.097338 7.17965 17.636723 -26.322708 52.410812 -19.466547 -14.395568 29.410149 1e-05 -8.774822 -1.9e-05 14.665996 -17.655827 6.498912 -0.60978 -1.795647 -3.889304 -4.807096 -11.046795 -2.937808 -2.5e-05 -20.976006 5.5e-05 -5.020034 -25.033571 -4.031819 7e-06 -3e-06 -0.0 -10.634532 -5.686959 -3.565556 10.573247 -17.92293 -3.113835 -1.7e-05 -13.821213 2.9e-05 -0.501869 -31.181555 -4.026931 -10.054737 -58.268864 6.554823 -13.982713 -7.150184 -2.875011 13.772719 -8.401473 -3.218196 0.347664 -34.211571 0.771743 -0.963056 -17.733419 2.621053 -3e-06 0.0 -1e-06 -17.346434 -20.095182 -4.201708 21.757549 -1.638369 3.866439 0.0 -6.338829 9e-06 -1.697639 -22.591791 -6.193951 -1e-06 -0.0 -2e-06 121.901505 -82.433479 71.849571 87.045952 -56.419899 -39.537064 119.390686 -2.513691 -2.067904 3.37671 0.964911 35.13451 22.182133 -20.375807 49.933334 -16.701935 -16.743511 28.476604 -5.5e-05 -12.69061 -2e-06 15.862377 -17.932741 3.140707 -0.105914 -1.513863 -4.275883 -5.039025 -5.612859 -2.953573 5.2e-05 -11.020517 -3.9e-05 -6.111205 -15.895339 -3.84054 0.0 -0.0 -1e-06 -10.283359 -5.680266 -4.341853 11.028333 -11.302421 -2.37266 -1.384198 -14.238573 -6.320171 -0.625256 -26.924246 -3.827665 -5.71295 -50.957417 -1.897388 -13.708506 -7.363446 -3.720961 18.141203 -14.052772 -3.242709 9.7e-05 -18.787258 -3.6e-05 -0.429669 -8.456053 2.555514 -0.0 1e-06 -2e-06 -15.923474 -20.094431 -5.473642 30.419228 -7.190917 1.735897 3.8e-05 -8.162913 -9e-06 -1.861766 -22.861467 -6.16798 -0.0 -3e-06 -2e-06 111.434052 5.264534 -5.410826 45.798286 -0.061613 -0.123968 -89.536148 -1.764238 -3.715905 -11.157681 2.048756 2.041188 -1.0 0.0 -0.0 18.897837 -9.613245 -10.473077 14.030856 -0.428541 0.860656 -41.087017 -10.290557 -8.560193 -19.884762 0.751991 1.210838 -1.000003 1e-06 -0.0 
0.0 0.0 0.0 0.0 -0.0 0.0 -23.562628 88.690392 208.534073 103.622002 -19.728907 82.308281 3.073717 -3.682788 0.774128 -8.912251 -1.068446 5.239118 18.410395 -7.313855 2.036742 3.172889 -4.320609 1.885118 -2.401275 -1.097928 -6.865868 -37.445312 2.118044 -12.428263 6e-06 -0.0 0.0 -0.045824 -0.016767 0.247323 -0.156214 -0.109291 0.234314 -0.262447 0.063537 0.238926 -104.905457 -70.354408 123.952377 -21.641787 -50.317631 39.192322 123.994736 -1.369326 1.115285 1.520368 12.603518 6.10778 17.63656 -26.32284 52.411308 -19.466623 -14.395582 29.410423 -1.8e-05 -8.774789 6e-06 14.626444 -17.434769 6.48012 -0.609773 -1.795647 -3.88933 -4.807052 -11.046781 -2.937847 2.9e-05 -20.975996 3.1e-05 -5.019938 -25.033543 -4.031819 5e-06 -2e-06 1e-06 -10.634494 -5.686943 -3.565597 10.57326 -17.922935 -3.113887 1.5e-05 -13.821203 2.7e-05 -0.501769 -31.181536 -4.026928 -10.46965 -57.934593 6.946235 -13.982663 -7.150165 -2.875054 13.772693 -8.401497 -3.218239 0.347749 -34.211555 0.771726 -0.963043 -17.733416 2.621083 1e-06 2e-06 2e-06 -17.346325 -20.09515 -4.2018 21.757473 -1.6384 3.866404 1e-05 -6.338821 1.4e-05 -1.697543 -22.591749 -6.193968 -2e-06 -3e-06 -2e-06 118.44622 -82.802872 75.137665 83.077126 -57.291752 -33.153473 118.215919 -2.635466 -1.381379 3.587436 -1.266414 31.85535 22.182129 -20.375978 49.933392 -16.701899 -16.74358 28.476654 -8e-06 -12.69065 1.3e-05 15.768769 -18.073952 3.256806 -0.105918 -1.513861 -4.27589 -5.039053 -5.612905 -2.953565 6e-06 -11.020627 0.0 -6.111324 -15.895524 -3.840489 -0.0 -1e-06 3e-06 -10.283385 -5.680312 -4.341843 11.028326 -11.302476 -2.372647 -1.384265 -14.238703 -6.320158 -0.62543 -26.924522 -3.827638 -6.150838 -50.794701 -1.698504 -13.708545 -7.363502 -3.720941 18.141203 -14.052833 -3.242698 9e-06 -18.787449 -5e-06 -0.429715 -8.456154 2.555527 -0.0 0.0 0.0 -15.923563 -20.094572 -5.473576 30.419296 -7.190856 1.735905 0.0 -8.162999 -4e-06 -1.86189 -22.861774 -6.168015 -1e-06 -1e-06 -1e-06 115.646347 7.657756 -4.261912 49.01424 -0.008955 -0.242695 -87.835617 -1.421813 -3.72816 -10.152239 1.784494 2.152387 -0.999998 -0.0 -0.0 14.642489 -9.581286 -8.726751 28.197258 -0.653014 0.606252 -36.649605 -8.146754 -9.227569 -9.421486 0.839136 1.451994 -1.0 0.0 0.0 
0.0 0.0 0.0 0.0 -0.0 0.0 -24.184174 88.004219 219.676971 104.463745 -18.714306 83.551155 3.637556 -3.939609 0.177732 -8.662315 -1.392357 4.584085 18.987373 -7.737035 0.812438 2.430897 -3.818962 2.184901 -2.479128 -0.844114 -6.697857 -38.387119 1.630317 -11.656017 6e-06 0.0 0.0 -0.022919 -0.00302 0.217075 -0.13843 -0.082292 0.22052 -0.243034 0.061862 0.19273 -114.465202 -70.755447 132.789764 -12.008162 -52.760109 30.03355 119.596138 -1.300022 1.047313 0.913451 11.111561 6.066039 17.636679 -26.322765 52.411282 -19.466702 -14.395617 29.410454 -5e-06 -8.774844 -9e-06 14.674372 -17.589342 6.335911 -0.609777 -1.795655 -3.889332 -4.807095 -11.046826 -2.93786 1.8e-05 -20.976076 0.0 -5.019967 -25.033672 -4.031903 5e-06 2e-06 -1e-06 -10.634548 -5.686975 -3.565595 10.573305 -17.922979 -3.113906 1e-05 -13.821248 6e-06 -0.501754 -31.181654 -4.027019 -11.066501 -58.209419 7.346603 -13.982736 -7.150205 -2.87505 13.772759 -8.401512 -3.218243 0.347753 -34.211693 0.771671 -0.963037 -17.733482 2.621065 3e-06 0.0 -1e-06 -17.346434 -20.095236 -4.201798 21.757597 -1.638387 3.866444 4e-06 -6.338843 3e-06 -1.69757 -22.59186 -6.194042 -3e-06 -6e-06 -2e-06 105.097755 -82.691879 88.798279 76.939171 -57.531879 -25.638094 115.158234 -2.274678 -1.154109 4.551894 -2.865424 30.130775 22.182095 -20.375988 49.933464 -16.701885 -16.743629 28.476694 -1.6e-05 -12.690655 3e-05 15.654591 -18.123594 3.41794 -0.105916 -1.513857 -4.275893 -5.03905 -5.612884 -2.953565 1.3e-05 -11.020579 1e-06 -6.111304 -15.895445 -3.840496 -0.0 -1e-06 -1e-06 -10.283387 -5.680293 -4.341843 11.028334 -11.30244 -2.372657 -1.38425 -14.238642 -6.320157 -0.625398 -26.924389 -3.82763 -6.230126 -50.528801 -1.985165 -13.708546 -7.363483 -3.720937 18.141216 -14.052781 -3.242712 1e-05 -18.787369 8e-06 -0.429719 -8.456116 2.555535 0.0 0.0 0.0 -15.923562 -20.094511 -5.473584 30.419313 -7.190842 1.735883 1e-06 -8.162968 8e-06 -1.861904 -22.861652 -6.167958 -0.0 -2e-06 0.0 120.795616 11.549646 -3.13664 53.58321 0.02913 -0.234723 -88.378998 -2.101807 -4.514239 -7.411043 1.580769 2.16272 -0.999995 -0.0 -0.0 6.172693 -11.226206 -7.799139 49.778728 -0.503034 0.25561 -45.442577 -2.563306 -7.586948 -8.508829 0.875602 1.428377 -1.000001 -0.0 -0.0 
0.0 0.0 0.0 0.0 -0.0 0.0 -24.782061 87.272911 230.09761 106.405708 -17.760925 85.104347 4.461603 -4.585446 -0.466195 -8.298285 -1.920836 3.501105 19.563852 -8.915595 -0.919482 1.918272 -2.31361 2.243303 -2.622209 -1.043875 -5.687137 -39.874203 0.891618 -11.040472 5e-06 0.0 -0.0 0.013514 0.020862 0.222329 -0.183327 -0.056817 0.223004 -0.312557 0.08469 0.201964 -123.411148 -71.805557 140.91748 2.164165 -54.169403 17.516598 114.521561 -0.636439 0.522011 0.828163 10.323961 7.483753 17.6366 -26.322563 52.411057 -19.466692 -14.395548 29.410368 1.4e-05 -8.774828 -5e-06 14.809399 -18.076061 6.239925 -0.609781 -1.795663 -3.889322 -4.807109 -11.046843 -2.937861 -1.7e-05 -20.976074 -5e-05 -5.019968 -25.033701 -4.031976 5e-06 -2e-06 -2e-06 -10.634542 -5.686999 -3.565577 10.573256 -17.922962 -3.11393 -7e-06 -13.821244 -3.6e-05 -0.501738 -31.181675 -4.02715 -11.487785 -58.792091 7.490314 -13.982722 -7.150234 -2.875032 13.77272 -8.401488 -3.218251 0.347735 -34.211655 0.77155 -0.963013 -17.733458 2.620969 -1e-06 0.0 -1e-06 -17.346455 -20.095282 -4.201772 21.75757 -1.638337 3.866433 -4e-06 -6.338838 -1.7e-05 -1.697586 -22.591867 -6.194116 -1e-06 -5e-06 -3e-06 87.069504 -81.550293 107.983932 69.953178 -57.233982 -19.331741 111.029465 -1.380709 -1.373825 6.213379 -3.112737 31.145779 22.18218 -20.375914 49.933384 -16.701834 -16.743559 28.476564 -6e-06 -12.690634 -5e-06 15.878269 -18.070927 3.391749 -0.105922 -1.513855 -4.275887 -5.039051 -5.612874 -2.953562 1.4e-05 -11.020553 -5e-06 -6.111304 -15.895397 -3.840495 0.0 0.0 -0.0 -10.283392 -5.680292 -4.341847 11.028326 -11.302418 -2.372631 -1.384265 -14.238607 -6.320143 -0.625408 -26.924318 -3.827618 -6.126053 -50.548145 -2.187632 -13.708551 -7.363479 -3.720946 18.141197 -14.052759 -3.242674 1.9e-05 -18.787315 3e-06 -0.429705 -8.456081 2.555522 -0.0 -2e-06 3e-06 -15.923567 -20.094484 -5.4736 30.419279 -7.19085 1.735941 8e-06 -8.162942 5e-06 -1.861886 -22.861559 -6.167962 1e-06 -4e-06 -3e-06 126.952332 15.874574 -2.815715 57.750439 0.112697 -0.353833 -94.164368 -3.171893 -3.633504 -5.310654 1.611415 2.137514 -0.999998 0.0 0.0 -5.31766 -14.377603 -6.317879 70.521507 -0.101562 0.043383 -55.686207 -0.052218 -5.301925 -9.204592 0.863505 1.338538 -0.999999 -0.0 -1e-06 
0.0 0.0 0.0 0.0 -0.0 0.0 -25.442112 86.706825 240.324814 107.276001 -17.214977 86.082436 5.09349 -4.56667 -0.779729 -7.831035 -2.334594 2.524711 20.026331 -9.57437 -2.581218 1.442061 -1.079678 2.208085 -2.656292 -1.194048 -4.326152 -40.769451 0.624788 -10.102356 5e-06 0.0 0.0 0.026422 0.017757 0.147882 -0.169582 -0.053951 0.143203 -0.323781 0.079831 0.142665 -132.370071 -72.604134 148.908203 18.741106 -53.594868 2.308316 110.772263 -0.029619 -0.01607 0.625661 9.956586 9.859797 17.636766 -26.32271 52.411194 -19.466673 -14.395602 29.410395 1.4e-05 -8.774864 -1.8e-05 15.191475 -18.403217 6.091624 -0.609781 -1.79566 -3.889329 -4.807124 -11.046839 -2.937858 -1.7e-05 -20.976078 -8e-06 -5.02001 -25.033686 -4.031953 4e-06 -0.0 1e-06 -10.634585 -5.686995 -3.565591 10.573296 -17.922976 -3.113896 -1e-05 -13.821249 -7e-06 -0.501787 -31.181648 -4.027085 -11.605674 -59.120506 7.538711 -13.98278 -7.150229 -2.875045 13.772776 -8.401494 -3.218231 0.347713 -34.211643 0.771638 -0.963037 -17.733446 2.621023 -1e-06 0.0 -0.0 -17.346519 -20.095282 -4.201782 21.757654 -1.638357 3.866472 -4e-06 -6.33884 -2e-06 -1.69762 -22.591852 -6.194076 1e-06 -1e-06 -5e-06 73.254745 -79.662407 123.686584 61.449383 -56.380028 -14.21084 107.62867 -0.387791 -1.135143 8.619908 -2.062218 33.532894 22.182192 -20.37587 49.933506 -16.701899 -16.743505 28.47665 -1.4e-05 -12.690633 -1.4e-05 16.104601 -17.988634 3.351218 -0.105923 -1.513865 -4.275896 -5.039054 -5.612894 -2.953583 1.7e-05 -11.020576 -2.9e-05 -6.111285 -15.895455 -3.840555 0.0 -2e-06 -0.0 -10.28339 -5.68031 -4.341863 11.028316 -11.302439 -2.372652 -1.384252 -14.238644 -6.320195 -0.62535 -26.924374 -3.827713 -5.781519 -50.813908 -2.544127 -13.70855 -7.363503 -3.720968 18.141188 -14.052786 -3.242694 4.2e-05 -18.787344 -4.2e-05 -0.429697 -8.456091 2.555516 -0.0 -1e-06 1e-06 -15.923556 -20.094543 -5.473647 30.419249 -7.19087 1.735948 1.6e-05 -8.162951 -1e-05 -1.861828 -22.861599 -6.168036 0.0 -3e-06 -3e-06 134.897263 17.963326 -2.166734 59.660694 0.226202 -0.400146 -101.251968 -2.391945 -2.139294 -4.703043 1.660667 2.172371 -1.000001 -1e-06 0.0 -20.135239 -16.002432 -2.381867 88.374847 0.240779 -0.065723 -66.621002 -2.678436 -2.898566 -10.102585 0.821806 1.333279 -1.000002 -0.0 -1e-06 
0.0 0.0 0.0 0.0 -0.0 0.0 -26.316183 86.232925 250.767944 105.209671 -17.389029 86.341225 5.363396 -3.415687 -0.603488 -7.496336 -2.261172 1.45506 19.747257 -8.726328 -3.361353 1.50279 -0.55018 2.268932 -2.616876 -1.042942 -3.002996 -40.927181 0.793622 -8.382382 6e-06 -0.0 -1e-06 0.018861 0.004137 0.043492 -0.156676 -0.076251 0.031078 -0.30772 0.078428 0.057995 -134.454315 -74.67704 149.364822 34.737583 -54.111046 -13.899215 110.733925 -0.409596 -0.690119 -0.499042 10.141026 13.140399 17.636684 -26.322771 52.411381 -19.466803 -14.395656 29.410563 -3e-06 -8.774881 -3e-06 15.790395 -18.083406 5.603804 -0.609776 -1.795662 -3.889342 -4.807112 -11.046866 -2.937878 2.3e-05 -20.976156 -3.3e-05 -5.019964 -25.033794 -4.031967 5e-06 -0.0 2e-06 -10.634578 -5.686997 -3.565599 10.573337 -17.923038 -3.113944 1.7e-05 -13.821289 -1.7e-05 -0.501705 -31.181778 -4.027112 -11.40167 -59.022194 7.125589 -13.98277 -7.15023 -2.875052 13.772805 -8.401534 -3.21827 0.347784 -34.211792 0.771603 -0.963009 -17.73353 2.621032 -1e-06 1e-06 -0.0 -17.346493 -20.095308 -4.201806 21.757668 -1.638388 3.866445 5e-06 -6.33886 -8e-06 -1.697558 -22.591951 -6.194113 -3e-06 -4e-06 -3e-06 70.608162 -78.184456 127.506668 51.558769 -56.728241 -9.216809 107.164543 0.356688 -1.17437 10.85969 0.074786 35.462643 22.182159 -20.375971 49.933468 -16.701902 -16.743637 28.476664 -1.3e-05 -12.690679 1.2e-05 16.024912 -17.899689 3.250695 -0.105915 -1.513865 -4.275895 -5.039058 -5.612887 -2.953561 1e-05 -11.020569 -2e-06 -6.111324 -15.895423 -3.840494 3e-06 -1e-06 -0.0 -10.283405 -5.6803 -4.341842 11.028352 -11.302439 -2.372654 -1.384263 -14.238645 -6.32015 -0.625409 -26.924377 -3.827624 -5.366382 -50.60199 -2.984744 -13.708572 -7.363492 -3.720942 18.141249 -14.05278 -3.242706 1e-05 -18.787352 3e-06 -0.429714 -8.4561 2.555527 -1e-06 -0.0 1e-06 -15.923593 -20.094528 -5.473589 30.419365 -7.190853 1.735903 3e-06 -8.16296 2e-06 -1.861906 -22.86162 -6.167972 0.0 -3e-06 -1e-06 144.131744 15.875812 -0.494348 59.276966 0.201764 -0.181469 -107.74501 -1.060774 -0.898149 -4.932403 1.624738 2.209436 -0.999998 -0.0 -0.0 -36.675789 -13.046908 1.978151 99.956284 0.62077 -0.067512 -76.490921 -7.651593 0.179325 -10.584817 0.725697 1.293041 -1.000003 0.0 0.0 
0.0 0.0 0.0 0.0 -0.0 0.0 -27.569427 85.818619 261.790741 101.109146 -17.990452 87.056046 5.599585 -1.855463 -0.37459 -7.483651 -1.87756 0.224011 18.691196 -6.434778 -3.971748 2.56059 -0.065006 2.578968 -2.602023 -0.569246 -1.955086 -40.914433 1.021792 -5.780292 6e-06 -0.0 0.0 -0.000138 -0.013526 -0.0642 -0.183332 -0.088056 -0.085569 -0.308136 0.056523 -0.033118 -121.709946 -78.567284 134.258286 50.612896 -55.769047 -30.733259 114.294991 -1.2502 -1.171485 -1.908895 9.966722 16.003975 17.636654 -26.322458 52.410679 -19.466555 -14.395476 29.410101 -1e-06 -8.774776 -2e-05 16.016638 -17.866842 5.434604 -0.609775 -1.79565 -3.889299 -4.807067 -11.046763 -2.937831 1.8e-05 -20.975924 -1e-05 -5.01992 -25.033457 -4.031867 5e-06 0.0 -0.0 -10.634494 -5.686951 -3.565564 10.573219 -17.922874 -3.113876 1.3e-05 -13.821147 -9e-06 -0.501737 -31.181372 -4.02701 -11.386133 -58.73447 6.831907 -13.982661 -7.15017 -2.875024 13.772664 -8.401462 -3.218207 0.347773 -34.211403 0.77161 -0.96299 -17.733318 2.620998 -2e-06 -0.0 0.0 -17.346357 -20.09514 -4.201751 21.757458 -1.638373 3.866431 7e-06 -6.338796 -5e-06 -1.697564 -22.591669 -6.193992 1e-06 -8e-06 -2e-06 74.238853 -76.962761 123.834511 39.622971 -57.772343 -1.591506 109.160973 0.30962 -1.737917 11.77049 1.648228 35.971832 22.182125 -20.375757 49.933033 -16.701736 -16.743404 28.476332 -1.8e-05 -12.690535 -2e-05 15.873016 -17.924654 2.954015 -0.105923 -1.513849 -4.275857 -5.039017 -5.612852 -2.953545 2.5e-05 -11.020498 -6e-06 -6.111241 -15.895304 -3.840466 -2e-06 -1e-06 0.0 -10.283339 -5.680261 -4.341825 11.028255 -11.302375 -2.372609 -1.384249 -14.238542 -6.320093 -0.625395 -26.92416 -3.827578 -5.062958 -49.688461 -3.430977 -13.708477 -7.363439 -3.720933 18.141077 -14.052711 -3.242633 4e-05 -18.787222 -7e-06 -0.429687 -8.456038 2.555504 3e-06 0.0 -0.0 -15.923463 -20.094395 -5.473577 30.419064 -7.190845 1.735951 2e-05 -8.162905 -6e-06 -1.861833 -22.861444 -6.167927 0.0 -3e-06 -2e-06 154.817291 11.304688 2.082446 55.470062 -0.092447 0.128741 -111.786842 -0.25367 -0.2928 -6.763056 1.666839 2.196124 -0.999999 -1e-06 -0.0 -52.702827 -7.735346 3.621703 103.678955 0.808906 -0.17009 -83.404427 -11.821702 1.935497 -10.105506 0.539484 1.276441 -1.000002 0.0 0.0 
0.0 0.0 0.0 0.0 -0.0 0.0 -29.269997 85.909012 273.766907 95.948952 -18.768377 88.367531 5.175153 -0.231804 -0.494643 -7.617899 -1.419434 -0.874612 17.52153 -3.117834 -4.534557 4.452455 0.61023 2.803833 -2.613501 -0.18348 -1.011222 -40.162861 1.229862 -3.102854 6e-06 0.0 -0.0 -0.034564 -0.023945 -0.195469 -0.20135 -0.084711 -0.210735 -0.278809 0.034105 -0.165678 -92.473228 -81.036102 102.578094 61.044685 -55.906364 -41.516441 118.555969 -1.308042 -1.053835 -2.578332 7.884732 15.860731 17.636669 -26.322758 52.411228 -19.466661 -14.395591 29.41041 1.3e-05 -8.774845 -9e-06 16.248146 -18.066103 5.513067 -0.60978 -1.795655 -3.88933 -4.807111 -11.046843 -2.93785 -2.1e-05 -20.976095 2e-06 -5.02001 -25.03372 -4.031924 6e-06 0.0 -1e-06 -10.634549 -5.686987 -3.565591 10.573269 -17.922981 -3.113894 -1.1e-05 -13.821258 -0.0 -0.5018 -31.1817 -4.027057 -11.562374 -58.874973 6.864332 -13.982736 -7.15022 -2.875044 13.77274 -8.401499 -3.218236 0.347695 -34.211708 0.771661 -0.963047 -17.733492 2.621026 0.0 0.0 -2e-06 -17.346458 -20.095263 -4.201776 21.757593 -1.638355 3.86645 -5e-06 -6.338846 -3e-06 -1.697613 -22.591885 -6.194056 -0.0 -4e-06 -2e-06 75.696739 -75.595222 122.273598 27.450283 -56.574642 7.898118 111.293846 -0.524221 -1.939927 12.072938 2.207822 34.167515 22.182154 -20.37612 49.933659 -16.701899 -16.743643 28.476776 -3e-06 -12.690675 1.9e-05 15.852769 -17.93144 2.750399 -0.105919 -1.513859 -4.275908 -5.039064 -5.612909 -2.953575 -0.0 -11.020633 9e-06 -6.111345 -15.895539 -3.840504 -3e-06 1e-06 -2e-06 -10.283404 -5.680315 -4.341859 11.028343 -11.302474 -2.372648 -1.384269 -14.238713 -6.320177 -0.625444 -26.924561 -3.827641 -4.971404 -49.194656 -3.462611 -13.70857 -7.363513 -3.720953 18.14123 -14.052828 -3.242701 -1.3e-05 -18.787466 2.2e-05 -0.429733 -8.456164 2.555548 -0.0 1e-06 -0.0 -15.923599 -20.094585 -5.4736 30.419348 -7.190847 1.735907 -5e-06 -8.163011 8e-06 -1.861929 -22.861809 -6.167994 -2e-06 -3e-06 -1e-06 167.041397 5.071815 4.688578 46.73455 -0.493456 0.3289 -109.6334 0.44476 -0.531187 -12.177539 1.702876 2.125774 -0.999997 -1e-06 -1e-06 -64.878983 -2.92581 2.157175 98.828636 0.662555 -0.490127 -88.026253 -15.735474 2.171642 -9.167873 0.552096 1.474075 -1.000004 0.0 -0.0 
0.0 0.0 0.0 0.0 -0.0 0.0 -31.243683 86.953163 286.778259 90.833809 -19.683928 88.988548 4.151288 1.311146 -0.747137 -8.007729 -0.889521 -2.054407 16.843283 0.247614 -4.664993 6.165272 1.154905 2.818885 -2.655269 -0.335702 0.459905 -38.638298 1.417096 -0.682024 6e-06 0.0 -0.0 -0.041069 -0.010259 -0.134925 -0.249407 -0.065766 -0.139723 -0.268533 0.042572 -0.115975 -67.066551 -80.602859 75.677711 63.322159 -54.765736 -43.576241 121.702019 -0.802494 -0.76144 -2.390858 4.365497 15.448213 17.636433 -26.322393 52.410618 -19.466597 -14.395493 29.410126 -3e-05 -8.774736 7e-06 16.348694 -18.251318 5.621768 -0.609764 -1.795645 -3.889295 -4.807014 -11.046718 -2.937836 7.7e-05 -20.97584 -3.8e-05 -5.019813 -25.033319 -4.03184 7e-06 1e-06 0.0 -10.634435 -5.686917 -3.565553 10.573224 -17.922834 -3.113914 5e-05 -13.821093 -1.6e-05 -0.501643 -31.181221 -4.02697 -11.847391 -59.137207 7.039858 -13.982586 -7.150126 -2.87501 13.772629 -8.401462 -3.218243 0.34787 -34.211246 0.771568 -0.962948 -17.733238 2.620994 0.0 1e-06 0.0 -17.346231 -20.095053 -4.201751 21.75736 -1.6384 3.866353 2e-05 -6.338767 -9e-06 -1.697476 -22.591532 -6.193963 0.0 -3e-06 -2e-06 74.235893 -74.928764 124.363937 19.144188 -53.766941 14.614222 111.624588 -1.373314 -1.542142 12.466675 2.302837 33.356037 22.18194 -20.375751 49.932812 -16.701698 -16.743414 28.476248 -4.8e-05 -12.690468 1.4e-05 15.781065 -17.959381 2.550629 -0.105913 -1.513846 -4.275846 -5.038978 -5.612807 -2.953522 3.9e-05 -11.020416 5e-06 -6.111163 -15.895138 -3.840407 -0.0 3e-06 -1e-06 -10.283277 -5.680213 -4.341797 11.028223 -11.30233 -2.372615 -1.384208 -14.238424 -6.320033 -0.625358 -26.923916 -3.827492 -5.01651 -49.127293 -3.369364 -13.708401 -7.363374 -3.720904 18.141027 -14.052663 -3.242652 5.9e-05 -18.787096 2e-05 -0.429688 -8.455975 2.555498 -0.0 -1e-06 0.0 -15.923357 -20.094259 -5.473535 30.418951 -7.190835 1.73587 2.2e-05 -8.162851 8e-06 -1.861826 -22.861223 -6.167815 -1e-06 -3e-06 -1e-06 179.711746 -1.755148 4.892571 34.183529 -0.570817 0.463933 -98.063339 0.879602 -0.13194 -22.837317 1.866509 1.97153 -1.000001 -1e-06 -0.0 -71.70282 0.221105 -1.26388 86.006989 0.149185 -0.546062 -90.666016 -17.113369 2.437132 -8.494519 0.706846 1.553228 -1.000003 1e-06 1e-06 
0.0 0.0 0.0 0.0 -0.0 0.0 -33.260948 88.500252 300.867065 87.552361 -20.394342 88.355392 2.865976 2.270576 -0.945234 -8.45778 -0.503202 -3.251647 16.732384 2.697384 -4.637513 7.185263 1.169295 3.229362 -2.646507 -0.495245 1.512448 -36.813553 1.432564 1.424457 5e-06 0.0 -1e-06 -0.037609 -0.00166 -0.031418 -0.294703 -0.046678 -0.035099 -0.259149 0.040465 -0.022233 -58.916679 -79.196312 67.00502 60.805424 -54.319405 -40.037991 122.911903 -0.356718 -0.462756 -1.415236 1.550715 15.676133 17.636692 -26.322779 52.41116 -19.46665 -14.395582 29.41036 -5e-06 -8.774834 -1.4e-05 16.108181 -18.304602 5.912821 -0.609779 -1.795653 -3.889322 -4.807084 -11.04682 -2.937847 1.3e-05 -20.97608 2.7e-05 -5.019978 -25.033672 -4.03187 8e-06 1e-06 1e-06 -10.634531 -5.686963 -3.565591 10.57328 -17.922979 -3.113878 1.1e-05 -13.821246 1.7e-05 -0.501776 -31.181665 -4.026981 -12.128931 -59.636372 7.376423 -13.982708 -7.150187 -2.875049 13.77273 -8.40151 -3.218223 0.347747 -34.21167 0.771697 -0.963033 -17.733477 2.621068 -2e-06 -2e-06 3e-06 -17.346405 -20.095207 -4.201781 21.757561 -1.638396 3.866444 5e-06 -6.338843 6e-06 -1.697584 -22.591858 -6.194011 1e-06 -4e-06 -2e-06 72.373573 -75.220581 127.303032 14.888359 -51.799229 18.02149 109.735062 -1.692991 -0.729723 12.447306 2.600968 34.140911 22.18211 -20.375923 49.933266 -16.701765 -16.743528 28.476498 -3e-06 -12.69059 -1e-06 15.743902 -17.968472 2.476857 -0.105918 -1.51385 -4.275875 -5.039038 -5.612864 -2.953551 1e-05 -11.020519 8e-06 -6.111283 -15.895347 -3.840475 -3e-06 -1e-06 0.0 -10.283358 -5.680272 -4.341831 11.028278 -11.302393 -2.372614 -1.384265 -14.238566 -6.320112 -0.625433 -26.924212 -3.82758 -4.94548 -49.362198 -3.566604 -13.708507 -7.363455 -3.720934 18.141129 -14.052727 -3.242651 4e-06 -18.787266 2.2e-05 -0.429713 -8.456059 2.555522 -0.0 0.0 -0.0 -15.923512 -20.09444 -5.473571 30.419174 -7.190822 1.73593 5e-06 -8.162929 8e-06 -1.861905 -22.861509 -6.167924 -1e-06 -4e-06 -0.0 -168.405045 -5.958467 3.2917 20.377398 -0.125262 0.307202 -75.594826 -1.245795 2.029326 -33.425484 1.919456 1.788699 -0.999999 -1e-06 -0.0 -72.54026 1.540856 -4.662578 68.123055 -0.148638 -0.34279 -92.898987 -14.423155 0.770818 -9.102726 0.833859 1.542277 -1.000002 -1e-06 -0.0 
0.0 0.0 0.0 0.0 -0.0 0.0 -35.232098 90.068893 315.558289 87.788124 -19.932076 86.878731 1.997957 1.662486 -1.100039 -8.830024 -0.460945 -4.010267 17.175291 3.905799 -4.855227 7.501861 0.602121 3.734452 -2.60927 -0.42493 2.182774 -34.396347 1.010553 2.878298 6e-06 -0.0 -0.0 -0.125789 -0.00125 -0.076935 -0.362884 -0.043166 -0.087783 -0.313204 0.03752 -0.065482 -59.968441 -78.567078 68.390656 56.912739 -55.078457 -34.231468 122.112457 -0.071614 -0.40427 0.626393 0.618329 16.717113 17.636534 -26.322584 52.411022 -19.466562 -14.395583 29.41029 1e-05 -8.774807 2e-06 15.890092 -18.535324 6.258161 -0.609774 -1.795647 -3.889317 -4.807086 -11.046757 -2.937838 -7e-06 -20.975897 -5e-06 -5.019962 -25.03344 -4.031906 6e-06 -0.0 0.0 -10.634509 -5.686955 -3.565571 10.57323 -17.922844 -3.11389 -8e-06 -13.821133 -4e-06 -0.50179 -31.181347 -4.027023 -11.919 -60.371319 7.436783 -13.982685 -7.150178 -2.875027 13.772687 -8.401432 -3.218233 0.347705 -34.211346 0.771649 -0.963035 -17.733294 2.621005 -0.0 -0.0 2e-06 -17.346392 -20.095139 -4.201761 21.757515 -1.638352 3.866406 -5e-06 -6.338787 3e-06 -1.697605 -22.591646 -6.194002 -1e-06 -4e-06 1e-06 67.990166 -75.801086 132.694168 13.102811 -50.851387 18.660191 106.471222 -1.710197 0.282936 12.347641 2.54507 34.554073 22.182085 -20.375872 49.933208 -16.701801 -16.743555 28.4765 -2.1e-05 -12.690615 7e-06 15.910849 -18.165743 2.473837 -0.105917 -1.513851 -4.275874 -5.039032 -5.612852 -2.953545 2.3e-05 -11.020509 2e-06 -6.111275 -15.895315 -3.840463 1e-06 -1e-06 0.0 -10.283361 -5.680267 -4.341827 11.028304 -11.30239 -2.372633 -1.384244 -14.238552 -6.320108 -0.625394 -26.924196 -3.827564 -4.370584 -49.633381 -4.145075 -13.708508 -7.363448 -3.720927 18.141163 -14.052729 -3.242672 2.4e-05 -18.787254 1.9e-05 -0.429711 -8.456057 2.555526 1e-06 0.0 -0.0 -15.923509 -20.094419 -5.473567 30.419214 -7.190838 1.735903 1e-05 -8.162919 1e-05 -1.861891 -22.861483 -6.167902 1e-06 -3e-06 -1e-06 -161.560699 -5.448963 4.146076 15.6845 0.223362 -0.090747 -52.570774 -4.833061 0.915937 -19.492052 1.659696 1.877614 -1.000004 -0.0 -0.0 -68.253052 0.90164 -6.946297 50.006802 -0.09845 -0.276813 -93.087509 -9.339564 -2.889432 -9.898529 0.859105 1.554344 -1.000005 -0.0 -0.0 
0.0 0.0 0.0 0.0 -0.0 0.0 -37.190224 90.717606 329.580444 89.269691 -17.834354 85.193558 2.532912 0.537231 -1.265028 -8.828846 -0.353304 -4.109779 17.907822 4.14125 -4.407264 7.290098 -0.067622 3.954363 -2.618167 -0.55544 2.527492 -32.713112 0.495004 3.52412 6e-06 -0.0 0.0 -0.113842 0.001847 -0.074315 -0.319636 -0.040182 -0.091927 -0.28048 0.039716 -0.053158 -63.587784 -78.597824 72.882195 52.793335 -57.042858 -28.631689 119.99823 -0.612737 -0.410226 3.307455 0.944464 16.830034 17.636679 -26.32309 52.411777 -19.466721 -14.395717 29.410675 1.9e-05 -8.774899 5e-06 15.903245 -18.657087 6.547779 -0.609786 -1.795657 -3.889357 -4.807147 -11.046902 -2.937858 -6.3e-05 -20.976208 4.4e-05 -5.020113 -25.033869 -4.031908 9e-06 -1e-06 0.0 -10.634604 -5.687021 -3.565616 10.573303 -17.923059 -3.113893 -4.4e-05 -13.821343 2.8e-05 -0.501906 -31.181938 -4.02703 -11.950308 -60.649151 7.691345 -13.982803 -7.150263 -2.87506 13.7728 -8.401514 -3.218259 0.347585 -34.211914 0.771762 -0.963128 -17.733599 2.621075 0.0 -1e-06 -2e-06 -17.346565 -20.095371 -4.201789 21.757711 -1.638338 3.86646 -1.9e-05 -6.338887 1.5e-05 -1.697693 -22.592045 -6.194052 -0.0 -5e-06 -3e-06 59.973202 -75.539795 141.144241 14.462162 -49.957397 16.023714 103.183563 -1.924955 0.33666 11.92008 2.241623 33.682148 22.182047 -20.375864 49.933506 -16.701872 -16.743628 28.476677 1.3e-05 -12.690657 2.3e-05 15.915125 -18.340103 2.43078 -0.105918 -1.513863 -4.275898 -5.039066 -5.612893 -2.953563 -1.2e-05 -11.020542 -2.3e-05 -6.111338 -15.895406 -3.840523 -1e-06 -0.0 1e-06 -10.283402 -5.680321 -4.341837 11.028319 -11.302388 -2.372671 -1.384283 -14.238605 -6.320172 -0.625421 -26.924253 -3.827697 -4.265228 -49.632919 -4.23658 -13.708568 -7.363516 -3.720937 18.141195 -14.052717 -3.242729 -1.8e-05 -18.787298 -3.4e-05 -0.429729 -8.456062 2.555502 2e-06 -1e-06 0.0 -15.923612 -20.094559 -5.473586 30.419327 -7.190769 1.735893 -1.2e-05 -8.16293 -8e-06 -1.861928 -22.861526 -6.168016 1e-06 -4e-06 -1e-06 -163.427521 -2.602754 5.343843 31.592859 0.05449 -0.291969 -49.454762 -1.525536 -1.682295 -8.708868 1.661899 2.103926 -1.000003 -0.0 -0.0 -61.446289 0.306855 -8.723066 40.957432 0.018447 -0.124454 -93.381485 -5.739363 -6.687485 -9.950094 0.998081 1.530908 -1.000006 1e-06 1e-06 
0.0 0.0 0.0 0.0 -0.0 0.0 -39.210339 90.459724 343.664246 89.307175 -15.942727 83.266457 3.59614 0.579106 -0.864757 -8.822052 -0.016398 -3.645457 18.348429 4.302234 -3.22036 7.229289 -1.338695 3.704252 -2.623993 -0.628433 2.705775 -32.252167 0.027553 3.774086 7e-06 0.0 -0.0 -0.034504 0.013684 -0.0098 -0.151817 -0.041747 -0.021737 -0.11994 0.063928 0.001525 -72.367149 -78.310455 82.97049 46.480053 -59.890335 -19.742098 116.646996 -0.314035 -0.533091 5.776616 0.900448 17.666819 17.636705 -26.322805 52.411297 -19.46664 -14.395568 29.410416 -3e-06 -8.774831 -1.4e-05 15.920435 -18.412952 6.580431 -0.609781 -1.795653 -3.88933 -4.807093 -11.046829 -2.937858 -2e-06 -20.976067 1.5e-05 -5.019978 -25.033669 -4.031896 4e-06 -0.0 0.0 -10.634543 -5.686973 -3.565604 10.573265 -17.92297 -3.113879 0.0 -13.821247 1.1e-05 -0.501779 -31.181665 -4.027013 -11.982146 -60.234291 7.549056 -13.982719 -7.150204 -2.875062 13.772722 -8.401505 -3.218221 0.347721 -34.211658 0.771695 -0.963044 -17.733467 2.621062 -1e-06 -2e-06 0.0 -17.346426 -20.095232 -4.201804 21.757557 -1.63838 3.86646 2e-06 -6.338841 8e-06 -1.697585 -22.591852 -6.194033 -1e-06 -4e-06 -2e-06 50.569267 -75.079117 150.986511 19.16617 -49.021832 10.926479 100.254425 -1.472609 -0.326716 11.201791 3.084046 31.867081 22.182087 -20.376003 49.93346 -16.701815 -16.743601 28.476633 -3e-06 -12.69063 1.8e-05 15.534331 -18.129898 2.592298 -0.10592 -1.513852 -4.275893 -5.039046 -5.612875 -2.953557 6e-06 -11.02054 5e-06 -6.111309 -15.895388 -3.840484 3e-06 1e-06 1e-06 -10.283374 -5.680288 -4.341843 11.028303 -11.302404 -2.372638 -1.384271 -14.238605 -6.320138 -0.625438 -26.924295 -3.827604 -4.692699 -49.783924 -3.679496 -13.708535 -7.363478 -3.720938 18.141174 -14.052745 -3.242683 -1.4e-05 -18.787312 2.2e-05 -0.429729 -8.456088 2.555535 -1e-06 0.0 1e-06 -15.923552 -20.094484 -5.47358 30.419258 -7.190809 1.735905 -7e-06 -8.162947 1.3e-05 -1.861934 -22.861568 -6.167941 -2e-06 -5e-06 -0.0 -172.699448 -1.561662 1.659312 58.206886 0.025476 -0.280111 -56.579113 -0.921343 -2.027064 -9.067751 1.718586 2.193025 -0.999997 -0.0 0.0 -55.171803 1.180254 -9.838258 42.851452 0.216596 0.064672 -90.409309 -2.998178 -8.376934 -10.391305 1.148519 1.537723 -1.000001 0.0 0.0 
0.0 0.0 0.0 0.0 -0.0 0.0 -41.389526 89.236343 357.641815 87.03688 -14.748006 80.966728 4.651605 1.69353 0.151738 -8.691885 0.535627 -2.423362 18.755987 5.532994 -1.703254 6.961338 -3.121571 3.003518 -2.564286 -0.509553 3.292612 -32.886059 -0.607795 4.269105 6e-06 -0.0 0.0 -0.003652 0.016104 -0.006714 -0.084058 -0.039171 -0.010043 -0.071953 0.064658 -0.002244 -84.453331 -76.80529 96.442497 34.905197 -62.370487 -6.595214 112.41481 0.107969 -0.561446 7.136957 0.743444 20.43001 17.636539 -26.322563 52.411007 -19.466566 -14.395534 29.410276 9e-06 -8.774789 -3e-06 15.702925 -17.97488 6.538015 -0.609776 -1.795649 -3.889317 -4.807083 -11.046767 -2.937845 -1e-05 -20.97592 -2e-05 -5.019949 -25.033472 -4.031911 5e-06 0.0 -0.0 -10.634503 -5.68696 -3.565576 10.573212 -17.922859 -3.113897 -8e-06 -13.821143 -1e-05 -0.501769 -31.181385 -4.027052 -11.510072 -59.765503 7.146235 -13.982673 -7.15019 -2.875031 13.772668 -8.401443 -3.21823 0.347711 -34.211388 0.771621 -0.963028 -17.733316 2.620992 -0.0 1e-06 -0.0 -17.346378 -20.09516 -4.201771 21.757486 -1.638344 3.866415 -5e-06 -6.338793 -5e-06 -1.697597 -22.591675 -6.194025 1e-06 -4e-06 -1e-06 39.652805 -75.064713 161.909286 26.210175 -47.611065 4.03477 98.899391 -0.999999 -0.9073 9.902643 4.829771 30.38063 22.182028 -20.375782 49.933147 -16.701799 -16.743494 28.476465 -2e-05 -12.690573 8e-06 15.343661 -17.931742 2.793998 -0.105916 -1.513855 -4.275867 -5.039019 -5.612849 -2.953548 2.2e-05 -11.020492 -1.3e-05 -6.111241 -15.895297 -3.840483 -1e-06 -2e-06 1e-06 -10.28334 -5.680267 -4.341824 11.028278 -11.302374 -2.37264 -1.384238 -14.238539 -6.320118 -0.625362 -26.924152 -3.827613 -4.388941 -49.908657 -3.692472 -13.708484 -7.363449 -3.720927 18.141119 -14.05271 -3.242686 3.6e-05 -18.78722 -1.5e-05 -0.429698 -8.456034 2.555502 3e-06 0.0 0.0 -15.923478 -20.094414 -5.473574 30.41914 -7.190826 1.735895 1.1e-05 -8.162903 -3e-06 -1.861845 -22.861425 -6.167939 -1e-06 -5e-06 -1e-06 175.082916 -4.95685 -3.052107 83.505486 -0.176059 -0.297082 -64.730255 -2.337513 -0.833287 -9.991281 1.725931 2.310846 -0.999997 -0.0 1e-06 -50.400593 5.531887 -8.791842 51.918186 0.085402 -0.01196 -90.53672 -3.538922 -3.168092 -7.947788 0.840531 1.668379 -1.0 -1e-06 -0.0 
0.0 0.0 0.0 0.0 -0.0 0.0 -43.573479 88.14624 371.312012 84.18364 -13.834404 79.144257 5.134439 2.734041 0.978905 -8.327294 0.967603 -1.193871 20.031721 7.29788 -0.17709 5.777344 -4.665831 2.677813 -2.61391 -0.148866 3.594043 -32.658653 -1.281255 5.32419 6e-06 -0.0 0.0 -0.046348 -0.00433 -0.041002 -0.117735 -0.077751 -0.042934 -0.141023 0.061423 -0.035156 -98.959831 -73.686653 113.523216 19.711763 -61.185066 6.851797 109.198235 0.059092 0.021842 6.387134 0.890601 25.006153 17.63661 -26.322775 52.411228 -19.466705 -14.395647 29.410458 -6e-06 -8.774855 5e-06 15.546171 -17.834761 6.403058 -0.609773 -1.795655 -3.88933 -4.807096 -11.046831 -2.937846 6e-06 -20.976109 9e-06 -5.02 -25.033737 -4.031884 4e-06 0.0 0.0 -10.63454 -5.686976 -3.565583 10.573294 -17.922983 -3.113909 2e-06 -13.821266 8e-06 -0.501791 -31.181726 -4.027017 -11.719085 -60.152958 7.37617 -13.982725 -7.150203 -2.875035 13.772751 -8.401505 -3.218251 0.347725 -34.21172 0.771679 -0.963046 -17.733505 2.621052 1e-06 0.0 -0.0 -17.346436 -20.095234 -4.201768 21.757605 -1.638377 3.866421 -1e-06 -6.338854 5e-06 -1.6976 -22.591921 -6.194036 1e-06 -4e-06 -2e-06 26.772299 -74.632362 174.632889 34.782681 -44.227245 -3.720258 99.775597 -1.260389 -0.870672 8.318637 6.961034 31.001219 22.182058 -20.375875 49.93335 -16.701832 -16.74354 28.476572 -1e-05 -12.690605 1.2e-05 15.680296 -18.096237 2.760092 -0.105918 -1.513857 -4.275885 -5.039038 -5.612875 -2.95356 8e-06 -11.020542 -9e-06 -6.111293 -15.895386 -3.840496 1e-06 0.0 -1e-06 -10.283363 -5.680289 -4.341833 11.028293 -11.302399 -2.372648 -1.38426 -14.238592 -6.320142 -0.625402 -26.924271 -3.827641 -4.373806 -50.039543 -3.67054 -13.708517 -7.363475 -3.720938 18.141151 -14.052736 -3.242695 1.1e-05 -18.787287 -1.3e-05 -0.429709 -8.456069 2.555507 1e-06 1e-06 0.0 -15.923528 -20.094482 -5.473588 30.419214 -7.190816 1.735906 3e-06 -8.162935 -4e-06 -1.861884 -22.861536 -6.167979 0.0 -3e-06 -1e-06 161.17337 -9.541205 -2.993544 102.230103 0.123276 -0.318227 -72.604492 -3.470937 2.6989 -10.386319 1.695688 2.329337 -1.0 -0.0 -0.0 -42.825264 10.765549 -6.450819 57.767063 0.095178 -0.274521 -98.387199 -5.952682 -0.702906 -5.767672 0.69716 1.631037 -0.999999 0.0 -0.0 
0.0 0.0 0.0 0.0 -0.0 0.0 -45.916374 87.58374 385.338654 84.89566 -12.477536 79.05584 5.367555 2.126494 1.04355 -8.141464 0.774085 0.080926 20.465946 7.037254 0.803114 5.490794 -4.272188 2.433223 -2.571759 -0.13999 3.22466 -32.30233 -1.5988 4.477198 6e-06 -0.0 -0.0 -0.048023 -0.026393 -0.041509 -0.168989 -0.104463 -0.047665 -0.202907 0.04139 -0.033894 -101.950546 -71.06884 118.413109 2.922608 -58.039921 21.98724 110.258759 0.779872 0.390336 5.130762 1.527543 29.684191 17.636673 -26.322704 52.411148 -19.466604 -14.395542 29.410334 1.1e-05 -8.774813 -1.5e-05 15.539285 -18.126537 6.230907 -0.60978 -1.795655 -3.889322 -4.8071 -11.046805 -2.937847 -2.4e-05 -20.976011 6e-06 -5.019989 -25.033585 -4.031902 7e-06 1e-06 1e-06 -10.634538 -5.686976 -3.565586 10.573241 -17.922934 -3.113878 -1.5e-05 -13.821214 2e-06 -0.501803 -31.181572 -4.027043 -12.042192 -59.977188 7.640405 -13.982719 -7.150205 -2.875044 13.772707 -8.401479 -3.218219 0.347694 -34.211559 0.771668 -0.963049 -17.733408 2.621026 -1e-06 -1e-06 -0.0 -17.346434 -20.09523 -4.201777 21.757544 -1.638362 3.86645 -4e-06 -6.338825 4e-06 -1.697608 -22.591799 -6.194032 -1e-06 -3e-06 -3e-06 23.113535 -75.125412 177.277664 44.946945 -43.434139 -11.422514 103.080482 -1.924289 -0.927322 6.79416 6.575653 36.049 22.182138 -20.375839 49.9333 -16.701809 -16.743473 28.476503 -1.2e-05 -12.690582 -1.3e-05 15.848261 -18.123852 2.742048 -0.105921 -1.513858 -4.275878 -5.039036 -5.612865 -2.953562 1.4e-05 -11.020517 -1.4e-05 -6.111265 -15.895345 -3.840512 -1e-06 -0.0 0.0 -10.283366 -5.680286 -4.341845 11.028287 -11.302398 -2.372632 -1.384253 -14.238563 -6.32014 -0.625373 -26.924189 -3.827637 -5.081681 -49.770691 -3.007254 -13.708517 -7.363474 -3.720951 18.141138 -14.052734 -3.242671 3e-05 -18.787256 -1.5e-05 -0.429699 -8.456047 2.555511 2e-06 -0.0 1e-06 -15.923519 -20.094471 -5.473608 30.41917 -7.190834 1.735943 1.3e-05 -8.162913 -1e-06 -1.861852 -22.861469 -6.167962 2e-06 -3e-06 -0.0 144.847748 -8.450697 0.675964 112.520287 0.457391 -0.341741 -79.55645 -2.993037 6.893623 -10.336085 1.661928 2.211026 -1.000001 0.0 0.0 -31.454998 10.348884 -4.221522 58.729088 0.025588 -0.086237 -107.19912 -6.481951 -0.687835 -5.327542 0.685081 1.63613 -1.0 -0.0 0.0 
0.0 0.0 0.0 0.0 -0.0 0.0 -48.03587 87.310287 399.577484 88.429672 -11.438002 79.947655 5.314893 0.568543 1.266541 -8.259114 0.301482 1.379487 18.901272 4.723912 1.452486 6.88824 -2.98155 2.276821 -2.431966 -0.11072 1.334406 -32.413567 -1.227315 1.60665 7e-06 -0.0 -0.0 -0.050458 -0.026439 -0.020035 -0.136182 -0.087703 0.003472 -0.1643 0.021443 -0.049286 -96.244431 -69.855484 113.504227 -12.448784 -53.465744 36.598881 115.970879 1.099998 -0.137435 4.89744 3.49236 30.387409 17.636795 -26.32263 52.410858 -19.466503 -14.395457 29.410139 2.9e-05 -8.7748 -3.7e-05 15.271554 -17.904457 5.905776 -0.609787 -1.795655 -3.889303 -4.80712 -11.046822 -2.937832 -6.8e-05 -20.97604 3.7e-05 -5.020055 -25.033657 -4.031894 7e-06 -0.0 -3e-06 -10.634541 -5.686987 -3.565575 10.573198 -17.922932 -3.113827 -3.2e-05 -13.821229 9e-06 -0.501873 -31.181623 -4.027022 -10.957492 -59.314156 7.171412 -13.982723 -7.150218 -2.875031 13.772682 -8.401468 -3.218174 0.347637 -34.211636 0.771688 -0.963066 -17.733456 2.621022 -2e-06 -1e-06 0.0 -17.346457 -20.09524 -4.201749 21.757528 -1.638338 3.866494 -1.2e-05 -6.338837 3e-06 -1.697662 -22.591839 -6.194017 -3e-06 -3e-06 -2e-06 33.036087 -78.697983 165.028763 55.885288 -47.550407 -19.340595 109.13913 -2.589407 -1.155228 4.400475 4.663655 37.633312 22.182211 -20.375723 49.933361 -16.701876 -16.743452 28.476557 -2e-05 -12.690607 -3.2e-05 15.976234 -17.78302 2.874259 -0.105925 -1.513865 -4.27588 -5.039047 -5.612871 -2.953584 3.1e-05 -11.020528 -4.3e-05 -6.111254 -15.895377 -3.84058 1e-06 -0.0 -3e-06 -10.283383 -5.680293 -4.341862 11.028312 -11.302406 -2.372649 -1.384239 -14.238584 -6.32019 -0.625291 -26.92424 -3.827724 -5.345831 -50.015617 -2.339118 -13.708539 -7.363479 -3.720974 18.141178 -14.052748 -3.242679 7.4e-05 -18.787254 -5.9e-05 -0.429672 -8.456047 2.555503 0.0 0.0 -1e-06 -15.923531 -20.094482 -5.473661 30.419228 -7.19088 1.735969 3.1e-05 -8.162911 -1.4e-05 -1.861784 -22.861479 -6.168029 0.0 -3e-06 -1e-06 129.019913 -2.797194 2.491785 112.051712 0.3373 -0.238549 -82.641838 -1.35858 6.739046 -10.24764 1.595694 2.080544 -0.999998 -0.0 -0.0 -18.146753 5.51651 -3.077668 54.771187 -0.24046 0.089789 -111.464684 -5.144347 -2.988863 -7.367942 0.665271 1.609352 -1.000003 -0.0 0.0 
0.0 0.0 0.0 0.0 -0.0 0.0 -49.805962 88.116486 414.536041 93.217804 -11.441407 80.881798 4.002678 -1.426998 1.598518 -8.583097 -0.164911 2.70728 17.203257 1.837769 1.99119 8.416534 -2.2327 2.595002 -2.38254 -0.114028 -1.501445 -31.654516 -0.397602 -1.998965 6e-06 -0.0 -0.0 -0.102724 -0.011274 -0.018047 -0.12099 -0.092203 0.021586 -0.150918 0.054522 -0.068301 -91.563423 -69.319107 108.882416 -23.69578 -47.698521 47.575459 122.116951 1.223372 0.002741 4.564726 7.468605 29.603041 17.6366 -26.323046 52.411999 -19.466988 -14.395797 29.410963 -9e-06 -8.774943 2.3e-05 15.577698 -17.960939 5.624715 -0.609777 -1.795673 -3.88938 -4.807131 -11.046935 -2.937909 2.4e-05 -20.976326 -4.4e-05 -5.019998 -25.034037 -4.032009 6e-06 2e-06 -2e-06 -10.63461 -5.687029 -3.565633 10.573404 -17.923151 -3.114001 1.4e-05 -13.821402 -1.9e-05 -0.501698 -31.182125 -4.027163 -10.309858 -59.811863 6.848455 -13.982818 -7.150271 -2.875076 13.772878 -8.401584 -3.218332 0.347769 -34.21209 0.771614 -0.963047 -17.733696 2.621064 1e-06 0.0 0.0 -17.346544 -20.095413 -4.20185 21.75778 -1.638386 3.86643 0.0 -6.338913 -1e-06 -1.697564 -22.592178 -6.194185 -1e-06 -3e-06 -1e-06 55.663879 -81.863899 140.44017 64.28109 -51.736675 -25.914415 115.222549 -3.346971 -1.406879 3.752124 2.605362 34.717354 22.182217 -20.376156 49.933662 -16.701868 -16.743694 28.47674 3.4e-05 -12.690717 1.4e-05 15.894969 -17.805531 3.025537 -0.105919 -1.513863 -4.275907 -5.039091 -5.612927 -2.953564 -3e-05 -11.020642 2.3e-05 -6.111421 -15.895558 -3.840481 0.0 -0.0 -1e-06 -10.283442 -5.680341 -4.341849 11.028352 -11.302476 -2.372642 -1.384326 -14.23873 -6.320157 -0.625548 -26.924541 -3.827634 -5.205387 -50.521503 -2.376921 -13.708623 -7.363548 -3.72094 18.141253 -14.052819 -3.242682 -6.3e-05 -18.787485 2.4e-05 -0.429752 -8.456161 2.555539 1e-06 -1e-06 -3e-06 -15.923692 -20.094662 -5.473556 30.419426 -7.190795 1.735942 -2.8e-05 -8.163015 3e-06 -1.862014 -22.861795 -6.168005 0.0 -3e-06 2e-06 118.190308 3.627583 1.319508 100.570587 0.072848 0.011871 -84.379013 -1.514262 2.656029 -10.569371 1.541607 2.118698 -1.000004 0.0 0.0 -4.063187 -1.113557 -4.498808 45.2547 -0.484525 0.271522 -105.69812 -2.240739 -5.703338 -15.697462 0.770589 1.509877 -1.000002 0.0 1e-06 
0.0 0.0 0.0 0.0 -0.0 0.0 -51.498772 89.614182 430.736267 98.186226 -11.837445 81.846428 2.130802 -3.434106 1.364406 -9.286001 -0.524099 3.973035 16.336634 -1.495585 2.635867 9.578984 -1.543172 2.54941 -2.405624 -0.314657 -3.587627 -30.435522 0.6269 -4.984155 6e-06 0.0 -0.0 -0.143729 0.002573 0.014213 -0.169736 -0.091389 0.027349 -0.199029 0.080817 -0.016566 -87.210442 -69.086052 104.586983 -30.886433 -43.132103 54.228889 125.932404 1.146018 0.306594 3.968044 9.873624 30.75823 17.636534 -26.322714 52.411453 -19.466856 -14.395678 29.410637 -3e-06 -8.774874 1.5e-05 15.873046 -18.358988 5.666438 -0.609773 -1.795668 -3.889352 -4.807108 -11.046871 -2.937885 2.9e-05 -20.976135 -7.3e-05 -5.019934 -25.033764 -4.031994 5e-06 0.0 0.0 -10.634562 -5.687008 -3.565599 10.573332 -17.923027 -3.113986 1.6e-05 -13.821279 -4.1e-05 -0.501674 -31.181753 -4.027161 -10.593372 -60.274441 6.9956 -13.982758 -7.150243 -2.875043 13.772792 -8.401526 -3.218303 0.347794 -34.211758 0.771531 -0.962996 -17.733507 2.620988 -4e-06 2e-06 0.0 -17.346474 -20.095331 -4.201813 21.757652 -1.638365 3.866405 2e-06 -6.338855 -1.7e-05 -1.697546 -22.591928 -6.194145 1e-06 -3e-06 -2e-06 86.262535 -82.564735 108.574974 70.03199 -55.833336 -29.560953 119.067451 -3.714298 -1.445269 4.718239 0.731574 31.989079 22.182211 -20.376032 49.933533 -16.701841 -16.743597 28.476645 2.2e-05 -12.690674 -7e-06 16.022451 -17.767935 2.965219 -0.105923 -1.513859 -4.275898 -5.039077 -5.612908 -2.953564 -1.5e-05 -11.020618 1.3e-05 -6.111373 -15.895517 -3.840489 -1e-06 0.0 -1e-06 -10.283419 -5.680324 -4.341851 11.028327 -11.302457 -2.372629 -1.384304 -14.238697 -6.320156 -0.625487 -26.924492 -3.827632 -5.111735 -50.925312 -2.570709 -13.708589 -7.363525 -3.72095 18.141211 -14.052795 -3.242664 -2.7e-05 -18.787434 1e-05 -0.429728 -8.456141 2.555528 0.0 -0.0 2e-06 -15.923642 -20.094597 -5.473583 30.419344 -7.190826 1.735966 -1e-05 -8.162993 1e-06 -1.86194 -22.861755 -6.168016 -0.0 -3e-06 3e-06 113.831558 9.045682 -0.77441 81.557442 0.006521 -0.061889 -84.507233 -3.159815 -0.964064 -9.691325 1.639661 2.186604 -1.000002 0.0 1e-06 9.548467 -7.042266 -8.590332 32.199432 -0.659749 0.747439 -85.769753 0.76467 -6.679441 -31.916733 0.991395 1.337654 -1.000001 -0.0 0.0 
0.0 0.0 0.0 0.0 -0.0 0.0 -53.344578 90.624474 447.618622 100.864182 -12.074171 82.241592 0.494336 -4.214992 1.125552 -10.231065 -0.687935 4.848384 16.256544 -4.159836 3.767536 10.249443 -1.024875 2.156995 -2.416133 -0.908808 -4.474246 -29.630819 1.376701 -7.590247 6e-06 0.0 -0.0 -0.120181 0.00214 0.087635 -0.25871 -0.087602 0.055057 -0.289141 0.075816 0.090071 -85.301117 -68.934639 103.018631 -34.516541 -41.03075 56.497524 127.11261 0.735936 0.709728 2.827932 9.943945 33.339256 17.636675 -26.322844 52.411304 -19.466679 -14.395643 29.410458 8e-06 -8.774862 -2e-06 15.594845 -18.458328 5.957276 -0.609778 -1.795654 -3.889334 -4.80711 -11.04684 -2.937846 -1.5e-05 -20.976116 2.6e-05 -5.02003 -25.033735 -4.031882 5e-06 0.0 -0.0 -10.634565 -5.686983 -3.565588 10.573298 -17.923 -3.113895 -8e-06 -13.82128 1.6e-05 -0.50182 -31.181765 -4.027012 -10.707879 -59.701981 6.734855 -13.982751 -7.150212 -2.875042 13.77277 -8.401507 -3.218241 0.347686 -34.211758 0.771709 -0.963064 -17.73353 2.621062 0.0 -0.0 0.0 -17.346474 -20.095259 -4.201773 21.757626 -1.638371 3.866448 -6e-06 -6.338853 7e-06 -1.697627 -22.591919 -6.194025 -1e-06 -5e-06 -2e-06 105.310661 -82.09304 88.596985 72.242142 -59.776806 -29.160482 120.683136 -3.430236 -1.139402 5.821773 -2.055718 29.716585 22.182041 -20.375864 49.933304 -16.701834 -16.743534 28.476562 -1.5e-05 -12.690588 1.8e-05 16.689528 -17.986185 2.834771 -0.105917 -1.513858 -4.275885 -5.039029 -5.612866 -2.953557 1.4e-05 -11.020524 -1.1e-05 -6.111263 -15.895362 -3.840482 -1e-06 1e-06 -0.0 -10.283353 -5.680285 -4.341834 11.028288 -11.302395 -2.372649 -1.384244 -14.23858 -6.32013 -0.625383 -26.924231 -3.827629 -5.35364 -51.628571 -2.439611 -13.708505 -7.36347 -3.720937 18.141144 -14.052733 -3.242702 1.8e-05 -18.787268 -7e-06 -0.429711 -8.456056 2.555506 -0.0 0.0 2e-06 -15.923507 -20.094467 -5.473588 30.419184 -7.190819 1.735889 5e-06 -8.162921 -4e-06 -1.86187 -22.861494 -6.167959 -1e-06 -3e-06 -2e-06 115.472206 10.736879 -1.77007 58.978172 -0.030062 -0.314377 -83.371964 -2.000798 -3.773131 -9.363579 1.777079 2.175074 -1.000002 0.0 -0.0 21.544651 -8.796119 -11.172176 18.793011 -0.475176 0.973006 -58.92252 -1.452357 -7.400192 -33.09795 0.898352 1.179197 -1.000006 -0.0 -0.0 
0.0 0.0 0.0 0.0 -0.0 0.0 -55.462349 91.07814 464.516357 100.205666 -11.650463 82.032967 -0.184652 -3.402157 1.262702 -10.477817 -0.581622 5.32678 16.629339 -5.172728 4.373647 9.896218 -1.374034 2.014812 -2.415291 -1.058636 -5.29477 -29.996412 1.773357 -9.163139 6e-06 0.0 0.0 -0.095452 0.005915 0.196186 -0.239703 -0.080501 0.156996 -0.262881 0.073322 0.204316 -91.840736 -68.802582 109.884682 -33.209095 -42.34552 52.872341 125.446442 0.082296 1.05909 1.521435 9.322021 35.810493 17.63666 -26.32284 52.411446 -19.466772 -14.395624 29.41057 -2e-05 -8.774848 -3e-06 15.440715 -18.338751 6.367176 -0.609774 -1.795658 -3.889345 -4.807078 -11.046835 -2.937878 5.4e-05 -20.976124 -1.6e-05 -5.019916 -25.033733 -4.03191 6e-06 -0.0 1e-06 -10.634539 -5.68697 -3.565611 10.573328 -17.923021 -3.11393 3.2e-05 -13.821276 1e-06 -0.501695 -31.181761 -4.027029 -10.245126 -58.813679 6.512246 -13.982719 -7.150198 -2.875076 13.772764 -8.401541 -3.218257 0.347813 -34.211735 0.771654 -0.963013 -17.733505 2.621078 -2e-06 -1e-06 1e-06 -17.346395 -20.09524 -4.201841 21.757587 -1.638416 3.866434 1.3e-05 -6.338857 3e-06 -1.697521 -22.591908 -6.194062 1e-06 -4e-06 -2e-06 105.000694 -82.805626 88.923576 68.565178 -61.700932 -23.869907 120.252937 -3.433235 -0.920378 5.689221 -5.179475 26.271021 22.182043 -20.375727 49.932957 -16.701721 -16.743471 28.476303 2.2e-05 -12.690561 -4e-06 16.85161 -18.348841 2.835882 -0.105919 -1.51385 -4.275859 -5.039035 -5.612865 -2.953528 -1.7e-05 -11.020499 -0.0 -6.111313 -15.895315 -3.840438 0.0 -1e-06 1e-06 -10.283355 -5.680294 -4.3418 11.028243 -11.30236 -2.372617 -1.384299 -14.23855 -6.320075 -0.625482 -26.924128 -3.827598 -5.54065 -51.490948 -2.167187 -13.708508 -7.363478 -3.720896 18.141079 -14.052681 -3.242653 -2e-05 -18.787226 -2.7e-05 -0.42971 -8.456027 2.555472 0.0 0.0 -4e-06 -15.923543 -20.094473 -5.473512 30.419125 -7.190753 1.735936 -8e-06 -8.162896 -1.7e-05 -1.86191 -22.861416 -6.167963 0.0 -2e-06 1e-06 120.92485 8.923287 -1.625414 39.467148 0.000293 -0.307213 -80.910507 -0.746067 -5.300447 -9.885756 1.946402 2.163534 -0.999998 -1e-06 -0.0 26.234671 -7.242793 -8.762484 19.013695 -0.587751 0.772371 -44.908482 -5.542036 -9.281704 -11.743855 0.76328 1.290056 -1.000002 -1e-06 -1e-06 
0.0 0.0 0.0 0.0 -0.0 0.0 -57.44025 91.028702 480.057922 99.483185 -10.588752 82.935829 0.061808 -3.108277 1.136707 -10.337545 -0.608693 4.990492 17.732281 -5.5419 3.447214 8.941145 -1.605552 2.152182 -2.479409 -0.788805 -6.153203 -30.90468 1.974064 -9.281685 6e-06 -0.0 -0.0 -0.085739 0.00043 0.181783 -0.213232 -0.090714 0.167885 -0.214842 0.068752 0.169826 -104.113731 -68.982658 121.704231 -26.252775 -46.549683 44.89555 120.568481 0.333415 1.044044 0.610505 8.135077 35.269249 17.636707 -26.32279 52.41114 -19.466608 -14.395574 29.410316 -1.2e-05 -8.774811 -1.5e-05 15.259817 -18.574511 6.806886 -0.609777 -1.795649 -3.889321 -4.807067 -11.046779 -2.937841 3.6e-05 -20.976 3.2e-05 -5.019937 -25.033543 -4.031834 9e-06 0.0 -0.0 -10.63452 -5.686944 -3.56559 10.573282 -17.922949 -3.113862 2.2e-05 -13.821213 2.9e-05 -0.501772 -31.181559 -4.026926 -10.779524 -58.752556 7.174951 -13.982693 -7.150163 -2.875053 13.77272 -8.401501 -3.218216 0.347769 -34.211555 0.771722 -0.963028 -17.733408 2.621084 -1e-06 0.0 1e-06 -17.346371 -20.095148 -4.201788 21.757523 -1.638419 3.866438 1.1e-05 -6.338825 1.2e-05 -1.697558 -22.591759 -6.193962 -0.0 -3e-06 1e-06 83.770485 -83.13102 111.237762 59.619587 -61.757965 -14.608089 117.867882 -3.186392 -1.032229 5.494494 -7.632745 22.313688 22.181963 -20.375748 49.932941 -16.701735 -16.743452 28.47633 -1.5e-05 -12.690512 1.7e-05 16.257511 -18.540506 3.048288 -0.105913 -1.513849 -4.275855 -5.039003 -5.612841 -2.953529 1.1e-05 -11.020463 -2e-06 -6.111234 -15.895235 -3.840428 0.0 0.0 0.0 -10.283315 -5.680256 -4.341799 11.028234 -11.302353 -2.372629 -1.384248 -14.2385 -6.320063 -0.625411 -26.924036 -3.827562 -5.928345 -50.948048 -2.114239 -13.708453 -7.363438 -3.7209 18.14105 -14.052673 -3.242669 1.7e-05 -18.787167 -1.1e-05 -0.429702 -8.456 2.55548 0.0 -1e-06 -1e-06 -15.923448 -20.094387 -5.473527 30.419033 -7.190788 1.735882 7e-06 -8.162876 -7e-06 -1.861866 -22.861326 -6.167901 -0.0 -4e-06 0.0 126.695107 8.665632 -2.14092 31.809444 -0.153452 -0.386701 -77.774986 -1.204434 -4.546039 -9.178183 1.842017 2.15178 -1.0 0.0 0.0 21.687464 -6.080026 -6.818251 36.531178 -0.625732 0.396718 -47.717133 -4.429546 -9.148885 -9.612836 0.772661 1.460565 -1.000001 1e-06 -1e-06 
0.0 0.0 0.0 0.0 -0.0 0.0 -59.094803 90.150574 494.52066 100.711937 -8.949154 85.08007 0.898691 -4.069852 0.465183 -10.047976 -1.111124 4.192935 18.819027 -6.241241 1.297119 8.479749 -0.87991 2.225692 -2.347311 -0.750395 -6.011879 -32.002636 1.686271 -9.224337 6e-06 0.0 0.0 -0.045007 0.015061 0.132957 -0.161789 -0.08189 0.126469 -0.170188 0.089052 0.114562 -116.385834 -69.542702 132.718536 -13.675011 -50.639938 32.733837 113.434219 0.77517 0.468842 0.331337 7.122308 30.109278 17.636589 -26.322699 52.411068 -19.466597 -14.395563 29.410311 -1.4e-05 -8.774791 -4e-06 15.045341 -18.582382 6.911886 -0.609771 -1.795645 -3.889316 -4.807053 -11.04676 -2.937842 3.5e-05 -20.975952 1.7e-05 -5.019917 -25.033485 -4.031841 3e-06 3e-06 -4e-06 -10.634491 -5.686934 -3.565579 10.573256 -17.922901 -3.113881 2e-05 -13.821173 1.7e-05 -0.501756 -31.181471 -4.026942 -11.434173 -58.937042 7.718501 -13.982656 -7.15015 -2.875039 13.772687 -8.401479 -3.218229 0.347771 -34.211445 0.771695 -0.963028 -17.733353 2.621066 2e-06 -2e-06 -2e-06 -17.346327 -20.095116 -4.201778 21.757473 -1.638397 3.866412 1.1e-05 -6.338808 1.1e-05 -1.697549 -22.5917 -6.193966 2e-06 -3e-06 -2e-06 65.727745 -80.845772 131.095535 47.596752 -61.032131 -2.71387 114.346481 -1.577829 -0.819176 5.831166 -9.46841 19.343468 22.181971 -20.375715 49.932877 -16.701748 -16.743443 28.476303 -1.8e-05 -12.690523 5e-06 16.165649 -18.751247 3.076078 -0.105913 -1.51385 -4.27585 -5.039004 -5.612837 -2.953527 1.7e-05 -11.020479 -3e-06 -6.111236 -15.895269 -3.840427 0.0 -0.0 -0.0 -10.283313 -5.680254 -4.341795 11.02824 -11.302361 -2.372625 -1.384244 -14.238516 -6.320063 -0.625397 -26.924089 -3.827565 -6.414515 -50.929394 -2.121327 -13.708447 -7.363433 -3.720896 18.141062 -14.052685 -3.242669 3.1e-05 -18.787189 -1.3e-05 -0.429692 -8.45602 2.555485 0.0 1e-06 1e-06 -15.923448 -20.094374 -5.473522 30.419046 -7.190808 1.735891 1.3e-05 -8.16289 -1.2e-05 -1.861841 -22.861397 -6.167918 0.0 -5e-06 -1e-06 132.326477 11.28605 -3.28467 36.154938 0.018145 -0.40781 -71.408447 -0.677919 -2.762622 -6.803685 1.530555 2.147715 -0.999999 -0.0 -0.0 13.28692 -7.689753 -8.273983 58.419872 -0.36518 0.030761 -53.759922 -4.749562 -8.607604 -9.787086 0.847461 1.506698 -1.000002 -0.0 -1e-06 
0.0 0.0 0.0 0.0 -0.0 0.0 -60.308849 88.783714 508.513214 103.738884 -6.90255 87.89563 2.415349 -5.218413 -0.315149 -9.525654 -1.937208 3.015102 19.746969 -8.302773 -1.527196 8.900781 0.796901 2.152742 -2.486931 -0.82051 -5.663037 -35.298107 0.705045 -9.169639 6e-06 0.0 1e-06 0.035138 0.033394 0.10992 -0.151358 -0.062387 0.105346 -0.205718 0.108129 0.091294 -125.819588 -71.514389 141.368637 4.448889 -53.567272 16.089575 107.277069 1.181921 -0.467754 -0.326134 8.041615 23.658943 17.636648 -26.322515 52.410492 -19.466398 -14.395389 29.409935 -5e-06 -8.774715 -2.5e-05 15.117373 -18.492903 6.714846 -0.609776 -1.795636 -3.889281 -4.807032 -11.046714 -2.937804 1.2e-05 -20.975849 4.2e-05 -5.019914 -25.033346 -4.03178 7e-06 -0.0 -2e-06 -10.63444 -5.68691 -3.565553 10.573155 -17.922815 -3.113806 8e-06 -13.821105 2.8e-05 -0.501798 -31.181265 -4.026883 -11.479196 -58.997475 7.529824 -13.982587 -7.150124 -2.87502 13.772578 -8.40144 -3.218158 0.347734 -34.211281 0.771712 -0.96302 -17.733269 2.621038 3e-06 0.0 1e-06 -17.346247 -20.09503 -4.201731 21.757317 -1.638382 3.866426 9e-06 -6.338779 1e-05 -1.697552 -22.591574 -6.193905 -4e-06 -4e-06 0.0 60.718811 -76.900665 138.785736 35.400204 -59.523712 5.343641 110.396355 -1.300085 -0.403236 6.758826 -10.387546 20.515888 22.181927 -20.375681 49.932587 -16.701645 -16.743269 28.476107 -4.2e-05 -12.690397 -3e-06 16.237724 -18.591942 2.934141 -0.105916 -1.513844 -4.275827 -5.038956 -5.612812 -2.953515 3.6e-05 -11.020454 1e-05 -6.111148 -15.895206 -3.840373 0.0 1e-06 0.0 -10.283238 -5.680214 -4.341789 11.028164 -11.302348 -2.372589 -1.384209 -14.238462 -6.320007 -0.625394 -26.924009 -3.82747 -5.867357 -50.781059 -2.735337 -13.708346 -7.363379 -3.7209 18.140926 -14.052684 -3.242618 5.9e-05 -18.78714 1.2e-05 -0.429679 -8.456001 2.555482 -0.0 -0.0 0.0 -15.923294 -20.094271 -5.473513 30.418777 -7.190838 1.735893 2.6e-05 -8.162872 -7e-06 -1.861784 -22.861322 -6.167837 0.0 -3e-06 -1e-06 137.732254 16.880819 -2.913709 49.154758 0.020956 -0.481017 -84.16993 -1.576331 -0.252506 -4.322111 1.543333 2.144765 -0.999998 0.0 0.0 2.372877 -12.308604 -8.960479 80.014206 0.15974 -0.104103 -61.566895 -7.875225 -6.843959 -9.980633 0.851459 1.421679 -1.000003 0.0 1e-06 
0.0 0.0 0.0 0.0 -0.0 0.0 -61.879265 88.004768 523.443359 105.646721 -5.316296 89.575134 3.505666 -5.60119 -0.914548 -8.913597 -2.559469 1.842114 20.6758 -9.903299 -3.975467 9.37149 1.893844 2.321649 -2.501091 -1.205328 -5.320101 -38.050602 0.528565 -8.930165 5e-06 -0.0 1e-06 0.061743 0.009062 0.001934 -0.076097 -0.088826 -0.014418 -0.149103 0.089812 0.009517 -130.640625 -74.065155 145.086472 26.603878 -54.340096 -4.054663 104.698463 1.331385 -0.95265 -1.283446 8.106151 23.07728 17.636686 -26.322615 52.411018 -19.466646 -14.395551 29.410299 -7e-06 -8.774819 -1.4e-05 15.907215 -17.857073 5.876791 -0.609776 -1.795654 -3.889322 -4.807085 -11.046792 -2.937852 2.8e-05 -20.976 -1.5e-05 -5.019926 -25.033564 -4.031911 3e-06 0.0 -0.0 -10.634529 -5.686963 -3.565588 10.573276 -17.922934 -3.113896 1.7e-05 -13.821199 -3e-06 -0.501724 -31.181536 -4.027037 -10.966269 -58.878956 6.913194 -13.982707 -7.150189 -2.875045 13.772726 -8.401489 -3.218229 0.34778 -34.211536 0.77163 -0.963001 -17.733398 2.621029 1e-06 -1e-06 -0.0 -17.346407 -20.095192 -4.201788 21.757547 -1.638387 3.866445 8e-06 -6.338822 -2e-06 -1.697554 -22.591766 -6.194039 -2e-06 -2e-06 -1e-06 62.533257 -73.675827 140.055771 24.268148 -58.495552 11.21302 107.484833 -0.101975 0.111437 7.782773 -9.995912 29.24029 22.182178 -20.375847 49.933311 -16.70188 -16.743481 28.476547 -2.4e-05 -12.690602 -1.8e-05 16.153326 -18.422689 2.921993 -0.10592 -1.513861 -4.275884 -5.039039 -5.612881 -2.953568 2.7e-05 -11.02057 -1.6e-05 -6.111256 -15.895427 -3.840513 1e-06 -0.0 -0.0 -10.283372 -5.680294 -4.34185 11.028309 -11.302447 -2.37264 -1.384237 -14.238634 -6.320153 -0.625347 -26.924368 -3.827643 -5.460435 -50.939285 -3.148561 -13.708527 -7.363482 -3.720959 18.141171 -14.052793 -3.24268 6.1e-05 -18.787334 -2.9e-05 -0.429683 -8.456088 2.555512 0.0 -0.0 -0.0 -15.923524 -20.094513 -5.473617 30.41921 -7.190886 1.735937 2.4e-05 -8.162947 -1.1e-05 -1.861804 -22.861582 -6.167995 0.0 -3e-06 -1e-06 148.100677 19.623627 -1.699563 54.131077 0.233605 -0.59801 -96.504082 0.423559 1.081719 -3.774649 1.586812 2.202726 -1.000002 -0.0 0.0 -12.701207 -14.839054 -3.279551 97.810623 0.77217 -0.135692 -69.481079 -10.76385 -4.77282 -10.779768 0.780686 1.450229 -1.0 0.0 -1e-06 
0.0 0.0 0.0 0.0 -0.0 0.0 -63.846291 87.647408 538.560547 103.132568 -4.748594 89.72345 4.303233 -4.175352 -0.969131 -8.718016 -2.542814 0.096961 19.866978 -8.765166 -5.319928 10.316756 0.677856 2.74522 -2.536972 -0.94016 -4.634955 -39.510036 0.689401 -6.810871 7e-06 -0.0 1e-06 0.030059 -0.021582 -0.108055 -0.099909 -0.128907 -0.139077 -0.150563 0.070783 -0.070803 -122.677696 -78.512489 135.013611 46.511845 -55.589634 -24.009525 107.982368 0.083285 -1.512436 -2.530719 4.971295 28.678055 17.636684 -26.322754 52.411148 -19.466713 -14.395598 29.410398 -1.2e-05 -8.77484 -9e-06 16.553581 -17.220701 5.046278 -0.609775 -1.795656 -3.889331 -4.807081 -11.046826 -2.937852 3.5e-05 -20.976095 2e-06 -5.019942 -25.033691 -4.031888 9e-06 -0.0 1e-06 -10.634533 -5.686967 -3.565589 10.573298 -17.922997 -3.113898 2.2e-05 -13.821258 4e-06 -0.501733 -31.1817 -4.027008 -10.66187 -58.672028 6.446714 -13.982717 -7.150193 -2.875042 13.77275 -8.401523 -3.218241 0.347788 -34.211689 0.771658 -0.963012 -17.733482 2.621058 -1e-06 -0.0 -0.0 -17.346409 -20.095221 -4.201783 21.757578 -1.638401 3.866437 1.1e-05 -6.338848 2e-06 -1.697552 -22.591879 -6.19404 0.0 -8e-06 -3e-06 69.96257 -72.4086 133.683823 10.773653 -58.233265 20.493479 109.941185 0.77234 -0.596272 7.526481 -8.46654 35.517433 22.182085 -20.375868 49.933178 -16.701799 -16.743484 28.476448 -2e-05 -12.690566 -3e-06 15.727861 -18.240744 2.917316 -0.105916 -1.513852 -4.275873 -5.039022 -5.61286 -2.953546 1.6e-05 -11.020526 1e-06 -6.111259 -15.895345 -3.840457 3e-06 -0.0 -0.0 -10.283348 -5.680274 -4.341825 11.028279 -11.302402 -2.372625 -1.384245 -14.238573 -6.320106 -0.625404 -26.924213 -3.82758 -5.063307 -50.272972 -3.417632 -13.708492 -7.363453 -3.720931 18.141117 -14.052742 -3.242665 2.9e-05 -18.787262 1e-06 -0.429696 -8.456055 2.555506 3e-06 -0.0 -0.0 -15.923489 -20.094437 -5.473568 30.41914 -7.190845 1.735915 1.1e-05 -8.162925 -2e-06 -1.861859 -22.861494 -6.167933 -1e-06 -3e-06 -1e-06 160.664917 16.105089 0.722709 53.852982 0.216549 -0.356047 -105.455498 2.50865 1.900035 -4.701523 1.587303 2.181426 -1.0 -0.0 -0.0 -30.364815 -10.100799 3.310307 107.567688 1.007091 -0.078391 -77.675293 -14.59063 -2.304732 -10.384931 0.646636 1.359321 -1.000001 -1e-06 0.0 
0.0 0.0 0.0 0.0 -0.0 0.0 -65.942261 88.036873 554.03949 98.097023 -5.324224 89.442131 4.068522 -2.202992 -1.12644 -8.841008 -2.080599 -1.474259 17.870768 -5.746855 -6.637554 11.947373 -0.80293 3.156503 -2.620979 -0.575544 -3.135961 -39.191471 0.777331 -3.81596 6e-06 1e-06 1e-06 -0.025584 -0.061516 -0.234448 -0.190691 -0.158913 -0.273288 -0.199806 0.024049 -0.181098 -93.96862 -81.62558 103.812645 59.248531 -56.287674 -37.654701 114.177605 -0.948751 -1.317824 -3.202872 0.814143 29.689917 17.636593 -26.322783 52.411156 -19.466619 -14.395596 29.410368 -1.3e-05 -8.774803 2e-06 16.561005 -17.558245 5.214778 -0.609773 -1.795647 -3.889322 -4.80706 -11.046779 -2.937839 2.7e-05 -20.976006 3.4e-05 -5.019949 -25.033564 -4.031821 7e-06 1e-06 2e-06 -10.634502 -5.686944 -3.565583 10.573264 -17.92293 -3.113877 1e-05 -13.821201 2.7e-05 -0.501778 -31.181536 -4.026924 -10.950298 -58.927963 6.553742 -13.982671 -7.150166 -2.875042 13.7727 -8.40149 -3.218234 0.347742 -34.211544 0.771732 -0.963045 -17.733412 2.621078 -0.0 -1e-06 2e-06 -17.346352 -20.095144 -4.201776 21.757505 -1.6384 3.866411 9e-06 -6.338826 1.2e-05 -1.697564 -22.591768 -6.193958 -2e-06 -5e-06 -2e-06 74.472763 -71.195168 128.757629 -2.141364 -55.073299 30.364464 114.712997 0.029932 -0.791467 7.76716 -7.217324 34.269398 22.181955 -20.375734 49.932941 -16.701685 -16.743427 28.476301 -2e-05 -12.690487 9e-06 15.291204 -18.091396 2.927642 -0.105918 -1.513843 -4.275853 -5.038995 -5.61282 -2.953528 2.3e-05 -11.020425 -5e-06 -6.111204 -15.89517 -3.840431 1e-06 -2e-06 0.0 -10.283305 -5.68024 -4.341806 11.028222 -11.302325 -2.372618 -1.384235 -14.238444 -6.320064 -0.62539 -26.923935 -3.827542 -4.449391 -49.406746 -3.796973 -13.708433 -7.363414 -3.720911 18.141031 -14.05264 -3.242658 2.4e-05 -18.787106 3e-06 -0.429699 -8.455976 2.555487 -1e-06 -1e-06 0.0 -15.923418 -20.094332 -5.473541 30.418982 -7.190783 1.735893 1.2e-05 -8.162854 2e-06 -1.861861 -22.861242 -6.167858 0.0 -3e-06 -1e-06 174.496109 9.309575 3.408794 47.291412 -0.206685 -0.02188 -106.716957 2.699121 1.797156 -9.969936 1.575488 2.111973 -0.999999 -0.0 1e-06 -45.728741 -2.060289 5.493493 105.876427 0.750228 -0.20658 -83.24707 -18.766144 -0.989475 -9.458756 0.561566 1.478957 -1.000004 -0.0 -0.0 
0.0 0.0 0.0 0.0 -0.0 0.0 -68.212715 89.476303 569.898804 92.646873 -6.695913 89.179352 2.467937 -0.338028 -1.683441 -9.29388 -1.481622 -2.915948 16.443825 -2.286747 -7.717363 13.430927 -1.697674 3.316782 -2.752943 -0.831349 -0.50109 -37.325947 0.853452 -1.201797 6e-06 -0.0 2e-06 -0.055076 -0.045531 -0.155732 -0.287032 -0.114665 -0.182211 -0.230816 0.011631 -0.113238 -65.433098 -81.41172 73.719276 64.7379 -56.088825 -42.932487 119.935707 -1.327071 -0.570378 -2.927857 -1.990929 26.132107 17.636724 -26.32316 52.411572 -19.466696 -14.395701 29.410557 4e-06 -8.774879 3e-06 16.60685 -17.956327 5.572229 -0.609779 -1.795655 -3.889342 -4.807117 -11.046887 -2.937837 -4.6e-05 -20.976242 9.4e-05 -5.020114 -25.033886 -4.031798 7e-06 -0.0 1e-06 -10.634576 -5.686995 -3.565599 10.5733 -17.923086 -3.11386 -3.1e-05 -13.82136 5.9e-05 -0.501925 -31.181963 -4.026918 -11.368434 -59.675999 6.804794 -13.982769 -7.15023 -2.875045 13.772788 -8.401547 -3.218235 0.347602 -34.211983 0.771845 -0.963127 -17.73365 2.621122 1e-06 -1e-06 1e-06 -17.346506 -20.095318 -4.201758 21.757662 -1.638377 3.866447 -9e-06 -6.338897 2.9e-05 -1.697663 -22.592054 -6.193971 0.0 -4e-06 -4e-06 74.525749 -69.704262 128.607254 -9.854095 -50.270077 35.604462 117.544495 -0.904678 -0.127765 8.48821 -5.87519 31.329956 22.182102 -20.376074 49.93372 -16.702003 -16.743729 28.476879 -1.4e-05 -12.690731 4.2e-05 15.291942 -18.088539 2.78215 -0.105913 -1.513863 -4.275915 -5.03907 -5.612913 -2.953574 1.1e-05 -11.020631 -8e-06 -6.111346 -15.895541 -3.840522 1e-06 -0.0 0.0 -10.283421 -5.680322 -4.341853 11.028385 -11.302484 -2.372685 -1.384255 -14.238714 -6.3202 -0.625385 -26.924547 -3.827684 -4.401377 -49.299763 -3.769759 -13.708591 -7.36352 -3.720947 18.141308 -14.052837 -3.242758 9e-06 -18.787457 -8e-06 -0.429724 -8.456156 2.555537 1e-06 0.0 0.0 -15.923615 -20.094603 -5.473609 30.419456 -7.190856 1.735857 -2e-06 -8.163003 -1e-06 -1.861916 -22.861774 -6.168025 1e-06 -3e-06 -2e-06 -171.375519 1.922909 4.675935 35.032494 -0.351664 0.050716 -94.333519 0.932324 2.453338 -23.471621 1.796681 1.894759 -0.999997 2e-06 1e-06 -55.381348 4.00127 4.023415 92.294586 0.322883 -0.337711 -87.062866 -21.409386 0.737291 -9.157159 0.665596 1.581071 -1.000007 3e-06 -3e-06 
0.0 0.0 0.0 0.0 -0.0 0.0 -70.53875 91.791039 586.325439 89.079788 -8.089369 88.65567 0.129631 1.036622 -2.038226 -10.000706 -1.255236 -4.405371 15.984031 0.105296 -8.59432 14.468782 -2.465412 3.84799 -2.767524 -1.114138 0.92609 -35.094707 1.172138 1.136228 6e-06 -0.0 0.0 -0.059476 -0.019813 -0.074526 -0.379475 -0.085477 -0.088603 -0.259283 0.032144 -0.051188 -56.079914 -80.19017 63.712967 65.685585 -56.071522 -41.649879 123.53968 -1.453766 -0.047316 -2.487208 -2.673903 22.300694 17.636662 -26.322969 52.411495 -19.466629 -14.395657 29.410519 9e-06 -8.774853 1e-06 16.588251 -18.018194 5.900126 -0.609781 -1.79565 -3.889337 -4.807109 -11.046829 -2.937846 -3.6e-05 -20.976086 6e-05 -5.020051 -25.033689 -4.031863 5e-06 1e-06 -3e-06 -10.634562 -5.686979 -3.565602 10.573274 -17.922977 -3.113871 -2.2e-05 -13.821264 3.7e-05 -0.501874 -31.181702 -4.02696 -11.912712 -60.784176 7.537173 -13.982743 -7.150211 -2.875052 13.77275 -8.401496 -3.218236 0.347628 -34.2117 0.771788 -0.963105 -17.733496 2.621088 -0.0 2e-06 -2e-06 -17.346472 -20.095249 -4.201782 21.75761 -1.638364 3.866447 -8e-06 -6.338852 2.2e-05 -1.697646 -22.591888 -6.193995 -0.0 -4e-06 -2e-06 75.484711 -68.650597 128.457245 -13.66484 -47.546185 37.367233 117.382935 -1.551185 0.788558 8.577186 -3.897512 30.27087 22.181936 -20.375805 49.933327 -16.701813 -16.743595 28.476582 -1e-06 -12.690601 4.5e-05 15.504207 -17.97032 2.709776 -0.105912 -1.513853 -4.275882 -5.039034 -5.612856 -2.953549 1e-06 -11.020467 -1.9e-05 -6.111284 -15.895263 -3.840492 0.0 0.0 1e-06 -10.28336 -5.680286 -4.34182 11.028279 -11.302341 -2.372667 -1.384261 -14.238509 -6.320127 -0.625383 -26.924028 -3.827656 -4.66596 -49.615273 -3.64446 -13.708515 -7.363473 -3.720914 18.141136 -14.052647 -3.242732 -7e-06 -18.787157 -2.5e-05 -0.429722 -8.455991 2.555488 1e-06 1e-06 0.0 -15.923536 -20.09445 -5.473567 30.419224 -7.190746 1.73585 -8e-06 -8.162878 -4e-06 -1.861924 -22.861345 -6.16794 2e-06 -3e-06 -1e-06 -158.09166 -3.094921 4.894459 18.441484 0.218145 -0.383157 -68.680145 -3.088927 2.949845 -32.797237 1.817752 1.705653 -1.000003 -1e-06 0.0 -58.182976 6.298879 2.678198 70.376556 -0.11551 -0.443689 -88.533012 -18.703098 0.76253 -9.687726 0.856854 1.547075 -1.000005 1e-06 -1e-06 
0.0 0.0 0.0 0.0 -0.0 0.0 -73.0037 93.243423 603.282593 89.096825 -8.418977 88.498665 -1.881951 0.942236 -2.409116 -10.760831 -1.592332 -5.529714 16.073221 0.9245 -9.161431 15.388414 -3.379536 4.199346 -2.695283 -0.893215 1.562715 -32.905987 1.013773 2.830865 6e-06 -0.0 0.0 -0.128129 -0.014818 -0.071896 -0.468015 -0.045252 -0.089075 -0.352667 0.002865 -0.053036 -52.246193 -79.588692 60.045437 65.637276 -56.527145 -37.585953 125.473907 -1.355075 -0.038175 -1.656528 -2.127323 19.119621 17.636532 -26.322731 52.41106 -19.466679 -14.395623 29.410385 -1e-06 -8.774829 1.3e-05 16.331221 -18.071461 6.191128 -0.609772 -1.795654 -3.889323 -4.807085 -11.046827 -2.937835 -8e-06 -20.976084 1.5e-05 -5.020006 -25.033691 -4.031855 6e-06 -1e-06 -3e-06 -10.634518 -5.686975 -3.56557 10.573264 -17.922977 -3.113903 -6e-06 -13.821256 2e-06 -0.501801 -31.181709 -4.027007 -12.140074 -61.350677 8.094274 -13.982691 -7.150198 -2.875017 13.77272 -8.401497 -3.218257 0.347704 -34.211662 0.771676 -0.963046 -17.733469 2.621029 0.0 2e-06 2e-06 -17.346397 -20.095222 -4.201733 21.757547 -1.638361 3.866395 -2e-06 -6.33884 -1e-06 -1.6976 -22.591858 -6.194008 0.0 -4e-06 -2e-06 80.757896 -68.407471 123.657745 -17.568611 -48.282665 39.919102 115.775177 -1.952135 1.653191 8.289928 -2.273593 29.3347 22.182016 -20.375753 49.933205 -16.701828 -16.743498 28.476505 1e-06 -12.690593 1.1e-05 15.551286 -17.858356 2.82151 -0.105916 -1.513856 -4.275875 -5.039037 -5.612876 -2.953558 4e-06 -11.020528 -2.6e-05 -6.111292 -15.895391 -3.840505 -1e-06 1e-06 1e-06 -10.283348 -5.68029 -4.34183 11.028271 -11.302383 -2.372654 -1.384264 -14.238595 -6.320146 -0.62538 -26.924255 -3.827697 -4.487084 -49.785622 -3.652218 -13.708496 -7.363477 -3.720925 18.141125 -14.052714 -3.242705 1.5e-05 -18.787271 -5e-05 -0.429699 -8.456056 2.555481 1e-06 -1e-06 1e-06 -15.923507 -20.094473 -5.473582 30.419167 -7.190794 1.735904 4e-06 -8.162914 -2e-05 -1.861857 -22.861504 -6.16803 -3e-06 -3e-06 -1e-06 -148.667145 -4.453025 6.857284 8.460929 0.630466 -0.81908 -48.09148 -4.018135 0.267771 -13.452367 1.562106 1.852716 -0.999999 0.0 0.0 -55.534843 4.337471 2.92794 47.237663 -0.301057 -0.558209 -88.445808 -13.637267 -1.264415 -9.781026 0.824854 1.549957 -1.0 0.0 -0.0 
0.0 0.0 0.0 0.0 -0.0 0.0 -75.518021 93.433372 620.105591 91.057922 -6.397487 88.261551 -2.191833 -0.225206 -2.804858 -10.903187 -1.938173 -5.85975 16.466972 0.614886 -8.985336 16.521317 -3.660466 4.044643 -2.758255 -0.637844 2.18721 -32.089264 0.61416 3.722188 6e-06 -0.0 -0.0 -0.118934 0.00896 0.076546 -0.407699 0.033595 0.071614 -0.314767 -0.02675 0.083991 -48.804653 -79.747139 57.172436 64.580093 -57.600414 -32.379314 126.275475 -1.656032 0.092167 -0.078642 -1.259148 14.617874 17.636732 -26.322847 52.411518 -19.466845 -14.395672 29.410645 -1e-06 -8.774904 -4e-06 16.135611 -18.271572 6.428107 -0.609783 -1.795662 -3.889348 -4.807122 -11.046898 -2.937886 2.1e-05 -20.976242 -3.6e-05 -5.019979 -25.033928 -4.031993 7e-06 -1e-06 4e-06 -10.634595 -5.68701 -3.565613 10.573357 -17.923092 -3.113946 1.5e-05 -13.821349 -2.1e-05 -0.501708 -31.181982 -4.027127 -12.345293 -61.631332 8.535505 -13.982794 -7.150247 -2.875065 13.772827 -8.401554 -3.218271 0.34778 -34.211945 0.771609 -0.963017 -17.733614 2.621043 1e-06 -0.0 -3e-06 -17.346523 -20.09535 -4.201822 21.757711 -1.638386 3.866464 6e-06 -6.338886 -7e-06 -1.697558 -22.592066 -6.19414 -0.0 -5e-06 0.0 85.589371 -67.822556 118.899414 -19.473745 -50.911514 41.771507 113.971062 -1.935073 2.03848 8.368725 -1.409522 27.419874 22.18227 -20.376047 49.933811 -16.702 -16.743692 28.476879 2.1e-05 -12.690777 2e-06 15.5579 -18.14333 2.947696 -0.105923 -1.513869 -4.275918 -5.039106 -5.612945 -2.953593 -1.1e-05 -11.020686 -1.3e-05 -6.111411 -15.895664 -3.840565 -2e-06 -1e-06 -1e-06 -10.283463 -5.680356 -4.341875 11.028398 -11.302507 -2.372668 -1.384299 -14.23879 -6.320237 -0.625442 -26.92469 -3.827741 -4.63567 -49.822807 -3.660854 -13.708645 -7.363563 -3.720968 18.141325 -14.052863 -3.242726 -1.4e-05 -18.787533 -2.9e-05 -0.42973 -8.456194 2.555543 -0.0 -1e-06 1e-06 -15.923705 -20.094696 -5.47363 30.419521 -7.190855 1.735952 -9e-06 -8.163032 -8e-06 -1.861936 -22.861914 -6.168107 -2e-06 -1e-06 -1e-06 -144.442398 -2.736442 8.779613 16.413092 0.505071 -0.674884 -49.13475 -1.507492 -0.897593 -7.175183 1.541875 2.051723 -0.999997 0.0 1e-06 -50.682861 1.182759 3.660214 32.607609 -0.352155 -0.442205 -89.453094 -10.290622 -4.415853 -9.356877 0.797659 1.565945 -1.000003 0.0 0.0 
0.0 0.0 0.0 0.0 -0.0 0.0 -77.924057 93.163582 636.108276 93.312836 -3.36813 87.836426 -1.447886 -1.619154 -2.760833 -10.817712 -2.079726 -5.417336 16.987511 0.151392 -8.647807 17.699636 -3.748624 3.758624 -2.773375 -0.617917 2.55128 -31.567249 0.158782 4.221559 6e-06 0.0 0.0 -0.070964 0.031679 0.210625 -0.256385 0.074145 0.228627 -0.203961 -0.019925 0.192852 -54.073116 -80.289185 63.941315 61.644917 -59.179157 -25.021526 124.603333 -2.359775 -0.070383 2.103588 -1.06634 9.649084 17.63665 -26.322741 52.411213 -19.466661 -14.395643 29.410406 1.1e-05 -8.774858 -2e-06 16.2386 -18.736956 6.453207 -0.609779 -1.795653 -3.889327 -4.807116 -11.046824 -2.937847 -1.7e-05 -20.976048 8e-06 -5.020021 -25.033634 -4.031909 7e-06 1e-06 -2e-06 -10.634562 -5.686985 -3.565582 10.573288 -17.92296 -3.113896 -1.3e-05 -13.821232 4e-06 -0.501814 -31.181627 -4.027033 -12.099009 -61.534069 8.085756 -13.982752 -7.150214 -2.875028 13.772764 -8.401483 -3.218243 0.347699 -34.21162 0.771671 -0.963047 -17.73344 2.621038 -1e-06 2e-06 1e-06 -17.346485 -20.095245 -4.201761 21.757631 -1.638358 3.866438 -6e-06 -6.338834 3e-06 -1.697625 -22.591831 -6.194036 -1e-06 -4e-06 0.0 83.788918 -67.142014 121.400658 -15.400533 -54.087749 38.536175 111.481636 -1.808536 1.844596 8.427841 -0.664661 25.204536 22.182114 -20.375919 49.933422 -16.701817 -16.743546 28.476583 5e-06 -12.690619 2e-06 15.588898 -18.437073 2.980394 -0.105918 -1.513856 -4.275887 -5.039051 -5.612881 -2.953562 -1e-06 -11.020542 -4e-06 -6.111325 -15.895395 -3.840495 -1e-06 4e-06 -1e-06 -10.283381 -5.680298 -4.341847 11.028301 -11.302402 -2.372638 -1.384279 -14.238599 -6.320142 -0.625444 -26.924269 -3.827629 -4.737525 -49.799698 -3.594574 -13.708537 -7.363489 -3.720945 18.141159 -14.052741 -3.24268 -1e-05 -18.787306 -1e-06 -0.429721 -8.456077 2.555518 3e-06 2e-06 -2e-06 -15.923553 -20.094511 -5.473598 30.419239 -7.19081 1.735928 -2e-06 -8.162938 1e-06 -1.861912 -22.861538 -6.167974 -1e-06 -4e-06 -1e-06 -146.250504 -0.017213 7.464793 36.151352 0.385722 -0.321321 -55.313419 -2.600774 -0.895934 -7.571862 1.620853 2.179074 -0.999998 0.0 0.0 -44.976887 -1.903363 3.044986 26.850075 -0.196431 -0.068912 -90.358948 -8.430374 -8.59249 -9.103284 0.886788 1.525177 -1.000003 1e-06 0.0 
0.0 0.0 0.0 0.0 -0.0 0.0 -80.179718 92.127617 651.788025 93.91082 -1.422714 87.027481 -0.850707 -1.772438 -2.077258 -10.843835 -1.847245 -4.663087 17.490782 0.20736 -7.552857 18.327967 -4.160792 3.302672 -2.950324 -0.566245 2.414625 -30.33618 -0.543082 4.180912 6e-06 -0.0 0.0 -0.042133 0.035144 0.178211 -0.136732 0.018488 0.199379 -0.125389 0.043913 0.153075 -73.426003 -80.699417 85.47554 54.915192 -60.989212 -13.66021 119.9496 -2.137418 -0.261125 2.787298 -1.767432 4.543052 17.636696 -26.322832 52.411442 -19.466694 -14.395647 29.410522 5e-06 -8.774871 -1.2e-05 16.283443 -19.019938 6.341658 -0.609782 -1.795654 -3.889339 -4.807116 -11.046833 -2.937867 -1e-06 -20.976093 9e-06 -5.019999 -25.03371 -4.031935 5e-06 3e-06 -0.0 -10.63457 -5.68698 -3.565607 10.573307 -17.922979 -3.113899 -3e-06 -13.821256 1e-05 -0.501792 -31.181696 -4.027041 -11.747026 -60.556847 7.294696 -13.98276 -7.150215 -2.875061 13.772777 -8.401502 -3.218243 0.347713 -34.211693 0.77169 -0.963056 -17.733488 2.621065 0.0 0.0 2e-06 -17.346481 -20.095257 -4.201808 21.75765 -1.638375 3.866466 -0.0 -6.338848 8e-06 -1.697605 -22.591887 -6.194065 -0.0 -2e-06 0.0 71.899567 -66.158531 133.442337 -4.497242 -54.280945 29.946896 108.456551 -0.871623 1.202195 7.999607 -0.236945 23.847939 22.182068 -20.375818 49.933357 -16.701817 -16.743544 28.476566 1.6e-05 -12.690624 6e-06 15.017829 -18.194334 2.939799 -0.105921 -1.513858 -4.275885 -5.039052 -5.612882 -2.953561 -1.3e-05 -11.02053 -1.7e-05 -6.111321 -15.895394 -3.840517 2e-06 2e-06 1e-06 -10.283381 -5.680307 -4.341837 11.028285 -11.302384 -2.372646 -1.384286 -14.238604 -6.320154 -0.625422 -26.924252 -3.827688 -5.136235 -49.50153 -3.242766 -13.70854 -7.3635 -3.720938 18.141146 -14.052707 -3.242692 -9e-06 -18.787281 -3.3e-05 -0.429718 -8.456056 2.555496 1e-06 1e-06 -1e-06 -15.923569 -20.094513 -5.473586 30.419239 -7.190774 1.735926 -7e-06 -8.162922 -1.1e-05 -1.861909 -22.861515 -6.168018 1e-06 -5e-06 -0.0 -154.57489 0.903737 2.898979 60.941776 0.035591 -0.117318 -62.03651 -7.347205 -1.538996 -9.004247 1.764628 2.298279 -0.999997 1e-06 -0.0 -40.895199 -3.25334 1.062657 30.525906 0.158828 0.16226 -86.214661 -6.344754 -12.651094 -9.971087 1.180804 1.453817 -1.000001 -0.0 0.0 
0.0 0.0 0.0 0.0 -0.0 0.0 -82.487183 90.703049 667.715332 91.235619 -1.030917 84.763702 -0.398667 -0.061276 -0.97449 -10.878743 -1.153948 -3.514156 18.274876 2.070884 -5.794012 17.480429 -5.40065 2.846774 -2.909481 -0.451544 2.097568 -30.495102 -1.512248 4.3245 6e-06 -0.0 -0.0 -0.029296 0.020346 -0.028355 -0.142511 -0.028185 -0.029723 -0.137507 0.059929 -0.026947 -104.230072 -78.201042 117.70845 41.556511 -61.798092 1.184995 113.721375 -1.121704 -0.048956 1.679011 -1.896575 -0.217029 17.636759 -26.322931 52.411636 -19.466759 -14.395703 29.410614 4e-06 -8.774903 -1.1e-05 16.171263 -18.754597 6.447361 -0.609783 -1.79566 -3.889351 -4.807129 -11.046853 -2.937875 9e-06 -20.976126 2e-06 -5.020002 -25.033737 -4.031951 6e-06 -1e-06 -0.0 -10.634609 -5.686996 -3.565616 10.573353 -17.923027 -3.113914 4e-06 -13.821288 9e-06 -0.501777 -31.181767 -4.027053 -11.258997 -59.826031 6.674618 -13.982811 -7.150232 -2.875067 13.772834 -8.401526 -3.218256 0.347732 -34.211777 0.771691 -0.963049 -17.733517 2.621077 0.0 -0.0 -0.0 -17.346544 -20.095308 -4.201824 21.757725 -1.638391 3.866475 2e-06 -6.338857 7e-06 -1.697602 -22.591904 -6.194077 -0.0 -5e-06 -2e-06 53.681458 -64.438286 151.634308 10.168903 -48.489292 17.79553 106.529343 -0.342471 0.176641 7.408777 -0.591414 23.486946 22.182251 -20.37611 49.933872 -16.70199 -16.743729 28.476904 7e-06 -12.690767 1.5e-05 14.652095 -18.000454 3.048388 -0.10592 -1.513868 -4.275924 -5.0391 -5.612931 -2.953588 -7e-06 -11.020656 -6e-06 -6.111401 -15.895597 -3.840554 -1e-06 1e-06 -2e-06 -10.283463 -5.680345 -4.341879 11.028399 -11.302497 -2.372668 -1.384293 -14.238755 -6.320223 -0.62544 -26.924623 -3.827704 -4.672215 -49.563656 -3.470597 -13.708647 -7.36355 -3.720971 18.141336 -14.052845 -3.24273 -1.5e-05 -18.787502 -5e-06 -0.429732 -8.45618 2.555551 -1e-06 -2e-06 0.0 -15.923697 -20.094669 -5.473634 30.419529 -7.190854 1.735929 -9e-06 -8.163025 3e-06 -1.861951 -22.861837 -6.168057 1e-06 -3e-06 -1e-06 -166.809494 -2.213444 -2.11658 85.278625 -0.180967 -0.318621 -68.899368 -10.264029 -1.108991 -10.196889 1.766246 2.413918 -1.000001 -0.0 -1e-06 -40.790878 0.638363 0.26225 43.870758 0.04776 0.350376 -78.664413 -4.304017 -7.601903 -7.516482 0.789001 1.643412 -1.000002 0.0 -0.0 
0.0 0.0 0.0 0.0 -0.0 0.0 -84.806274 89.447189 683.79541 87.122414 -0.31131 82.489815 0.397873 1.653612 -0.114545 -10.394322 -0.301071 -2.620672 19.538387 5.263617 -3.998341 16.360502 -6.776179 2.478733 -2.845528 -0.157749 2.114382 -32.041504 -2.483616 4.765048 6e-06 0.0 0.0 -0.033613 -0.01212 -0.130135 -0.150006 -0.070963 -0.128825 -0.127402 0.034116 -0.12204 -115.31575 -73.602264 130.890366 27.126163 -62.937946 10.917698 106.901962 -0.45952 0.697737 0.288281 -0.933245 -1.447897 17.636536 -26.322849 52.41124 -19.466825 -14.395775 29.410553 -1.5e-05 -8.774895 2.9e-05 16.381248 -18.383451 6.544444 -0.609767 -1.795659 -3.889338 -4.807095 -11.046867 -2.937838 2.5e-05 -20.976179 1.2e-05 -5.020024 -25.033817 -4.031847 6e-06 -0.0 -0.0 -10.634552 -5.686976 -3.565565 10.573356 -17.923054 -3.113945 1.1e-05 -13.821314 9e-06 -0.501777 -31.18186 -4.027 -11.916883 -60.898106 7.410615 -13.982747 -7.150205 -2.875009 13.772821 -8.401545 -3.218299 0.347752 -34.211857 0.771674 -0.963036 -17.733578 2.621056 0.0 1e-06 0.0 -17.346462 -20.095259 -4.20173 21.757683 -1.638392 3.866368 4e-06 -6.338873 3e-06 -1.697587 -22.592001 -6.19403 -0.0 -4e-06 -2e-06 39.499718 -63.154846 166.029541 25.117958 -39.362263 6.153574 106.399551 -1.63505 -0.114463 5.697013 -0.129509 23.005594 22.182045 -20.376081 49.933426 -16.701859 -16.74365 28.476654 -3e-05 -12.690632 3.8e-05 14.684999 -18.154884 3.117353 -0.105911 -1.513852 -4.275894 -5.039032 -5.612867 -2.953552 1.9e-05 -11.020554 1.8e-05 -6.111285 -15.89538 -3.840445 1e-06 1e-06 -2e-06 -10.283363 -5.680272 -4.341835 11.028328 -11.302431 -2.372648 -1.384241 -14.238605 -6.320114 -0.625425 -26.924307 -3.827547 -4.6552 -49.213245 -3.518162 -13.708516 -7.363454 -3.720929 18.141199 -14.052773 -3.242704 5e-06 -18.787334 4.7e-05 -0.429727 -8.456096 2.555541 -1e-06 2e-06 1e-06 -15.923514 -20.09446 -5.473567 30.419279 -7.190854 1.735851 1e-06 -8.162962 2e-05 -1.861922 -22.861601 -6.167888 1e-06 -4e-06 -2e-06 179.390259 -6.400902 -1.593424 104.566658 0.112472 -0.462908 -76.109573 -9.043688 2.882874 -10.137917 1.642138 2.659811 -0.999995 -0.0 0.0 -35.390347 6.156755 -0.739713 54.445465 -0.048824 -0.042328 -88.331894 -5.197781 -2.72711 -4.230159 0.454166 1.608249 -0.999997 0.0 -0.0 
0.0 0.0 0.0 0.0 -0.0 0.0 -86.896538 89.3321 698.983215 86.23259 0.900203 83.105766 1.151521 1.742897 -0.030729 -10.30003 -0.067512 -1.60812 20.342505 6.361267 -2.649056 16.500359 -5.852928 2.117197 -2.642747 -0.260914 1.156061 -32.480312 -3.079895 3.775446 6e-06 -0.0 0.0 -0.010626 -0.053845 -0.20436 -0.071876 -0.110001 -0.190013 -0.068791 -0.012368 -0.212769 -114.67012 -71.271942 131.834091 10.803287 -62.830555 21.150776 102.172096 0.279879 0.293428 -3.065558 1.698311 3.494443 17.636562 -26.322897 52.411335 -19.466749 -14.395706 29.410524 -2e-05 -8.774856 1.9e-05 16.793533 -17.866896 6.333334 -0.60977 -1.795654 -3.889337 -4.807075 -11.046823 -2.937849 3.8e-05 -20.976114 1.9e-05 -5.019969 -25.033705 -4.031841 7e-06 -1e-06 -1e-06 -10.634529 -5.68696 -3.565586 10.573329 -17.923019 -3.113921 1.8e-05 -13.821279 2.1e-05 -0.501762 -31.181753 -4.026963 -12.896639 -61.326916 8.360943 -13.982708 -7.150184 -2.875035 13.772771 -8.401532 -3.218276 0.347761 -34.211742 0.771709 -0.963041 -17.733517 2.621082 -1e-06 1e-06 -1e-06 -17.346397 -20.095209 -4.201769 21.757597 -1.638405 3.866387 7e-06 -6.338851 1.1e-05 -1.69756 -22.591885 -6.194002 1e-06 -4e-06 -3e-06 31.29295 -63.067509 173.092346 37.476131 -34.361488 -2.949893 108.415161 -2.761598 -0.047862 4.023982 -0.040784 23.273478 22.18211 -20.376091 49.933456 -16.701881 -16.743616 28.476677 -2.6e-05 -12.69064 2.5e-05 14.824072 -18.215298 3.209393 -0.105913 -1.513856 -4.275894 -5.039039 -5.612884 -2.953557 1.9e-05 -11.020593 1.4e-05 -6.111297 -15.895451 -3.840464 -0.0 -0.0 1e-06 -10.283369 -5.680285 -4.341845 11.028328 -11.302464 -2.372642 -1.384245 -14.238654 -6.320135 -0.625429 -26.924431 -3.82757 -5.502469 -49.440872 -2.855576 -13.708527 -7.363472 -3.720943 18.141209 -14.052823 -3.242697 1e-05 -18.787401 3.8e-05 -0.429724 -8.456131 2.555547 1e-06 1e-06 0.0 -15.923522 -20.094507 -5.473583 30.419279 -7.190873 1.735883 4e-06 -8.162988 1.3e-05 -1.861909 -22.861713 -6.167933 0.0 -1e-06 -2e-06 162.876755 -5.410503 3.189397 114.326721 0.322459 -0.519041 -82.874474 -6.071723 8.470441 -10.34801 1.662762 2.545718 -0.999996 0.0 -1e-06 -23.766214 6.350683 -2.586695 56.537003 -0.03899 0.093451 -99.411087 -4.82631 -1.056109 -3.734963 0.433887 1.599321 -1.000001 2e-06 0.0 
0.0 0.0 0.0 0.0 -0.0 0.0 -88.694328 90.352921 713.533936 87.973221 1.417677 84.591606 1.307353 1.108304 0.30552 -10.316333 -0.032068 -0.107433 19.547556 5.249649 -1.329654 17.500938 -4.08719 1.873552 -2.468703 -0.395918 -0.621904 -32.052078 -2.91183 0.807596 5e-06 -0.0 -0.0 0.003033 -0.052755 -0.166929 0.103097 -0.087716 -0.096611 0.081765 -0.032639 -0.240492 -111.680725 -69.956192 128.933624 -4.261205 -59.032139 32.803303 102.255623 0.326926 -0.93649 -5.320996 2.954855 7.738352 17.636612 -26.322483 52.410744 -19.466419 -14.395488 29.410061 1.9e-05 -8.774766 -2.2e-05 16.665852 -17.886068 6.105408 -0.609778 -1.795639 -3.889295 -4.807081 -11.046715 -2.937817 -3e-05 -20.975801 1.8e-05 -5.019972 -25.033295 -4.031866 7e-06 2e-06 -2e-06 -10.634495 -5.686939 -3.565559 10.573175 -17.922777 -3.11384 -1.6e-05 -13.821076 1e-05 -0.501832 -31.181179 -4.026978 -12.582215 -61.092819 8.385418 -13.982659 -7.150159 -2.875021 13.772637 -8.4014 -3.218187 0.347669 -34.211189 0.771687 -0.963044 -17.733212 2.621009 -2e-06 0.0 -1e-06 -17.346363 -20.095074 -4.201745 21.757441 -1.638342 3.866439 -6e-06 -6.338768 5e-06 -1.697628 -22.591528 -6.193959 -3e-06 -3e-06 -3e-06 29.914743 -66.673683 172.19783 48.777431 -36.905804 -11.974264 111.710152 -2.734733 0.082481 2.665937 0.867499 21.950438 22.181974 -20.375587 49.93293 -16.701674 -16.743319 28.476269 -2e-06 -12.690462 -1.6e-05 15.336239 -17.862123 3.152426 -0.105922 -1.513853 -4.275847 -5.038999 -5.612827 -2.953547 7e-06 -11.020414 -2.8e-05 -6.111204 -15.895198 -3.840497 1e-06 -1e-06 1e-06 -10.283295 -5.680255 -4.341815 11.028192 -11.302298 -2.372623 -1.384246 -14.238441 -6.320096 -0.62535 -26.923895 -3.827651 -5.629544 -50.164848 -2.342325 -13.708426 -7.36343 -3.720927 18.140978 -14.052603 -3.242649 3.6e-05 -18.787067 -4.7e-05 -0.429687 -8.455955 2.555464 1e-06 0.0 -1e-06 -15.923407 -20.094337 -5.473581 30.418924 -7.190771 1.735938 1.4e-05 -8.162829 -1.7e-05 -1.861815 -22.8612 -6.167945 -1e-06 -3e-06 1e-06 146.670074 -0.930071 4.854215 111.933899 0.205921 -0.352288 -86.514977 -3.148935 10.823726 -9.655075 1.613875 2.200259 -0.999993 1e-06 2e-06 -10.390993 4.02907 -3.771691 52.671856 -0.366627 0.377368 -103.204483 -3.801529 -1.820961 -6.910847 0.618037 1.60255 -1.000002 -0.0 -0.0 
0.0 0.0 0.0 0.0 -0.0 0.0 -90.31208 92.486191 728.098938 90.948601 0.937086 84.886215 0.362223 0.057943 1.030281 -10.496064 0.015217 1.794819 18.209499 3.212209 0.035033 18.734058 -3.178235 2.283175 -2.395401 -0.39023 -2.450234 -30.12674 -1.787963 -2.657311 6e-06 0.0 0.0 -0.036368 -0.023007 -0.065419 0.188965 -0.08964 0.034166 0.146588 0.029509 -0.174737 -109.30526 -68.067352 126.413963 -15.057963 -52.992733 42.024635 104.868919 0.374395 -1.327868 -6.426726 4.499655 11.019509 17.63657 -26.322721 52.411182 -19.466726 -14.395596 29.410442 -1.9e-05 -8.774814 9e-06 16.947111 -18.039013 5.805844 -0.609771 -1.795657 -3.88933 -4.807058 -11.046812 -2.93786 4.7e-05 -20.976076 -1.1e-05 -5.019909 -25.03367 -4.031876 5e-06 2e-06 1e-06 -10.634508 -5.686963 -3.565589 10.573288 -17.922977 -3.113925 2.7e-05 -13.82124 -1e-06 -0.501708 -31.181644 -4.027007 -12.052437 -61.653851 8.168811 -13.982684 -7.150187 -2.875046 13.772724 -8.401519 -3.218257 0.347807 -34.21167 0.771634 -0.963004 -17.733475 2.621048 2e-06 -1e-06 1e-06 -17.346359 -20.095203 -4.201795 21.757524 -1.638401 3.866401 1.3e-05 -6.338841 2e-06 -1.69752 -22.591846 -6.194031 -1e-06 -3e-06 -3e-06 32.383789 -72.009186 167.79277 58.083786 -41.629356 -19.478382 115.618477 -2.296484 0.283862 2.90287 2.090357 19.557625 22.182085 -20.375944 49.933334 -16.701784 -16.743553 28.476557 -2e-06 -12.690603 1.1e-05 15.499472 -17.811701 3.100426 -0.105921 -1.513855 -4.275882 -5.039042 -5.612871 -2.953554 -0.0 -11.020542 9e-06 -6.111303 -15.895384 -3.840476 2e-06 -2e-06 -3e-06 -10.283364 -5.680289 -4.341833 11.028281 -11.302396 -2.372626 -1.384267 -14.238589 -6.320123 -0.625441 -26.924255 -3.827599 -5.408387 -50.578278 -2.385633 -13.708521 -7.363474 -3.720934 18.141136 -14.052729 -3.242668 -9e-06 -18.7873 1.6e-05 -0.429725 -8.456079 2.555524 -0.0 0.0 1e-06 -15.923532 -20.094473 -5.473571 30.419189 -7.190803 1.735912 -5e-06 -8.162938 1.1e-05 -1.861919 -22.861553 -6.16793 -0.0 -3e-06 -2e-06 136.793427 3.310614 2.973152 96.710136 0.117346 -0.132159 -87.496696 0.274804 6.633948 -9.451507 1.376581 2.049385 -1.0 -0.0 1e-06 3.129133 0.499736 -4.56007 43.803493 -0.587662 0.379984 -95.408119 -1.080056 -2.671742 -17.450178 0.945737 1.54267 -1.0 -0.0 -0.0 
0.0 0.0 0.0 0.0 -0.0 0.0 -92.09478 94.856209 743.711487 94.356583 -0.014169 84.498283 -1.275965 -1.281607 1.405593 -11.184764 0.047881 3.574027 17.291533 0.345711 1.549893 19.9566 -2.103214 2.382914 -2.475886 -0.47657 -3.192161 -27.895851 -0.027318 -4.863672 6e-06 0.0 1e-06 -0.067126 -0.005656 0.035363 0.119975 -0.091112 0.104145 0.04877 0.068926 -0.0473 -104.464622 -66.659775 121.993065 -22.876055 -46.745373 48.7472 108.768242 0.684552 -1.42295 -6.074856 5.804165 14.191361 17.636576 -26.322714 52.41087 -19.466469 -14.3955 29.410156 -9e-06 -8.774751 -9e-06 17.081743 -18.38644 5.623606 -0.609772 -1.795636 -3.889299 -4.807039 -11.046735 -2.937814 5e-06 -20.975916 6.3e-05 -5.01995 -25.03344 -4.031764 8e-06 3e-06 -3e-06 -10.634456 -5.686919 -3.565567 10.573192 -17.922855 -3.113833 4e-06 -13.821143 4.3e-05 -0.501824 -31.181385 -4.026864 -11.968817 -61.808239 7.794174 -13.982613 -7.150134 -2.875027 13.772626 -8.401457 -3.218195 0.3477 -34.211403 0.77177 -0.963058 -17.733349 2.621078 1e-06 -0.0 3e-06 -17.346275 -20.095055 -4.201743 21.757385 -1.638386 3.866407 2e-06 -6.338801 2e-05 -1.69757 -22.591663 -6.1939 0.0 -2e-06 -2e-06 39.467972 -76.943176 158.787003 65.978188 -47.184395 -24.016741 119.468918 -2.102519 0.432536 3.358822 2.179322 18.342733 22.181904 -20.375683 49.932884 -16.701761 -16.74337 28.476334 -5.2e-05 -12.690468 9e-06 15.737677 -17.8158 2.978703 -0.105912 -1.513848 -4.27585 -5.038975 -5.612821 -2.953539 4.6e-05 -11.020453 -1.6e-05 -6.111149 -15.895216 -3.840458 1e-06 0.0 0.0 -10.283267 -5.680228 -4.34181 11.028214 -11.302348 -2.372633 -1.384191 -14.238474 -6.320076 -0.625312 -26.924025 -3.827571 -5.275771 -50.761021 -2.574892 -13.708388 -7.363398 -3.720918 18.14102 -14.052682 -3.242678 8e-05 -18.787134 -1.8e-05 -0.429676 -8.455997 2.55549 1e-06 -0.0 -2e-06 -15.92334 -20.094301 -5.473566 30.418924 -7.19084 1.735859 3e-05 -8.162864 -9e-06 -1.86177 -22.861305 -6.167887 0.0 -3e-06 2e-06 134.104187 6.6749 0.802805 72.922867 0.058957 -0.26028 -86.479454 1.41626 0.790877 -8.456509 1.357301 2.144582 -1.000002 -1e-06 -0.0 15.150029 -3.340783 -6.214794 32.083801 -0.64554 0.508461 -76.256615 0.965936 -2.123056 -31.54023 1.199985 1.440362 -1.000003 0.0 -0.0 
0.0 0.0 0.0 0.0 -0.0 0.0 -94.272751 96.161751 760.098145 95.234108 -0.749729 83.059875 -2.795812 -1.3279 1.649999 -12.170268 0.079071 4.723375 16.669193 -1.580123 3.545331 20.878723 -1.09772 2.17744 -2.509545 -0.667078 -3.069497 -26.507456 1.419369 -5.997881 6e-06 -0.0 -0.0 -0.049667 -0.00161 0.135857 -0.034769 -0.0541 0.130199 -0.138703 0.044254 0.120604 -96.280495 -65.992294 115.146141 -29.587225 -41.159363 54.44487 113.403603 1.016855 -1.003258 -5.363893 5.854046 17.55744 17.636551 -26.322622 52.410931 -19.466522 -14.395531 29.410225 -7e-06 -8.774769 -1e-06 16.525829 -18.352821 5.799745 -0.609771 -1.79564 -3.889307 -4.807052 -11.046729 -2.937832 2.1e-05 -20.975859 8e-06 -5.019914 -25.033363 -4.031842 9e-06 -2e-06 -2e-06 -10.634476 -5.686931 -3.565571 10.57321 -17.922834 -3.113866 9e-06 -13.821116 1.1e-05 -0.501766 -31.181307 -4.026954 -11.730119 -61.160316 7.274063 -13.982638 -7.150148 -2.87503 13.772651 -8.401441 -3.218218 0.347736 -34.211296 0.771685 -0.963033 -17.733259 2.621036 -2e-06 -0.0 -2e-06 -17.346317 -20.095081 -4.201759 21.757427 -1.638378 3.866404 4e-06 -6.338782 6e-06 -1.697563 -22.591589 -6.193955 -4e-06 -6e-06 -1e-06 59.8988 -81.324799 135.97551 75.021011 -53.004604 -28.262619 122.77858 -2.175563 0.645986 3.611572 0.115964 18.198675 22.181952 -20.375763 49.933121 -16.701777 -16.743448 28.476448 -2.2e-05 -12.690519 1.6e-05 16.287003 -18.042543 2.828828 -0.105916 -1.51385 -4.275867 -5.039 -5.612846 -2.953549 1.4e-05 -11.020483 -1.8e-05 -6.111224 -15.895295 -3.84047 -0.0 0.0 -4e-06 -10.283313 -5.680263 -4.341826 11.028241 -11.302364 -2.372641 -1.384232 -14.238528 -6.320113 -0.625365 -26.92412 -3.827627 -5.355528 -50.814472 -2.626198 -13.708447 -7.363442 -3.720931 18.141064 -14.052691 -3.242686 3.3e-05 -18.787191 -2.2e-05 -0.4297 -8.456021 2.55549 1e-06 2e-06 -3e-06 -15.92343 -20.094391 -5.473578 30.419041 -7.190804 1.735877 1e-05 -8.162889 -5e-06 -1.861839 -22.861399 -6.167942 1e-06 -2e-06 -0.0 137.080963 6.446674 1.418672 45.402481 -0.07222 -0.434849 -83.920746 0.502636 -4.717076 -8.380804 1.586936 2.253524 -1.0 -0.0 0.0 25.458794 -4.022476 -6.757569 20.664644 -0.563707 0.662504 -54.80127 -1.326276 -3.168767 -27.639069 0.95836 1.391669 -1.000002 0.0 1e-06 
0.0 0.0 0.0 0.0 -0.0 0.0 -96.724953 96.184959 777.059021 92.572273 -0.546389 80.888786 -3.280919 0.172883 1.632863 -12.507423 0.374914 5.449603 15.926188 -1.521314 4.756094 21.090872 -0.785679 2.111897 -2.431842 -0.825683 -2.952007 -26.631552 2.253483 -5.985769 6e-06 0.0 0.0 -0.010992 0.008093 0.229412 -0.100059 0.005105 0.176292 -0.194204 0.002618 0.254848 -86.864143 -65.232452 107.437195 -35.495148 -37.646015 58.17662 117.045784 0.17515 -0.293284 -4.881057 4.896798 19.969082 17.636553 -26.322659 52.411121 -19.466692 -14.395551 29.410395 -1.9e-05 -8.774791 0.0 15.79581 -18.240606 6.391632 -0.609772 -1.795654 -3.889325 -4.807047 -11.046791 -2.937863 5.3e-05 -20.976015 -2.4e-05 -5.019878 -25.033575 -4.031882 6e-06 2e-06 0.0 -10.634488 -5.686953 -3.565587 10.573266 -17.922945 -3.113921 3.4e-05 -13.821209 -9e-06 -0.50168 -31.181555 -4.02702 -11.207124 -60.402115 7.037658 -13.982653 -7.150172 -2.875049 13.772693 -8.401506 -3.218253 0.347816 -34.211555 0.771618 -0.962994 -17.733408 2.621033 -0.0 -2e-06 3e-06 -17.346312 -20.095171 -4.201806 21.757471 -1.638403 3.866405 1.4e-05 -6.338824 -2e-06 -1.697505 -22.591776 -6.19404 -2e-06 -3e-06 -5e-06 99.205986 -83.048958 95.06192 84.571396 -56.971386 -34.730621 125.144409 -3.197469 0.864664 4.658062 -3.78366 16.710045 22.18191 -20.375694 49.933033 -16.701782 -16.743521 28.47644 1e-05 -12.69057 2.7e-05 16.583946 -18.098892 2.49066 -0.105913 -1.513856 -4.275864 -5.039027 -5.61287 -2.953539 -1e-05 -11.020495 -1.5e-05 -6.111293 -15.895329 -3.840457 -1e-06 -0.0 -1e-06 -10.283338 -5.680288 -4.341798 11.028251 -11.302357 -2.372652 -1.384275 -14.238552 -6.320106 -0.625429 -26.924154 -3.827644 -5.35454 -50.500359 -2.571063 -13.708487 -7.363474 -3.720892 18.141088 -14.052667 -3.24271 -1.1e-05 -18.78722 -3.8e-05 -0.429714 -8.456026 2.555468 1e-06 1e-06 -3e-06 -15.923511 -20.094456 -5.473522 30.419149 -7.190738 1.735874 -9e-06 -8.162897 -1.7e-05 -1.861908 -22.861444 -6.167983 -1e-06 -3e-06 0.0 142.31189 1.910041 3.708441 21.920368 -0.03541 -0.399447 -83.206718 -2.714215 -7.642207 -9.338216 1.942808 2.055058 -1.0 0.0 1e-06 32.32539 -1.349368 -4.088205 17.696985 -0.468186 0.521003 -44.567501 -6.642551 -5.873776 -12.110027 0.702303 1.281469 -1.000004 1e-06 -0.0 
0.0 0.0 0.0 0.0 -0.0 0.0 -98.905655 95.719803 793.947815 90.580559 0.219193 79.662186 -2.817431 0.823731 1.416522 -12.306509 0.391811 5.152576 15.585095 -1.222783 4.780354 20.628809 -0.607757 2.127749 -2.506016 -0.545926 -3.552563 -27.464775 2.622383 -4.763595 6e-06 0.0 1e-06 -0.056002 -0.007178 0.09235 -0.091666 0.015878 0.078867 -0.135972 -0.046303 0.076245 -83.749619 -65.122971 104.755501 -39.564922 -36.862011 59.1572 118.547646 -0.784482 0.357158 -3.622191 4.654577 19.434359 17.63678 -26.322927 52.411579 -19.466848 -14.395754 29.410671 1.9e-05 -8.77495 -2e-06 15.535668 -18.242563 6.749635 -0.609782 -1.795671 -3.889354 -4.807173 -11.046928 -2.937872 -3.4e-05 -20.976278 -1.2e-05 -5.020095 -25.033979 -4.031995 7e-06 -0.0 0.0 -10.63465 -5.687032 -3.565603 10.573375 -17.923109 -3.113933 -2.3e-05 -13.82138 -1e-05 -0.501822 -31.182043 -4.027141 -11.312284 -59.780834 7.384327 -13.982862 -7.150281 -2.875048 13.772887 -8.401547 -3.218276 0.347681 -34.212044 0.771654 -0.963061 -17.733669 2.621043 -2e-06 0.0 1e-06 -17.34664 -20.095417 -4.201782 21.757832 -1.638354 3.866476 -1.1e-05 -6.338903 -4e-06 -1.697654 -22.592129 -6.194151 -4e-06 -3e-06 -4e-06 109.328262 -82.808105 84.912247 86.790779 -58.852299 -37.636589 125.479225 -4.78555 0.5928 6.150412 -6.729497 13.874167 22.18235 -20.376177 49.933758 -16.701929 -16.743652 28.476776 -9e-06 -12.690725 -1.5e-05 16.403004 -18.097429 2.397869 -0.105923 -1.51386 -4.275911 -5.039082 -5.61291 -2.953583 1.2e-05 -11.020636 1.3e-05 -6.111351 -15.895524 -3.840518 -1e-06 -0.0 -1e-06 -10.283442 -5.680316 -4.341879 11.028385 -11.302501 -2.372631 -1.384275 -14.238713 -6.320183 -0.625438 -26.924555 -3.827619 -5.454673 -50.180676 -2.580387 -13.708619 -7.363516 -3.72098 18.141298 -14.052862 -3.242674 1.1e-05 -18.787479 3.3e-05 -0.429717 -8.456169 2.555565 -0.0 1e-06 -1e-06 -15.923645 -20.094603 -5.473634 30.419439 -7.190912 1.735971 6e-06 -8.163016 1.5e-05 -1.861922 -22.861799 -6.167988 -1e-06 -2e-06 0.0 145.290527 -1.043437 4.208202 11.858255 -0.187696 -0.373702 -82.763 -5.576544 -7.602128 -10.032491 1.967621 1.856385 -0.999996 -0.0 -1e-06 31.756357 -0.119021 -3.401971 28.666143 -0.470749 0.382362 -48.552536 -8.663532 -6.151191 -9.875888 0.669612 1.327297 -1.000003 0.0 0.0 
0.0 0.0 0.0 0.0 -0.0 0.0 -100.50235 94.529205 810.64386 91.35804 1.200034 79.582405 -2.29144 -0.091049 1.212788 -11.991628 0.066183 4.410895 15.763397 -1.678437 3.726157 20.229134 -0.19461 2.131968 -2.502699 -0.357782 -3.855691 -27.865261 2.615188 -3.713981 6e-06 -0.0 -1e-06 -0.058576 -0.025586 0.062807 -0.211579 -0.014352 0.051681 -0.206711 -0.056635 0.043273 -88.155777 -66.496918 108.277779 -40.196251 -39.08271 56.96526 117.204147 -0.863273 0.428086 -1.741874 5.797163 16.85338 17.636623 -26.322737 52.411327 -19.466745 -14.395658 29.410511 4e-06 -8.774863 3e-06 15.311264 -18.563913 6.751032 -0.609776 -1.79566 -3.889342 -4.807107 -11.046838 -2.937864 3e-06 -20.976084 -2.4e-05 -5.019986 -25.033689 -4.031943 6e-06 1e-06 0.0 -10.634564 -5.686992 -3.565591 10.573312 -17.922985 -3.11393 4e-06 -13.821249 -1.4e-05 -0.501757 -31.181669 -4.027081 -11.617888 -59.001743 7.452772 -13.982754 -7.150221 -2.875043 13.772779 -8.401504 -3.218268 0.347744 -34.211678 0.771615 -0.963026 -17.733461 2.621017 -2e-06 2e-06 2e-06 -17.346474 -20.095278 -4.201792 21.757639 -1.638367 3.86643 -1e-06 -6.338842 -7e-06 -1.69759 -22.591869 -6.194086 -2e-06 -4e-06 -2e-06 93.715355 -82.204094 101.121849 80.957298 -61.430679 -34.851734 121.897339 -5.798901 -0.018892 7.70293 -9.214716 11.377857 22.182249 -20.37602 49.933537 -16.701864 -16.743593 28.476646 8e-06 -12.690682 -1.6e-05 16.201233 -18.214165 2.942657 -0.105925 -1.51386 -4.275899 -5.039072 -5.612899 -2.953566 -3e-06 -11.020604 9e-06 -6.111356 -15.89549 -3.840505 -1e-06 -0.0 1e-06 -10.283422 -5.680315 -4.341856 11.028337 -11.302457 -2.372625 -1.384291 -14.238684 -6.320155 -0.625464 -26.924471 -3.827624 -6.20488 -50.553116 -1.825322 -13.708589 -7.363513 -3.720952 18.141228 -14.052802 -3.242669 -8e-06 -18.787416 1.1e-05 -0.42972 -8.45613 2.555535 1e-06 -1e-06 -1e-06 -15.923627 -20.094576 -5.473594 30.419357 -7.190845 1.735967 -2e-06 -8.162988 4e-06 -1.861927 -22.861719 -6.168 -1e-06 -3e-06 0.0 147.194916 0.079679 1.51248 14.873794 -0.079369 -0.244177 -81.552299 -4.531395 -7.139191 -10.647581 1.942128 1.923965 -1.000002 -0.0 0.0 25.761164 -2.128168 -4.515636 45.462063 -0.350014 0.396412 -55.898884 -8.793587 -5.846772 -10.281041 0.712835 1.492602 -1.000004 1e-06 -1e-06 
0.0 0.0 0.0 0.0 -0.0 0.0 -101.76371 92.551125 826.46228 94.954613 2.426802 81.014626 -1.824831 -2.584346 0.691852 -11.551478 -0.651494 3.460479 16.339275 -2.954531 1.607919 19.395939 0.667013 2.107431 -2.330645 -0.335306 -3.180574 -27.504442 2.099669 -3.617684 6e-06 0.0 1e-06 -0.014421 -0.016255 0.023968 -0.118707 -0.051166 0.012217 -0.112894 -0.001468 0.004919 -102.690239 -67.890816 120.784264 -35.686687 -41.540676 49.319168 113.401512 -0.333202 0.534146 0.343072 7.444478 12.48169 17.636593 -26.32268 52.411263 -19.466751 -14.395613 29.410498 1e-06 -8.774848 3e-06 15.308211 -18.492346 6.369485 -0.609775 -1.795661 -3.889334 -4.8071 -11.046847 -2.93787 1.1e-05 -20.976128 -4e-05 -5.019969 -25.033779 -4.031968 5e-06 -0.0 -0.0 -10.634541 -5.68699 -3.565593 10.573296 -17.922997 -3.113939 9e-06 -13.821272 -2.4e-05 -0.501728 -31.181767 -4.027119 -11.554189 -58.676891 7.396106 -13.982728 -7.15022 -2.875044 13.772756 -8.401513 -3.218268 0.347762 -34.211739 0.771578 -0.963013 -17.733509 2.621006 1e-06 -0.0 0.0 -17.346439 -20.095272 -4.201795 21.757605 -1.638366 3.866425 2e-06 -6.33885 -1e-05 -1.697568 -22.591928 -6.194116 3e-06 -4e-06 -0.0 64.458275 -78.352081 131.811386 65.393021 -61.919735 -21.580051 115.336136 -4.452207 -0.584276 8.757058 -12.513481 11.577694 22.182041 -20.375906 49.933239 -16.701805 -16.743589 28.476538 3e-06 -12.690621 2e-05 16.330263 -18.308113 3.476387 -0.105912 -1.513855 -4.275878 -5.039041 -5.612875 -2.953545 -5e-06 -11.020539 1e-05 -6.111322 -15.895382 -3.840452 0.0 -0.0 -2e-06 -10.283366 -5.68029 -4.341817 11.028295 -11.302402 -2.372643 -1.384277 -14.238596 -6.320108 -0.62546 -26.924267 -3.827592 -6.656511 -50.839371 -1.233125 -13.708524 -7.363479 -3.720913 18.141157 -14.052729 -3.242687 -1.9e-05 -18.787308 1.1e-05 -0.429727 -8.456079 2.555514 -1e-06 0.0 -0.0 -15.923552 -20.094481 -5.47354 30.419245 -7.19079 1.735889 -9e-06 -8.162942 1e-06 -1.861942 -22.861568 -6.167937 0.0 -2e-06 -3e-06 147.480957 4.877037 -1.497661 26.015757 0.196525 -0.274239 -69.274086 0.227086 -4.81275 -7.786164 1.615799 2.075761 -0.999997 -0.0 -0.0 16.75481 -7.768529 -7.459518 63.15144 -0.108792 0.226663 -62.003098 -10.492624 -4.457263 -10.468224 0.784158 1.534604 -0.999998 0.0 0.0 
0.0 0.0 0.0 0.0 -0.0 0.0 -102.962875 90.05616 840.201965 99.295631 4.499123 83.824165 -0.417 -4.29473 -0.03103 -10.966702 -1.688187 2.561576 17.449516 -6.095371 -1.030728 18.832888 3.24277 2.150247 -2.557183 -0.482201 -2.988131 -30.466555 1.152089 -3.481928 6e-06 -0.0 1e-06 0.060669 0.006075 -0.010198 -0.125055 -0.025451 -0.018573 -0.118513 0.016109 -0.026029 -115.504837 -69.360062 133.408325 -23.466982 -46.310997 36.078705 108.061195 0.464456 -0.398958 2.047755 10.90831 8.477626 17.636724 -26.322737 52.410824 -19.466511 -14.39557 29.410147 1.7e-05 -8.774823 -1.8e-05 15.477803 -18.579636 6.169609 -0.609778 -1.795644 -3.889302 -4.8071 -11.046797 -2.937802 -4.8e-05 -20.976025 7.7e-05 -5.020083 -25.033609 -4.031802 4e-06 1e-06 -1e-06 -10.634526 -5.686957 -3.565557 10.57323 -17.92293 -3.113818 -2.9e-05 -13.821229 4.3e-05 -0.50193 -31.18162 -4.026904 -11.279586 -58.776436 6.993536 -13.982703 -7.150185 -2.875012 13.772702 -8.401469 -3.218189 0.347622 -34.211601 0.771779 -0.963084 -17.733444 2.621061 -1e-06 -1e-06 0.0 -17.346436 -20.095173 -4.201701 21.757547 -1.638358 3.866442 -8e-06 -6.338834 1.8e-05 -1.697677 -22.591816 -6.193929 -1e-06 -4e-06 -3e-06 54.352928 -71.587196 144.74556 50.906166 -59.048668 -11.855268 108.147072 -4.053809 -0.83645 10.936075 -14.276394 17.334274 22.182077 -20.375778 49.933144 -16.70174 -16.743399 28.476402 -2e-05 -12.690517 -1.2e-05 16.219593 -18.56439 3.503299 -0.105922 -1.51385 -4.275866 -5.039013 -5.61284 -2.953553 1.9e-05 -11.020473 -1.4e-05 -6.111225 -15.895267 -3.840491 -0.0 -0.0 -2e-06 -10.283324 -5.680258 -4.341839 11.028241 -11.302359 -2.372615 -1.384239 -14.238514 -6.320114 -0.625373 -26.924089 -3.827607 -6.243616 -50.433315 -1.777937 -13.70846 -7.36344 -3.720948 18.141054 -14.052689 -3.242648 3.6e-05 -18.787174 -9e-06 -0.429697 -8.45601 2.555501 0.0 -0.0 1e-06 -15.923441 -20.094391 -5.473601 30.419024 -7.190828 1.73594 1.4e-05 -8.162887 -1e-06 -1.861841 -22.861368 -6.167916 0.0 -3e-06 -2e-06 148.077896 11.60693 -2.125705 44.440952 0.029454 -0.446315 -78.113579 0.247583 -0.162107 -3.243519 1.485423 2.112593 -1.000003 -1e-06 0.0 6.215215 -14.04141 -7.486166 79.433083 0.160341 0.131296 -69.725021 -11.184577 -0.914482 -10.706747 0.688665 1.552975 -1.000001 0.0 -0.0 
0.0 0.0 0.0 0.0 -0.0 0.0 -104.231049 89.787117 853.050537 100.012749 6.898214 84.370346 0.868199 -3.805748 -0.252353 -10.362939 -2.015066 1.550984 18.752174 -7.603654 -2.446666 19.19976 3.448054 2.375951 -2.494206 -0.754981 -2.953874 -31.38192 0.710981 -3.482491 6e-06 0.0 -0.0 0.097778 -0.016073 -0.078445 -0.092584 -0.082145 -0.097524 -0.113332 0.034017 -0.069929 -124.329414 -69.519341 142.494095 -2.261251 -51.085915 15.888223 101.862411 0.898156 -1.195856 2.721238 12.685752 11.83023 17.636538 -26.322676 52.411072 -19.466631 -14.395559 29.410343 -1.7e-05 -8.774783 5e-06 15.798912 -18.23106 6.096529 -0.609771 -1.795649 -3.88932 -4.807052 -11.04677 -2.937847 3.5e-05 -20.975956 -4e-06 -5.0199 -25.033491 -4.03186 7e-06 0.0 -1e-06 -10.634486 -5.686944 -3.565581 10.573249 -17.922909 -3.113902 2e-05 -13.82117 6e-06 -0.501721 -31.181433 -4.02698 -11.239511 -58.823059 7.08193 -13.982651 -7.150165 -2.87504 13.772676 -8.401483 -3.218241 0.347783 -34.211452 0.771655 -0.963011 -17.733339 2.621038 0.0 1e-06 1e-06 -17.346325 -20.095144 -4.201781 21.757458 -1.63839 3.866397 8e-06 -6.33881 2e-06 -1.697529 -22.591696 -6.193991 -1e-06 -3e-06 -3e-06 55.489506 -69.182716 147.42952 38.359489 -58.496014 -5.340485 102.828056 -1.596021 -1.08493 12.341203 -13.21275 26.287315 22.182089 -20.375824 49.93322 -16.701817 -16.743483 28.476484 -1.9e-05 -12.69058 -3e-06 15.648251 -18.136667 3.340975 -0.105921 -1.513855 -4.275871 -5.039029 -5.612864 -2.953557 1.9e-05 -11.02052 -1.6e-05 -6.11126 -15.895351 -3.840497 -1e-06 0.0 1e-06 -10.283355 -5.68028 -4.341831 11.028283 -11.302399 -2.372636 -1.384246 -14.238579 -6.32013 -0.625372 -26.924234 -3.827633 -5.637187 -49.736443 -2.504485 -13.7085 -7.363463 -3.720938 18.14113 -14.052741 -3.242677 3.7e-05 -18.787266 -2.2e-05 -0.429694 -8.456056 2.555501 1e-06 -0.0 -0.0 -15.9235 -20.094454 -5.473586 30.419159 -7.190839 1.73592 1.5e-05 -8.162925 -9e-06 -1.861837 -22.861488 -6.167979 1e-06 -3e-06 1e-06 157.455902 13.084036 -2.426739 51.488941 0.156978 -0.469324 -91.033501 1.815447 2.128959 -2.171475 1.455122 2.150903 -0.999999 -0.0 -0.0 -6.389863 -13.77594 -1.12457 88.744034 0.360097 -0.017746 -74.968025 -11.153108 2.166646 -11.342137 0.667042 1.620319 -1.000002 -0.0 -0.0 
0.0 0.0 0.0 0.0 -0.0 0.0 -105.750702 89.880493 865.507202 97.541046 7.220636 83.727592 1.792639 -2.513193 -0.502492 -9.968535 -1.831442 0.105105 17.588951 -6.403549 -3.992456 20.537767 1.719169 2.741478 -2.536762 -0.583726 -2.470684 -31.902239 0.516521 -2.381673 5e-06 0.0 0.0 0.072052 -0.023521 -0.09875 -0.083076 -0.08803 -0.108339 -0.106348 0.026898 -0.093127 -121.525162 -72.698746 138.535995 14.866619 -57.150265 -1.435469 103.361435 -0.183721 -1.53872 2.045783 12.168467 16.23835 17.636623 -26.322714 52.411034 -19.466665 -14.395575 29.410343 -1.7e-05 -8.774813 -1e-06 16.490261 -17.920401 5.669794 -0.609773 -1.795651 -3.889319 -4.807063 -11.046806 -2.937843 3.2e-05 -20.97607 1.1e-05 -5.019941 -25.033663 -4.031847 4e-06 -1e-06 -0.0 -10.634505 -5.686953 -3.565575 10.573277 -17.92297 -3.113895 2e-05 -13.821244 1.1e-05 -0.501742 -31.181671 -4.026975 -11.40079 -59.494522 7.037712 -13.982676 -7.150175 -2.875038 13.772711 -8.401513 -3.218236 0.347772 -34.211655 0.771673 -0.963023 -17.733469 2.621056 1e-06 0.0 -0.0 -17.346359 -20.095177 -4.201767 21.757517 -1.6384 3.866415 9e-06 -6.33884 4e-06 -1.697546 -22.591862 -6.19401 -2e-06 -3e-06 -2e-06 64.104164 -70.290443 139.177948 21.396105 -59.209 8.340219 104.842903 -0.653535 -0.660057 12.193929 -11.357401 25.683157 22.182123 -20.375856 49.933151 -16.701775 -16.743465 28.476435 -2e-05 -12.690567 -9e-06 14.951319 -17.597849 3.165303 -0.105921 -1.513854 -4.275868 -5.039027 -5.612861 -2.953554 1.9e-05 -11.020534 -1e-06 -6.111271 -15.895362 -3.84047 2e-06 -0.0 -0.0 -10.283348 -5.680273 -4.341834 11.028278 -11.302406 -2.372618 -1.384254 -14.23858 -6.32011 -0.625413 -26.924253 -3.82758 -4.761434 -48.697865 -3.462096 -13.708493 -7.363456 -3.720937 18.141113 -14.052746 -3.242653 2.7e-05 -18.787271 3e-06 -0.429701 -8.456061 2.555516 -1e-06 0.0 2e-06 -15.923489 -20.094444 -5.473576 30.419132 -7.190851 1.735936 1.4e-05 -8.162932 3e-06 -1.861861 -22.861511 -6.167933 3e-06 -4e-06 -1e-06 168.434616 10.710694 -1.278598 51.983501 0.098551 -0.310899 -100.092171 2.278471 2.938622 -3.084323 1.396586 2.141728 -1.0 0.0 -0.0 -20.136934 -8.192645 3.887346 90.791382 0.615951 -0.115302 -79.526405 -12.152249 3.229083 -10.610301 0.626108 1.59977 -1.0 -0.0 0.0 
0.0 0.0 0.0 0.0 -0.0 0.0 -107.651054 90.75042 879.503174 94.700226 5.805853 83.837929 1.597857 -1.631319 -0.884286 -9.954222 -1.696081 -1.680597 15.99373 -4.605949 -5.950074 21.26827 0.958761 2.991296 -2.679287 -0.486576 -1.468029 -31.270563 0.284433 -1.271912 6e-06 0.0 1e-06 0.044637 -0.044171 -0.178166 -0.100412 -0.082838 -0.191425 -0.108509 -0.015729 -0.165522 -113.547668 -76.645004 128.800842 25.82048 -59.875732 -12.865584 110.262405 -0.995827 -1.208881 1.27126 10.052682 15.653135 17.636766 -26.322641 52.411156 -19.466679 -14.395594 29.410385 1.4e-05 -8.774869 -2.5e-05 16.664911 -17.99884 5.659657 -0.609781 -1.795657 -3.889328 -4.807125 -11.046827 -2.937861 -4e-06 -20.976057 -1.9e-05 -5.019987 -25.033674 -4.031966 5e-06 2e-06 0.0 -10.634579 -5.686987 -3.56559 10.573297 -17.922962 -3.1139 -2e-06 -13.821239 -1.1e-05 -0.501759 -31.181669 -4.027099 -11.732695 -60.156536 7.300808 -13.982772 -7.150221 -2.875048 13.772776 -8.40149 -3.21823 0.347739 -34.211655 0.771623 -0.963022 -17.733467 2.621026 -1e-06 0.0 2e-06 -17.346508 -20.095259 -4.201791 21.757648 -1.638364 3.866477 1e-06 -6.338838 -4e-06 -1.697605 -22.591856 -6.194087 1e-06 -3e-06 -3e-06 69.374306 -68.761093 133.053345 6.999322 -54.797195 20.482061 108.490257 -1.173999 -0.687235 12.34295 -11.022908 23.505863 22.182171 -20.375757 49.933315 -16.701803 -16.743458 28.4765 2e-05 -12.690607 -2.7e-05 14.773646 -17.727091 2.945704 -0.105928 -1.513863 -4.275881 -5.03906 -5.612892 -2.953566 -1.2e-05 -11.020549 -2e-05 -6.111321 -15.89542 -3.840532 2e-06 -5e-06 0.0 -10.283389 -5.680318 -4.341846 11.028276 -11.302398 -2.37263 -1.384293 -14.238618 -6.320163 -0.625429 -26.924278 -3.827702 -4.578235 -48.321896 -3.880557 -13.708547 -7.363516 -3.720952 18.141127 -14.052731 -3.242663 1e-06 -18.787294 -4.8e-05 -0.42971 -8.456062 2.555492 0.0 2e-06 1e-06 -15.923584 -20.094549 -5.473606 30.419197 -7.1908 1.735981 -0.0 -8.162932 -1.5e-05 -1.861875 -22.861536 -6.168046 1e-06 -3e-06 -2e-06 179.539352 7.288483 0.245262 47.220364 -0.098973 -0.220647 -100.767555 2.765597 3.205105 -7.447892 1.428099 2.149184 -1.000002 0.0 0.0 -31.358683 -1.912212 5.206848 84.132172 0.4834 -0.47315 -82.027176 -16.119165 3.000552 -9.824967 0.64896 1.608665 -1.000004 -0.0 -1e-06 
0.0 0.0 0.0 0.0 -0.0 0.0 -109.74865 92.723015 894.048096 91.892303 4.267994 84.35537 0.622768 -0.91384 -1.214102 -10.27857 -1.629077 -3.430931 15.106678 -2.599121 -7.7652 21.964952 0.603839 3.110781 -2.815636 -0.788047 -0.162939 -30.170933 0.18004 -0.615164 7e-06 -0.0 -2e-06 0.023818 -0.040184 -0.149091 -0.117769 -0.078313 -0.146768 -0.099406 -0.0107 -0.150539 -97.111946 -79.456833 110.966156 31.992664 -61.673016 -17.85461 117.831573 -0.895679 -0.569897 0.328038 8.049307 13.773052 17.636639 -26.3228 52.411327 -19.466686 -14.395615 29.41049 5e-06 -8.774851 -5e-06 16.439154 -18.143652 5.785346 -0.609778 -1.795655 -3.889334 -4.807106 -11.046839 -2.937859 -1.1e-05 -20.976099 3e-06 -5.02 -25.033735 -4.031925 8e-06 0.0 2e-06 -10.634544 -5.686979 -3.565595 10.573278 -17.922983 -3.113902 -6e-06 -13.821264 8e-06 -0.501788 -31.181757 -4.027047 -11.690885 -60.395355 7.230864 -13.982727 -7.15021 -2.875048 13.772745 -8.401504 -3.218243 0.347703 -34.211735 0.771679 -0.963057 -17.733517 2.62105 0.0 -0.0 3e-06 -17.346437 -20.09524 -4.201792 21.757595 -1.638372 3.866446 -3e-06 -6.338854 7e-06 -1.697601 -22.591925 -6.194065 0.0 -5e-06 -4e-06 72.858749 -66.807899 129.250153 -2.026769 -49.761398 26.247499 110.394279 -1.574148 -0.848077 13.229256 -9.906449 22.679449 22.1821 -20.375769 49.933235 -16.701807 -16.743464 28.476471 0.0 -12.690578 -1.1e-05 14.931174 -18.119879 2.728163 -0.105922 -1.51386 -4.275875 -5.039037 -5.612873 -2.953555 1e-06 -11.020521 -2.1e-05 -6.111278 -15.895362 -3.84051 0.0 0.0 2e-06 -10.283366 -5.680297 -4.341835 11.028269 -11.30239 -2.372633 -1.38427 -14.238584 -6.320139 -0.625394 -26.924202 -3.827673 -4.911872 -48.546589 -3.872355 -13.708519 -7.363486 -3.720935 18.141117 -14.052722 -3.242673 1.9e-05 -18.78726 -4.3e-05 -0.429698 -8.456046 2.555488 -0.0 -0.0 0.0 -15.923532 -20.094494 -5.473587 30.419163 -7.190804 1.73594 8e-06 -8.16291 -1.8e-05 -1.861847 -22.861471 -6.168011 3e-06 -3e-06 -1e-06 -169.936661 3.092951 0.374648 39.955925 -0.178282 -0.091947 -90.583374 3.930497 4.083635 -19.44071 1.732565 2.021302 -0.999994 0.0 0.0 -36.716312 2.732231 4.025288 68.52224 0.020208 -0.579004 -81.465042 -19.400177 3.25703 -9.377648 0.701082 1.574561 -1.0 0.0 0.0 
0.0 0.0 0.0 0.0 -0.0 0.0 -111.914841 95.248055 909.230042 90.859062 4.029507 84.706757 -0.430857 -0.754713 -1.397676 -10.719772 -1.828752 -4.800217 14.752052 -1.668859 -8.910111 23.111374 0.005625 3.221446 -2.774718 -0.972942 0.348096 -29.053904 0.514725 0.142224 7e-06 0.0 0.0 0.035387 -0.023668 -0.071736 -0.100531 -0.076988 -0.036097 -0.053789 0.021113 -0.107555 -74.932823 -79.686722 87.925018 35.796467 -64.439323 -18.698809 124.521935 -0.671948 -0.396938 -0.544662 7.092357 12.379899 17.636427 -26.322369 52.410515 -19.466391 -14.395435 29.409985 -0.0 -8.774698 -2e-06 16.084822 -18.070969 6.117189 -0.609767 -1.795635 -3.889283 -4.807027 -11.046666 -2.937811 7e-06 -20.975714 1.2e-05 -5.019893 -25.033171 -4.031803 6e-06 1e-06 1e-06 -10.634415 -5.686904 -3.565542 10.573134 -17.922724 -3.113852 5e-06 -13.821017 1e-05 -0.501776 -31.181032 -4.026925 -12.003466 -60.569614 7.700902 -13.982556 -7.150113 -2.875005 13.772555 -8.401393 -3.218199 0.347731 -34.211033 0.771664 -0.963018 -17.733133 2.621 0.0 0.0 -2e-06 -17.346212 -20.094982 -4.201729 21.75729 -1.638356 3.866369 1e-06 -6.338738 3e-06 -1.697567 -22.59141 -6.193898 -0.0 -5e-06 1e-06 79.806473 -65.825401 122.763824 -9.74666 -47.904728 30.971701 110.187531 -1.267973 -0.920236 14.196329 -8.292567 21.670614 22.181992 -20.375727 49.932888 -16.701653 -16.743372 28.476248 -1.6e-05 -12.690472 -9e-06 15.309272 -18.127674 2.778213 -0.105919 -1.513845 -4.275848 -5.038992 -5.61282 -2.953534 1.7e-05 -11.020437 2e-06 -6.111212 -15.895205 -3.840444 2e-06 1e-06 0.0 -10.283292 -5.680236 -4.341807 11.0282 -11.302322 -2.3726 -1.384244 -14.23846 -6.320061 -0.625402 -26.923971 -3.827549 -5.476007 -49.141266 -3.33141 -13.708419 -7.36341 -3.720914 18.140995 -14.052642 -3.242628 2.2e-05 -18.787125 8e-06 -0.429698 -8.45599 2.555494 -0.0 0.0 -2e-06 -15.923398 -20.094311 -5.473545 30.418938 -7.190788 1.735926 1e-05 -8.162859 4e-06 -1.861855 -22.861284 -6.167876 0.0 -5e-06 -0.0 -159.776993 0.509829 -0.391643 31.55761 0.189077 -0.235529 -70.187592 5.759913 6.53825 -30.996969 1.909241 1.87813 -0.999997 -1e-06 -0.0 -34.902542 3.646016 2.486647 45.750092 -0.22199 -0.348913 -80.2845 -17.531233 2.37728 -9.91941 0.843427 1.566298 -0.999998 -1e-06 0.0 
0.0 0.0 0.0 0.0 -0.0 0.0 -114.063622 97.235397 925.423645 93.215034 5.391844 85.04425 -0.957148 -2.163988 -1.462852 -11.178674 -2.333242 -5.354378 14.54295 -2.241449 -9.375978 24.175909 -0.841692 3.281302 -2.714664 -0.757769 0.292953 -27.675514 1.00111 1.11642 7e-06 -0.0 -2e-06 -0.003035 -0.008755 0.054079 -0.181468 -0.054111 0.086518 -0.139783 0.028671 0.01964 -55.555031 -77.87606 67.937317 39.299793 -68.926979 -18.710188 130.284973 -1.272766 -0.531364 -0.999582 7.16099 10.802708 17.636667 -26.322414 52.410896 -19.466654 -14.395436 29.410248 -2.3e-05 -8.774774 -2.3e-05 16.164396 -18.1861 6.217665 -0.609778 -1.795655 -3.889311 -4.807045 -11.046753 -2.937876 8.8e-05 -20.975933 -7.3e-05 -5.019788 -25.033489 -4.031945 6e-06 0.0 -3e-06 -10.634488 -5.686943 -3.565596 10.57325 -17.922884 -3.113915 5.9e-05 -13.821145 -3.8e-05 -0.501572 -31.181406 -4.027082 -12.707923 -60.650208 8.543913 -13.982648 -7.150157 -2.875064 13.772664 -8.401489 -3.218217 0.347908 -34.211384 0.771529 -0.962933 -17.73332 2.621001 0.0 -0.0 0.0 -17.346308 -20.095119 -4.201837 21.757435 -1.638413 3.866448 2.6e-05 -6.338793 -2.3e-05 -1.697447 -22.591681 -6.194079 0.0 -4e-06 -3e-06 92.146057 -65.889465 110.937592 -19.878933 -49.628532 39.083847 108.668404 -0.71672 -1.09367 15.201904 -7.638727 20.309372 22.182114 -20.375814 49.933029 -16.701654 -16.743504 28.476318 3.2e-05 -12.690582 -1.1e-05 15.479348 -18.078829 2.903557 -0.105922 -1.513844 -4.275857 -5.039048 -5.612856 -2.953528 -2.4e-05 -11.020491 2.3e-05 -6.111351 -15.895306 -3.840441 -1e-06 0.0 -1e-06 -10.283364 -5.680278 -4.341808 11.02825 -11.30234 -2.372593 -1.384316 -14.238524 -6.320072 -0.625526 -26.924107 -3.827553 -5.105493 -49.432556 -3.35987 -13.708516 -7.363465 -3.720907 18.141085 -14.052649 -3.24262 -4.8e-05 -18.787222 3.1e-05 -0.429728 -8.456039 2.555508 1e-06 -2e-06 0.0 -15.923558 -20.094427 -5.473515 30.419159 -7.190748 1.735979 -1.7e-05 -8.162907 9e-06 -1.86198 -22.861452 -6.167913 1e-06 -1e-06 -0.0 -151.894638 1.524481 1.192451 26.292221 0.41976 -0.475776 -47.13044 9.102549 7.067238 -16.790798 1.609244 1.900371 -0.999999 -0.0 -0.0 -28.595594 0.141284 0.690274 22.470879 -0.152167 -0.189157 -80.958 -11.582321 -1.556656 -10.180202 0.901565 1.51167 -0.999999 -1e-06 -0.0 
0.0 0.0 0.0 0.0 -0.0 0.0 -116.338455 97.925362 941.971985 95.55204 6.63507 84.947418 -0.656368 -3.251492 -1.645815 -11.356817 -2.485195 -4.946811 13.992143 -2.880476 -8.719878 24.30249 -1.602067 3.06499 -2.872962 -0.595609 0.853982 -27.96837 1.188768 1.284033 7e-06 -0.0 -2e-06 -0.025206 0.029567 0.220987 -0.202771 0.010283 0.251153 -0.184144 0.041397 0.189142 -41.436077 -75.094154 52.714622 43.662453 -74.542931 -19.958298 135.713348 -2.14744 -0.360479 0.378143 7.382902 8.103798 17.636381 -26.322647 52.410999 -19.466686 -14.395619 29.410376 -4e-06 -8.774807 2.8e-05 16.212362 -18.415117 6.195965 -0.609767 -1.795651 -3.889321 -4.80707 -11.046817 -2.937834 1e-06 -20.976048 -2e-05 -5.019959 -25.033651 -4.03187 6e-06 -0.0 -0.0 -10.634482 -5.686971 -3.565553 10.573243 -17.922945 -3.113935 -1e-06 -13.821224 -1.5e-05 -0.501753 -31.181614 -4.027043 -13.238418 -61.068611 9.126925 -13.982656 -7.150192 -2.875 13.77269 -8.40149 -3.218279 0.347731 -34.211601 0.771601 -0.96302 -17.733431 2.620984 -1e-06 0.0 1e-06 -17.346359 -20.095205 -4.201718 21.757498 -1.638344 3.866349 -4e-06 -6.338832 -1e-05 -1.697569 -22.591831 -6.194028 -0.0 -4e-06 1e-06 107.184456 -65.379356 95.718369 -32.195385 -52.164352 50.704117 107.238815 -0.483635 -1.091161 16.58005 -8.24087 17.596039 22.182009 -20.375841 49.933228 -16.701799 -16.743431 28.47648 -3.7e-05 -12.690512 7e-06 15.388355 -18.03557 2.853675 -0.105917 -1.513855 -4.275874 -5.039 -5.612843 -2.953555 3.4e-05 -11.020486 -1.7e-05 -6.111195 -15.895274 -3.840484 1e-06 -2e-06 -0.0 -10.283313 -5.680258 -4.341841 11.028254 -11.302387 -2.372635 -1.384211 -14.238524 -6.320118 -0.625328 -26.924116 -3.827609 -5.04663 -49.438251 -3.241637 -13.708447 -7.363432 -3.720948 18.141079 -14.052725 -3.242681 5.8e-05 -18.787201 -1.2e-05 -0.42969 -8.456022 2.555502 1e-06 2e-06 -2e-06 -15.923408 -20.094397 -5.473607 30.419033 -7.190853 1.735885 2e-05 -8.162889 -1e-06 -1.861805 -22.861366 -6.167915 -2e-06 -4e-06 1e-06 -150.863449 3.05763 2.405743 33.296585 0.194134 -0.336138 -41.620007 9.391936 3.830404 -6.807819 1.565953 1.964836 -0.999996 0.0 1e-06 -24.876038 -2.557485 -1.336134 9.298411 -0.102984 0.049134 -82.499443 -7.429546 -5.163521 -9.443358 0.921386 1.431624 -1.000002 -0.0 -0.0 
0.0 0.0 0.0 0.0 -0.0 0.0 -118.668114 97.787949 957.611816 96.866737 7.721947 84.612946 0.06009 -3.626916 -1.63965 -11.181766 -2.335791 -4.22236 13.46771 -3.323099 -7.708407 24.197212 -1.992087 2.791639 -2.876361 -0.559583 1.140063 -29.18182 1.140731 1.260365 6e-06 0.0 0.0 0.002612 0.048717 0.272615 -0.159383 0.032103 0.317035 -0.164209 0.057664 0.223918 -36.551125 -73.144791 47.272732 46.532749 -78.908699 -20.933874 139.404907 -2.825623 -0.403344 2.653115 7.743199 5.306545 17.636709 -26.322742 52.41116 -19.46661 -14.395568 29.41033 -2e-06 -8.774821 -1.5e-05 16.429792 -18.679083 6.325573 -0.609779 -1.795648 -3.889322 -4.807086 -11.046788 -2.937845 1.4e-05 -20.976 1.2e-05 -5.019962 -25.03356 -4.031878 6e-06 -0.0 1e-06 -10.634534 -5.686957 -3.565591 10.573268 -17.922932 -3.113872 8e-06 -13.821198 1.3e-05 -0.501767 -31.181528 -4.026987 -13.261736 -62.023125 9.102475 -13.982718 -7.150186 -2.875051 13.772726 -8.401489 -3.218213 0.347732 -34.211552 0.771696 -0.963036 -17.733402 2.621055 1e-06 -0.0 -2e-06 -17.346415 -20.095184 -4.201788 21.757549 -1.638385 3.866454 7e-06 -6.338822 7e-06 -1.697579 -22.591759 -6.194002 -0.0 -5e-06 -2e-06 116.214417 -64.285538 86.58728 -40.068462 -53.698917 59.477734 106.169861 -0.51255 -0.811702 17.959282 -8.980528 14.3957 22.182135 -20.375919 49.933422 -16.701872 -16.743616 28.476654 -0.0 -12.690666 1.5e-05 15.556738 -17.958334 2.438537 -0.105916 -1.513858 -4.27589 -5.039063 -5.612892 -2.953565 -0.0 -11.020576 -4e-06 -6.111343 -15.89546 -3.840508 2e-06 0.0 -0.0 -10.283399 -5.680305 -4.34184 11.028328 -11.302428 -2.372649 -1.384278 -14.23865 -6.320163 -0.625424 -26.9244 -3.827663 -5.137259 -49.396248 -3.279251 -13.70856 -7.363498 -3.720937 18.14122 -14.052764 -3.242697 -2e-06 -18.787363 -8e-06 -0.429723 -8.456113 2.555524 3e-06 -4e-06 3e-06 -15.923597 -20.094532 -5.473581 30.41934 -7.190821 1.735919 -3e-06 -8.162964 -2e-06 -1.861916 -22.861654 -6.168004 -2e-06 -1e-06 -2e-06 -155.65892 3.848293 0.808077 48.463074 -0.026127 -0.197038 -49.208126 0.405737 0.007991 -6.018746 1.576762 2.093135 -1.000001 0.0 1e-06 -23.226944 -3.78826 -2.374669 6.483269 -0.008075 0.319646 -84.489075 -5.695392 -7.361339 -9.235663 1.006789 1.390382 -1.000004 1e-06 -1e-06 
0.0 0.0 0.0 0.0 -0.0 0.0 -120.566513 96.518005 970.697571 97.45475 8.414636 84.26268 0.195082 -3.520564 -1.191172 -11.100572 -2.08901 -3.514284 13.760448 -3.512008 -6.419188 23.949339 -2.39912 2.116032 -2.863513 -0.5592 1.34822 -29.115557 0.924423 0.6422 6e-06 -0.0 -1e-06 -0.008023 0.026658 0.234468 -0.223477 -0.03147 0.292627 -0.229119 0.076018 0.171381 -40.084122 -73.359169 51.421936 42.939869 -80.948311 -16.522039 139.448593 -3.539229 -0.78647 4.091908 7.717548 4.994647 17.636883 -26.322935 52.411507 -19.466688 -14.395613 29.410501 -3e-06 -8.774871 -3.1e-05 16.548687 -19.13232 6.486564 -0.609785 -1.795654 -3.889338 -4.807107 -11.046837 -2.937872 2e-05 -20.976114 2.5e-05 -5.019974 -25.033716 -4.031915 6e-06 0.0 3e-06 -10.634595 -5.686976 -3.565623 10.573329 -17.923014 -3.113872 1.5e-05 -13.82127 2.2e-05 -0.501776 -31.181719 -4.027 -12.585943 -62.12809 8.682519 -13.982787 -7.150206 -2.875084 13.772794 -8.401537 -3.218218 0.347752 -34.211739 0.771727 -0.963047 -17.733511 2.621107 -0.0 1e-06 -2e-06 -17.346493 -20.095259 -4.201841 21.757652 -1.638417 3.866507 1e-05 -6.338854 1.2e-05 -1.697572 -22.591898 -6.194054 0.0 -6e-06 -3e-06 116.239822 -63.835251 85.859138 -40.814869 -54.666016 61.389469 105.277092 -1.4336 -0.177933 17.40675 -9.895583 13.768043 22.182266 -20.375872 49.933384 -16.701864 -16.743629 28.476572 2.2e-05 -12.690722 -1.7e-05 15.735875 -17.595285 1.98931 -0.105921 -1.513861 -4.27589 -5.039093 -5.612902 -2.953559 -1e-05 -11.020585 -2e-06 -6.111398 -15.895471 -3.840517 -4e-06 0.0 0.0 -10.283446 -5.680326 -4.341837 11.028358 -11.302426 -2.372637 -1.384318 -14.238656 -6.320159 -0.625458 -26.924389 -3.827665 -4.735806 -49.461128 -3.673528 -13.708628 -7.363524 -3.720929 18.14127 -14.052759 -3.242676 -1.7e-05 -18.787365 -1.5e-05 -0.429714 -8.456105 2.555516 1e-06 2e-06 -1e-06 -15.923692 -20.094582 -5.473571 30.419443 -7.190821 1.735981 -4e-06 -8.162965 -6e-06 -1.861936 -22.861637 -6.168031 -1e-06 -0.0 -1e-06 -163.803726 4.044035 -1.078812 64.042122 -0.08534 -0.170724 -57.240311 -8.384004 -1.442139 -6.068661 1.48831 2.114904 -0.999998 1e-06 -0.0 -21.908863 -4.26986 -3.233177 10.159982 0.083424 0.412048 -84.922577 -4.900169 -7.825956 -9.685904 1.205081 1.389393 -1.000003 -1e-06 -0.0 
