HIERARCHY
ROOT Root
{
  OFFSET 0.0 0.0 0.0
  CHANNELS 6 Xposition Yposition Zposition Zrotation Yrotation Xrotation
  JOINT Hips
  {
    OFFSET 0.0 100.0 0.0
    CHANNELS 6 Xposition Yposition Zposition Zrotation Yrotation Xrotation
    JOINT Spine1
    {
      OFFSET 5.003913 -0.037094 -0.013727
      CHANNELS 3 Zrotation Yrotation Xrotation
      JOINT Spine2
      {
        OFFSET 7.125363 -1e-06 0.0
        CHANNELS 3 Zrotation Yrotation Xrotation
        JOINT Chest
        {
          OFFSET 7.594027 1e-06 0.0
          CHANNELS 3 Zrotation Yrotation Xrotation
          JOINT Neck1
          {
            OFFSET 26.313086 -0.460272 -0.181672
            CHANNELS 3 Zrotation Yrotation Xrotation
            JOINT Neck2
            {
              OFFSET 8.04591 0.0 0.0
              CHANNELS 3 Zrotation Yrotation Xrotation
              JOINT Head
              {
                OFFSET 6.432777 0.0 0.0
                CHANNELS 3 Zrotation Yrotation Xrotation
                JOINT HeadEnd
                {
                  OFFSET 16.169769 0.06451 0.00362
                  CHANNELS 3 Zrotation Yrotation Xrotation
                }
                JOINT Jaw
                {
                  OFFSET 0.108738 3.12938 0.002639
                  CHANNELS 3 Zrotation Yrotation Xrotation
                }
                JOINT LeftEye
                {
                  OFFSET 4.451729 8.166359 3.206392
                  CHANNELS 3 Zrotation Yrotation Xrotation
                }
                JOINT RightEye
                {
                  OFFSET 4.43689 8.135758 -3.222429
                  CHANNELS 3 Zrotation Yrotation Xrotation
                }
              }
            }
          }
          JOINT LeftShoulder
          {
            OFFSET 23.218927 5.195579 1.621656
            CHANNELS 3 Zrotation Yrotation Xrotation
            JOINT LeftArm
            {
              OFFSET 15.902122 2e-06 -2e-06
              CHANNELS 3 Zrotation Yrotation Xrotation
              JOINT LeftForeArm
              {
                OFFSET 28.739304 0.0 -1e-06
                CHANNELS 3 Zrotation Yrotation Xrotation
                JOINT LeftHand
                {
                  OFFSET 27.093979 -4e-06 0.0
                  CHANNELS 3 Zrotation Yrotation Xrotation
                  JOINT LeftHandThumb1
                  {
                    OFFSET 2.276787 3.380274 0.83384
                    CHANNELS 3 Zrotation Yrotation Xrotation
                    JOINT LeftHandThumb2
                    {
                      OFFSET 4.705307 -2e-06 -1e-06
                      CHANNELS 3 Zrotation Yrotation Xrotation
                      JOINT LeftHandThumb3
                      {
                        OFFSET 2.798515 0.0 3e-06
                        CHANNELS 3 Zrotation Yrotation Xrotation
                        JOINT LeftHandThumbEnd
                        {
                          OFFSET 3.180786 5e-06 -4e-06
                          CHANNELS 3 Zrotation Yrotation Xrotation
                        }
                      }
                    }
                  }
                  JOINT LeftHandIndex1
                  {
                    OFFSET 3.24778 2.352677 0.137192
                    CHANNELS 3 Zrotation Yrotation Xrotation
                    JOINT LeftHandIndex2
                    {
                      OFFSET 6.367104 1e-06 0.0
                      CHANNELS 3 Zrotation Yrotation Xrotation
                      JOINT LeftHandIndex3
                      {
                        OFFSET 3.662361 0.0 0.0
                        CHANNELS 3 Zrotation Yrotation Xrotation
                        JOINT LeftHandIndex4
                        {
                          OFFSET 2.329239 4e-06 -4e-06
                          CHANNELS 3 Zrotation Yrotation Xrotation
                          JOINT LeftHandIndexEnd
                          {
                            OFFSET 2.767822 0.0 0.0
                            CHANNELS 3 Zrotation Yrotation Xrotation
                          }
                        }
                      }
                    }
                  }
                  JOINT LeftHandMiddle1
                  {
                    OFFSET 3.163612 0.945023 -0.406112
                    CHANNELS 3 Zrotation Yrotation Xrotation
                    JOINT LeftHandMiddle2
                    {
                      OFFSET 6.276794 3e-06 0.0
                      CHANNELS 3 Zrotation Yrotation Xrotation
                      JOINT LeftHandMiddle3
                      {
                        OFFSET 4.356522 -1e-06 4e-06
                        CHANNELS 3 Zrotation Yrotation Xrotation
                        JOINT LeftHandMiddle4
                        {
                          OFFSET 2.996872 0.0 8e-06
                          CHANNELS 3 Zrotation Yrotation Xrotation
                          JOINT LeftHandMiddleEnd
                          {
                            OFFSET 2.323257 3e-06 -4e-06
                            CHANNELS 3 Zrotation Yrotation Xrotation
                          }
                        }
                      }
                    }
                  }
                  JOINT LeftHandRing1
                  {
                    OFFSET 2.882607 -0.309162 0.107445
                    CHANNELS 3 Zrotation Yrotation Xrotation
                    JOINT LeftHandRing2
                    {
                      OFFSET 6.033195 0.0 4e-06
                      CHANNELS 3 Zrotation Yrotation Xrotation
                      JOINT LeftHandRing3
                      {
                        OFFSET 4.350578 3e-06 0.0
                        CHANNELS 3 Zrotation Yrotation Xrotation
                        JOINT LeftHandRing4
                        {
                          OFFSET 2.651321 1e-06 -7e-06
                          CHANNELS 3 Zrotation Yrotation Xrotation
                          JOINT LeftHandRingEnd
                          {
                            OFFSET 1.937668 1e-06 -4e-06
                            CHANNELS 3 Zrotation Yrotation Xrotation
                          }
                        }
                      }
                    }
                  }
                  JOINT LeftHandPinky1
                  {
                    OFFSET 2.865311 -1.525436 0.575687
                    CHANNELS 3 Zrotation Yrotation Xrotation
                    JOINT LeftHandPinky2
                    {
                      OFFSET 5.549362 1e-06 -8e-06
                      CHANNELS 3 Zrotation Yrotation Xrotation
                      JOINT LeftHandPinky3
                      {
                        OFFSET 3.070969 0.0 -4e-06
                        CHANNELS 3 Zrotation Yrotation Xrotation
                        JOINT LeftHandPinky4
                        {
                          OFFSET 1.549675 1e-06 0.0
                          CHANNELS 3 Zrotation Yrotation Xrotation
                          JOINT LeftHandPinkyEnd
                          {
                            OFFSET 1.952118 0.0 0.0
                            CHANNELS 3 Zrotation Yrotation Xrotation
                          }
                        }
                      }
                    }
                  }
                }
              }
            }
          }
          JOINT RightShoulder
          {
            OFFSET 23.161718 5.296122 -1.380114
            CHANNELS 3 Zrotation Yrotation Xrotation
            JOINT RightArm
            {
              OFFSET -16.027195 -2e-06 1.1e-05
              CHANNELS 3 Zrotation Yrotation Xrotation
              JOINT RightForeArm
              {
                OFFSET -28.736641 4e-06 2e-06
                CHANNELS 3 Zrotation Yrotation Xrotation
                JOINT RightHand
                {
                  OFFSET -27.133617 6e-06 0.0
                  CHANNELS 3 Zrotation Yrotation Xrotation
                  JOINT RightHandThumb1
                  {
                    OFFSET -2.274328 -3.351035 -0.83067
                    CHANNELS 3 Zrotation Yrotation Xrotation
                    JOINT RightHandThumb2
                    {
                      OFFSET -4.703592 -3e-06 2e-06
                      CHANNELS 3 Zrotation Yrotation Xrotation
                      JOINT RightHandThumb3
                      {
                        OFFSET -2.794937 -4e-06 -3e-06
                        CHANNELS 3 Zrotation Yrotation Xrotation
                        JOINT RightHandThumbEnd
                        {
                          OFFSET -3.183853 4e-06 1e-06
                          CHANNELS 3 Zrotation Yrotation Xrotation
                        }
                      }
                    }
                  }
                  JOINT RightHandIndex1
                  {
                    OFFSET -3.253498 -2.33755 -0.127667
                    CHANNELS 3 Zrotation Yrotation Xrotation
                    JOINT RightHandIndex2
                    {
                      OFFSET -6.344433 0.0 0.0
                      CHANNELS 3 Zrotation Yrotation Xrotation
                      JOINT RightHandIndex3
                      {
                        OFFSET -3.654869 0.0 -8e-06
                        CHANNELS 3 Zrotation Yrotation Xrotation
                        JOINT RightHandIndex4
                        {
                          OFFSET -2.327587 -1e-06 0.0
                          CHANNELS 3 Zrotation Yrotation Xrotation
                          JOINT RightHandIndexEnd
                          {
                            OFFSET -2.770004 3e-06 8e-06
                            CHANNELS 3 Zrotation Yrotation Xrotation
                          }
                        }
                      }
                    }
                  }
                  JOINT RightHandMiddle1
                  {
                    OFFSET -3.168224 -0.944764 0.411762
                    CHANNELS 3 Zrotation Yrotation Xrotation
                    JOINT RightHandMiddle2
                    {
                      OFFSET -6.266689 -1e-06 -4e-06
                      CHANNELS 3 Zrotation Yrotation Xrotation
                      JOINT RightHandMiddle3
                      {
                        OFFSET -4.348904 0.0 0.0
                        CHANNELS 3 Zrotation Yrotation Xrotation
                        JOINT RightHandMiddle4
                        {
                          OFFSET -3.000237 2e-06 -4e-06
                          CHANNELS 3 Zrotation Yrotation Xrotation
                          JOINT RightHandMiddleEnd
                          {
                            OFFSET -2.32148 -4e-06 -4e-06
                            CHANNELS 3 Zrotation Yrotation Xrotation
                          }
                        }
                      }
                    }
                  }
                  JOINT RightHandRing1
                  {
                    OFFSET -2.885654 0.293261 -0.119232
                    CHANNELS 3 Zrotation Yrotation Xrotation
                    JOINT RightHandRing2
                    {
                      OFFSET -6.032833 -1e-06 -4e-06
                      CHANNELS 3 Zrotation Yrotation Xrotation
                      JOINT RightHandRing3
                      {
                        OFFSET -4.33881 0.0 -4e-06
                        CHANNELS 3 Zrotation Yrotation Xrotation
                        JOINT RightHandRing4
                        {
                          OFFSET -2.654903 -4e-06 -4e-06
                          CHANNELS 3 Zrotation Yrotation Xrotation
                          JOINT RightHandRingEnd
                          {
                            OFFSET -1.935123 0.0 4e-06
                            CHANNELS 3 Zrotation Yrotation Xrotation
                          }
                        }
                      }
                    }
                  }
                  JOINT RightHandPinky1
                  {
                    OFFSET -2.866241 1.503903 -0.60527
                    CHANNELS 3 Zrotation Yrotation Xrotation
                    JOINT RightHandPinky2
                    {
                      OFFSET -5.553177 -1e-06 0.0
                      CHANNELS 3 Zrotation Yrotation Xrotation
                      JOINT RightHandPinky3
                      {
                        OFFSET -3.062664 -1e-06 -4e-06
                        CHANNELS 3 Zrotation Yrotation Xrotation
                        JOINT RightHandPinky4
                        {
                          OFFSET -1.546532 2e-06 4e-06
                          CHANNELS 3 Zrotation Yrotation Xrotation
                          JOINT RightHandPinkyEnd
                          {
                            OFFSET -1.952339 0.0 -4e-06
                            CHANNELS 3 Zrotation Yrotation Xrotation
                          }
                        }
                      }
                    }
                  }
                }
              }
            }
          }
        }
      }
    }
    JOINT LeftLeg
    {
      OFFSET -8.443107 2.567604 10.043214
      CHANNELS 3 Zrotation Yrotation Xrotation
      JOINT LeftShin
      {
        OFFSET 43.229202 1e-06 -1e-06
        CHANNELS 3 Zrotation Yrotation Xrotation
        JOINT LeftFoot
        {
          OFFSET 42.298607 1e-06 1e-06
          CHANNELS 3 Zrotation Yrotation Xrotation
          JOINT LeftToeBase
          {
            OFFSET 14.165863 1e-06 0.0
            CHANNELS 3 Zrotation Yrotation Xrotation
            JOINT LeftToeEnd
            {
              OFFSET 6.714096 -0.234461 0.0
              CHANNELS 3 Zrotation Yrotation Xrotation
            }
          }
        }
      }
    }
    JOINT RightLeg
    {
      OFFSET -8.303924 2.592729 -10.047277
      CHANNELS 3 Zrotation Yrotation Xrotation
      JOINT RightShin
      {
        OFFSET -43.369686 0.0 0.0
        CHANNELS 3 Zrotation Yrotation Xrotation
        JOINT RightFoot
        {
          OFFSET -42.260784 4e-06 3e-06
          CHANNELS 3 Zrotation Yrotation Xrotation
          JOINT RightToeBase
          {
            OFFSET -14.222237 -2e-06 -2e-06
            CHANNELS 3 Zrotation Yrotation Xrotation
            JOINT RightToeEnd
            {
              OFFSET -6.660072 0.232574 -1e-06
              CHANNELS 3 Zrotation Yrotation Xrotation
            }
          }
        }
      }
    }
  }
}
MOTION
Frames: 120
Frame Time: 0.03333333333333333
0.0 0.0 0.0 0.0 -0.0 0.0 0.899917 96.98201 -5.748919 100.86248 -0.64525 90.547714 -3.865915 -7.045549 -0.18307 -12.020625 -2.210912 -0.441503 18.6292 -2.841273 -2.941274 29.427607 2.578571 2.977811 -2.400855 -1.202893 -6.351474 -28.810022 -2.0123 -5.856321 6e-06 0.0 -0.0 -0.011997 0.028731 -0.021913 -0.010977 0.075735 -0.015816 -0.035116 -0.022716 -0.031869 -133.869263 -70.826157 149.308716 40.421558 -51.733124 5.606478 23.079773 0.239747 -0.036001 0.187774 -0.623532 8.265325 17.636543 -26.32268 52.411087 -19.466566 -14.395527 29.410307 -2.2e-05 -8.774764 -1e-06 16.467352 -18.872652 6.182518 -0.609772 -1.795642 -3.889312 -4.807035 -11.046736 -2.937846 5.1e-05 -20.975904 8e-06 -5.019869 -25.033421 -4.031834 5e-06 0.0 -1e-06 -10.634465 -5.686922 -3.565587 10.573234 -17.922861 -3.11388 2.8e-05 -13.821134 1.8e-05 -0.50172 -31.181358 -4.026927 -11.825486 -60.122543 7.978194 -13.982623 -7.150137 -2.875048 13.772651 -8.401467 -3.218226 0.347785 -34.211357 0.771695 -0.96302 -17.733313 2.621067 -2e-06 3e-06 0.0 -17.346277 -20.09507 -4.201803 21.757408 -1.638404 3.866406 1.4e-05 -6.33879 9e-06 -1.697513 -22.591627 -6.193955 -2e-06 -3e-06 1e-06 39.445427 -70.677086 155.595291 36.279804 -60.863018 -9.512079 24.356014 0.26866 -0.001975 6.120095 -2.903001 0.552625 22.181973 -20.37586 49.933228 -16.701742 -16.743477 28.476484 -1.3e-05 -12.690536 1.7e-05 16.833965 -17.933918 2.341817 -0.105917 -1.513848 -4.275872 -5.039012 -5.612847 -2.953551 1e-05 -11.020491 -5e-06 -6.111247 -15.8953 -3.840474 0.0 -2e-06 -1e-06 -10.283315 -5.680261 -4.341828 11.02824 -11.302356 -2.372632 -1.384245 -14.238521 -6.320111 -0.625396 -26.92412 -3.827605 -4.226027 -49.705971 -3.48275 -13.708453 -7.363442 -3.720932 18.141058 -14.052679 -3.242675 1e-05 -18.78721 -2e-06 -0.429713 -8.456036 2.555507 -1e-06 -0.0 -3e-06 -15.923439 -20.094389 -5.473577 30.419058 -7.190788 1.735891 1e-06 -8.1629 4e-06 -1.86188 -22.86141 -6.167913 -3e-06 -3e-06 -3e-06 176.797516 16.363621 -9.485477 6.375563 -0.051944 -0.375839 -76.576561 1.278365 2.908151 -6.599108 1.522601 2.020763 -1.000001 0.0 -0.0 -25.179995 -15.722131 12.797615 77.761642 -0.254115 0.164758 -70.216904 2.42197 -4.42554 -8.7639 0.69829 1.659809 -1.000001 0.0 0.0 
0.0 0.0 0.0 0.0 -0.0 0.0 2.056035 97.088051 -3.592704 100.051178 -0.520415 92.489105 -3.532429 -6.665222 -0.35514 -11.809824 -2.099013 -0.770483 18.594294 -2.363907 -3.507366 29.23278 3.079301 2.919647 -2.326091 -1.233348 -7.077088 -28.737898 -2.27896 -6.505303 6e-06 -0.0 0.0 -0.042386 0.026115 -0.027151 -0.04911 0.087599 -0.022886 -0.07602 -0.038625 -0.037907 -133.452469 -71.257271 148.823608 42.021523 -51.371895 3.760572 24.250942 0.234402 -0.069779 -0.244736 -0.573246 7.920848 17.636576 -26.322739 52.411247 -19.466675 -14.395635 29.410437 -1e-06 -8.774832 7e-06 16.211761 -18.777273 6.251733 -0.609773 -1.795652 -3.889332 -4.80709 -11.046804 -2.937849 5e-06 -20.976006 -6e-06 -5.019965 -25.033566 -4.031898 4e-06 -2e-06 -0.0 -10.634535 -5.686972 -3.565584 10.573279 -17.922934 -3.113915 3e-06 -13.821203 -1e-06 -0.50176 -31.181528 -4.027034 -11.735978 -60.069424 7.849273 -13.982718 -7.150199 -2.875037 13.772735 -8.401484 -3.218259 0.347727 -34.211555 0.771654 -0.963037 -17.733406 2.621022 -3e-06 4e-06 2e-06 -17.346428 -20.095217 -4.201777 21.757572 -1.638367 3.866412 0.0 -6.33882 -1e-06 -1.697585 -22.591757 -6.194026 3e-06 -5e-06 -1e-06 40.354034 -70.533119 154.771713 35.44836 -60.299191 -9.825421 26.575962 -0.233007 -0.058182 8.152358 -2.638251 -0.457094 22.182133 -20.376032 49.933548 -16.701836 -16.743595 28.476673 -1e-05 -12.69064 1.2e-05 16.906324 -17.781361 2.274524 -0.105919 -1.513855 -4.275895 -5.039048 -5.612876 -2.953568 9e-06 -11.020553 4e-06 -6.111303 -15.895391 -3.840495 1e-06 1e-06 0.0 -10.283382 -5.680292 -4.341855 11.028317 -11.302424 -2.372638 -1.384258 -14.238616 -6.320151 -0.625423 -26.92432 -3.827607 -4.161813 -49.766949 -3.495621 -13.708543 -7.363482 -3.720954 18.141193 -14.052762 -3.242685 -1e-06 -18.787334 2.6e-05 -0.429725 -8.456091 2.555539 0.0 -1e-06 0.0 -15.923553 -20.094507 -5.473606 30.419271 -7.190835 1.735915 -4e-06 -8.162953 1.4e-05 -1.861922 -22.861588 -6.167937 1e-06 -3e-06 -4e-06 179.013092 16.321295 -8.495526 6.318859 0.015602 -0.271712 -77.532082 2.633205 3.76397 -6.237964 1.511046 2.035974 -0.999998 -0.0 0.0 -28.094397 -13.110349 11.885235 76.304985 -0.135622 0.078229 -72.632324 3.082697 -4.9022 -8.366784 0.711441 1.705485 -1.000002 -0.0 -0.0 
0.0 0.0 0.0 0.0 -0.0 0.0 3.375439 97.093163 -1.054051 99.14505 -0.626436 94.609169 -3.363438 -6.343956 -0.488549 -11.690353 -2.081021 -1.233865 18.587141 -1.718425 -4.024785 28.993935 3.869456 2.859619 -2.334145 -1.201464 -7.658011 -28.49861 -2.730956 -7.21071 6e-06 -0.0 -1e-06 -0.05899 0.031234 -0.049656 -0.07775 0.089253 -0.04056 -0.091626 -0.030014 -0.066257 -133.388657 -71.977417 148.637756 43.437103 -51.192055 2.725843 25.36891 0.283809 -0.092491 -0.721287 -0.881508 7.46817 17.636635 -26.32268 52.411087 -19.466646 -14.395596 29.410347 1.2e-05 -8.774842 -2e-06 16.135414 -18.769934 6.274455 -0.609779 -1.795654 -3.889325 -4.807107 -11.046829 -2.937842 -2.4e-05 -20.976072 5e-06 -5.020025 -25.033691 -4.031898 7e-06 3e-06 -4e-06 -10.634542 -5.686983 -3.565575 10.573263 -17.922962 -3.113891 -1.3e-05 -13.821251 -1e-06 -0.50181 -31.181696 -4.027044 -11.696823 -60.110111 7.788702 -13.982725 -7.150213 -2.875028 13.772733 -8.401487 -3.218233 0.347686 -34.211662 0.771661 -0.96305 -17.733473 2.62102 -2e-06 -1e-06 0.0 -17.346453 -20.09524 -4.201755 21.757587 -1.638348 3.866432 -6e-06 -6.33884 0.0 -1.697625 -22.591871 -6.194032 0.0 -3e-06 -3e-06 40.641766 -70.060158 154.531891 34.35096 -59.683102 -10.160642 28.024286 -0.430253 -0.05911 9.267838 -2.561696 -1.037123 22.182142 -20.375824 49.93335 -16.701881 -16.743546 28.476583 -1.1e-05 -12.690636 -4e-06 16.831573 -17.681377 2.308839 -0.10592 -1.513861 -4.275885 -5.03905 -5.612881 -2.953568 1.4e-05 -11.020554 -2.3e-05 -6.111297 -15.895411 -3.840525 -0.0 -2e-06 -1e-06 -10.283386 -5.680298 -4.341843 11.02832 -11.302423 -2.372653 -1.384256 -14.238619 -6.320161 -0.625367 -26.924318 -3.827671 -4.139112 -49.764687 -3.533309 -13.708549 -7.363488 -3.720944 18.141195 -14.052762 -3.2427 3.8e-05 -18.787317 -3.6e-05 -0.429696 -8.456073 2.555506 -1e-06 0.0 0.0 -15.92356 -20.094509 -5.473604 30.419279 -7.19085 1.735925 1.1e-05 -8.162935 -1.3e-05 -1.861849 -22.861557 -6.168015 -2e-06 -3e-06 -2e-06 -179.241272 15.983136 -7.23268 6.60923 0.085433 -0.22322 -78.576103 4.055914 4.745509 -5.835711 1.446399 2.051065 -0.999998 0.0 -0.0 -30.801783 -10.445732 10.678858 72.469215 -0.070354 0.000221 -74.36026 4.124917 -6.039992 -8.267841 0.744473 1.704891 -1.000009 -0.0 0.0 
0.0 0.0 0.0 0.0 -0.0 0.0 4.601019 96.99308 1.497493 98.414703 -0.910228 96.714478 -3.328416 -6.199386 -0.578685 -11.644581 -2.154548 -1.703776 18.597511 -1.132399 -4.475211 28.715151 4.948146 2.833165 -2.349173 -1.234632 -8.214643 -28.303755 -3.200428 -8.002565 6e-06 0.0 -1e-06 -0.060774 0.036021 -0.081399 -0.085935 0.093517 -0.064994 -0.081779 -0.02526 -0.104518 -133.406845 -72.764168 148.569626 44.976856 -50.975811 2.239492 26.109545 0.360329 -0.10024 -1.106394 -1.3821 7.331291 17.636681 -26.322819 52.411354 -19.466778 -14.395656 29.410536 1.1e-05 -8.774887 -1e-06 16.10392 -18.753723 6.289469 -0.609779 -1.795664 -3.88934 -4.807127 -11.046895 -2.937861 -2.3e-05 -20.976221 -1e-05 -5.020038 -25.033909 -4.031954 4e-06 2e-06 2e-06 -10.634582 -5.68701 -3.565595 10.573318 -17.923069 -3.113925 -1.3e-05 -13.821339 -7e-06 -0.50179 -31.181948 -4.027101 -11.716117 -60.152828 7.827155 -13.982778 -7.150249 -2.875042 13.772795 -8.401534 -3.218263 0.347705 -34.211933 0.771638 -0.963044 -17.73362 2.621021 -3e-06 3e-06 1e-06 -17.346518 -20.095341 -4.201782 21.757683 -1.638357 3.86645 -5e-06 -6.338881 -4e-06 -1.697614 -22.592054 -6.194106 -2e-06 -4e-06 1e-06 40.62394 -69.346626 154.589096 33.30909 -59.214912 -10.72522 28.72015 -0.40473 -0.027707 9.732119 -2.588732 -1.2899 22.182186 -20.375919 49.933453 -16.701893 -16.743586 28.476635 -4e-06 -12.690667 -3e-06 16.701672 -17.633186 2.353228 -0.105919 -1.513861 -4.275894 -5.039064 -5.612896 -2.953569 6e-06 -11.020585 -9e-06 -6.111325 -15.895453 -3.840516 2e-06 -2e-06 -0.0 -10.283407 -5.68031 -4.341849 11.028337 -11.302442 -2.372648 -1.384271 -14.238649 -6.320163 -0.625409 -26.924374 -3.827655 -4.139514 -49.756149 -3.563827 -13.708571 -7.363503 -3.720949 18.141226 -14.052791 -3.242695 1.5e-05 -18.787369 -1.6e-05 -0.42971 -8.456104 2.555523 -1e-06 -3e-06 -3e-06 -15.923597 -20.094555 -5.473602 30.419336 -7.190852 1.735936 6e-06 -8.162964 -6e-06 -1.86188 -22.861639 -6.168022 -2e-06 -3e-06 -3e-06 -177.924072 15.695944 -5.908666 7.258674 0.118697 -0.210205 -79.719643 5.38197 5.772916 -5.494126 1.365925 2.061547 -0.999998 -0.0 -0.0 -33.006809 -8.152496 9.673028 66.387764 -0.070549 -0.058376 -75.369171 4.577661 -7.381509 -8.125071 0.812407 1.716005 -1.000006 -1e-06 -0.0 
0.0 0.0 0.0 0.0 -0.0 0.0 5.67806 96.831879 3.887849 97.837303 -1.306315 98.75103 -3.380887 -6.156921 -0.658603 -11.641778 -2.255197 -2.128299 18.590212 -0.704343 -4.835935 28.417618 6.181463 2.822183 -2.371505 -1.299588 -8.864966 -28.132675 -3.610026 -8.790374 7e-06 0.0 -1e-06 -0.056234 0.03749 -0.103641 -0.0869 0.098397 -0.082115 -0.070268 -0.027512 -0.130718 -133.455963 -73.529991 148.55687 46.654133 -50.768501 1.703165 26.449057 0.396332 -0.083726 -1.359376 -1.860438 7.295805 17.636593 -26.322676 52.411083 -19.466696 -14.395609 29.410393 -1e-05 -8.774831 3e-06 16.090624 -18.72151 6.286541 -0.609772 -1.795654 -3.889319 -4.80708 -11.046812 -2.937853 3e-05 -20.976051 -1e-05 -5.01994 -25.033636 -4.03189 4e-06 -1e-06 -1e-06 -10.634524 -5.686963 -3.565577 10.573291 -17.92296 -3.113912 1.8e-05 -13.821222 -4e-06 -0.501726 -31.181601 -4.027021 -11.69913 -60.146347 7.850925 -13.982702 -7.150188 -2.875033 13.772736 -8.401505 -3.218255 0.34778 -34.211617 0.771639 -0.963009 -17.733442 2.621037 -2e-06 -1e-06 -1e-06 -17.346397 -20.095201 -4.201768 21.757557 -1.638389 3.866408 7e-06 -6.338831 -4e-06 -1.697551 -22.591822 -6.194035 -3e-06 -5e-06 -2e-06 40.554012 -68.529465 154.627838 32.222752 -59.070004 -11.363912 28.801971 -0.289186 0.004524 9.880015 -2.735088 -1.276747 22.182047 -20.375685 49.93301 -16.701765 -16.743399 28.476343 -1e-05 -12.690532 -1.5e-05 16.613571 -17.647444 2.384367 -0.10592 -1.513856 -4.275859 -5.039021 -5.612855 -2.953547 1.3e-05 -11.020495 -2e-05 -6.111246 -15.895312 -3.840484 -1e-06 1e-06 -1e-06 -10.283327 -5.680272 -4.341819 11.028241 -11.302368 -2.372624 -1.384255 -14.238539 -6.320104 -0.625386 -26.924135 -3.827623 -4.160014 -49.803112 -3.55176 -13.708468 -7.363454 -3.720926 18.141064 -14.0527 -3.242662 4.1e-05 -18.787209 -4e-05 -0.429687 -8.456018 2.555478 1e-06 2e-06 1e-06 -15.923468 -20.094419 -5.473569 30.41906 -7.190816 1.735935 1.4e-05 -8.162889 -1.9e-05 -1.861815 -22.861399 -6.167974 -2e-06 -5e-06 -2e-06 -176.900024 15.469468 -4.678451 8.18433 0.127848 -0.203625 -80.912735 6.579027 6.791881 -5.239101 1.295748 2.067863 -0.999998 -0.0 1e-06 -34.554543 -6.253406 8.958481 58.750557 -0.108872 -0.040956 -74.930725 4.199086 -8.692458 -7.889327 0.903605 1.741306 -0.999996 0.0 -1e-06 
0.0 0.0 0.0 0.0 -0.0 0.0 6.663452 96.668564 6.238179 97.291763 -1.79216 100.799759 -3.496077 -6.130479 -0.726954 -11.676727 -2.348247 -2.529154 18.532837 -0.409453 -5.121198 28.124813 7.467088 2.811004 -2.39591 -1.350911 -9.599273 -27.881433 -3.952445 -9.626806 6e-06 0.0 -1e-06 -0.055854 0.035431 -0.099617 -0.093871 0.101561 -0.076852 -0.077479 -0.034275 -0.126212 -133.694321 -74.209488 148.742737 48.375454 -50.638695 0.868717 26.443312 0.355183 -0.064295 -1.5023 -2.195958 7.236447 17.636473 -26.32258 52.410919 -19.466516 -14.39552 29.410242 -1e-05 -8.774755 8e-06 16.100435 -18.712351 6.269613 -0.609773 -1.79564 -3.889308 -4.807042 -11.046721 -2.937833 2.1e-05 -20.975859 4e-06 -5.019901 -25.033379 -4.031847 7e-06 1e-06 1e-06 -10.634451 -5.686923 -3.565571 10.573196 -17.922815 -3.113881 1.1e-05 -13.821112 1.1e-05 -0.501746 -31.181313 -4.026962 -11.649263 -60.147411 7.838902 -13.982605 -7.150136 -2.875031 13.772623 -8.401437 -3.218223 0.347748 -34.211281 0.771677 -0.963027 -17.733269 2.621034 -3e-06 -1e-06 0.0 -17.346264 -20.095053 -4.20177 21.757381 -1.638374 3.866386 6e-06 -6.338779 6e-06 -1.697544 -22.591604 -6.193957 0.0 -3e-06 -1e-06 40.481377 -67.642761 154.603729 30.885382 -59.182922 -11.684132 28.385023 -0.1694 0.022066 9.774521 -3.012563 -0.986075 22.181936 -20.375843 49.933094 -16.701689 -16.743416 28.476397 -7e-06 -12.690497 1.4e-05 16.583389 -17.740789 2.400193 -0.105921 -1.513846 -4.275861 -5.038998 -5.612843 -2.953542 6e-06 -11.020488 6e-06 -6.111233 -15.895306 -3.840446 -1e-06 -3e-06 0.0 -10.283286 -5.680251 -4.34182 11.028203 -11.302353 -2.372613 -1.384249 -14.238528 -6.320086 -0.625434 -26.924139 -3.827571 -4.178782 -49.9105 -3.555646 -13.70842 -7.363431 -3.720924 18.141001 -14.052671 -3.242649 -1e-06 -18.787207 1.4e-05 -0.429718 -8.456033 2.555507 -2e-06 3e-06 -3e-06 -15.923398 -20.094362 -5.473555 30.418955 -7.190772 1.735898 -4e-06 -8.162896 6e-06 -1.861884 -22.861431 -6.167902 -0.0 -2e-06 -3e-06 -176.060501 15.188999 -3.59086 9.226145 0.129772 -0.214071 -82.06218 7.78908 7.781498 -5.08024 1.25437 2.076286 -0.999997 -0.0 0.0 -35.45657 -4.783083 8.223788 50.100433 -0.122232 0.003827 -72.381042 3.282996 -9.86739 -7.613646 0.994566 1.772964 -1.000003 -1e-06 0.0 
0.0 0.0 0.0 0.0 -0.0 0.0 7.592468 96.547791 8.620653 96.62429 -2.324509 102.869926 -3.675926 -6.05839 -0.736213 -11.769811 -2.424506 -2.920881 18.449251 -0.133613 -5.387478 27.868448 8.740958 2.795301 -2.409982 -1.420035 -10.360442 -27.554598 -4.246049 -10.56886 6e-06 0.0 -0.0 -0.062889 0.030056 -0.065015 -0.114365 0.098403 -0.043216 -0.105711 -0.04089 -0.089482 -134.024796 -74.798409 149.078125 50.048485 -50.683529 -0.14095 26.336651 0.308473 -0.041462 -1.619251 -2.330908 7.044887 17.636606 -26.322878 52.411392 -19.466612 -14.395606 29.41046 -5e-06 -8.774816 2e-06 16.08017 -18.71917 6.281106 -0.609776 -1.795644 -3.889332 -4.807072 -11.046785 -2.93785 8e-06 -20.975998 3.3e-05 -5.019958 -25.033546 -4.031857 5e-06 3e-06 -1e-06 -10.634513 -5.686951 -3.5656 10.573258 -17.922924 -3.113877 3e-06 -13.821204 2.8e-05 -0.501792 -31.181541 -4.026951 -11.584831 -60.178619 7.849519 -13.982688 -7.150175 -2.875058 13.772704 -8.401484 -3.21823 0.347703 -34.211544 0.771743 -0.963066 -17.733412 2.62108 -3e-06 -2e-06 -2e-06 -17.346373 -20.095165 -4.201801 21.757517 -1.638386 3.866428 3e-06 -6.338824 1.3e-05 -1.697579 -22.591772 -6.193989 -1e-06 -5e-06 0.0 40.40387 -66.757332 154.552307 29.2509 -59.515175 -11.678745 27.54384 -0.096015 0.03492 9.443863 -3.342486 -0.484772 22.182056 -20.375961 49.933399 -16.701792 -16.743498 28.476572 -8e-06 -12.690569 9e-06 16.587925 -17.885012 2.414359 -0.105924 -1.513855 -4.275886 -5.039027 -5.612872 -2.953561 4e-06 -11.020539 0.0 -6.111273 -15.89538 -3.840486 -0.0 -0.0 -1e-06 -10.283349 -5.680286 -4.341846 11.028266 -11.302406 -2.372632 -1.384256 -14.238592 -6.320133 -0.625421 -26.924267 -3.827615 -4.208893 -50.079929 -3.566167 -13.708494 -7.363474 -3.720947 18.141104 -14.052736 -3.242672 2e-06 -18.787289 6e-06 -0.429719 -8.456065 2.555519 -2e-06 1e-06 -2e-06 -15.923495 -20.094481 -5.47359 30.419128 -7.190811 1.735911 1e-06 -8.162937 4e-06 -1.861884 -22.86154 -6.167949 -1e-06 -2e-06 -5e-06 -175.27211 14.675346 -2.668807 10.204303 0.133213 -0.213177 -83.068192 9.135633 8.681274 -5.120388 1.253433 2.093575 -0.999997 0.0 0.0 -35.614815 -3.707211 6.815311 40.537575 -0.107347 0.024437 -67.622253 2.762135 -11.278053 -7.437779 1.081903 1.796547 -1.0 -0.0 0.0 
0.0 0.0 0.0 0.0 -0.0 0.0 8.516869 96.439484 11.091126 95.823982 -2.865938 104.958618 -3.931136 -5.96157 -0.686028 -11.928865 -2.523536 -3.304688 18.337524 0.19953 -5.676273 27.709755 10.033949 2.785624 -2.38444 -1.486798 -11.088262 -27.138182 -4.539042 -11.611898 6e-06 0.0 0.0 -0.06416 0.023768 -0.02021 -0.146213 0.09385 -0.001802 -0.145377 -0.047553 -0.041043 -134.019974 -75.363426 149.144775 51.547138 -51.042645 -1.126653 26.379534 0.278444 -0.034546 -1.763406 -2.513104 6.685095 17.636608 -26.322903 52.411442 -19.46673 -14.395676 29.410553 -2e-05 -8.77485 1e-05 16.052015 -18.739059 6.298872 -0.609776 -1.795653 -3.88934 -4.807071 -11.046813 -2.937861 4.6e-05 -20.976076 2.1e-05 -5.019942 -25.033648 -4.031856 6e-06 -1e-06 -1e-06 -10.63453 -5.686958 -3.565602 10.573324 -17.922991 -3.113913 2.5e-05 -13.82125 2.5e-05 -0.501745 -31.181665 -4.026954 -11.586345 -60.253922 7.908731 -13.982711 -7.150181 -2.875054 13.772765 -8.401525 -3.218264 0.347772 -34.211681 0.77172 -0.963037 -17.73348 2.621094 -1e-06 0.0 1e-06 -17.346394 -20.095201 -4.201808 21.757591 -1.638416 3.866419 1.3e-05 -6.338844 1.4e-05 -1.697548 -22.591845 -6.194007 -1e-06 -4e-06 -3e-06 40.2523 -65.924622 154.58551 27.34037 -59.970276 -11.577763 26.227064 -0.090274 0.03718 8.868158 -3.886198 0.2337 22.182104 -20.375946 49.933502 -16.701897 -16.743532 28.476677 -1.5e-05 -12.690618 6e-06 16.615828 -18.070395 2.400913 -0.105919 -1.513862 -4.275894 -5.039043 -5.612892 -2.953576 1.6e-05 -11.020585 -1.9e-05 -6.111281 -15.895464 -3.840526 1e-06 -3e-06 1e-06 -10.283372 -5.680301 -4.341857 11.02831 -11.302449 -2.372654 -1.384248 -14.238664 -6.320178 -0.625369 -26.924431 -3.827682 -4.189764 -50.287766 -3.698644 -13.708523 -7.363492 -3.72096 18.141172 -14.052796 -3.242706 3e-05 -18.787376 -2.8e-05 -0.429706 -8.456109 2.555516 2e-06 -3e-06 -0.0 -15.923524 -20.094532 -5.473623 30.419228 -7.190853 1.735906 1e-05 -8.162963 -9e-06 -1.861845 -22.861649 -6.168021 0.0 -3e-06 -1e-06 -174.45163 13.903255 -2.060555 11.099956 0.142782 -0.160587 -83.778152 10.711408 9.511664 -5.607587 1.29077 2.118712 -1.000002 0.0 0.0 -34.829899 -2.929177 4.018412 29.808886 -0.064554 0.030086 -60.457222 2.858924 -13.550016 -7.453039 1.161229 1.789631 -1.000004 -1e-06 0.0 
0.0 0.0 0.0 0.0 -0.0 0.0 9.46936 96.249184 13.724897 95.085098 -3.337116 106.901207 -4.233423 -5.891057 -0.662982 -12.094511 -2.616533 -3.56926 18.141094 0.47355 -5.926445 27.626043 11.329962 2.626474 -2.330163 -1.492872 -11.814923 -26.660351 -4.902828 -12.575242 5e-06 0.0 2e-06 -0.076713 0.027921 0.001134 -0.185988 0.11371 0.016483 -0.193662 -0.057835 -0.019013 -133.507492 -75.980812 148.720703 52.651714 -51.733551 -1.709648 26.660152 0.161521 0.040985 -1.860194 -3.096127 6.295352 17.636652 -26.322809 52.411266 -19.466722 -14.395691 29.410467 -1.7e-05 -8.774865 3e-06 16.034891 -18.733694 6.265536 -0.609774 -1.79565 -3.889333 -4.807083 -11.046806 -2.937848 4.7e-05 -20.976057 1.6e-05 -5.019954 -25.033636 -4.031866 6e-06 3e-06 1e-06 -10.634549 -5.686953 -3.565588 10.573339 -17.922972 -3.113909 2.4e-05 -13.821234 2e-05 -0.501755 -31.181631 -4.026957 -11.818472 -60.442551 7.930639 -13.982737 -7.150177 -2.875033 13.77279 -8.401515 -3.218261 0.347784 -34.211655 0.771699 -0.963022 -17.733467 2.621082 0.0 -1e-06 0.0 -17.346434 -20.095184 -4.201785 21.757629 -1.638415 3.866418 1.2e-05 -6.338838 9e-06 -1.697563 -22.591835 -6.194007 -2e-06 -2e-06 -4e-06 40.170918 -65.172676 154.643311 25.249018 -60.456955 -11.359598 24.485125 -0.118331 0.015654 7.931231 -4.571282 0.854724 22.182045 -20.375933 49.933464 -16.701853 -16.743492 28.476645 6e-06 -12.69058 1.6e-05 16.642544 -18.296604 2.294183 -0.105922 -1.513863 -4.275892 -5.039035 -5.612906 -2.953568 -5e-06 -11.020599 -1.1e-05 -6.111293 -15.895492 -3.840501 1e-06 -4e-06 0.0 -10.283358 -5.680317 -4.341851 11.02827 -11.302448 -2.372648 -1.384266 -14.238688 -6.320168 -0.625432 -26.924465 -3.827681 -4.134841 -50.358829 -4.07482 -13.708509 -7.363513 -3.72095 18.141115 -14.052793 -3.2427 -6e-06 -18.787403 -3e-05 -0.429722 -8.45612 2.555504 1e-06 1e-06 1e-06 -15.923522 -20.094576 -5.473599 30.419153 -7.190803 1.735905 -4e-06 -8.162974 -1.5e-05 -1.861875 -22.861694 -6.168039 -0.0 -3e-06 0.0 -173.550766 13.111436 -1.957484 12.125808 0.113374 -0.115825 -84.310181 12.63423 10.440258 -6.57617 1.304141 2.16005 -1.000003 -0.0 -1e-06 -33.357574 -2.181975 -0.437797 18.653452 -0.015724 -0.058621 -50.839214 3.284947 -16.466536 -7.186959 1.237942 1.745426 -1.000006 -1e-06 3e-06 
0.0 0.0 0.0 0.0 -0.0 0.0 10.551955 95.876823 16.56695 94.742836 -3.737991 108.677376 -4.493991 -6.00005 -0.644468 -12.275201 -2.743015 -3.76403 17.866352 0.523815 -6.105208 27.569958 12.505677 2.571843 -2.258855 -1.495953 -12.659618 -26.176971 -5.116214 -13.50172 5e-06 -0.0 3e-06 -0.054281 0.031037 -0.006415 -0.196003 0.116456 0.008994 -0.202251 -0.053088 -0.027014 -132.727417 -76.521828 147.986618 53.261551 -52.422279 -1.063091 26.937908 0.066585 0.022093 -2.048817 -4.237428 6.250401 17.63678 -26.322737 52.411186 -19.466913 -14.395691 29.410522 -3.2e-05 -8.774907 -8e-06 16.137516 -18.723997 6.254542 -0.609772 -1.79567 -3.889342 -4.80709 -11.046881 -2.937875 0.0001 -20.976225 -3.6e-05 -5.019907 -25.033852 -4.031926 7e-06 0.0 -2e-06 -10.634586 -5.686986 -3.56559 10.573418 -17.923117 -3.113961 6.1e-05 -13.821339 -2.1e-05 -0.501622 -31.181921 -4.027074 -12.13081 -60.618477 8.198483 -13.982782 -7.150213 -2.875046 13.772859 -8.401592 -3.218281 0.347914 -34.211918 0.771578 -0.962947 -17.733595 2.621057 -3e-06 1e-06 -0.0 -17.346481 -20.095299 -4.201799 21.757719 -1.638449 3.866434 2.7e-05 -6.338878 -1.1e-05 -1.697489 -22.592022 -6.194106 3e-06 -3e-06 -3e-06 39.987633 -64.470337 154.620972 22.733225 -60.997707 -10.325729 22.602972 -0.04971 -0.018224 6.827538 -5.130428 1.299945 22.182272 -20.375849 49.933353 -16.701977 -16.74353 28.476604 -1.2e-05 -12.690673 -2.2e-05 16.624584 -18.355808 2.242304 -0.105919 -1.513874 -4.27589 -5.039066 -5.612921 -2.953573 1.6e-05 -11.020637 -2.5e-05 -6.111317 -15.895546 -3.840526 0.0 -0.0 0.0 -10.283422 -5.680331 -4.34185 11.028357 -11.302505 -2.372653 -1.384266 -14.238731 -6.32018 -0.625377 -26.924543 -3.827693 -3.99657 -50.39362 -4.249817 -13.708591 -7.363529 -3.72095 18.141258 -14.05287 -3.2427 5.2e-05 -18.787449 -5.9e-05 -0.429682 -8.456134 2.555505 1e-06 -3e-06 -3e-06 -15.923615 -20.094639 -5.473604 30.419361 -7.190911 1.735954 2.2e-05 -8.16299 -2.8e-05 -1.861815 -22.861736 -6.168084 -0.0 -4e-06 -2e-06 -172.717422 12.614503 -2.540087 13.838339 0.127038 -0.062376 -84.544205 14.599585 11.276184 -8.070521 1.347179 2.173455 -1.000003 -0.0 1e-06 -32.203415 -1.540559 -6.246581 10.696433 0.097224 -0.221219 -42.696949 1.96013 -17.184944 -6.872235 1.17271 1.666439 -1.000003 0.0 0.0 
0.0 0.0 0.0 0.0 -0.0 0.0 11.723618 95.414879 19.517305 94.613335 -4.073118 110.16156 -4.78463 -6.036956 -0.616075 -12.398667 -2.831602 -3.837987 17.587227 0.341714 -6.161523 27.337923 13.45123 2.412899 -2.174685 -1.573623 -13.460593 -25.877123 -5.276013 -14.355118 6e-06 -0.0 0.0 -0.039113 0.034061 -0.019112 -0.194515 0.122173 0.004338 -0.195738 -0.052291 -0.045635 -132.987396 -76.879883 148.2901 53.262943 -52.809422 0.432182 26.87269 -0.044351 -0.019222 -2.175267 -5.447299 6.550155 17.636644 -26.322803 52.411266 -19.466675 -14.395628 29.410442 -3e-06 -8.774841 1e-06 16.220976 -18.663279 6.196025 -0.609776 -1.795652 -3.889328 -4.807091 -11.046824 -2.937847 6e-06 -20.97608 1.6e-05 -5.019988 -25.033689 -4.03188 5e-06 3e-06 3e-06 -10.634539 -5.686965 -3.565591 10.573292 -17.922977 -3.113894 3e-06 -13.821253 1.6e-05 -0.501787 -31.181688 -4.026993 -12.14324 -60.558754 8.13321 -13.982719 -7.150194 -2.875043 13.772746 -8.401505 -3.218245 0.347728 -34.211689 0.771698 -0.963044 -17.73348 2.621059 -3e-06 -3e-06 2e-06 -17.346424 -20.095217 -4.201782 21.757587 -1.638385 3.866437 1e-06 -6.338847 9e-06 -1.697591 -22.591877 -6.194026 -1e-06 -4e-06 -2e-06 39.715614 -63.856812 154.662766 19.990517 -61.508518 -8.607654 20.975725 0.153371 -0.04293 5.530876 -5.589007 1.898839 22.182039 -20.37583 49.933132 -16.701723 -16.743444 28.476385 -8e-06 -12.690524 -2e-06 16.636806 -18.248236 2.198753 -0.105918 -1.51385 -4.275866 -5.039014 -5.612844 -2.953543 1.1e-05 -11.020479 1e-06 -6.111239 -15.895267 -3.840454 0.0 -1e-06 0.0 -10.283331 -5.680264 -4.341824 11.028237 -11.302358 -2.372615 -1.384251 -14.238507 -6.320087 -0.625412 -26.92407 -3.827574 -3.890275 -50.373692 -4.338675 -13.708469 -7.363446 -3.720929 18.141064 -14.052683 -3.242649 1.5e-05 -18.787193 4e-06 -0.429705 -8.456018 2.555501 1e-06 -0.0 1e-06 -15.923468 -20.094402 -5.473565 30.41905 -7.190801 1.735921 5e-06 -8.162889 2e-06 -1.861867 -22.861376 -6.167903 1e-06 -5e-06 -2e-06 -172.308792 12.214475 -3.806113 16.842735 0.143739 -0.035521 -84.74498 16.460241 12.108098 -10.261819 1.431593 2.174153 -1.0 -0.0 1e-06 -31.907362 -0.779703 -12.848628 7.374323 0.178509 -0.628381 -38.113667 -3.297589 -13.803617 -6.799171 0.996242 1.605027 -1.000006 0.0 0.0 
0.0 0.0 0.0 0.0 -0.0 0.0 13.049089 94.944145 22.572149 94.6194 -4.249732 111.163826 -5.077493 -5.849416 -0.601614 -12.477847 -2.831833 -3.699689 17.2498 0.034387 -6.123143 26.940563 13.859665 2.216925 -2.109985 -1.588082 -14.144804 -25.805609 -5.480143 -15.139306 6e-06 0.0 2e-06 -0.031584 0.034576 -0.051431 -0.149765 0.124912 -0.013981 -0.144812 -0.053974 -0.086619 -134.873657 -76.892014 150.381485 52.632469 -52.990726 2.023336 26.258898 -0.132764 -0.019869 -2.231129 -6.010962 7.007427 17.63669 -26.322817 52.411289 -19.466646 -14.395672 29.410419 -3e-06 -8.774855 -3e-06 16.246698 -18.562885 6.04481 -0.609777 -1.795647 -3.88933 -4.807095 -11.046788 -2.937845 1.3e-05 -20.975992 3.1e-05 -5.01999 -25.033539 -4.03187 7e-06 3e-06 -1e-06 -10.634561 -5.686957 -3.565586 10.573312 -17.922934 -3.113883 8e-06 -13.821202 2.5e-05 -0.501806 -31.181522 -4.026958 -11.781718 -60.065498 7.580255 -13.982748 -7.150182 -2.87504 13.772773 -8.40149 -3.218236 0.347721 -34.211555 0.771737 -0.963055 -17.733408 2.621079 -3e-06 1e-06 -0.0 -17.346455 -20.095179 -4.201782 21.75762 -1.638397 3.866437 3e-06 -6.33882 1.7e-05 -1.697601 -22.59173 -6.193978 2e-06 -7e-06 -4e-06 39.758347 -63.427814 154.518616 17.231577 -61.957016 -6.360858 19.952024 0.321835 -0.033989 4.205744 -6.050712 3.072883 22.182154 -20.375854 49.933281 -16.701815 -16.74353 28.476496 8e-06 -12.690624 -1e-05 16.755318 -18.025904 2.074808 -0.105919 -1.513859 -4.275881 -5.039055 -5.612885 -2.953554 -5e-06 -11.020545 -3e-06 -6.111331 -15.895389 -3.840484 0.0 -3e-06 0.0 -10.283392 -5.680306 -4.341835 11.0283 -11.302412 -2.37263 -1.38429 -14.238615 -6.320128 -0.625449 -26.92428 -3.82763 -3.834844 -50.344154 -4.362839 -13.708551 -7.3635 -3.720933 18.141169 -14.052744 -3.24267 -3e-06 -18.787308 -1.5e-05 -0.429709 -8.456066 2.555501 0.0 -2e-06 0.0 -15.923586 -20.094532 -5.473571 30.419262 -7.190814 1.735951 -0.0 -8.16294 -1e-05 -1.861903 -22.861557 -6.167994 2e-06 1e-06 1e-06 -172.385071 11.77068 -5.77005 21.293427 0.118659 -0.047672 -84.368828 18.004471 13.085601 -13.841811 1.594461 2.14383 -1.0 0.0 -0.0 -31.967318 0.088791 -18.571774 8.732264 0.25157 -1.403922 -40.386238 -13.438888 -3.53223 -8.968865 0.722626 1.589222 -1.000001 0.0 0.0 
0.0 0.0 0.0 0.0 -0.0 0.0 14.549086 94.59417 25.910652 94.442848 -4.263785 111.732628 -5.373316 -5.297993 -0.931847 -12.591058 -2.762553 -3.396826 16.661026 -0.248146 -5.895881 26.945271 13.867342 2.093 -2.079994 -1.422554 -14.551173 -26.143822 -5.880679 -15.83955 7e-06 0.0 -1e-06 -0.053437 0.024234 -0.041427 -0.136236 0.084533 -0.006741 -0.147748 -0.030184 -0.065416 -137.959366 -76.388626 153.527496 50.341736 -53.386227 4.59709 25.726902 -0.087246 0.011653 -2.19087 -5.739882 6.520729 17.636593 -26.32268 52.411095 -19.466627 -14.395596 29.410358 -9e-06 -8.774815 -2e-06 16.09132 -18.69285 6.161369 -0.609773 -1.795646 -3.889322 -4.80707 -11.046768 -2.937846 3.2e-05 -20.97596 4e-06 -5.019927 -25.033501 -4.031878 4e-06 1e-06 -0.0 -10.634507 -5.686944 -3.565583 10.573272 -17.922909 -3.113896 1.7e-05 -13.821183 5e-06 -0.501736 -31.181505 -4.026996 -11.508047 -59.595531 7.277797 -13.982681 -7.150165 -2.875036 13.772714 -8.401479 -3.218243 0.347768 -34.211487 0.771666 -0.963024 -17.733376 2.62105 1e-06 1e-06 -1e-06 -17.346365 -20.095135 -4.201779 21.757523 -1.63839 3.866412 6e-06 -6.338808 6e-06 -1.697559 -22.591715 -6.194007 1e-06 -3e-06 -3e-06 40.436497 -63.068798 153.73703 14.054704 -62.154591 -3.058584 19.70022 0.092494 0.023086 2.786988 -6.482414 4.451437 22.181959 -20.375776 49.933037 -16.701683 -16.743382 28.47633 -3e-06 -12.69048 0.0 16.540747 -17.839012 2.085006 -0.10592 -1.513849 -4.275858 -5.039001 -5.612844 -2.953538 2e-06 -11.020471 -1e-06 -6.111235 -15.895267 -3.840443 -0.0 -5e-06 0.0 -10.2833 -5.680262 -4.341816 11.028197 -11.302346 -2.372612 -1.384257 -14.238506 -6.320076 -0.625432 -26.924057 -3.827578 -3.861164 -50.010563 -4.206781 -13.708429 -7.363442 -3.720924 18.140991 -14.052663 -3.242646 5e-06 -18.787174 -5e-06 -0.42971 -8.456008 2.555488 0.0 -0.0 0.0 -15.923422 -20.094387 -5.473555 30.418945 -7.190769 1.735913 -3e-06 -8.162884 -6e-06 -1.861863 -22.861368 -6.167914 0.0 -9e-06 -0.0 -173.030365 10.792043 -8.477422 26.973042 -0.042256 0.005648 -82.347786 19.70343 14.317642 -19.161629 1.850347 2.126493 -0.999998 -0.0 0.0 -31.622389 1.077538 -21.09819 12.781523 0.157785 -1.866162 -52.555218 -21.978308 5.774785 -8.211221 0.57574 1.598153 -1.0 0.0 1e-06 
0.0 0.0 0.0 0.0 -0.0 0.0 16.087301 94.487617 29.392464 93.220955 -3.91911 111.658394 -5.928771 -4.15169 -1.033434 -12.833568 -2.476126 -3.282425 16.407984 0.013168 -5.926305 27.062666 13.410079 2.107247 -2.127605 -1.352551 -14.474257 -26.222857 -5.95855 -16.143511 5e-06 0.0 0.0 -0.080575 0.011401 -0.029224 -0.142993 0.043462 0.002998 -0.148536 -0.014089 -0.050771 -141.17688 -74.965279 157.168976 47.226143 -53.408283 6.702864 25.188595 -0.077436 0.013524 -2.257034 -4.913465 6.123308 17.636396 -26.322481 52.410793 -19.466393 -14.395447 29.410122 1e-06 -8.774703 2e-06 16.065954 -18.616831 6.133668 -0.609772 -1.79563 -3.889295 -4.807032 -11.046669 -2.937818 -4e-06 -20.975723 7e-06 -5.019891 -25.033197 -4.031837 6e-06 3e-06 1e-06 -10.634415 -5.686908 -3.565566 10.573124 -17.922718 -3.11385 -4e-06 -13.821025 1e-05 -0.501776 -31.181053 -4.026942 -11.147499 -59.505962 7.149196 -13.982555 -7.150119 -2.875026 13.772548 -8.401383 -3.218203 0.347706 -34.211048 0.771679 -0.963037 -17.733145 2.62101 1e-06 0.0 -3e-06 -17.346212 -20.094984 -4.201759 21.75728 -1.638347 3.866381 -3e-06 -6.338738 1.1e-05 -1.697559 -22.591425 -6.193925 -1e-06 -3e-06 -1e-06 40.014565 -62.488396 154.302734 11.392878 -61.180691 0.456273 20.160648 -0.113614 0.015604 1.711955 -7.425142 5.323961 22.181742 -20.375666 49.932861 -16.701555 -16.743303 28.476221 -1.6e-05 -12.690372 2.3e-05 16.386543 -17.93409 2.117533 -0.105917 -1.513836 -4.275843 -5.038954 -5.61279 -2.953526 1.1e-05 -11.020354 -7e-06 -6.111145 -15.895069 -3.840425 0.0 -3e-06 -0.0 -10.283224 -5.680213 -4.341802 11.028116 -11.302242 -2.37261 -1.384222 -14.238353 -6.320042 -0.625385 -26.923731 -3.827552 -3.744197 -49.910118 -4.331467 -13.708326 -7.36338 -3.720911 18.14086 -14.052536 -3.242643 8e-06 -18.786978 4e-06 -0.429712 -8.455914 2.555475 0.0 2e-06 -2e-06 -15.92328 -20.094215 -5.47355 30.418722 -7.190707 1.735861 -1e-06 -8.1628 8e-06 -1.861854 -22.861088 -6.167817 0.0 -2e-06 -1e-06 -173.948776 8.266311 -11.312053 32.595505 -0.109519 0.12568 -78.587791 21.005428 15.058749 -25.062347 2.059299 2.076658 -1.000001 0.0 -0.0 -30.799513 2.696169 -21.31786 16.106075 0.028067 -1.836013 -62.0084 -24.526173 9.522414 -6.725062 0.505251 1.593756 -0.999998 -1e-06 0.0 
0.0 0.0 0.0 0.0 -0.0 0.0 17.564274 94.72908 32.873829 91.212051 -3.363344 110.82222 -6.603539 -2.76533 -0.993489 -13.091822 -2.151464 -3.36551 16.159943 1.001396 -5.92018 27.429314 12.784552 2.034028 -2.237483 -1.259342 -13.944278 -25.873955 -5.753062 -15.863751 6e-06 -0.0 1e-06 -0.106728 -0.001893 -0.010767 -0.137961 -0.003656 0.028024 -0.109228 0.005115 -0.041954 -142.900909 -73.57663 159.238708 44.037231 -54.079891 7.854492 24.290009 -0.143785 0.035214 -2.337962 -3.867075 5.110145 17.636608 -26.322718 52.411243 -19.466702 -14.395624 29.41045 0.0 -8.774845 1e-06 16.131645 -18.655691 6.033836 -0.609776 -1.795656 -3.889329 -4.807096 -11.046824 -2.937859 1.1e-05 -20.976063 -1.9e-05 -5.019963 -25.033665 -4.031923 5e-06 1e-06 -1e-06 -10.63454 -5.686978 -3.565589 10.573287 -17.922962 -3.113919 6e-06 -13.821233 -8e-06 -0.50175 -31.181631 -4.027057 -10.954969 -59.399158 6.93868 -13.982724 -7.150206 -2.875039 13.772746 -8.401499 -3.218256 0.347748 -34.211636 0.771634 -0.963024 -17.733448 2.62103 -2e-06 -1e-06 -2e-06 -17.346434 -20.095232 -4.201783 21.757586 -1.638372 3.866427 0.0 -6.338834 -3e-06 -1.697578 -22.591852 -6.194059 -1e-06 -1e-06 -3e-06 39.702507 -62.114288 154.816559 9.048217 -60.151783 2.303206 21.48011 -0.475617 0.016163 0.542714 -8.466501 6.805518 22.182144 -20.375851 49.933323 -16.701862 -16.743542 28.476562 -9e-06 -12.690634 -1e-06 16.233109 -18.147375 2.183223 -0.105918 -1.513859 -4.275882 -5.03905 -5.612885 -2.953562 9e-06 -11.02057 -1.2e-05 -6.111306 -15.895432 -3.840506 1e-06 -2e-06 -1e-06 -10.283383 -5.680298 -4.341839 11.028312 -11.302423 -2.372642 -1.384265 -14.238629 -6.320149 -0.625399 -26.924341 -3.827648 -3.952152 -49.854393 -4.378716 -13.708542 -7.363488 -3.720942 18.141184 -14.052766 -3.242686 2.1e-05 -18.787336 -2e-05 -0.429705 -8.456091 2.555512 0.0 -0.0 1e-06 -15.92356 -20.094511 -5.47359 30.419266 -7.190839 1.735931 6e-06 -8.162947 -9e-06 -1.861872 -22.861599 -6.168001 0.0 -3e-06 -0.0 -175.045258 4.173935 -14.543675 37.713459 -0.01393 0.220077 -71.534561 23.926161 14.755199 -30.193268 2.007074 1.981632 -0.999997 -0.0 2e-06 -29.684145 5.35251 -20.623968 18.423615 -0.058058 -1.806665 -67.5905 -25.378296 10.425371 -6.236716 0.607635 1.599394 -1.000003 2e-06 -0.0 
0.0 0.0 0.0 0.0 -0.0 0.0 18.838797 94.879547 36.219944 89.826645 -2.814668 109.510468 -6.960914 -1.903263 -0.958289 -13.12979 -1.938405 -3.478665 15.831752 1.775053 -5.98326 28.063158 12.765926 1.969187 -2.287128 -1.218991 -13.228981 -25.928717 -5.358752 -14.922133 6e-06 0.0 -0.0 -0.103415 -0.004501 0.038521 -0.150564 -0.000622 0.071653 -0.095428 -0.004306 0.008872 -141.704819 -73.816635 158.254013 42.330696 -55.804829 8.241632 23.057457 0.213705 0.090919 -2.556708 -2.854383 3.426408 17.63669 -26.322769 52.411259 -19.466749 -14.395664 29.410467 -1.4e-05 -8.774867 -7e-06 16.175827 -18.492424 5.85425 -0.609775 -1.795654 -3.889337 -4.807091 -11.046823 -2.937859 4.7e-05 -20.976088 -7e-06 -5.019949 -25.033684 -4.031903 6e-06 3e-06 -1e-06 -10.634557 -5.686967 -3.565593 10.57334 -17.922997 -3.11392 2.8e-05 -13.821249 1e-06 -0.501715 -31.181662 -4.027024 -10.738153 -59.385101 6.667054 -13.982745 -7.150193 -2.875047 13.772792 -8.401524 -3.218257 0.347804 -34.211678 0.771651 -0.963005 -17.733467 2.621061 -1e-06 -1e-06 -1e-06 -17.346451 -20.095222 -4.201789 21.757641 -1.638411 3.866433 1.4e-05 -6.338842 1e-06 -1.697553 -22.591854 -6.194043 1e-06 -4e-06 -2e-06 41.166138 -62.507999 153.396271 7.59938 -60.736626 3.359674 23.378517 -0.58113 0.062835 0.45365 -8.505989 6.4098 22.182127 -20.375793 49.933235 -16.701805 -16.74349 28.476465 1.7e-05 -12.690607 -1.6e-05 16.214222 -18.298903 2.281533 -0.105922 -1.51386 -4.275877 -5.039052 -5.612887 -2.953553 -7e-06 -11.020544 -1.3e-05 -6.111321 -15.895404 -3.840497 1e-06 -1e-06 -0.0 -10.28338 -5.680308 -4.341833 11.028283 -11.302402 -2.372632 -1.384291 -14.238606 -6.320132 -0.62544 -26.924273 -3.827656 -4.221074 -49.743675 -4.374166 -13.708536 -7.363501 -3.720934 18.141136 -14.052731 -3.242668 -1e-06 -18.787291 -3.4e-05 -0.429706 -8.456055 2.555491 0.0 0.0 -1e-06 -15.923567 -20.094532 -5.473573 30.419218 -7.190797 1.735956 2e-06 -8.162929 -1.7e-05 -1.861883 -22.861528 -6.168015 -0.0 -3e-06 -1e-06 -176.497482 0.352767 -16.521303 42.835209 0.076368 0.343293 -62.68853 28.323608 12.957933 -30.828308 1.820677 1.871713 -0.999998 -0.0 -2e-06 -28.454754 7.215714 -20.055052 20.945148 -0.005496 -1.713455 -72.012924 -24.975225 10.641699 -5.846201 0.684629 1.623755 -1.0 -1e-06 1e-06 
0.0 0.0 0.0 0.0 -0.0 0.0 19.867893 94.910583 39.182274 88.99144 -2.379965 107.99791 -7.124258 -1.391205 -0.981021 -13.030998 -1.858722 -3.478377 15.594739 2.165314 -6.089829 28.778831 13.115751 1.923064 -2.39446 -1.219818 -12.464018 -26.023958 -4.846531 -13.906157 6e-06 -0.0 -0.0 -0.099636 -0.004988 0.076192 -0.161251 0.006639 0.095891 -0.093628 -0.013159 0.05618 -139.781265 -74.527214 156.504898 41.561375 -57.033291 8.402523 21.609879 0.608028 0.109829 -3.110544 -1.856065 1.998852 17.636648 -26.322828 52.411388 -19.466764 -14.39566 29.410536 -1.7e-05 -8.77486 2e-06 16.154118 -18.187555 5.784929 -0.609776 -1.795658 -3.889342 -4.807086 -11.046833 -2.937866 4.7e-05 -20.97611 -1.2e-05 -5.019937 -25.033716 -4.031907 7e-06 0.0 -0.0 -10.634547 -5.68697 -3.565599 10.573334 -17.92301 -3.113928 2.7e-05 -13.821261 2e-06 -0.501713 -31.181702 -4.027027 -10.68478 -59.413315 6.610414 -13.982736 -7.150198 -2.875056 13.772782 -8.401531 -3.218268 0.347797 -34.211727 0.771658 -0.963016 -17.733503 2.621064 -2e-06 0.0 2e-06 -17.346426 -20.095236 -4.201808 21.757618 -1.638409 3.866424 1.2e-05 -6.338848 1e-06 -1.697537 -22.591879 -6.194054 1e-06 -1e-06 -3e-06 42.811054 -62.827209 151.782593 6.821133 -61.716034 3.946008 25.61689 -0.582741 0.098312 1.167005 -7.423427 4.707189 22.1821 -20.376019 49.933651 -16.70192 -16.743584 28.476774 -7e-06 -12.690642 2.1e-05 16.224884 -18.277081 2.374505 -0.105922 -1.513865 -4.275907 -5.039051 -5.612905 -2.953583 5e-06 -11.020608 -1.4e-05 -6.111301 -15.89551 -3.84053 0.0 1e-06 0.0 -10.283387 -5.680317 -4.341866 11.028319 -11.302462 -2.372665 -1.384252 -14.238688 -6.320194 -0.625392 -26.92448 -3.827691 -4.383766 -49.747959 -4.216313 -13.708545 -7.363514 -3.720963 18.141193 -14.052805 -3.242723 7e-06 -18.787413 -1.5e-05 -0.429723 -8.456121 2.555527 0.0 1e-06 0.0 -15.923556 -20.094587 -5.473628 30.419283 -7.190838 1.73589 -2e-06 -8.162979 -2e-06 -1.861883 -22.861698 -6.168017 1e-06 -4e-06 -0.0 -178.949417 -2.944495 -16.55876 48.463882 0.02039 0.373523 -54.284523 33.374199 10.333272 -24.073612 1.58791 1.694331 -0.999993 -0.0 -0.0 -27.167513 8.539642 -19.657717 23.077503 0.00235 -1.533335 -75.579483 -23.953903 10.850916 -5.71533 0.774148 1.665817 -1.000006 0.0 1e-06 
0.0 0.0 0.0 0.0 -0.0 0.0 20.705433 94.97068 41.654922 88.648598 -1.910456 106.059944 -7.119731 -1.07504 -0.971158 -12.861121 -1.826307 -3.406815 15.489174 2.25562 -6.03545 29.695658 13.344645 1.858479 -2.457039 -1.244151 -11.627715 -26.041672 -4.258801 -13.079576 6e-06 0.0 -0.0 -0.079885 -0.013993 0.12066 -0.149934 -0.000289 0.134779 -0.077892 -0.02479 0.105192 -138.229126 -74.850174 155.2827 41.478119 -57.239437 8.134589 20.079535 0.872609 0.078574 -3.877491 -0.788563 0.787758 17.63666 -26.322821 52.411415 -19.466726 -14.395623 29.410524 7e-06 -8.774855 -2e-06 16.143217 -17.954487 5.811907 -0.609781 -1.795661 -3.889341 -4.807114 -11.046858 -2.937868 -1e-05 -20.976114 -1.2e-05 -5.019988 -25.033726 -4.031934 7e-06 1e-06 -0.0 -10.634565 -5.687002 -3.565602 10.573288 -17.92301 -3.113918 -7e-06 -13.821271 -5e-06 -0.501772 -31.181723 -4.027077 -10.836755 -59.546555 6.773363 -13.982755 -7.150237 -2.875054 13.772758 -8.401506 -3.218254 0.347707 -34.211727 0.771649 -0.963043 -17.733488 2.621028 -2e-06 -1e-06 1e-06 -17.346485 -20.095314 -4.201796 21.757624 -1.638359 3.866448 -3e-06 -6.338852 -2e-06 -1.697595 -22.591911 -6.19408 -1e-06 -2e-06 1e-06 43.896873 -63.078068 150.749969 6.55885 -62.501915 4.175398 27.563839 -0.631523 0.076918 1.965631 -6.039789 3.652665 22.182318 -20.375919 49.933445 -16.701942 -16.743645 28.47662 -1e-05 -12.69073 -2.2e-05 16.170488 -18.169701 2.423927 -0.105918 -1.513863 -4.275895 -5.039082 -5.612893 -2.953568 1.8e-05 -11.020584 -1.2e-05 -6.111348 -15.895449 -3.840528 -0.0 -2e-06 -0.0 -10.283449 -5.680307 -4.341849 11.0284 -11.302459 -2.372647 -1.384274 -14.238658 -6.320165 -0.625383 -26.924412 -3.827648 -4.466778 -49.796761 -3.920576 -13.708629 -7.363501 -3.720948 18.141325 -14.052811 -3.24269 3.7e-05 -18.787369 -1.4e-05 -0.429689 -8.456102 2.555526 0.0 -0.0 1e-06 -15.923662 -20.094555 -5.473605 30.419477 -7.190904 1.735963 1.8e-05 -8.162964 -6e-06 -1.861869 -22.861637 -6.16802 0.0 -5e-06 -1e-06 177.891098 -5.272654 -15.085928 54.33614 -0.100703 0.333613 -50.425468 35.823193 6.917675 -14.884968 1.459055 1.620167 -1.000001 -1e-06 1e-06 -25.676691 9.482628 -19.302959 24.730721 -0.031462 -1.388554 -78.180687 -22.430576 11.131327 -5.778233 0.793858 1.678925 -1.000002 -1e-06 0.0 
0.0 0.0 0.0 0.0 -0.0 0.0 21.486786 95.159431 43.788483 88.709953 -1.379598 103.19445 -7.027838 -0.866101 -0.853773 -12.758373 -1.767314 -3.266577 15.553673 2.114996 -5.712795 30.941631 13.2246 1.85823 -2.478014 -1.25145 -10.577619 -25.887756 -3.606144 -12.101431 6e-06 -0.0 -4e-06 -0.066131 -0.024275 0.148209 -0.160752 -0.026597 0.159252 -0.087601 -0.019425 0.135991 -136.889465 -74.676254 154.284378 41.388493 -56.921177 6.98807 18.858881 0.858348 0.035277 -4.648711 0.543255 -0.608446 17.636763 -26.322866 52.41132 -19.466808 -14.395674 29.410522 -2e-05 -8.774882 -2e-06 16.188772 -17.841108 5.782517 -0.609775 -1.795662 -3.889339 -4.807093 -11.046862 -2.937866 5.3e-05 -20.976187 4e-06 -5.019961 -25.033813 -4.031888 7e-06 -0.0 0.0 -10.634573 -5.68698 -3.565596 10.573369 -17.923077 -3.11392 3.2e-05 -13.821321 1e-05 -0.501725 -31.181856 -4.027012 -10.935591 -59.542408 6.86957 -13.982764 -7.150208 -2.875053 13.77282 -8.401568 -3.218256 0.347814 -34.211864 0.771671 -0.963008 -17.733582 2.621082 -1e-06 1e-06 -2e-06 -17.34647 -20.095278 -4.201793 21.757671 -1.638427 3.86644 1.5e-05 -6.338873 2e-06 -1.697542 -22.591986 -6.194053 1e-06 -3e-06 1e-06 44.328896 -63.4021 150.384583 6.618649 -62.911427 4.820083 29.065655 -0.588367 0.099179 2.41975 -5.246946 3.771675 22.182138 -20.375904 49.933323 -16.701847 -16.743513 28.476555 5e-06 -12.690616 -4e-06 16.25573 -18.12743 2.418962 -0.105923 -1.513862 -4.275883 -5.039047 -5.612901 -2.953561 -2e-06 -11.020594 -1e-06 -6.111318 -15.895468 -3.840486 -1e-06 -3e-06 -0.0 -10.28338 -5.680311 -4.341841 11.028295 -11.302446 -2.372633 -1.384276 -14.238665 -6.320144 -0.625446 -26.924425 -3.827638 -4.480243 -49.858826 -3.803411 -13.708532 -7.363504 -3.720941 18.14115 -14.052792 -3.242676 1e-06 -18.787392 -1.8e-05 -0.429713 -8.456116 2.555511 -1e-06 -2e-06 -3e-06 -15.923556 -20.094561 -5.473579 30.419218 -7.190834 1.735934 -1e-06 -8.16297 -9e-06 -1.861884 -22.861675 -6.168011 -1e-06 -4e-06 -2e-06 174.297775 -6.845127 -13.368037 60.154175 -0.106082 0.278759 -53.050591 34.065437 2.894474 -11.406512 1.38382 1.634987 -0.999999 -1e-06 -2e-06 -23.719488 10.237042 -18.396585 25.716619 -0.037636 -1.274462 -79.942146 -20.418314 11.267318 -5.598432 0.788285 1.672439 -1.000002 0.0 -1e-06 
0.0 0.0 0.0 0.0 -0.0 0.0 22.248672 95.381264 45.684975 89.024788 -0.911577 99.248962 -6.934221 -0.677702 -0.646288 -12.728696 -1.687648 -3.000051 15.682082 1.850588 -5.200777 32.31319 12.662276 1.894881 -2.464936 -1.204327 -9.252133 -25.54875 -2.939686 -10.957996 5e-06 -0.0 -0.0 -0.055355 -0.032601 0.174883 -0.176165 -0.051656 0.180448 -0.10582 -0.011261 0.167214 -135.174088 -74.177498 152.705704 40.948143 -56.718952 5.334079 18.316017 0.816312 0.008653 -5.242719 1.994726 -2.095658 17.636614 -26.322687 52.411133 -19.466581 -14.395619 29.410355 3.8e-05 -8.774855 -6e-06 16.257235 -17.85033 5.672967 -0.609783 -1.795653 -3.889322 -4.807144 -11.046834 -2.937832 -8.5e-05 -20.976057 1.9e-05 -5.020104 -25.033693 -4.031923 7e-06 1e-06 -1e-06 -10.634565 -5.687 -3.565571 10.573225 -17.922924 -3.113878 -5.5e-05 -13.821238 3e-06 -0.501906 -31.181654 -4.027074 -11.045062 -59.396523 6.845143 -13.982758 -7.150239 -2.875018 13.772734 -8.401447 -3.21823 0.347579 -34.211636 0.771687 -0.963091 -17.733459 2.620999 -2e-06 -1e-06 2e-06 -17.346523 -20.09527 -4.201728 21.757626 -1.638296 3.866439 -2.5e-05 -6.338839 1e-06 -1.697706 -22.591871 -6.194044 1e-06 -3e-06 -4e-06 44.663494 -63.963192 150.154129 7.151523 -63.256016 5.602077 30.197947 -0.500847 0.127786 2.75276 -4.936017 3.920032 22.182226 -20.375841 49.933182 -16.701729 -16.743551 28.476395 -7e-06 -12.690625 -2.6e-05 16.40904 -18.093719 2.378434 -0.105921 -1.513844 -4.275867 -5.039052 -5.612829 -2.953546 1.7e-05 -11.020448 7e-06 -6.1113 -15.895213 -3.840481 -1e-06 -1e-06 0.0 -10.283391 -5.680255 -4.341829 11.028312 -11.302335 -2.372602 -1.384274 -14.238465 -6.32009 -0.625418 -26.923981 -3.827545 -4.406562 -49.912491 -3.888386 -13.708549 -7.363436 -3.720933 18.141176 -14.052656 -3.242625 1.4e-05 -18.787144 3.3e-05 -0.429702 -8.455998 2.555529 1e-06 -1e-06 2e-06 -15.923567 -20.09437 -5.473576 30.419262 -7.190834 1.735983 7e-06 -8.162878 2.1e-05 -1.861914 -22.86132 -6.167874 -1e-06 -2e-06 0.0 170.454666 -7.895037 -11.827033 64.875252 -0.061766 0.204988 -58.046478 29.404894 -1.111803 -10.505147 1.35616 1.685138 -0.999999 -1e-06 1e-06 -21.585171 10.879425 -16.844791 26.202885 -0.015241 -1.129005 -81.259193 -18.098309 11.503425 -5.170794 0.765794 1.664528 -1.000003 -2e-06 -0.0 
0.0 0.0 0.0 0.0 -0.0 0.0 22.987885 95.561287 47.332535 89.368378 -0.587191 94.075386 -6.858211 -0.381231 -0.396411 -12.737121 -1.544539 -2.578594 15.778311 1.592144 -4.563104 33.539257 11.660516 1.910249 -2.459039 -1.162755 -7.740329 -25.146133 -2.319389 -9.629702 7e-06 0.0 -1e-06 -0.042689 -0.039528 0.190079 -0.179678 -0.063105 0.192032 -0.117465 -0.014111 0.185016 -133.102676 -73.294739 150.595627 40.174637 -56.744438 3.476847 18.471537 0.827437 0.001155 -5.47614 3.599444 -3.634545 17.636553 -26.322706 52.411152 -19.46656 -14.395517 29.410316 -2.5e-05 -8.774755 -3e-06 16.289524 -17.914425 5.5577 -0.609773 -1.79564 -3.88932 -4.807028 -11.046725 -2.937852 6e-05 -20.975883 1e-05 -5.019851 -25.033388 -4.031837 7e-06 2e-06 0.0 -10.63446 -5.686918 -3.5656 10.573236 -17.922861 -3.113884 3.7e-05 -13.821132 2.1e-05 -0.501707 -31.181334 -4.02692 -11.19668 -59.269028 6.809537 -13.982614 -7.15013 -2.875064 13.772644 -8.40147 -3.21822 0.347801 -34.211327 0.771701 -0.963013 -17.733292 2.621072 -3e-06 3e-06 1e-06 -17.346249 -20.095058 -4.201822 21.757391 -1.638416 3.86641 1.8e-05 -6.338787 1.1e-05 -1.697503 -22.591597 -6.19395 2e-06 -4e-06 -2e-06 45.007565 -64.831764 149.911301 8.186383 -63.610207 6.526856 31.063732 -0.334653 0.177733 3.198218 -4.780388 3.580696 22.181889 -20.375849 49.933182 -16.701694 -16.743418 28.47644 -5e-06 -12.690481 2.2e-05 16.518677 -18.050762 2.37332 -0.105921 -1.513848 -4.275867 -5.038996 -5.612844 -2.953545 2e-06 -11.020474 1e-06 -6.111225 -15.895273 -3.84045 -1e-06 0.0 1e-06 -10.283286 -5.680262 -4.341825 11.028193 -11.302341 -2.372623 -1.384246 -14.238506 -6.320091 -0.625426 -26.924067 -3.827585 -4.345141 -49.970215 -3.960995 -13.708419 -7.363444 -3.720927 18.140987 -14.052665 -3.242666 -7e-06 -18.787197 1e-06 -0.429722 -8.456022 2.555497 1e-06 1e-06 1e-06 -15.923405 -20.094389 -5.473565 30.418945 -7.190753 1.735879 -1e-05 -8.162887 4e-06 -1.861885 -22.861385 -6.1679 1e-06 -4e-06 -3e-06 166.571487 -8.74346 -10.531185 68.104347 -0.013829 0.144384 -63.66185 22.416666 -4.373641 -10.324768 1.384261 1.817398 -0.999998 -0.0 -0.0 -19.579203 11.568976 -14.665702 26.456377 0.010077 -1.000143 -82.328857 -15.471992 11.977856 -4.656475 0.704996 1.651975 -1.000002 1e-06 1e-06 
0.0 0.0 0.0 0.0 -0.0 0.0 23.699892 95.701965 48.692848 89.651558 -0.455799 87.667168 -6.81534 0.043365 -0.168671 -12.754524 -1.307597 -1.994797 15.851151 1.419242 -3.884568 34.490364 10.261282 1.935215 -2.48298 -1.118018 -6.19112 -24.728888 -1.747139 -8.128623 6e-06 -0.0 -1e-06 -0.032934 -0.043669 0.186735 -0.163487 -0.064581 0.188512 -0.110855 -0.021743 0.181537 -131.12529 -72.061111 148.54985 39.23011 -56.903667 1.610769 19.156683 0.809552 -0.015748 -5.359953 5.302462 -5.178173 17.636715 -26.322836 52.411308 -19.466715 -14.39566 29.410463 2e-06 -8.774869 -6e-06 16.248268 -18.01152 5.529895 -0.609778 -1.795657 -3.889336 -4.807111 -11.046843 -2.937853 3e-06 -20.976099 1.4e-05 -5.020008 -25.033689 -4.031894 6e-06 2e-06 -1e-06 -10.634575 -5.686989 -3.565589 10.57332 -17.92301 -3.113903 2e-06 -13.82127 1.4e-05 -0.501803 -31.181713 -4.027012 -11.300033 -59.149761 6.817546 -13.982768 -7.150219 -2.875041 13.772789 -8.401518 -3.218249 0.347722 -34.21172 0.77169 -0.963046 -17.733488 2.621061 -3e-06 1e-06 -1e-06 -17.346497 -20.095278 -4.201777 21.757656 -1.638385 3.866445 1e-06 -6.33885 5e-06 -1.697608 -22.591877 -6.194031 1e-06 -6e-06 -1e-06 45.213127 -65.920059 149.815613 9.817141 -63.866211 7.304102 31.662254 -0.130026 0.264116 3.8206 -4.680992 2.734012 22.182243 -20.375975 49.933491 -16.701914 -16.743601 28.476648 -5e-06 -12.690682 -8e-06 16.55228 -18.026051 2.439976 -0.10592 -1.513864 -4.275897 -5.039066 -5.612899 -2.953569 1.2e-05 -11.020593 -3e-06 -6.111327 -15.89546 -3.840506 -0.0 -1e-06 0.0 -10.283421 -5.680315 -4.341854 11.028356 -11.302464 -2.372643 -1.384274 -14.238668 -6.320158 -0.625416 -26.924423 -3.827634 -4.353632 -50.071396 -3.928077 -13.708591 -7.36351 -3.720953 18.141253 -14.052821 -3.242688 1.9e-05 -18.787401 -5e-06 -0.429705 -8.456118 2.555529 1e-06 -1e-06 -2e-06 -15.92362 -20.094584 -5.473603 30.419374 -7.190877 1.735942 1e-05 -8.162974 -2e-06 -1.861886 -22.861656 -6.168003 -1e-06 -1e-06 -1e-06 163.014694 -9.61647 -9.498827 69.261871 0.050311 0.083383 -68.984962 12.927647 -5.608598 -10.469109 1.468663 1.996208 -1.000001 -0.0 0.0 -17.813745 12.318442 -11.881995 26.606045 0.021456 -0.900857 -83.12394 -12.484343 12.65733 -4.227714 0.649962 1.644797 -1.000003 0.0 -0.0 
0.0 0.0 0.0 0.0 -0.0 0.0 24.397902 95.841896 49.814209 89.921631 -0.598882 80.208603 -6.86591 0.527938 0.025131 -12.771531 -1.022416 -1.358897 15.923956 1.355593 -3.210381 35.125683 8.596499 2.013839 -2.538036 -1.038034 -4.669519 -24.108965 -1.227242 -6.602806 5e-06 0.0 1e-06 -0.0352 -0.045614 0.180103 -0.139772 -0.067802 0.183208 -0.091987 -0.023491 0.174275 -129.738434 -70.624611 147.20311 38.171741 -57.035603 0.019473 20.157705 0.726645 -0.059163 -4.972174 6.7294 -6.357207 17.636625 -26.322714 52.411236 -19.466627 -14.395654 29.410419 2.2e-05 -8.774867 -4e-06 16.12178 -18.156422 5.60951 -0.609781 -1.79565 -3.88933 -4.807129 -11.046813 -2.937846 -4.1e-05 -20.976027 3e-06 -5.020046 -25.033644 -4.031937 8e-06 -4e-06 -1e-06 -10.634566 -5.686985 -3.565578 10.573268 -17.922918 -3.113898 -2.8e-05 -13.821218 2e-06 -0.501842 -31.181604 -4.027063 -11.36318 -59.063358 6.91786 -13.982759 -7.150219 -2.875033 13.772757 -8.401458 -3.218243 0.347649 -34.21159 0.77168 -0.963066 -17.733435 2.621023 -4e-06 4e-06 -0.0 -17.346506 -20.095234 -4.201763 21.757647 -1.638333 3.866444 -1.3e-05 -6.33883 4e-06 -1.697657 -22.591824 -6.19405 -0.0 -3e-06 -4e-06 45.056156 -67.028503 150.145554 12.079098 -63.913853 7.355053 31.949228 -0.003545 0.342592 4.576495 -4.550695 1.67961 22.182253 -20.375847 49.933289 -16.701794 -16.743576 28.47648 6e-06 -12.690667 -2.6e-05 16.467957 -17.988859 2.539091 -0.105922 -1.513851 -4.275877 -5.039071 -5.612862 -2.953556 7e-06 -11.020512 -5e-06 -6.111341 -15.895348 -3.840511 0.0 2e-06 0.0 -10.283418 -5.680286 -4.341837 11.028336 -11.302376 -2.372618 -1.384292 -14.238564 -6.320134 -0.625419 -26.924204 -3.827623 -4.439066 -50.105396 -3.822955 -13.708583 -7.363474 -3.72094 18.141214 -14.052702 -3.242648 7e-06 -18.787245 3e-06 -0.429703 -8.456049 2.555519 -2e-06 1e-06 -1e-06 -15.923618 -20.094456 -5.473585 30.419344 -7.190834 1.735987 7e-06 -8.162913 5e-06 -1.861912 -22.861452 -6.167954 -1e-06 -0.0 -2e-06 160.063354 -10.526931 -8.183553 67.732285 0.07119 0.034912 -73.321236 2.309875 -4.311566 -10.53325 1.597496 2.134522 -0.999998 0.0 -0.0 -16.38769 13.042397 -8.480682 26.720457 0.028712 -0.833663 -83.507782 -9.158671 13.355434 -4.121803 0.642551 1.648141 -1.000001 0.0 0.0 
0.0 0.0 0.0 0.0 -0.0 0.0 25.072554 95.93364 50.800205 90.224281 -0.950075 72.150223 -6.97415 1.010939 0.197475 -12.80501 -0.758739 -0.824935 16.026495 1.360979 -2.656739 35.503227 6.939127 2.078063 -2.592637 -0.892237 -3.27697 -23.414165 -0.82172 -5.130064 6e-06 0.0 -2e-06 -0.037131 -0.047733 0.191412 -0.108743 -0.068174 0.195801 -0.061169 -0.02816 0.183386 -128.883774 -69.286331 146.473312 37.17345 -57.139107 -0.99197 21.260201 0.629156 -0.101692 -4.544794 7.456034 -6.945874 17.636625 -26.322802 52.411278 -19.466702 -14.395587 29.410463 -2.2e-05 -8.774817 -0.0 15.929849 -18.295483 5.757027 -0.609774 -1.795653 -3.889331 -4.80706 -11.046809 -2.937863 5.4e-05 -20.976063 3e-06 -5.019906 -25.03363 -4.031868 4e-06 2e-06 1e-06 -10.634506 -5.686955 -3.565604 10.573294 -17.922987 -3.113909 3.4e-05 -13.821241 1.4e-05 -0.50171 -31.181644 -4.02698 -11.379663 -59.024719 7.043467 -13.982677 -7.150177 -2.875062 13.77272 -8.401526 -3.218245 0.347804 -34.211655 0.771679 -0.963018 -17.733467 2.621081 -0.0 0.0 1e-06 -17.346344 -20.095192 -4.201813 21.757521 -1.638415 3.86642 1.4e-05 -6.338838 4e-06 -1.697527 -22.591835 -6.194013 -1e-06 -3e-06 -4e-06 44.686863 -68.037163 150.751755 14.587584 -63.835091 6.826497 32.065659 0.066674 0.337874 5.317686 -4.36751 0.831637 22.182018 -20.37591 49.933388 -16.701878 -16.743546 28.476641 -7e-06 -12.690609 2.4e-05 16.36153 -17.977953 2.610488 -0.105917 -1.513862 -4.275889 -5.039037 -5.612893 -2.953563 1e-05 -11.020581 -1.3e-05 -6.111294 -15.895455 -3.840495 -2e-06 -0.0 -1e-06 -10.283354 -5.680302 -4.341841 11.028292 -11.302438 -2.37266 -1.384254 -14.238651 -6.320158 -0.6254 -26.924387 -3.827662 -4.561547 -50.001034 -3.711003 -13.708503 -7.363493 -3.720938 18.141151 -14.052782 -3.242715 1e-05 -18.787363 -2.1e-05 -0.429713 -8.45611 2.555512 -0.0 3e-06 -2e-06 -15.923511 -20.094532 -5.473586 30.419205 -7.190823 1.735878 -0.0 -8.162959 -9e-06 -1.861878 -22.861639 -6.168005 -1e-06 -5e-06 -2e-06 158.024139 -11.410511 -5.729556 63.562035 -0.05686 0.088302 -75.855461 -4.808619 -2.948625 -10.448368 1.725493 2.167787 -1.000002 -0.0 -1e-06 -15.344391 13.695714 -4.700594 26.977947 0.002932 -0.699443 -83.63929 -5.738473 13.924062 -4.15284 0.666609 1.656604 -1.000001 1e-06 0.0 
0.0 0.0 0.0 0.0 -0.0 0.0 25.683102 96.002304 51.759193 90.57238 -1.347353 63.916428 -7.108745 1.452271 0.296186 -12.872404 -0.54581 -0.455393 16.229261 1.376752 -2.272673 35.752575 5.552666 2.053004 -2.616749 -0.737577 -2.047801 -22.913927 -0.51036 -3.721323 6e-06 0.0 -2e-06 -0.028887 -0.052888 0.219457 -0.050528 -0.063063 0.229721 -0.001304 -0.044279 0.20309 -128.415176 -68.211708 146.175827 36.355042 -57.176662 -1.512929 22.437334 0.423971 -0.144164 -4.20848 7.514346 -7.212127 17.636698 -26.322866 52.411442 -19.466728 -14.3957 29.410549 -4e-06 -8.774888 -3e-06 15.784431 -18.379999 5.898818 -0.609779 -1.795652 -3.889342 -4.807109 -11.046828 -2.937863 1.9e-05 -20.976095 1.3e-05 -5.019986 -25.033699 -4.031916 5e-06 3e-06 -2e-06 -10.634576 -5.686974 -3.565601 10.573337 -17.922991 -3.113907 1e-05 -13.821261 1.8e-05 -0.501768 -31.181702 -4.027012 -11.41726 -59.05183 7.190399 -13.982769 -7.1502 -2.875054 13.772808 -8.401513 -3.218258 0.347742 -34.2117 0.77171 -0.963045 -17.733496 2.621085 -2e-06 -1e-06 2e-06 -17.346483 -20.095234 -4.201804 21.757673 -1.638395 3.86645 1e-06 -6.33885 8e-06 -1.697589 -22.59189 -6.194051 2e-06 -5e-06 -1e-06 44.338085 -68.831612 151.367294 16.859503 -63.684452 6.164541 32.251202 0.143706 0.255602 5.861264 -4.240447 0.213051 22.182167 -20.375927 49.933403 -16.701777 -16.743528 28.47654 8e-06 -12.690613 -1e-05 16.324299 -18.011204 2.653661 -0.105926 -1.513854 -4.275884 -5.039052 -5.612876 -2.95356 -7e-06 -11.020536 3e-06 -6.111317 -15.895389 -3.840502 1e-06 -2e-06 0.0 -10.283384 -5.680295 -4.341847 11.028285 -11.30239 -2.37262 -1.384284 -14.238593 -6.320138 -0.625447 -26.92425 -3.827624 -4.681824 -49.865784 -3.569897 -13.70854 -7.363485 -3.720947 18.141134 -14.052721 -3.242652 -1.1e-05 -18.787287 1.1e-05 -0.429717 -8.456063 2.555519 -2e-06 1e-06 1e-06 -15.923569 -20.094496 -5.473592 30.419207 -7.190804 1.735962 -6e-06 -8.162935 6e-06 -1.861915 -22.861526 -6.16796 -2e-06 -2e-06 -3e-06 157.018692 -12.377495 -2.175589 57.725555 -0.310931 0.361406 -76.783875 -7.319809 -3.067799 -10.322311 1.832393 2.181343 -0.999994 0.0 2e-06 -14.535026 14.294577 -0.784157 27.385284 -0.062048 -0.477591 -83.6064 -2.451871 14.41837 -4.07233 0.663278 1.661971 -0.999997 1e-06 1e-06 
0.0 0.0 0.0 0.0 -0.0 0.0 26.185041 96.12339 52.738445 90.947929 -1.677485 56.066681 -7.246701 1.810928 0.279043 -12.947037 -0.413092 -0.253734 16.490711 1.393653 -2.053308 35.92926 4.666177 1.972048 -2.612517 -0.681485 -1.136021 -22.595907 -0.259771 -2.587983 7e-06 -0.0 -2e-06 -0.017705 -0.06012 0.257754 0.003846 -0.057948 0.271735 0.051405 -0.064387 0.236008 -128.190384 -67.487839 146.136322 35.776134 -57.081215 -1.639237 23.862293 0.087027 -0.200537 -3.875263 6.976525 -7.191338 17.636574 -26.322645 52.411129 -19.466606 -14.395607 29.410378 9e-06 -8.774828 3e-06 15.717519 -18.413738 5.988312 -0.609777 -1.795647 -3.889317 -4.8071 -11.046784 -2.937847 -1.4e-05 -20.975973 -7e-06 -5.019984 -25.033564 -4.031927 7e-06 1e-06 -3e-06 -10.63453 -5.686965 -3.565579 10.573248 -17.922888 -3.113899 -8e-06 -13.821184 -2e-06 -0.501777 -31.181519 -4.027049 -11.389705 -59.154663 7.311923 -13.982708 -7.150192 -2.875033 13.772717 -8.401455 -3.218239 0.347703 -34.211494 0.771654 -0.963043 -17.733387 2.621021 -1e-06 -3e-06 -1e-06 -17.346424 -20.095171 -4.201772 21.757557 -1.638353 3.866424 -5e-06 -6.338811 1e-06 -1.697602 -22.591747 -6.194039 1e-06 -5e-06 -4e-06 44.375008 -69.254715 151.513153 18.310169 -63.490166 5.8662 32.62146 0.255542 0.168017 6.139116 -4.205955 -0.103536 22.182119 -20.375809 49.933201 -16.701685 -16.743486 28.476393 2.1e-05 -12.690577 -2e-05 16.342049 -18.065071 2.702962 -0.105924 -1.513847 -4.275866 -5.039044 -5.612848 -2.953548 -1.1e-05 -11.020469 0.0 -6.111311 -15.89528 -3.840488 -2e-06 -0.0 -1e-06 -10.283371 -5.680276 -4.341826 11.02826 -11.30233 -2.372606 -1.384296 -14.238509 -6.320108 -0.62546 -26.924067 -3.827605 -4.824052 -49.853703 -3.374688 -13.708521 -7.363462 -3.72093 18.141092 -14.052642 -3.24263 -2.1e-05 -18.787174 8e-06 -0.429717 -8.456015 2.555508 0.0 -2e-06 -3e-06 -15.923548 -20.094416 -5.473569 30.419153 -7.190765 1.735978 -1e-05 -8.162884 6e-06 -1.861925 -22.86138 -6.167939 -2e-06 -3e-06 -1e-06 156.864792 -13.561422 1.11768 51.45171 -0.510867 0.698827 -76.947693 -6.197475 -4.313939 -10.26963 1.90328 2.187645 -0.999998 1e-06 -0.0 -13.816508 14.785976 2.745735 27.765812 -0.128933 -0.242651 -83.442238 0.438894 14.906811 -3.921511 0.642394 1.668011 -1.000004 -1e-06 -0.0 
0.0 0.0 0.0 0.0 -0.0 0.0 26.539656 96.295395 53.634281 91.391975 -1.945205 48.788754 -7.368126 2.070078 0.154673 -13.011857 -0.364476 -0.192066 16.719927 1.382047 -1.974872 36.013657 4.281553 1.915862 -2.622406 -0.733844 -0.711734 -22.264261 -0.010191 -1.85722 6e-06 -0.0 1e-06 -0.019883 -0.064381 0.270432 0.040176 -0.053532 0.284635 0.081374 -0.077247 0.247693 -128.252228 -67.12381 146.320938 35.40649 -56.738152 -1.21593 25.51713 -0.262117 -0.257179 -3.415601 5.976796 -6.804874 17.636696 -26.322758 52.411228 -19.466665 -14.395701 29.41041 -6e-06 -8.774872 -7e-06 15.739912 -18.414068 6.031446 -0.609777 -1.795648 -3.889331 -4.8071 -11.046781 -2.937848 3e-05 -20.975975 1.9e-05 -5.019971 -25.03351 -4.031882 8e-06 1e-06 -3e-06 -10.63457 -5.686955 -3.56558 10.573332 -17.922918 -3.113895 1.7e-05 -13.821186 2.3e-05 -0.501778 -31.181473 -4.026968 -11.238218 -59.221981 7.359811 -13.98276 -7.150178 -2.875037 13.772795 -8.401483 -3.218244 0.347756 -34.211494 0.771717 -0.963032 -17.733376 2.621078 2e-06 1e-06 1e-06 -17.346476 -20.095175 -4.201777 21.757658 -1.6384 3.866434 1e-05 -6.338815 1e-05 -1.697594 -22.591721 -6.19399 1e-06 -4e-06 -4e-06 44.847046 -69.28849 151.181488 18.946316 -63.276466 5.65704 33.080467 0.353308 0.125367 6.353566 -4.069068 -0.252566 22.182329 -20.375931 49.933605 -16.70187 -16.743624 28.476664 3.3e-05 -12.690725 -2.8e-05 16.350805 -18.081633 2.793705 -0.105928 -1.513863 -4.275898 -5.039103 -5.612911 -2.953578 -2.2e-05 -11.020593 -7e-06 -6.111405 -15.895494 -3.840555 -3e-06 -3e-06 2e-06 -10.283462 -5.680337 -4.341863 11.02836 -11.302431 -2.372634 -1.384321 -14.238676 -6.320195 -0.625471 -26.924414 -3.827685 -4.922966 -49.953991 -3.186294 -13.708646 -7.363543 -3.720959 18.14127 -14.052773 -3.24267 -2.3e-05 -18.787388 -1.4e-05 -0.429726 -8.456119 2.555528 0.0 -0.0 0.0 -15.923707 -20.094616 -5.473616 30.419453 -7.190823 1.736008 -8e-06 -8.16297 -2e-06 -1.861957 -22.861662 -6.168039 0.0 -3e-06 -6e-06 157.118866 -14.845485 3.040312 44.845013 -0.512587 0.89139 -76.573692 -3.540741 -6.02967 -10.304526 1.908301 2.162305 -0.999998 -1e-06 -1e-06 -13.199603 15.098051 5.611058 27.980267 -0.162821 -0.054995 -83.099403 3.025508 15.399133 -3.748587 0.629341 1.675533 -1.000005 -1e-06 0.0 
0.0 0.0 0.0 0.0 -0.0 0.0 26.777946 96.515053 54.421036 91.965271 -2.174019 42.060188 -7.519861 2.26369 -0.020792 -13.083545 -0.372182 -0.233337 16.878078 1.284596 -1.965718 35.986629 4.211434 1.869619 -2.645195 -0.829497 -0.710159 -21.878817 0.273375 -1.614064 6e-06 -0.0 1e-06 -0.036635 -0.06107 0.245594 0.068587 -0.042947 0.258624 0.105369 -0.080656 0.22383 -128.687088 -67.062943 146.827591 35.103127 -56.041988 -0.215202 27.272594 -0.468049 -0.282526 -2.83442 4.633465 -5.956609 17.636658 -26.322748 52.411255 -19.466736 -14.395657 29.410475 2e-06 -8.774869 -1e-06 15.809829 -18.297707 6.014777 -0.609777 -1.795658 -3.889334 -4.807109 -11.046841 -2.937857 6e-06 -20.976103 -7e-06 -5.019988 -25.033722 -4.031927 5e-06 1e-06 2e-06 -10.634567 -5.686985 -3.565587 10.573316 -17.922997 -3.113922 4e-06 -13.82127 -4e-06 -0.501757 -31.181736 -4.027072 -10.942479 -59.086914 7.229263 -13.982759 -7.150216 -2.875034 13.772781 -8.401509 -3.218259 0.347743 -34.21172 0.771634 -0.963032 -17.733496 2.621029 -1e-06 -1e-06 -1e-06 -17.346478 -20.095263 -4.201778 21.757643 -1.638373 3.866434 0.0 -6.33885 -3e-06 -1.697588 -22.5919 -6.194071 0.0 -3e-06 -3e-06 45.61887 -68.956902 150.524429 18.902237 -63.096352 5.185956 33.387428 0.343628 0.167227 6.568882 -3.687351 -0.431507 22.182261 -20.375914 49.933475 -16.701921 -16.74362 28.476656 -5e-06 -12.690707 -1.4e-05 16.340372 -18.000107 2.902516 -0.105919 -1.513863 -4.275896 -5.039078 -5.6129 -2.953569 1.1e-05 -11.020594 -1.1e-05 -6.11135 -15.89549 -3.840528 4e-06 -2e-06 0.0 -10.28343 -5.680314 -4.341854 11.028372 -11.302452 -2.372648 -1.384278 -14.238671 -6.320177 -0.625398 -26.924435 -3.827665 -4.909977 -49.960983 -3.063603 -13.708604 -7.363511 -3.720951 18.141275 -14.052796 -3.242693 2.1e-05 -18.787382 -2.1e-05 -0.429701 -8.456117 2.555525 -3e-06 -0.0 -2e-06 -15.923636 -20.094564 -5.473606 30.419416 -7.19087 1.735956 1.2e-05 -8.16297 -3e-06 -1.861885 -22.86166 -6.168027 0.0 -2e-06 -2e-06 157.439972 -16.135695 3.479543 37.897278 -0.352031 0.898664 -75.521446 0.170646 -8.419663 -10.308219 1.858171 2.128429 -1.000001 3e-06 -1e-06 -12.65929 15.214744 7.797935 27.844406 -0.162283 0.06354 -82.489677 5.339548 15.943748 -3.632249 0.636298 1.685405 -1.0 -0.0 1e-06 
0.0 0.0 0.0 0.0 -0.0 0.0 26.945898 96.784523 55.08696 92.708412 -2.40831 35.71946 -7.771749 2.458915 -0.251579 -13.194983 -0.379845 -0.250042 16.921431 1.118822 -1.954158 35.936745 4.168398 1.97911 -2.606106 -0.94464 -0.976821 -21.559326 0.533235 -2.07092 7e-06 0.0 -3e-06 -0.031719 -0.065606 0.284794 0.100923 -0.040659 0.295303 0.137014 -0.091562 0.265988 -129.409821 -67.188904 147.462692 34.616215 -55.24144 0.988306 28.874468 -0.499303 -0.283253 -2.26577 3.276012 -4.586091 17.636618 -26.322676 52.411068 -19.46673 -14.395557 29.410389 -1e-05 -8.774821 -2e-06 15.98016 -18.045443 5.916697 -0.609772 -1.795661 -3.889324 -4.807076 -11.046845 -2.937858 2.5e-05 -20.97613 -2.2e-05 -5.019939 -25.033772 -4.031911 7e-06 2e-06 0.0 -10.634512 -5.686975 -3.565583 10.573277 -17.923016 -3.113919 2e-05 -13.821276 -1.4e-05 -0.501708 -31.181753 -4.027062 -10.548881 -58.927197 6.931433 -13.982687 -7.150201 -2.875039 13.772718 -8.401528 -3.218251 0.347789 -34.211739 0.771599 -0.963 -17.733511 2.621016 -0.0 3e-06 -1e-06 -17.346376 -20.095243 -4.201778 21.75753 -1.638387 3.86642 9e-06 -6.338853 -7e-06 -1.697539 -22.591923 -6.194067 0.0 -6e-06 -3e-06 46.543995 -68.396973 149.641006 18.35107 -62.960999 4.571644 33.283459 0.211846 0.188378 6.877581 -3.150823 -0.842843 22.182034 -20.375767 49.933155 -16.701813 -16.743448 28.476465 -1.4e-05 -12.690551 2e-06 16.290049 -17.843801 2.937622 -0.105918 -1.513858 -4.275873 -5.039021 -5.612865 -2.953551 1.6e-05 -11.020512 -1.9e-05 -6.111244 -15.895332 -3.840485 -2e-06 -0.0 -0.0 -10.283336 -5.68028 -4.341831 11.028263 -11.302395 -2.372638 -1.384243 -14.238576 -6.320125 -0.625377 -26.924223 -3.827626 -4.778286 -49.79467 -3.017812 -13.708478 -7.363467 -3.720935 18.141096 -14.05273 -3.242688 3.6e-05 -18.787249 -2.7e-05 -0.429696 -8.456047 2.555492 -1e-06 0.0 1e-06 -15.923471 -20.09446 -5.473583 30.419098 -7.190825 1.735907 1.4e-05 -8.16291 -1e-05 -1.861838 -22.861469 -6.167959 1e-06 -3e-06 -3e-06 157.55542 -17.253164 3.31288 30.823923 -0.173375 0.864459 -73.402321 4.541321 -11.606409 -10.193017 1.789009 2.103526 -0.999999 1e-06 1e-06 -12.226301 15.105491 9.33524 27.417892 -0.157294 0.025154 -81.735062 7.362071 16.451553 -3.803025 0.614133 1.696437 -1.000001 1e-06 -2e-06 
0.0 0.0 0.0 0.0 -0.0 0.0 27.078423 96.992149 55.660046 93.358795 -2.469508 29.799938 -7.942176 2.64928 -0.343376 -13.249409 -0.397424 -0.358808 16.917229 1.00564 -1.962563 35.795441 4.063502 2.019244 -2.613979 -0.994999 -1.476436 -21.207481 0.677097 -2.606477 4e-06 -0.0 -1e-06 -0.054949 -0.0579 0.241251 0.1098 -0.033079 0.259554 0.144418 -0.083594 0.21575 -130.138901 -67.324524 148.147232 34.105026 -54.550987 1.848714 30.284321 -0.378711 -0.252412 -1.779882 2.386665 -3.145108 17.636629 -26.32271 52.411148 -19.466719 -14.395641 29.41041 -1.7e-05 -8.774842 0.0 16.048883 -17.893625 5.948488 -0.609771 -1.795654 -3.889328 -4.807075 -11.046804 -2.937851 5e-05 -20.97604 -7e-06 -5.019931 -25.033604 -4.031878 5e-06 -0.0 0.0 -10.634532 -5.686956 -3.565582 10.573316 -17.922964 -3.113917 2.7e-05 -13.821224 3e-06 -0.50172 -31.181604 -4.027 -10.449004 -58.871593 6.783876 -13.982712 -7.15018 -2.875036 13.772758 -8.401513 -3.218257 0.347807 -34.211613 0.771643 -0.963001 -17.733442 2.621049 1e-06 -3e-06 -1e-06 -17.346405 -20.095186 -4.20178 21.757587 -1.638407 3.86641 1e-05 -6.33883 0.0 -1.697543 -22.591812 -6.19402 -3e-06 -3e-06 -3e-06 47.280716 -67.709213 149.013046 17.811281 -62.648827 3.43637 32.767067 -0.074882 0.236174 7.074029 -2.778004 -1.302434 22.182121 -20.375854 49.933384 -16.701799 -16.743521 28.476559 1.3e-05 -12.690616 -7e-06 16.251928 -17.796427 2.952929 -0.105923 -1.513857 -4.275886 -5.039055 -5.612881 -2.953563 -7e-06 -11.020536 -1.1e-05 -6.111321 -15.895401 -3.840522 0.0 -2e-06 -0.0 -10.283381 -5.680304 -4.341846 11.028287 -11.302389 -2.372636 -1.384282 -14.238599 -6.320153 -0.625424 -26.924261 -3.827667 -4.811725 -49.572685 -2.974186 -13.708541 -7.363497 -3.720948 18.141144 -14.052714 -3.242675 -1.1e-05 -18.787279 -1.6e-05 -0.429713 -8.456067 2.55551 0.0 -3e-06 -3e-06 -15.923565 -20.094509 -5.473596 30.419222 -7.19079 1.73595 -5e-06 -8.16293 -2e-06 -1.861905 -22.861523 -6.167998 0.0 -3e-06 -1e-06 157.374512 -17.95528 3.160635 25.695108 -0.091665 0.820932 -70.980209 7.505463 -13.758646 -10.055913 1.708554 2.083554 -0.999998 0.0 0.0 -11.461255 15.07996 10.277412 26.506224 -0.158215 -0.002749 -81.332817 8.537829 17.003202 -3.799794 0.584973 1.699414 -1.0 -0.0 0.0 
0.0 0.0 0.0 0.0 -0.0 0.0 27.114973 97.182678 56.161697 93.861885 -2.301201 23.881678 -8.020552 2.842409 -0.359225 -13.286287 -0.385205 -0.481664 16.929129 0.888458 -1.939553 35.683517 3.752275 2.076488 -2.617133 -1.003663 -1.945821 -20.861383 0.687204 -3.084329 5e-06 -0.0 3e-06 -0.067876 -0.055004 0.211696 0.112777 -0.030248 0.242101 0.146311 -0.080462 0.174523 -130.58078 -67.357552 148.615494 33.656227 -53.975334 2.270016 31.43737 -0.292903 -0.235647 -1.474814 1.911085 -1.841905 17.636602 -26.32258 52.411053 -19.466616 -14.395633 29.410337 1.6e-05 -8.77485 -3e-06 16.082754 -17.805649 6.009166 -0.60978 -1.79565 -3.889319 -4.807116 -11.046788 -2.937843 -2e-05 -20.975967 -1.6e-05 -5.020006 -25.033558 -4.031938 5e-06 3e-06 0.0 -10.634554 -5.686975 -3.565569 10.573268 -17.922882 -3.113903 -1.5e-05 -13.821177 -9e-06 -0.5018 -31.181488 -4.027067 -10.476873 -58.981739 6.743914 -13.982737 -7.150201 -2.875021 13.772741 -8.401445 -3.218245 0.347697 -34.211456 0.771635 -0.963039 -17.733353 2.621006 -0.0 1e-06 -0.0 -17.346474 -20.095194 -4.201755 21.757612 -1.638343 3.866428 -8e-06 -6.338809 -2e-06 -1.697628 -22.591738 -6.194046 -1e-06 -2e-06 -3e-06 48.004398 -67.110413 148.510406 17.46912 -62.287376 2.035424 31.863956 -0.385638 0.219187 7.392836 -2.799221 -1.919566 22.182125 -20.375748 49.933224 -16.701799 -16.743486 28.476463 2e-06 -12.690599 -1.5e-05 16.262722 -17.846693 2.893008 -0.105923 -1.513858 -4.275872 -5.039048 -5.612867 -2.953561 8e-06 -11.020512 -2.2e-05 -6.111292 -15.895353 -3.840519 0.0 2e-06 -0.0 -10.283375 -5.68029 -4.341833 11.028289 -11.302374 -2.372636 -1.384271 -14.238566 -6.320141 -0.625386 -26.924191 -3.827662 -4.746694 -49.369659 -3.067164 -13.708529 -7.363479 -3.720938 18.141138 -14.0527 -3.24267 2.2e-05 -18.787231 -3.6e-05 -0.429696 -8.456036 2.555497 3e-06 -3e-06 -1e-06 -15.923545 -20.094467 -5.47359 30.419197 -7.19081 1.735953 5e-06 -8.162901 -1.2e-05 -1.861862 -22.861441 -6.167997 0.0 -3e-06 -3e-06 156.845413 -18.194864 3.39352 23.530312 -0.084493 0.795607 -69.474892 8.745027 -14.920635 -9.947766 1.671897 2.078491 -0.999998 -2e-06 -0.0 -10.275649 15.033547 11.232825 25.272369 -0.154015 -0.090953 -81.07164 9.115884 17.549698 -3.87293 0.528267 1.694592 -1.000004 -1e-06 0.0 
0.0 0.0 0.0 0.0 -0.0 0.0 27.041376 97.343811 56.603233 94.1278 -1.975067 18.043457 -7.984822 3.040242 -0.342588 -13.294788 -0.35335 -0.59906 16.962957 0.816051 -1.887164 35.621727 3.29839 2.140771 -2.626134 -1.014313 -2.296787 -20.661842 0.516773 -3.395713 6e-06 0.0 -0.0 -0.071501 -0.048674 0.176936 0.105985 -0.018918 0.219244 0.138031 -0.078878 0.12855 -130.736954 -67.32515 148.834885 33.271255 -53.638306 2.581917 32.206173 -0.181946 -0.21828 -1.379777 1.626241 -0.575291 17.636543 -26.322563 52.410938 -19.466619 -14.395539 29.410286 -1.7e-05 -8.774776 2e-06 16.078388 -17.770763 6.053935 -0.609772 -1.795649 -3.889313 -4.807046 -11.046751 -2.937848 5e-05 -20.975912 -2.3e-05 -5.019867 -25.033428 -4.031875 5e-06 3e-06 -2e-06 -10.634483 -5.686942 -3.565575 10.573246 -17.92288 -3.113907 3.2e-05 -13.821139 -8e-06 -0.501689 -31.181364 -4.027 -10.574603 -59.18684 6.737339 -13.982646 -7.150158 -2.875034 13.77267 -8.401473 -3.218239 0.347814 -34.211376 0.771615 -0.962989 -17.733299 2.621022 -0.0 3e-06 -1e-06 -17.346312 -20.095119 -4.20178 21.757446 -1.638392 3.866395 1.2e-05 -6.338789 -3e-06 -1.697516 -22.591627 -6.193996 -1e-06 -3e-06 -1e-06 48.882183 -66.705444 147.852341 17.328398 -61.97414 0.691469 30.640209 -0.665213 0.154553 7.708065 -3.133644 -2.309796 22.182074 -20.37583 49.933319 -16.701895 -16.743509 28.476603 -1.3e-05 -12.690614 5e-06 16.311104 -17.945946 2.787393 -0.105916 -1.513862 -4.275882 -5.039039 -5.61289 -2.953567 1.1e-05 -11.020578 -2.1e-05 -6.111285 -15.895464 -3.840518 1e-06 -1e-06 -1e-06 -10.283359 -5.680301 -4.341841 11.028298 -11.30244 -2.372658 -1.384249 -14.238653 -6.320168 -0.62537 -26.924414 -3.827692 -4.637159 -49.333668 -3.205169 -13.708512 -7.363491 -3.720941 18.141157 -14.052782 -3.242707 2.7e-05 -18.787348 -4.3e-05 -0.429703 -8.456095 2.5555 -0.0 2e-06 -3e-06 -15.923519 -20.094526 -5.473597 30.419207 -7.190838 1.735903 7e-06 -8.162955 -1.8e-05 -1.861842 -22.861624 -6.168033 -1e-06 -3e-06 -4e-06 156.026993 -18.106081 3.915564 24.104113 -0.100974 0.802037 -69.077065 8.700214 -15.157264 -9.740791 1.63201 2.077576 -0.999999 0.0 -0.0 -8.683206 14.899689 12.391798 23.805 -0.150345 -0.187189 -81.054123 9.488723 17.863873 -3.905174 0.477095 1.694147 -1.000003 -1e-06 0.0 
0.0 0.0 0.0 0.0 -0.0 0.0 26.850933 97.459396 56.979275 94.217918 -1.587718 12.21233 -7.878344 3.243068 -0.331705 -13.260798 -0.310273 -0.670954 16.990585 0.837547 -1.796838 35.577171 2.699379 2.22085 -2.629016 -1.006916 -2.539595 -20.575037 0.206658 -3.470046 4e-06 -0.0 0.0 -0.063574 -0.042752 0.158539 0.08504 -0.003897 0.209112 0.110907 -0.081514 0.102982 -130.785919 -67.220711 148.988373 33.001503 -53.513191 3.031669 32.539436 0.050494 -0.179487 -1.500439 1.364176 0.89203 17.636583 -26.322737 52.411213 -19.466766 -14.395592 29.41048 -2.2e-05 -8.774822 3e-06 16.072466 -17.788523 6.084783 -0.609773 -1.79566 -3.889332 -4.807061 -11.046831 -2.937868 5.7e-05 -20.976103 -2.6e-05 -5.019893 -25.033697 -4.031901 7e-06 -3e-06 -0.0 -10.63451 -5.686969 -3.565594 10.573304 -17.923019 -3.113935 3.3e-05 -13.821274 -9e-06 -0.501671 -31.18174 -4.027045 -10.778729 -59.438316 6.762532 -13.982678 -7.150192 -2.875052 13.77273 -8.401539 -3.218266 0.347826 -34.211727 0.771611 -0.962992 -17.733507 2.621042 0.0 1e-06 2e-06 -17.346354 -20.095232 -4.201802 21.757534 -1.638407 3.866407 1.4e-05 -6.338847 -4e-06 -1.697504 -22.591885 -6.194066 0.0 -4e-06 -0.0 49.845188 -66.48983 147.061905 17.253725 -61.640511 -0.298224 29.356323 -0.84369 0.101273 8.000704 -3.581852 -2.612784 22.182076 -20.375927 49.933342 -16.701881 -16.743544 28.47661 -1.3e-05 -12.690623 1e-05 16.397135 -18.049068 2.666641 -0.105916 -1.51386 -4.275886 -5.039036 -5.612891 -2.953562 1.2e-05 -11.020589 -4e-06 -6.111293 -15.89546 -3.840485 -1e-06 1e-06 -1e-06 -10.283364 -5.680297 -4.34184 11.028312 -11.302457 -2.372649 -1.384255 -14.238667 -6.320148 -0.625407 -26.924444 -3.827632 -4.558268 -49.43409 -3.339537 -13.70851 -7.363485 -3.720939 18.141169 -14.052804 -3.242699 2.4e-05 -18.787384 -1e-05 -0.429706 -8.456118 2.555519 1e-06 -1e-06 -2e-06 -15.923514 -20.094528 -5.473585 30.419222 -7.190857 1.735893 6e-06 -8.162966 -6e-06 -1.861871 -22.861675 -6.167988 -1e-06 -0.0 -1e-06 154.997437 -17.733822 4.630436 26.420357 -0.111837 0.85122 -69.082207 8.145911 -15.082967 -9.570722 1.598574 2.071138 -0.999997 0.0 1e-06 -6.864419 14.622055 13.871493 22.180351 -0.148606 -0.281944 -81.068428 10.022885 17.987986 -3.90871 0.438009 1.69497 -1.000003 2e-06 1e-06 
0.0 0.0 0.0 0.0 -0.0 0.0 26.582199 97.534378 57.29348 94.194115 -1.240099 6.449748 -7.713925 3.466645 -0.252393 -13.197112 -0.292329 -0.808625 17.044184 0.971853 -1.69927 35.447716 2.06416 2.242356 -2.674118 -1.044667 -2.65923 -20.469013 -0.158233 -3.231883 6e-06 -0.0 0.0 -0.090593 -0.029125 0.082159 0.064171 0.017064 0.141778 0.077829 -0.074244 0.019043 -130.840408 -66.98214 149.147003 32.805424 -53.511616 3.445284 32.511341 0.282161 -0.091316 -1.818105 0.983694 2.695671 17.636658 -26.322744 52.411198 -19.466639 -14.395637 29.410395 1.4e-05 -8.774857 -6e-06 16.128565 -17.868338 6.022449 -0.609779 -1.795653 -3.889327 -4.807118 -11.046821 -2.937844 -2.6e-05 -20.976049 9e-06 -5.020029 -25.033657 -4.031909 5e-06 -0.0 0.0 -10.634562 -5.686983 -3.565578 10.573277 -17.922949 -3.113891 -1.6e-05 -13.821238 4e-06 -0.501823 -31.181654 -4.02704 -10.975122 -59.53606 6.735373 -13.98275 -7.150214 -2.875033 13.772756 -8.40148 -3.218239 0.347676 -34.211639 0.771685 -0.963062 -17.733458 2.621035 -0.0 2e-06 -0.0 -17.346483 -20.095238 -4.201757 21.757624 -1.63835 3.866439 -7e-06 -6.338838 5e-06 -1.697641 -22.591839 -6.194034 -1e-06 -3e-06 -3e-06 50.581306 -66.364792 146.356247 17.17543 -61.177719 -1.079097 28.241503 -1.075864 0.122075 8.268376 -3.995164 -2.749928 22.182178 -20.3759 49.933235 -16.701778 -16.743511 28.476465 -6e-06 -12.690603 -1.4e-05 16.593788 -18.204384 2.556631 -0.105921 -1.513851 -4.275872 -5.039042 -5.61286 -2.953553 1.3e-05 -11.020525 6e-06 -6.111284 -15.895348 -3.840476 0.0 -0.0 1e-06 -10.283368 -5.680273 -4.341835 11.028291 -11.302395 -2.372612 -1.384264 -14.23857 -6.320114 -0.625429 -26.924236 -3.827574 -4.549664 -49.680103 -3.44228 -13.708525 -7.363459 -3.720938 18.141146 -14.052736 -3.242643 1.2e-05 -18.787271 1.9e-05 -0.429707 -8.456067 2.555525 1e-06 -0.0 0.0 -15.923532 -20.094442 -5.473575 30.419197 -7.19084 1.735958 4e-06 -8.162929 9e-06 -1.861889 -22.861509 -6.167926 -0.0 -2e-06 1e-06 153.715317 -17.10066 5.567347 29.711971 -0.114561 0.920432 -69.418793 7.058568 -14.392208 -9.677424 1.597417 2.07885 -1.000003 0.0 0.0 -4.977751 14.309442 15.668776 20.505079 -0.133858 -0.285327 -81.16996 10.828712 17.965096 -3.749689 0.464532 1.703292 -1.000005 -1e-06 0.0 
0.0 0.0 0.0 0.0 -0.0 0.0 26.217321 97.661537 57.576988 94.174423 -0.932501 0.727727 -7.525546 3.670159 -0.206204 -13.113708 -0.220444 -0.831445 17.082211 1.166613 -1.685709 35.314362 1.332129 2.293679 -2.712126 -1.042394 -2.515339 -20.401354 -0.530452 -2.97526 6e-06 -0.0 1e-06 -0.095358 -0.021795 0.059934 0.039563 0.029883 0.126804 0.043732 -0.071447 -0.009437 -130.952103 -66.703552 149.372192 33.025845 -53.549427 3.45217 31.833094 0.392354 -0.010301 -2.319217 0.540313 4.054036 17.636719 -26.322811 52.411331 -19.466742 -14.395656 29.410498 6e-06 -8.774885 -1.1e-05 16.18021 -17.942848 6.011784 -0.60978 -1.79566 -3.889337 -4.807123 -11.046865 -2.937859 -8e-06 -20.976158 -0.0 -5.020029 -25.033812 -4.03193 6e-06 1e-06 1e-06 -10.634583 -5.686997 -3.565593 10.573319 -17.923029 -3.113913 -4e-06 -13.821302 1e-06 -0.50179 -31.181831 -4.027065 -11.194765 -59.671162 6.829724 -13.982777 -7.150231 -2.875044 13.772796 -8.401523 -3.21825 0.347715 -34.211819 0.771665 -0.963044 -17.733551 2.621049 1e-06 -1e-06 -1e-06 -17.346514 -20.095301 -4.201783 21.757683 -1.638372 3.866456 -3e-06 -6.338869 1e-06 -1.697613 -22.591982 -6.194076 0.0 -3e-06 -2e-06 51.157795 -66.4244 145.880783 17.454405 -60.670441 -1.379567 27.528269 -1.061515 0.115049 8.526032 -4.530344 -2.710038 22.18227 -20.375956 49.933487 -16.701946 -16.743668 28.476686 -8e-06 -12.690736 -4e-06 16.718325 -18.360041 2.432336 -0.105919 -1.513862 -4.275897 -5.039082 -5.612902 -2.953572 1e-05 -11.020606 -7e-06 -6.111362 -15.8955 -3.840525 -0.0 -1e-06 0.0 -10.283436 -5.680312 -4.341848 11.02839 -11.302464 -2.372653 -1.384278 -14.238687 -6.320175 -0.625404 -26.924482 -3.827657 -4.483437 -49.822815 -3.604977 -13.708616 -7.363507 -3.720947 18.14131 -14.052817 -3.242702 1.9e-05 -18.787413 -8e-06 -0.429707 -8.456131 2.555536 -0.0 -1e-06 2e-06 -15.923654 -20.094566 -5.473599 30.419481 -7.190883 1.735943 6e-06 -8.162983 -3e-06 -1.861901 -22.861717 -6.168028 0.0 -3e-06 -4e-06 152.482529 -16.245039 6.48892 32.777485 -0.120162 0.929356 -69.766426 5.598564 -14.196517 -9.728434 1.62374 2.07661 -1.000003 -0.0 -0.0 -3.557508 13.809059 17.517189 19.428686 -0.155202 -0.31271 -80.822876 12.414658 18.080942 -3.885679 0.45293 1.693305 -1.000007 1e-06 1e-06 
0.0 0.0 0.0 0.0 -0.0 0.0 25.809065 97.783188 57.834126 94.152901 -0.679525 -4.75802 -7.261166 3.822188 -0.173888 -12.984747 -0.1535 -0.855296 17.097942 1.415089 -1.796432 35.132572 0.675723 2.314057 -2.757275 -1.033773 -2.150607 -20.48506 -0.87801 -2.653879 5e-06 1e-06 1e-06 -0.094266 -0.012657 0.035081 0.017406 0.042548 0.108802 0.015437 -0.065105 -0.040579 -131.064514 -66.590775 149.57988 33.641254 -53.703625 3.141318 30.712046 0.39486 0.070151 -2.858772 0.021071 5.259373 17.636749 -26.322828 52.411354 -19.466759 -14.395713 29.410515 1.6e-05 -8.774914 -5e-06 16.227171 -18.001783 6.017644 -0.609782 -1.795663 -3.889341 -4.807146 -11.046878 -2.937859 -2.2e-05 -20.976168 5e-06 -5.020063 -25.03381 -4.031939 7e-06 -3e-06 -0.0 -10.634616 -5.687011 -3.56559 10.573345 -17.923044 -3.113913 -1.3e-05 -13.821311 1e-06 -0.501818 -31.181835 -4.027077 -11.429637 -59.726105 7.045767 -13.982821 -7.150249 -2.875036 13.772838 -8.40152 -3.21826 0.347693 -34.211834 0.77167 -0.963054 -17.733549 2.621041 -2e-06 -2e-06 3e-06 -17.346582 -20.095341 -4.201766 21.757755 -1.638361 3.866458 -8e-06 -6.33887 -0.0 -1.697649 -22.591974 -6.194074 -0.0 -3e-06 0.0 51.470436 -66.550346 145.585083 17.777866 -60.235294 -1.235081 27.187183 -0.906668 0.132976 8.755072 -4.961019 -2.442158 22.182339 -20.375956 49.933605 -16.702042 -16.743645 28.47677 -9e-06 -12.690754 -1.6e-05 16.821047 -18.503927 2.346045 -0.105921 -1.513875 -4.275908 -5.039094 -5.612937 -2.953586 1.4e-05 -11.020679 -2.3e-05 -6.111371 -15.895624 -3.840556 -1e-06 -3e-06 0.0 -10.283461 -5.680343 -4.341866 11.028417 -11.302534 -2.372667 -1.384277 -14.238791 -6.320219 -0.625382 -26.924702 -3.827724 -4.467813 -49.94109 -3.681507 -13.708646 -7.363547 -3.720963 18.141348 -14.052896 -3.242718 3.7e-05 -18.787525 -4.3e-05 -0.429699 -8.456184 2.555528 -0.0 0.0 0.0 -15.923683 -20.094677 -5.473629 30.419521 -7.190925 1.735957 1.7e-05 -8.163027 -2.1e-05 -1.861855 -22.861879 -6.168115 0.0 -3e-06 1e-06 151.120529 -15.179694 7.510733 35.567829 -0.135796 0.902161 -70.230377 3.843354 -13.85765 -9.743803 1.656754 2.075999 -1.000001 -0.0 0.0 -2.448894 13.261764 19.158697 18.679855 -0.158205 -0.327001 -80.320183 14.44039 18.387554 -4.131408 0.438329 1.687295 -1.000007 -1e-06 -0.0 
0.0 0.0 0.0 0.0 -0.0 0.0 25.352434 97.877357 58.006115 94.193336 -0.399203 -9.8919 -6.956583 3.858644 -0.150859 -12.835545 -0.112368 -0.885457 17.094728 1.676135 -2.001461 34.901886 0.204787 2.329047 -2.802613 -1.024532 -1.693534 -20.683588 -1.162997 -2.251382 5e-06 0.0 1e-06 -0.086109 -0.003296 0.009478 0.009958 0.052899 0.088705 0.005196 -0.056181 -0.071794 -131.216995 -66.730324 149.840515 34.629135 -53.885178 2.878634 29.475595 0.392225 0.15448 -3.285247 -0.623682 6.178541 17.63658 -26.322668 52.411148 -19.466759 -14.395578 29.41045 -1.9e-05 -8.774823 5e-06 16.255821 -18.020868 6.031359 -0.609772 -1.795658 -3.889329 -4.807066 -11.046826 -2.937871 5.4e-05 -20.976086 -4.3e-05 -5.019884 -25.033689 -4.031924 8e-06 2e-06 0.0 -10.634513 -5.686972 -3.565589 10.573297 -17.923 -3.113939 3.4e-05 -13.821258 -2.1e-05 -0.501656 -31.181717 -4.027083 -11.563636 -59.662392 7.242707 -13.982683 -7.150194 -2.875047 13.772727 -8.401525 -3.218265 0.34783 -34.211678 0.771585 -0.962984 -17.733471 2.621023 -1e-06 0.0 0.0 -17.346363 -20.095226 -4.2018 21.757534 -1.638401 3.86641 1.4e-05 -6.338841 -9e-06 -1.697499 -22.591873 -6.19408 3e-06 -4e-06 -3e-06 51.413868 -66.615204 145.612778 17.989342 -59.830383 -0.862334 27.220057 -0.692873 0.168554 9.024121 -5.177214 -2.078794 22.182007 -20.375849 49.933289 -16.701849 -16.743471 28.47658 -1.2e-05 -12.690569 1.5e-05 16.873055 -18.607304 2.29506 -0.105919 -1.513861 -4.27588 -5.039025 -5.612885 -2.953563 7e-06 -11.020568 -1.7e-05 -6.11126 -15.895447 -3.840499 0.0 -1e-06 0.0 -10.283331 -5.680292 -4.34184 11.028262 -11.302428 -2.372649 -1.384247 -14.238645 -6.32015 -0.625396 -26.924377 -3.827663 -4.468903 -49.988956 -3.698366 -13.70847 -7.363479 -3.720942 18.141102 -14.05277 -3.2427 2.3e-05 -18.787336 -3.1e-05 -0.429709 -8.456101 2.555502 -2e-06 3e-06 -0.0 -15.923466 -20.0945 -5.473595 30.419109 -7.190823 1.735885 2e-06 -8.162951 -1e-05 -1.861842 -22.861624 -6.168008 1e-06 -1e-06 -1e-06 149.508957 -13.801018 8.787751 38.04034 -0.164105 0.856647 -70.785881 1.440502 -13.134923 -9.687022 1.687641 2.072389 -1.000003 -0.0 0.0 -1.796547 12.67474 20.402637 18.458374 -0.155359 -0.316948 -79.850441 16.733925 18.89518 -4.453759 0.412749 1.67988 -1.000003 -2e-06 -1e-06 
0.0 0.0 0.0 0.0 -0.0 0.0 24.832899 97.917915 58.081841 94.286507 -0.010737 -14.803693 -6.618629 3.760302 -0.109867 -12.677167 -0.086507 -0.935419 17.099045 1.919267 -2.255266 34.617706 -0.054906 2.305862 -2.823602 -1.040972 -1.181311 -21.126558 -1.376067 -1.779184 7e-06 0.0 2e-06 -0.078667 0.002171 -0.011297 0.011652 0.055462 0.070907 0.006803 -0.047393 -0.095641 -131.271194 -67.130455 150.048752 36.081047 -54.020866 2.657316 28.430164 0.378079 0.225217 -3.410314 -1.354362 6.86629 17.636744 -26.322859 52.411449 -19.466789 -14.395658 29.410572 -4e-06 -8.774889 -1e-05 16.227814 -17.966114 6.047582 -0.609781 -1.795663 -3.889345 -4.807117 -11.046877 -2.937874 2e-05 -20.976191 -7e-06 -5.019986 -25.033833 -4.031939 4e-06 3e-06 -0.0 -10.634585 -5.686998 -3.565608 10.573342 -17.923061 -3.113921 1.3e-05 -13.821316 -2e-06 -0.501744 -31.181856 -4.027062 -11.516598 -59.480061 7.324097 -13.98278 -7.150233 -2.875058 13.772813 -8.401546 -3.218257 0.347767 -34.211872 0.771655 -0.963029 -17.73358 2.621064 3e-06 3e-06 -0.0 -17.346504 -20.09532 -4.201811 21.757687 -1.638393 3.866463 6e-06 -6.338872 -3e-06 -1.697574 -22.59199 -6.194093 2e-06 -3e-06 -1e-06 51.186108 -66.656082 145.834396 18.134287 -59.561462 -0.572376 27.524849 -0.464077 0.224055 9.315306 -5.153111 -1.769078 22.182247 -20.375879 49.933357 -16.701899 -16.743534 28.476562 -1.6e-05 -12.690647 -2.3e-05 16.85603 -18.66357 2.248863 -0.105922 -1.513864 -4.275887 -5.039055 -5.612885 -2.953569 2.2e-05 -11.020568 -1.4e-05 -6.11129 -15.895421 -3.840516 -1e-06 2e-06 -1e-06 -10.283403 -5.680301 -4.341852 11.028341 -11.302449 -2.372634 -1.384258 -14.238631 -6.320153 -0.625372 -26.924341 -3.827632 -4.485824 -49.981773 -3.693563 -13.708568 -7.363491 -3.720954 18.141226 -14.0528 -3.242676 4.4e-05 -18.78734 -1.8e-05 -0.429689 -8.456089 2.555518 1e-06 0.0 -1e-06 -15.923582 -20.094536 -5.473608 30.419304 -7.190894 1.735956 1.9e-05 -8.162952 -7e-06 -1.861834 -22.861578 -6.168 -3e-06 -2e-06 -1e-06 147.549408 -11.921478 10.424844 40.446484 -0.224633 0.80755 -71.962555 -2.051337 -11.658139 -9.468289 1.719737 2.077007 -0.999996 0.0 0.0 -1.658689 12.046634 21.167969 18.964413 -0.156539 -0.257509 -79.537079 19.233263 19.647413 -4.809006 0.362677 1.66265 -0.999999 -0.0 -1e-06 
0.0 0.0 0.0 0.0 -0.0 0.0 24.232439 97.892311 58.050758 94.415764 0.503606 -19.436413 -6.308984 3.533133 -0.079725 -12.532394 -0.085625 -0.994434 17.153954 2.143643 -2.49567 34.365063 -0.148846 2.299585 -2.827707 -1.062545 -0.697546 -21.789623 -1.465664 -1.259987 5e-06 -0.0 -2e-06 -0.066304 0.002486 -0.013455 0.021208 0.048683 0.069115 0.017071 -0.03963 -0.098294 -131.070908 -67.782288 149.996124 37.99987 -54.094517 2.572938 27.733162 0.393403 0.274496 -3.201309 -1.995909 7.589599 17.636711 -26.322744 52.411232 -19.466764 -14.395613 29.410467 -3e-06 -8.774862 -9e-06 16.19133 -17.912415 6.066861 -0.609777 -1.795663 -3.889333 -4.807104 -11.046864 -2.937866 1.8e-05 -20.976156 -1.6e-05 -5.019963 -25.033798 -4.031935 7e-06 2e-06 0.0 -10.634564 -5.686996 -3.565594 10.573316 -17.923042 -3.113919 1.3e-05 -13.821297 -1.1e-05 -0.501729 -31.181816 -4.027077 -11.363753 -59.336914 7.32917 -13.982754 -7.150229 -2.875046 13.772775 -8.401536 -3.218249 0.347772 -34.211807 0.771617 -0.963009 -17.733543 2.62103 1e-06 -1e-06 2e-06 -17.346474 -20.095301 -4.201789 21.757631 -1.638383 3.866449 4e-06 -6.338862 -4e-06 -1.697567 -22.591963 -6.194088 0.0 -3e-06 -3e-06 51.030548 -66.709816 146.016571 18.111683 -59.548882 -0.272232 27.93494 -0.260821 0.255894 9.635846 -4.830648 -1.552286 22.182213 -20.375885 49.933311 -16.701885 -16.743551 28.476545 -2.1e-05 -12.690642 -9e-06 16.793373 -18.661646 2.204906 -0.105919 -1.51386 -4.275887 -5.039047 -5.612877 -2.953561 2.4e-05 -11.020559 -8e-06 -6.111288 -15.895391 -3.840494 2e-06 -1e-06 -1e-06 -10.283398 -5.680292 -4.341841 11.02834 -11.302443 -2.372639 -1.384255 -14.238621 -6.320138 -0.625383 -26.92433 -3.827617 -4.546979 -49.933975 -3.624085 -13.708559 -7.36348 -3.720944 18.141228 -14.052794 -3.242684 4.4e-05 -18.787329 -1e-05 -0.429691 -8.456088 2.555515 4e-06 1e-06 -2e-06 -15.923567 -20.094511 -5.473594 30.4193 -7.190889 1.735938 1.8e-05 -8.162947 -6e-06 -1.861848 -22.861561 -6.167974 1e-06 -3e-06 2e-06 145.326462 -9.469973 12.349133 42.466473 -0.301539 0.816872 -73.231766 -5.419558 -9.678921 -9.292055 1.742681 2.076041 -1.000001 1e-06 -0.0 -2.038155 11.408295 21.522614 20.256346 -0.154056 -0.166196 -79.295303 21.835981 20.706015 -5.227211 0.306911 1.640065 -1.000005 -1e-06 -1e-06 
0.0 0.0 0.0 0.0 -0.0 0.0 23.495792 97.822357 57.914276 94.461487 1.168264 -23.636293 -6.051127 3.227275 -0.073082 -12.425719 -0.123514 -1.053627 17.2446 2.26872 -2.670643 34.259918 -0.178309 2.311278 -2.804006 -1.05905 -0.288504 -22.508224 -1.437638 -0.715997 6e-06 1e-06 0.0 -0.057883 0.000331 -0.011314 0.029677 0.036905 0.067885 0.026885 -0.031843 -0.092534 -130.695236 -68.581657 149.753784 40.074211 -54.050991 2.531502 27.487082 0.413713 0.327659 -2.707255 -2.227369 8.206485 17.63658 -26.322592 52.411007 -19.466619 -14.395515 29.410303 8e-06 -8.774796 -5e-06 16.224072 -17.921938 6.026733 -0.609776 -1.795656 -3.889318 -4.807086 -11.046807 -2.937849 -1e-05 -20.976002 -2.3e-05 -5.019946 -25.033577 -4.031919 6e-06 -0.0 1e-06 -10.634513 -5.686979 -3.565576 10.573222 -17.92292 -3.113903 -4e-06 -13.821197 -1.8e-05 -0.501747 -31.181522 -4.027075 -11.1771 -59.315441 7.231769 -13.982683 -7.150208 -2.875033 13.772677 -8.401472 -3.218232 0.34773 -34.211533 0.7716 -0.963013 -17.733383 2.620992 -1e-06 5e-06 3e-06 -17.346392 -20.095226 -4.201767 21.757492 -1.638346 3.866426 -3e-06 -6.338818 -9e-06 -1.697573 -22.591772 -6.194053 0.0 -3e-06 -4e-06 51.151661 -66.861267 146.013275 17.970051 -59.859623 0.072064 28.035614 -0.070434 0.284588 9.762851 -4.335614 -1.32359 22.18218 -20.375872 49.93327 -16.701899 -16.74362 28.476568 -1.8e-05 -12.690682 2e-06 16.738184 -18.656273 2.164988 -0.105914 -1.513858 -4.275883 -5.039061 -5.612876 -2.953555 2e-05 -11.020563 -8e-06 -6.111324 -15.895421 -3.840495 1e-06 1e-06 -1e-06 -10.2834 -5.680288 -4.341829 11.028357 -11.302432 -2.372647 -1.384263 -14.238625 -6.320143 -0.62539 -26.92436 -3.827624 -4.644015 -49.908276 -3.549431 -13.708568 -7.363475 -3.720927 18.141258 -14.052776 -3.2427 3.3e-05 -18.78734 -1.2e-05 -0.429695 -8.456099 2.555516 4e-06 -1e-06 -0.0 -15.923587 -20.094492 -5.473571 30.419374 -7.190873 1.735916 1.1e-05 -8.162951 -5e-06 -1.861875 -22.861603 -6.16799 -1e-06 -0.0 -1e-06 143.260376 -6.564479 14.1942 43.670471 -0.386306 0.911808 -74.53508 -7.584811 -7.690838 -9.184826 1.757953 2.071298 -1.000002 1e-06 0.0 -2.660247 10.666695 21.579096 22.04303 -0.15948 -0.053866 -79.142769 24.418919 21.954239 -5.70841 0.250534 1.616502 -1.000004 -0.0 -0.0 
0.0 0.0 0.0 0.0 -0.0 0.0 22.574593 97.744591 57.630898 94.328072 1.832013 -27.465792 -5.826823 2.949753 -0.092494 -12.355804 -0.179505 -1.089726 17.353121 2.286912 -2.760879 34.373981 -0.226096 2.333852 -2.781842 -1.014603 0.061561 -23.067257 -1.335842 -0.171286 4e-06 -1e-06 -2e-06 -0.054915 -0.00155 -0.011204 0.031179 0.023288 0.062548 0.026569 -0.02142 -0.086284 -130.264038 -69.342735 149.406158 41.841637 -53.886059 2.580849 27.6824 0.445021 0.36964 -2.093761 -2.066304 8.516849 17.636694 -26.322931 52.41153 -19.466787 -14.395678 29.41061 -9e-06 -8.774877 0.0 16.313536 -17.98786 5.944903 -0.609778 -1.79566 -3.88935 -4.807102 -11.046865 -2.937869 2.3e-05 -20.976179 9e-06 -5.019983 -25.033806 -4.031904 5e-06 3e-06 -2e-06 -10.63457 -5.686986 -3.56561 10.573343 -17.923063 -3.11392 1.2e-05 -13.82132 1e-05 -0.501756 -31.181864 -4.027033 -11.02211 -59.353588 7.085999 -13.98276 -7.150218 -2.875065 13.7728 -8.401549 -3.218263 0.347756 -34.211868 0.771685 -0.963042 -17.733585 2.621078 -2e-06 4e-06 2e-06 -17.346464 -20.095291 -4.201812 21.757654 -1.638401 3.866443 6e-06 -6.338872 7e-06 -1.697568 -22.59199 -6.194069 -1e-06 -1e-06 -1e-06 51.397949 -67.154037 145.960892 17.65378 -60.452713 0.515346 27.471695 0.092049 0.299548 9.510853 -3.743936 -0.909758 22.182123 -20.375929 49.933445 -16.701899 -16.743546 28.476639 -7e-06 -12.690634 2e-06 16.684423 -18.645245 2.126419 -0.105916 -1.513864 -4.275894 -5.03905 -5.6129 -2.953568 7e-06 -11.020593 -1.3e-05 -6.111302 -15.895471 -3.84051 -0.0 -2e-06 -1e-06 -10.283384 -5.680311 -4.341852 11.028316 -11.30246 -2.372656 -1.384259 -14.238671 -6.320165 -0.625388 -26.924431 -3.82767 -4.677496 -49.896358 -3.575935 -13.708544 -7.363504 -3.720953 18.141195 -14.052807 -3.242702 2.3e-05 -18.787392 -2.7e-05 -0.429704 -8.456114 2.555514 -0.0 -3e-06 -3e-06 -15.923554 -20.094564 -5.473601 30.419266 -7.190852 1.735914 5e-06 -8.162964 -1.5e-05 -1.861856 -22.86166 -6.168029 4e-06 -2e-06 -1e-06 141.833176 -3.671798 15.474174 43.717365 -0.426395 1.03702 -75.449692 -7.960908 -6.326457 -9.013927 1.775377 2.077398 -0.999999 -2e-06 -1e-06 -3.016615 9.876649 21.72098 23.686161 -0.180447 0.051556 -78.853424 26.678715 23.255318 -6.263556 0.214471 1.598155 -1.000001 -3e-06 -1e-06 
0.0 0.0 0.0 0.0 -0.0 0.0 21.483898 97.680077 57.18552 94.06575 2.405457 -31.009558 -5.636112 2.753156 -0.122203 -12.315653 -0.235431 -1.096381 17.421621 2.24013 -2.827193 34.646839 -0.373193 2.365812 -2.77691 -0.922071 0.407281 -23.37435 -1.214498 0.323032 6e-06 -0.0 -1e-06 -0.054545 0.000415 -0.028858 0.025429 0.014438 0.039747 0.018968 -0.008089 -0.097933 -129.827133 -69.94091 149.02327 43.009094 -53.62265 2.900585 28.299896 0.536542 0.401233 -1.492863 -1.652054 8.785875 17.636629 -26.322714 52.411179 -19.466694 -14.395592 29.410412 3e-06 -8.774838 -4e-06 16.414324 -18.075184 5.892719 -0.609777 -1.795657 -3.889329 -4.807096 -11.046835 -2.937854 -3e-06 -20.976091 -4e-06 -5.019985 -25.033707 -4.031907 5e-06 -1e-06 0.0 -10.634538 -5.686982 -3.565587 10.573275 -17.922987 -3.113906 -3e-06 -13.82126 -6e-06 -0.501771 -31.181726 -4.027057 -10.997324 -59.40266 7.076204 -13.982719 -7.150212 -2.875041 13.772737 -8.401505 -3.218244 0.347727 -34.211708 0.771642 -0.963033 -17.733492 2.621029 -2e-06 2e-06 -0.0 -17.34643 -20.095249 -4.201779 21.757576 -1.638367 3.866434 -1e-06 -6.338845 -3e-06 -1.69759 -22.591887 -6.194054 -1e-06 1e-06 -0.0 51.574001 -67.58255 145.909988 16.738537 -61.278519 1.320484 26.279613 0.148477 0.263389 8.904334 -3.285353 -0.233227 22.182138 -20.375845 49.933289 -16.701866 -16.743534 28.476547 -8e-06 -12.690624 -4e-06 16.638924 -18.651075 2.080564 -0.105919 -1.51386 -4.275882 -5.039045 -5.612881 -2.953563 1.1e-05 -11.020554 -1.2e-05 -6.111298 -15.895411 -3.840508 2e-06 -2e-06 -1e-06 -10.283383 -5.680295 -4.341839 11.028316 -11.302425 -2.372645 -1.384261 -14.238621 -6.320151 -0.625389 -26.924318 -3.827652 -4.598444 -49.85651 -3.718903 -13.708538 -7.363483 -3.72094 18.141184 -14.052764 -3.242689 2.7e-05 -18.787319 -2.7e-05 -0.429701 -8.456073 2.555506 1e-06 2e-06 -3e-06 -15.923552 -20.094507 -5.473592 30.419258 -7.190848 1.735926 1.1e-05 -8.16294 -8e-06 -1.861856 -22.861559 -6.168005 1e-06 -4e-06 -2e-06 141.216293 -1.01425 15.9908 42.512558 -0.409274 1.120647 -76.016235 -6.058331 -6.289164 -8.713533 1.782971 2.098345 -1.000001 1e-06 0.0 -2.843799 9.112486 22.036425 24.831953 -0.202306 0.122064 -78.44709 28.371155 24.637201 -6.939029 0.219529 1.596106 -1.000005 0.0 0.0 
0.0 0.0 0.0 0.0 -0.0 0.0 20.264643 97.630119 56.557854 93.798386 2.81878 -34.249401 -5.555876 2.648346 -0.246701 -12.284599 -0.239771 -1.030206 17.461185 2.153733 -2.932966 34.978878 -0.562326 2.481837 -2.783966 -0.909427 0.805936 -23.466885 -1.096524 0.670571 4e-06 -0.0 4e-06 -0.03896 0.003541 -0.023014 0.016475 0.016807 0.042805 0.024826 -0.004932 -0.088489 -129.462173 -70.334724 148.716629 43.419075 -53.329098 3.325068 29.220379 0.62862 0.362276 -1.016717 -1.036825 8.895223 17.636654 -26.32287 52.411434 -19.466753 -14.395555 29.410557 5e-06 -8.774838 -6e-06 16.437141 -18.231016 5.9882 -0.609782 -1.795663 -3.889342 -4.807106 -11.046904 -2.937874 -1.9e-05 -20.976252 -7e-06 -5.019997 -25.033955 -4.031935 4e-06 2e-06 -0.0 -10.634542 -5.68701 -3.565612 10.573267 -17.92309 -3.113913 -8e-06 -13.821362 -8e-06 -0.501767 -31.182024 -4.027102 -11.193344 -59.482021 7.322753 -13.982721 -7.150248 -2.875066 13.772729 -8.401548 -3.218245 0.347704 -34.211987 0.771642 -0.96305 -17.733648 2.621035 0.0 3e-06 1e-06 -17.346436 -20.095348 -4.201809 21.757568 -1.638358 3.866459 -2e-06 -6.338891 -3e-06 -1.697582 -22.592098 -6.194113 0.0 -8e-06 -2e-06 51.571037 -67.969551 145.882782 15.043422 -62.096268 2.805395 24.884546 0.159573 0.203369 7.958437 -3.349243 0.803949 22.182163 -20.376038 49.933418 -16.701872 -16.743633 28.476633 -3.1e-05 -12.69066 1.2e-05 16.47188 -18.644596 2.122016 -0.105915 -1.513853 -4.275891 -5.039045 -5.612868 -2.953558 2.5e-05 -11.020554 1.2e-05 -6.111295 -15.895386 -3.840474 1e-06 1e-06 -3e-06 -10.28339 -5.680273 -4.341842 11.02836 -11.302444 -2.372638 -1.384246 -14.238618 -6.32013 -0.625401 -26.924345 -3.827563 -4.410059 -49.837517 -3.904711 -13.70855 -7.363458 -3.720938 18.141239 -14.052788 -3.242689 2.6e-05 -18.787336 3.1e-05 -0.429705 -8.456097 2.555542 0.0 2e-06 -0.0 -15.923552 -20.094469 -5.473583 30.419327 -7.190889 1.735903 1e-05 -8.16296 1.6e-05 -1.861892 -22.861601 -6.16791 -1e-06 -5e-06 -2e-06 141.609665 1.241586 15.90917 39.380894 -0.32652 1.116365 -76.228905 -2.279913 -7.831385 -8.207503 1.730935 2.101827 -0.999996 -1e-06 1e-06 -2.105026 8.409705 22.169867 25.341564 -0.236669 0.165238 -78.117851 29.23896 25.958284 -7.806336 0.211671 1.605244 -1.000003 -0.0 0.0 
0.0 0.0 0.0 0.0 -0.0 0.0 18.994865 97.534103 55.70385 93.792763 2.961591 -37.309998 -5.543125 2.673537 -0.220953 -12.310857 -0.243603 -1.163631 17.433191 2.247718 -2.901239 35.185932 -0.839324 2.481701 -2.790887 -0.814472 1.142862 -23.545912 -1.022877 1.315489 5e-06 0.0 -0.0 -0.033779 0.009564 -0.035218 -0.004877 0.029815 0.02717 0.008311 -0.006441 -0.096268 -129.202698 -70.498711 148.450195 43.155838 -53.179382 3.982244 30.187241 0.859908 0.340391 -0.75721 -0.493389 9.014135 17.636686 -26.322781 52.411224 -19.466906 -14.395695 29.410572 -2.1e-05 -8.774905 5e-06 16.492781 -18.309469 5.977093 -0.609771 -1.795668 -3.889339 -4.807099 -11.046907 -2.937871 5.3e-05 -20.976303 -2.6e-05 -5.019972 -25.034012 -4.031922 6e-06 2e-06 0.0 -10.63457 -5.686993 -3.565585 10.573389 -17.923138 -3.11396 3.4e-05 -13.821393 -1.5e-05 -0.501684 -31.182123 -4.027091 -11.230536 -59.515747 7.352045 -13.982762 -7.150223 -2.875036 13.772839 -8.40159 -3.218287 0.347837 -34.212048 0.771597 -0.962988 -17.733686 2.62105 0.0 -3e-06 -1e-06 -17.346476 -20.095318 -4.201777 21.757708 -1.638416 3.866421 1.5e-05 -6.338904 -1e-05 -1.697533 -22.592159 -6.194119 1e-06 -3e-06 -2e-06 51.375156 -68.250313 145.94104 12.776625 -62.831814 4.529383 23.653156 0.259917 0.151497 7.00998 -3.699488 2.011098 22.182117 -20.375807 49.93322 -16.701849 -16.743483 28.476505 -9e-06 -12.690595 -6e-06 16.350016 -18.598576 2.202789 -0.105919 -1.513863 -4.275878 -5.039038 -5.612885 -2.953559 1.1e-05 -11.020554 -1.6e-05 -6.111277 -15.895403 -3.840497 2e-06 -2e-06 -4e-06 -10.283366 -5.6803 -4.341836 11.028289 -11.302427 -2.372639 -1.384261 -14.23862 -6.320139 -0.625384 -26.924309 -3.827658 -4.296204 -49.923965 -3.925782 -13.708518 -7.363493 -3.720936 18.14114 -14.052769 -3.242687 2.8e-05 -18.787308 -3.7e-05 -0.429697 -8.456072 2.555493 3e-06 2e-06 2e-06 -15.923531 -20.094524 -5.47358 30.419193 -7.190837 1.735928 1.1e-05 -8.162934 -2e-05 -1.861843 -22.861542 -6.168009 -0.0 -4e-06 -1e-06 142.748917 2.63931 15.236839 34.601406 -0.184406 1.047423 -75.866776 1.673851 -9.808298 -8.146098 1.694351 2.119258 -0.999998 -4e-06 -0.0 -1.080556 8.175928 22.139858 25.481201 -0.227088 0.153138 -77.805756 29.512644 27.127171 -8.62506 0.227717 1.607859 -1.000004 -1e-06 -1e-06 
0.0 0.0 0.0 0.0 -0.0 0.0 17.650867 97.355423 54.621655 94.089195 3.000444 -40.366901 -5.615105 2.743154 -0.052396 -12.435052 -0.277443 -1.411266 17.402746 2.530941 -2.795968 35.205814 -1.170397 2.414628 -2.805312 -0.668203 1.47721 -23.551931 -0.995595 2.134195 6e-06 -0.0 -2e-06 -0.047759 0.017416 -0.071446 -0.027904 0.049715 -0.012646 -0.024689 -0.010396 -0.127503 -129.000107 -70.589645 148.169113 42.37149 -53.388981 4.911987 30.932005 1.311722 0.363425 -0.643793 0.111363 8.666933 17.636578 -26.322681 52.411106 -19.466631 -14.395575 29.410343 -1.1e-05 -8.774801 -2e-06 16.556547 -18.284531 5.902817 -0.609773 -1.795647 -3.889321 -4.807065 -11.046774 -2.937847 3.5e-05 -20.975971 -6e-06 -5.019914 -25.033522 -4.031878 6e-06 1e-06 0.0 -10.634504 -5.686947 -3.565583 10.573266 -17.922913 -3.1139 2.1e-05 -13.82118 2e-06 -0.501722 -31.18148 -4.027 -11.143752 -59.502335 7.268868 -13.982674 -7.150165 -2.87504 13.772705 -8.401482 -3.21824 0.34778 -34.211479 0.771651 -0.963009 -17.73337 2.621037 0.0 5e-06 0.0 -17.346355 -20.095142 -4.201784 21.757504 -1.638392 3.866411 8e-06 -6.338809 2e-06 -1.697541 -22.591724 -6.19401 0.0 -5e-06 -2e-06 51.129272 -68.478172 146.016525 10.4102 -63.524277 5.99943 22.679726 0.427691 0.122075 6.297694 -3.972191 2.898439 22.181932 -20.375786 49.933109 -16.701647 -16.743391 28.476347 6e-06 -12.690475 9e-06 16.270931 -18.572685 2.272104 -0.105921 -1.513846 -4.275866 -5.039001 -5.612835 -2.953538 -5e-06 -11.020439 -5e-06 -6.111235 -15.895222 -3.840451 0.0 2e-06 -2e-06 -10.283299 -5.680261 -4.341823 11.028186 -11.302316 -2.372607 -1.384262 -14.23847 -6.320077 -0.625437 -26.923973 -3.827587 -4.235478 -50.118366 -3.834601 -13.708429 -7.363442 -3.720927 18.140976 -14.052622 -3.242641 -9e-06 -18.787132 -1e-06 -0.429715 -8.455992 2.555488 3e-06 1e-06 -1e-06 -15.923424 -20.09437 -5.473563 30.418938 -7.190735 1.73591 -9e-06 -8.162859 3e-06 -1.861886 -22.86129 -6.167902 -1e-06 -3e-06 1e-06 144.334091 3.313629 14.345788 28.787458 -0.031043 0.927121 -75.040924 5.054608 -11.705631 -8.540777 1.708107 2.143716 -0.999995 0.0 0.0 0.001465 8.268229 22.125528 25.511021 -0.196806 0.096885 -77.430351 29.510523 28.300842 -9.645476 0.317843 1.616165 -1.0 -1e-06 0.0 
0.0 0.0 0.0 0.0 -0.0 0.0 16.099037 97.178093 53.294586 94.507126 3.129044 -43.673748 -5.85036 2.751477 -0.025859 -12.560301 -0.241038 -1.449935 17.359262 2.741969 -2.911372 35.159092 -1.528524 2.534431 -2.79424 -0.669039 2.029022 -23.571293 -0.891004 2.816628 6e-06 -1e-06 -1e-06 -0.056873 0.01049 -0.039598 -0.072006 0.057155 0.011178 -0.06363 -0.032235 -0.085901 -128.40036 -70.642715 147.490662 41.238121 -54.022858 5.022525 31.126553 1.458018 0.317655 -0.794214 1.043138 7.889244 17.63648 -26.322588 52.411015 -19.466537 -14.395488 29.410278 -1e-05 -8.774748 -0.0 16.534277 -18.365036 5.964462 -0.609774 -1.795643 -3.889312 -4.807041 -11.046737 -2.937847 2.8e-05 -20.975883 -1.1e-05 -5.019873 -25.033407 -4.031869 6e-06 3e-06 0.0 -10.634455 -5.686934 -3.565583 10.573193 -17.922838 -3.113887 1.5e-05 -13.821121 1e-06 -0.501719 -31.18133 -4.026989 -11.376539 -59.533768 7.424232 -13.982607 -7.150153 -2.875043 13.772619 -8.401446 -3.218225 0.347759 -34.211323 0.77165 -0.963019 -17.733282 2.621027 -0.0 -1e-06 0.0 -17.34627 -20.095089 -4.201791 21.757378 -1.638372 3.866402 6e-06 -6.338785 2e-06 -1.69753 -22.591623 -6.193987 -0.0 -3e-06 -2e-06 51.158985 -68.721161 145.779099 8.33007 -64.301399 7.324658 22.088617 0.589076 0.089145 5.45477 -4.182808 3.467259 22.181953 -20.375832 49.933071 -16.701668 -16.743475 28.476366 -2.7e-05 -12.690502 1.6e-05 16.012211 -18.390308 2.385892 -0.105916 -1.513838 -4.275861 -5.038995 -5.612803 -2.953531 2.4e-05 -11.020405 1.1e-05 -6.111207 -15.895127 -3.84043 0.0 -3e-06 0.0 -10.283303 -5.680225 -4.341815 11.02823 -11.302299 -2.37261 -1.384233 -14.238406 -6.320059 -0.625394 -26.923855 -3.82751 -4.000758 -50.097065 -3.954567 -13.708434 -7.363394 -3.720924 18.141039 -14.052615 -3.242644 1.9e-05 -18.787071 4.5e-05 -0.429707 -8.455966 2.555513 1e-06 -2e-06 2e-06 -15.923407 -20.094275 -5.47356 30.41901 -7.190788 1.735882 8e-06 -8.162848 2.2e-05 -1.86189 -22.861212 -6.167801 -0.0 -1e-06 -1e-06 146.321259 3.443643 13.358927 22.67812 0.067246 0.789955 -73.893372 7.007989 -13.099277 -8.628845 1.627445 2.108033 -1.000004 -1e-06 -1e-06 1.060917 8.124457 21.928093 25.525707 -0.218447 0.085576 -77.310181 29.607777 29.129658 -10.957763 0.332308 1.614063 -1.000004 -1e-06 1e-06 
0.0 0.0 0.0 0.0 -0.0 0.0 14.445269 96.924881 51.688473 94.809792 3.384091 -47.085831 -6.127295 2.459361 -0.026122 -12.736935 -0.263688 -1.549493 17.333567 3.039986 -2.977304 35.193588 -1.841766 2.520029 -2.789975 -0.681455 2.760375 -23.450045 -0.786838 3.711257 6e-06 -0.0 1e-06 -0.074756 -0.002201 -0.005563 -0.12485 0.05105 0.038315 -0.127435 -0.05105 -0.042782 -128.902435 -70.502457 147.807541 39.912109 -54.603695 5.40288 30.141495 1.501222 0.288836 -1.072477 1.30277 6.815762 17.636614 -26.322712 52.411121 -19.466825 -14.395623 29.410475 -3.7e-05 -8.774839 5e-06 16.52142 -18.283936 5.881779 -0.609767 -1.795659 -3.88933 -4.807048 -11.046829 -2.937867 9.3e-05 -20.97612 -2.6e-05 -5.019875 -25.033718 -4.031876 6e-06 3e-06 0.0 -10.63451 -5.686955 -3.565589 10.573348 -17.923042 -3.113946 5.9e-05 -13.821276 -8e-06 -0.50164 -31.181747 -4.027013 -11.17454 -59.379181 7.197145 -13.982684 -7.15017 -2.875044 13.772762 -8.401562 -3.218272 0.34789 -34.211731 0.771608 -0.962971 -17.733503 2.621059 1e-06 2e-06 0.0 -17.34634 -20.095207 -4.2018 21.757559 -1.638441 3.866397 2.5e-05 -6.33885 -4e-06 -1.697475 -22.591898 -6.194047 -0.0 -3e-06 -2e-06 50.718315 -68.770958 146.117096 6.843969 -64.757843 8.412321 21.626917 0.88363 0.083598 4.76102 -4.839174 4.129922 22.182072 -20.375942 49.933285 -16.701952 -16.743534 28.476629 -3.2e-05 -12.690621 1.8e-05 15.930146 -18.216866 2.444441 -0.105913 -1.513866 -4.275887 -5.039031 -5.612909 -2.95356 2.4e-05 -11.020646 -5e-06 -6.111282 -15.895556 -3.84048 1e-06 -0.0 1e-06 -10.283352 -5.6803 -4.341839 11.028319 -11.302507 -2.372656 -1.384241 -14.238729 -6.320151 -0.625389 -26.924603 -3.827644 -4.037914 -50.130238 -3.851816 -13.708501 -7.36349 -3.720937 18.14119 -14.052876 -3.242714 4.7e-05 -18.787481 -2.9e-05 -0.429698 -8.456164 2.555514 2e-06 -2e-06 -1e-06 -15.92349 -20.094561 -5.473574 30.419224 -7.190896 1.73587 1.9e-05 -8.163004 -1.9e-05 -1.861824 -22.861797 -6.168027 1e-06 -5e-06 -0.0 148.350052 3.334325 12.241471 18.489037 0.089288 0.566927 -71.186531 6.743593 -12.32053 -8.767491 1.623137 2.099258 -0.999996 0.0 -0.0 2.201323 7.693148 21.562056 25.605446 -0.192487 0.125653 -77.418877 29.920645 29.33139 -12.149508 0.422263 1.629984 -1.000003 0.0 -1e-06 
0.0 0.0 0.0 0.0 -0.0 0.0 12.643192 96.841347 49.815563 94.750603 4.242319 -50.338383 -6.677259 1.546618 -0.09827 -13.029987 -0.385529 -1.634056 17.447018 3.169832 -3.156772 35.212357 -1.990629 2.530549 -2.871047 -0.646699 3.599729 -22.853224 -0.656597 4.467518 6e-06 0.0 -0.0 -0.107518 -0.025436 0.086662 -0.20677 0.006002 0.116112 -0.221936 -0.051475 0.06468 -132.091629 -69.66436 150.634491 37.532845 -54.148232 7.394956 28.746716 1.452529 0.214961 -1.487731 0.727633 5.951523 17.636614 -26.322741 52.411213 -19.46664 -14.395645 29.410395 -8e-06 -8.774834 1e-06 16.501976 -18.144299 5.759272 -0.609776 -1.795647 -3.889326 -4.807081 -11.046771 -2.937847 2.7e-05 -20.975956 8e-06 -5.019947 -25.033499 -4.031877 6e-06 2e-06 -0.0 -10.634533 -5.686949 -3.565584 10.573293 -17.922899 -3.113897 1.4e-05 -13.821175 1.4e-05 -0.501766 -31.181458 -4.026977 -10.788416 -59.18589 6.746009 -13.982714 -7.15017 -2.875039 13.772744 -8.401476 -3.218245 0.347754 -34.21146 0.771689 -0.963031 -17.733362 2.621057 0.0 -1e-06 0.0 -17.346413 -20.095146 -4.201783 21.757582 -1.638394 3.866419 6e-06 -6.338808 8e-06 -1.697576 -22.591705 -6.193995 -1e-06 -4e-06 -2e-06 48.211823 -67.857452 148.597366 6.098803 -63.811733 8.701375 21.443773 0.980298 0.059855 4.220099 -5.934113 5.452451 22.181995 -20.375938 49.933521 -16.701822 -16.743544 28.476677 1.3e-05 -12.6906 2.7e-05 15.973347 -18.152174 2.41988 -0.105921 -1.51386 -4.275896 -5.039043 -5.612897 -2.953565 -1.7e-05 -11.020567 -6e-06 -6.111308 -15.895447 -3.840509 -2e-06 0.0 0.0 -10.283364 -5.680317 -4.341846 11.028266 -11.302412 -2.372651 -1.384276 -14.238654 -6.320168 -0.625445 -26.924368 -3.827682 -4.195701 -50.042427 -3.756629 -13.708514 -7.363513 -3.72094 18.141111 -14.052738 -3.242703 -3.1e-05 -18.78734 -1.8e-05 -0.429734 -8.456092 2.555509 2e-06 -2e-06 -1e-06 -15.923543 -20.094557 -5.473591 30.419188 -7.19076 1.735897 -1.8e-05 -8.162954 -5e-06 -1.861925 -22.861629 -6.168012 0.0 -3e-06 -3e-06 149.793701 3.5483 11.108932 17.324839 0.108918 0.187672 -66.733963 3.84923 -8.277748 -8.226769 1.579434 2.124183 -1.000001 -3e-06 -1e-06 3.163487 6.297818 20.988482 25.52652 -0.133 0.153395 -77.26432 30.091253 28.793694 -13.67763 0.579601 1.652626 -1.000003 1e-06 -1e-06 
0.0 0.0 0.0 0.0 -0.0 0.0 10.850857 96.928963 47.823601 94.12162 5.635516 -53.003368 -7.403301 0.18753 -0.148626 -13.465569 -0.675508 -1.741245 17.677097 2.716791 -3.449036 35.142464 -1.482931 2.570268 -2.940776 -0.68071 4.436867 -22.301283 -0.468281 5.129423 8e-06 -0.0 1e-06 -0.120476 -0.029253 0.142784 -0.25448 -0.034483 0.156926 -0.279949 -0.018553 0.134057 -136.574585 -68.455933 154.850052 35.261642 -52.555443 10.040323 27.406986 1.376802 0.145787 -1.438838 -0.487787 5.198309 17.636713 -26.32271 52.41114 -19.466688 -14.395638 29.410376 1.1e-05 -8.774872 -1.1e-05 16.379877 -17.948854 5.680582 -0.609779 -1.795657 -3.889327 -4.807123 -11.046837 -2.937846 -1.3e-05 -20.976088 1e-06 -5.020024 -25.033693 -4.031922 6e-06 3e-06 -0.0 -10.634578 -5.68699 -3.565579 10.5733 -17.922981 -3.113897 -6e-06 -13.821252 -2e-06 -0.5018 -31.181675 -4.02705 -10.47265 -59.087986 6.4739 -13.98277 -7.150222 -2.875029 13.772782 -8.401497 -3.21824 0.347712 -34.211693 0.771652 -0.963035 -17.73348 2.621027 0.0 -0.0 0.0 -17.34651 -20.095266 -4.201758 21.757662 -1.638363 3.86645 -4e-06 -6.338845 -1e-06 -1.697621 -22.591887 -6.194057 -1e-06 -4e-06 -1e-06 44.637753 -65.612404 151.904648 5.167302 -61.820015 8.258206 21.5158 0.859381 0.046561 3.905163 -6.830992 7.451648 22.182201 -20.375895 49.933376 -16.701859 -16.743578 28.476585 0.0 -12.690665 -4e-06 16.083691 -18.234045 2.319607 -0.105921 -1.51386 -4.275885 -5.039065 -5.61289 -2.953564 2e-06 -11.020572 -2e-06 -6.111335 -15.895435 -3.840508 -1e-06 -2e-06 2e-06 -10.283406 -5.680308 -4.341844 11.028333 -11.302433 -2.372638 -1.384282 -14.238641 -6.320152 -0.625421 -26.924366 -3.827648 -4.18449 -50.137867 -3.91919 -13.708574 -7.363503 -3.720944 18.141218 -14.052774 -3.242677 7e-06 -18.787367 -1e-05 -0.429713 -8.456108 2.555523 3e-06 0.0 -2e-06 -15.923606 -20.094542 -5.473588 30.419323 -7.190839 1.735952 3e-06 -8.162959 -6e-06 -1.861899 -22.861624 -6.168004 0.0 -5e-06 -1e-06 150.098389 4.378542 9.307268 18.827862 0.064817 -0.20298 -65.896843 1.148053 -4.369993 -6.677421 1.504713 2.104886 -0.999998 -1e-06 -0.0 4.167471 3.955091 19.767578 25.07938 -0.105947 0.115993 -76.242065 29.857834 28.076153 -15.658479 0.668785 1.667511 -1.000003 0.0 -0.0 
0.0 0.0 0.0 0.0 -0.0 0.0 8.982049 97.071228 45.65229 92.943901 6.841457 -55.132442 -7.797175 -0.97491 -0.123209 -13.671768 -0.961848 -1.680595 17.536438 1.543264 -3.73604 35.177441 -0.702269 2.70088 -2.941523 -0.526479 4.624836 -22.351112 -0.239989 5.529397 4e-06 -2e-06 3e-06 -0.124368 -0.034372 0.167478 -0.252748 -0.058311 0.180415 -0.265334 -0.005055 0.156186 -138.713852 -68.515488 156.912338 35.081493 -51.847504 11.263937 26.32803 1.328209 0.155558 -1.074638 -1.913749 5.038887 17.636507 -26.322599 52.410984 -19.466549 -14.395531 29.410278 -1.4e-05 -8.774765 4e-06 16.126539 -17.980696 5.830975 -0.609773 -1.79564 -3.889311 -4.807043 -11.046725 -2.937842 3.7e-05 -20.975872 -4e-06 -5.019883 -25.033398 -4.031861 6e-06 -1e-06 0.0 -10.634464 -5.686924 -3.565578 10.57322 -17.922829 -3.113887 2e-05 -13.821114 8e-06 -0.501725 -31.181316 -4.026971 -10.5298 -59.05933 6.669722 -13.982621 -7.150137 -2.875039 13.772645 -8.401446 -3.218228 0.347772 -34.211304 0.771662 -0.963015 -17.733288 2.621039 -0.0 -2e-06 1e-06 -17.346281 -20.095058 -4.201784 21.757414 -1.638385 3.866397 9e-06 -6.338785 5e-06 -1.697531 -22.591612 -6.193978 0.0 -3e-06 -2e-06 43.875866 -64.157707 152.594315 4.282696 -61.262283 8.171926 22.446358 0.769658 0.096311 3.992058 -7.281528 8.67468 22.181868 -20.375761 49.933052 -16.701622 -16.743406 28.476339 -0.0 -12.690467 1.9e-05 16.189228 -18.202818 2.304805 -0.105919 -1.513841 -4.275856 -5.038992 -5.61282 -2.953531 -3e-06 -11.020413 2e-06 -6.111227 -15.895179 -3.840443 -0.0 -1e-06 2e-06 -10.28328 -5.680245 -4.341813 11.028174 -11.302286 -2.372611 -1.384254 -14.238434 -6.32007 -0.625431 -26.923903 -3.827573 -4.082408 -50.316544 -3.881847 -13.708405 -7.36342 -3.720913 18.140963 -14.052593 -3.242651 -1.3e-05 -18.78709 1e-05 -0.429723 -8.455971 2.555492 1e-06 -3e-06 -3e-06 -15.923392 -20.094316 -5.473552 30.418913 -7.190722 1.735891 -7e-06 -8.162845 8e-06 -1.861905 -22.861238 -6.167863 2e-06 -4e-06 -1e-06 150.225388 5.401477 6.430084 21.873663 0.054783 -0.226926 -68.237747 0.754085 -2.618297 -5.614486 1.448963 2.113258 -0.999998 -0.0 0.0 5.350611 1.418906 18.030951 24.886503 -0.09195 0.028581 -74.498192 29.685682 27.276001 -17.954742 0.694237 1.625164 -1.000003 -0.0 1e-06 
0.0 0.0 0.0 0.0 -0.0 0.0 7.057215 97.069756 43.421875 91.366676 7.809549 -57.383076 -7.877099 -2.017439 -0.044359 -13.726857 -1.176275 -1.379855 17.090706 0.181908 -3.942523 35.115036 -0.089378 2.756918 -2.898215 -0.359316 4.680019 -22.829376 -0.1419 5.81103 6e-06 -0.0 -1e-06 -0.115805 -0.026836 0.144683 -0.24908 -0.041536 0.158172 -0.265257 -0.006908 0.132815 -138.537186 -69.419342 156.531693 36.486084 -52.21077 11.38526 25.659201 1.37448 0.113911 -0.701638 -3.656812 5.608081 17.636509 -26.322599 52.411007 -19.466478 -14.395481 29.410225 -6e-06 -8.77474 -5e-06 16.08618 -18.018789 5.928438 -0.609775 -1.795638 -3.88931 -4.807042 -11.046707 -2.937838 2e-05 -20.975817 2e-06 -5.019879 -25.033314 -4.031857 6e-06 1e-06 -1e-06 -10.634453 -5.68692 -3.565581 10.573179 -17.922787 -3.113864 9e-06 -13.821074 1.3e-05 -0.501754 -31.181187 -4.026949 -10.636582 -59.033802 6.868127 -13.982606 -7.150137 -2.875044 13.772606 -8.401423 -3.218208 0.347738 -34.211197 0.771684 -0.963029 -17.733219 2.621034 -0.0 3e-06 -1e-06 -17.346264 -20.095053 -4.201791 21.75736 -1.638374 3.86641 5e-06 -6.338766 8e-06 -1.697546 -22.59152 -6.193956 -0.0 -5e-06 -3e-06 45.371265 -64.34063 150.893677 2.641674 -62.247566 10.120495 24.053749 0.793166 0.100074 4.380944 -7.684307 9.352421 22.181932 -20.375832 49.933178 -16.701735 -16.743448 28.476452 -2.1e-05 -12.690512 1.5e-05 16.326643 -18.115622 2.312743 -0.105918 -1.513847 -4.27587 -5.039 -5.612837 -2.953549 1.6e-05 -11.020472 -8e-06 -6.11122 -15.895274 -3.840464 -1e-06 -1e-06 -1e-06 -10.283301 -5.680252 -4.341828 11.028224 -11.302348 -2.372626 -1.384234 -14.238505 -6.320101 -0.625392 -26.924089 -3.827594 -4.09093 -50.516838 -3.718079 -13.708432 -7.363429 -3.720932 18.141039 -14.052674 -3.242673 2.1e-05 -18.787191 0.0 -0.42971 -8.456022 2.555504 1e-06 -1e-06 -2e-06 -15.923411 -20.094358 -5.473577 30.419006 -7.19079 1.735883 5e-06 -8.162881 4e-06 -1.861862 -22.861385 -6.167908 1e-06 -2e-06 -3e-06 151.257782 6.401346 3.151187 23.976433 0.095264 -0.312787 -71.084007 0.864682 -1.140033 -4.856291 1.394281 2.119548 -0.999996 1e-06 0.0 6.058656 -1.421651 15.707168 26.128424 -0.038252 -0.039583 -72.654922 30.394152 25.219204 -20.352528 0.702654 1.596265 -0.999998 -0.0 0.0 
0.0 0.0 0.0 0.0 -0.0 0.0 5.048342 97.030296 41.250149 89.363914 8.709512 -60.040226 -7.866489 -3.166044 -0.006656 -13.71068 -1.352277 -1.022109 16.673223 -1.081419 -3.892401 34.732304 0.109123 2.714309 -2.856235 -0.4051 4.868964 -23.368103 0.119562 5.915897 6e-06 -1e-06 2e-06 -0.090578 -0.02522 0.143289 -0.235645 -0.017671 0.147309 -0.248859 -0.02904 0.142565 -138.478485 -69.848045 156.278961 38.041553 -52.075813 10.750636 25.808111 1.207856 -0.006961 -0.360467 -5.015946 6.108142 17.636841 -26.322741 52.411201 -19.466936 -14.395678 29.410511 -2.6e-05 -8.774912 -1.6e-05 16.014612 -18.005972 6.009429 -0.609773 -1.795674 -3.88934 -4.807102 -11.046899 -2.937881 8.8e-05 -20.976242 -4.9e-05 -5.019915 -25.033867 -4.031948 6e-06 1e-06 1e-06 -10.634603 -5.687001 -3.565595 10.573424 -17.923138 -3.113963 6e-05 -13.821351 -2.7e-05 -0.50162 -31.181934 -4.027099 -10.7117 -59.069504 6.954334 -13.982807 -7.150231 -2.875046 13.772874 -8.401605 -3.218278 0.347915 -34.211975 0.771553 -0.962941 -17.73362 2.621047 0.0 3e-06 -1e-06 -17.346523 -20.09535 -4.201801 21.757748 -1.638445 3.866453 2.6e-05 -6.338886 -1.9e-05 -1.697493 -22.592054 -6.194125 1e-06 -4e-06 -1e-06 46.498421 -65.239288 149.315399 0.672032 -63.053432 13.205462 26.142052 0.816328 0.180498 4.740304 -8.242183 9.130329 22.182318 -20.375942 49.933407 -16.701956 -16.74362 28.476622 6e-06 -12.690728 -2.1e-05 16.370943 -17.997541 2.35371 -0.105921 -1.513869 -4.275895 -5.039087 -5.612925 -2.953566 -1e-06 -11.02064 -7e-06 -6.111383 -15.895551 -3.840509 -1e-06 -2e-06 3e-06 -10.283448 -5.680334 -4.341843 11.028385 -11.3025 -2.372643 -1.384298 -14.238735 -6.320166 -0.625448 -26.924562 -3.827657 -4.254866 -50.614384 -3.413942 -13.708628 -7.363536 -3.720941 18.141302 -14.052857 -3.242686 1.2e-05 -18.787476 -2.5e-05 -0.429704 -8.456149 2.555518 1e-06 1e-06 1e-06 -15.923676 -20.094646 -5.473583 30.41947 -7.190893 1.73597 8e-06 -8.16301 -1.7e-05 -1.861895 -22.861794 -6.168065 0.0 -1e-06 -3e-06 153.097427 7.888991 0.077663 24.722757 0.096156 -0.46462 -73.722885 0.194141 0.09604 -3.987448 1.358676 2.13124 -0.999999 1e-06 1e-06 5.653417 -4.944684 12.936063 29.311249 0.132793 -0.146027 -69.478653 33.072308 21.238819 -22.597971 0.70897 1.592875 -1.000003 0.0 1e-06 
0.0 0.0 0.0 0.0 -0.0 0.0 3.063926 97.051521 39.250179 87.252823 9.179199 -63.030537 -7.662909 -4.190624 -0.037778 -13.663371 -1.443315 -0.639288 16.424635 -2.083713 -3.728751 34.153667 -0.170409 2.635527 -2.804666 -0.457567 5.133149 -23.932508 0.355181 6.032108 5e-06 -0.0 1e-06 -0.071921 -0.016768 0.162235 -0.194406 0.008837 0.167869 -0.192862 -0.040983 0.162196 -138.72052 -69.761261 156.229996 39.616882 -51.648079 8.808369 26.213163 0.936544 -0.060202 0.214286 -5.418489 7.097232 17.636738 -26.322748 52.411259 -19.466724 -14.395611 29.410429 4e-06 -8.774858 -1.2e-05 16.070845 -18.042429 5.959909 -0.609779 -1.795661 -3.889333 -4.807112 -11.046847 -2.937864 7e-06 -20.976101 -1.1e-05 -5.019979 -25.033699 -4.031929 6e-06 2e-06 0.0 -10.634573 -5.686995 -3.565597 10.573304 -17.92301 -3.11391 6e-06 -13.821264 -7e-06 -0.501755 -31.181696 -4.027069 -10.870077 -59.147655 7.002233 -13.98276 -7.150226 -2.87505 13.772769 -8.401516 -3.218239 0.34775 -34.2117 0.771634 -0.963019 -17.733471 2.621031 0.0 3e-06 3e-06 -17.346487 -20.095295 -4.20179 21.757635 -1.638379 3.86646 4e-06 -6.338849 -6e-06 -1.697583 -22.591881 -6.194067 -0.0 -3e-06 0.0 47.132954 -66.226418 148.503296 1.078124 -63.282387 13.929783 28.070156 0.688935 0.180658 5.108363 -8.393248 8.773775 22.182251 -20.3759 49.933277 -16.701855 -16.743568 28.476513 -6e-06 -12.690661 -1.9e-05 16.509468 -17.81559 2.254277 -0.10592 -1.513858 -4.275884 -5.039061 -5.612883 -2.953553 1e-05 -11.02056 1e-06 -6.111324 -15.895412 -3.840487 1e-06 0.0 -0.0 -10.283409 -5.680297 -4.341835 11.028339 -11.302436 -2.372624 -1.384279 -14.238626 -6.320126 -0.62543 -26.924339 -3.827604 -4.28735 -50.502041 -3.460743 -13.708578 -7.363486 -3.720932 18.141228 -14.052783 -3.242663 1.9e-05 -18.78735 0.0 -0.429699 -8.456096 2.555519 1e-06 0.0 -1e-06 -15.923604 -20.094519 -5.473574 30.419327 -7.190863 1.735963 9e-06 -8.162952 -1e-06 -1.861891 -22.861582 -6.167971 0.0 -1e-06 -1e-06 155.638977 9.541041 -2.431635 24.309797 0.043293 -0.509742 -75.680214 -1.213457 0.913132 -3.550238 1.352221 2.142317 -0.999998 -1e-06 -0.0 4.123741 -8.74007 10.140623 34.06316 0.107201 0.023314 -66.09845 37.706028 14.950602 -21.87715 0.699535 1.522967 -1.000004 -1e-06 0.0 
0.0 0.0 0.0 0.0 -0.0 0.0 1.134506 97.111404 37.38538 85.310539 9.190308 -66.19442 -7.32092 -5.023276 -0.1104 -13.536776 -1.476907 -0.359689 16.26058 -2.779252 -3.419378 33.571358 -0.770898 2.594202 -2.777591 -0.495185 5.3672 -24.505033 0.551551 6.034487 5e-06 -0.0 -2e-06 -0.058613 -0.013021 0.180738 -0.149998 0.020421 0.190996 -0.14229 -0.046438 0.178875 -139.08345 -69.462746 156.409546 41.517319 -51.013474 5.745291 26.612667 0.718656 -0.062029 0.76471 -5.019091 7.977365 17.63674 -26.322613 52.411095 -19.466722 -14.395589 29.410364 1.5e-05 -8.774863 -1.8e-05 16.126892 -18.137238 5.937262 -0.609779 -1.795665 -3.889327 -4.807129 -11.046863 -2.937857 -1.4e-05 -20.976109 -3.2e-05 -5.020004 -25.033722 -4.031961 7e-06 3e-06 -1e-06 -10.634586 -5.687011 -3.565583 10.573291 -17.923 -3.113917 -4e-06 -13.821263 -2.8e-05 -0.501763 -31.1817 -4.027124 -11.008702 -59.251537 7.030791 -13.982781 -7.150248 -2.875034 13.772771 -8.401504 -3.218239 0.347736 -34.2117 0.771577 -0.963009 -17.733471 2.620985 0.0 -0.0 0.0 -17.346533 -20.095329 -4.201771 21.75766 -1.638352 3.86646 -3e-06 -6.33885 -1.5e-05 -1.697612 -22.591896 -6.194096 1e-06 -3e-06 -3e-06 47.246628 -67.254128 148.339233 3.275153 -63.201511 12.759706 29.958265 0.534517 0.160494 5.5786 -8.259028 8.08739 22.182369 -20.375875 49.93346 -16.702017 -16.743658 28.476677 -1e-06 -12.690774 -2.1e-05 16.539944 -17.626461 2.196372 -0.105922 -1.513873 -4.2759 -5.039103 -5.61293 -2.953574 7e-06 -11.020653 -2.3e-05 -6.111399 -15.895583 -3.840549 1e-06 2e-06 0.0 -10.283478 -5.680343 -4.341852 11.028425 -11.302509 -2.372659 -1.384295 -14.238755 -6.320199 -0.625399 -26.924616 -3.827712 -4.295186 -50.278206 -3.542151 -13.70867 -7.363547 -3.720948 18.141369 -14.052869 -3.24271 3.2e-05 -18.787491 -4.8e-05 -0.429689 -8.456166 2.555516 -1e-06 1e-06 -1e-06 -15.923722 -20.094666 -5.473602 30.419565 -7.190907 1.735977 1.7e-05 -8.163011 -2.4e-05 -1.861874 -22.861801 -6.168113 0.0 -2e-06 -1e-06 158.68605 11.086787 -4.623729 22.889448 0.02524 -0.491967 -77.219444 -2.831489 1.646931 -3.391902 1.3449 2.156499 -1.000003 1e-06 -1e-06 1.583728 -12.281445 8.25684 39.559769 -0.077534 0.2831 -62.952099 42.051476 7.082524 -17.055798 0.661719 1.353796 -1.000005 -1e-06 -3e-06 
0.0 0.0 0.0 0.0 -0.0 0.0 -0.623709 97.213432 35.658161 84.127846 8.819975 -69.054787 -6.968451 -5.478557 -0.184611 -13.357762 -1.499042 -0.302682 16.136169 -3.011634 -3.143068 33.039516 -1.391936 2.609584 -2.746602 -0.464044 5.450811 -24.996679 0.624561 6.11305 6e-06 -0.0 1e-06 -0.046788 -0.012255 0.197016 -0.107838 0.020829 0.213993 -0.10094 -0.045607 0.189867 -139.564621 -69.254776 156.788834 43.643269 -50.319462 1.969904 26.909267 0.597489 -0.042332 1.14585 -4.005771 8.692777 17.636637 -26.322626 52.41114 -19.466724 -14.395594 29.410423 1.4e-05 -8.774857 -2e-06 16.146622 -18.268221 5.969298 -0.609778 -1.795663 -3.889329 -4.807122 -11.046862 -2.937861 -1.9e-05 -20.97613 -3.9e-05 -5.020006 -25.033789 -4.031971 6e-06 1e-06 0.0 -10.634564 -5.687006 -3.565585 10.573277 -17.922997 -3.113928 -1e-05 -13.82128 -2.8e-05 -0.501756 -31.181782 -4.027142 -11.111991 -59.346313 7.050539 -13.982751 -7.15024 -2.875035 13.772757 -8.4015 -3.218255 0.347729 -34.211742 0.771568 -0.963015 -17.733505 2.620982 -0.0 3e-06 -1e-06 -17.346491 -20.095308 -4.20177 21.757622 -1.638338 3.86644 -6e-06 -6.338852 -1.5e-05 -1.697604 -22.591936 -6.194114 1e-06 -2e-06 -3e-06 47.020805 -68.133919 148.507706 6.501654 -62.831123 10.566957 31.910736 0.443567 0.138429 6.148601 -7.889294 6.988122 22.18214 -20.375835 49.933186 -16.701725 -16.743513 28.476402 -5e-06 -12.69058 -1.3e-05 16.501173 -17.580029 2.210533 -0.105919 -1.513847 -4.27587 -5.039037 -5.612843 -2.953547 9e-06 -11.020469 5e-06 -6.111278 -15.895246 -3.840463 -1e-06 2e-06 -1e-06 -10.283372 -5.680269 -4.341829 11.028283 -11.302353 -2.372611 -1.38427 -14.238498 -6.320091 -0.625426 -26.924036 -3.827562 -4.265132 -50.24147 -3.624164 -13.708525 -7.363451 -3.720928 18.141123 -14.052673 -3.24264 5e-06 -18.78718 1.9e-05 -0.429706 -8.456015 2.555515 -0.0 -1e-06 0.0 -15.923543 -20.09441 -5.47357 30.41918 -7.190812 1.735955 5e-06 -8.162889 7e-06 -1.861905 -22.861368 -6.167891 -0.0 -6e-06 -3e-06 161.672653 12.045613 -6.16526 21.165657 0.011718 -0.448357 -78.480499 -4.329698 2.115288 -3.393803 1.331548 2.161034 -1.000002 -1e-06 0.0 -1.565718 -14.539953 6.962272 44.915798 -0.317641 0.510571 -62.24678 42.584755 1.354694 -12.616047 0.632034 1.275866 -1.0 -1e-06 -3e-06 
0.0 0.0 0.0 0.0 -0.0 0.0 -2.183086 97.348061 34.051659 83.649887 8.323841 -71.353241 -6.610341 -5.700391 -0.265794 -13.152471 -1.531657 -0.379414 16.029198 -2.89348 -3.055863 32.583633 -1.73989 2.667626 -2.710937 -0.432916 5.426207 -25.415367 0.576571 6.237991 5e-06 -0.0 -2e-06 -0.034073 -0.007188 0.184138 -0.07968 0.031766 0.20503 -0.075547 -0.04623 0.173368 -139.808395 -69.363991 156.868332 45.83456 -49.732338 -1.817518 27.188198 0.542992 -0.003013 1.274067 -2.764877 9.186546 17.636703 -26.322756 52.411343 -19.466862 -14.395689 29.410583 -7e-06 -8.774905 1e-06 16.157871 -18.410139 6.043295 -0.609775 -1.795667 -3.889343 -4.80712 -11.046886 -2.937876 3.3e-05 -20.976208 -4.1e-05 -5.019976 -25.033869 -4.031971 8e-06 2e-06 0.0 -10.634589 -5.687003 -3.565595 10.573372 -17.923077 -3.113955 2.1e-05 -13.821332 -2e-05 -0.501705 -31.181931 -4.027118 -11.307472 -59.427559 7.221022 -13.982787 -7.150236 -2.875044 13.772837 -8.401554 -3.21828 0.347806 -34.211895 0.771584 -0.962998 -17.733589 2.621032 1e-06 2e-06 -3e-06 -17.346512 -20.095325 -4.201798 21.757719 -1.638392 3.86644 8e-06 -6.338875 -1.2e-05 -1.697556 -22.592033 -6.194127 2e-06 -3e-06 -0.0 46.53841 -68.819702 148.815277 9.972741 -62.375229 7.848221 33.836147 0.339492 0.110535 6.733969 -7.278954 5.456471 22.182184 -20.375925 49.933434 -16.70191 -16.743601 28.476645 1e-06 -12.690683 4e-06 16.495287 -17.63069 2.261026 -0.105919 -1.513864 -4.275891 -5.03907 -5.612906 -2.953566 -2e-06 -11.020611 -5e-06 -6.111357 -15.89551 -3.840514 0.0 -2e-06 -0.0 -10.283413 -5.680319 -4.341842 11.028344 -11.302461 -2.37265 -1.384282 -14.238694 -6.320165 -0.625432 -26.924498 -3.827664 -4.191144 -50.265522 -3.687542 -13.708584 -7.363514 -3.720939 18.141239 -14.052804 -3.242699 4e-06 -18.787415 -2.1e-05 -0.429713 -8.456133 2.555523 1e-06 -1e-06 -3e-06 -15.923616 -20.094582 -5.473583 30.419361 -7.190841 1.735934 2e-06 -8.162986 -1e-05 -1.8619 -22.86171 -6.168032 -1e-06 -4e-06 -5e-06 164.263809 12.479181 -7.211607 19.66202 -0.001518 -0.428781 -79.559166 -5.521389 2.298968 -3.373997 1.32559 2.159342 -1.000004 1e-06 0.0 -5.01751 -15.615672 5.574608 49.463268 -0.539205 0.657874 -65.598381 39.833103 -3.312732 -10.681557 0.615243 1.31082 -1.000003 -3e-06 -0.0 
0.0 0.0 0.0 0.0 -0.0 0.0 -3.522319 97.518158 32.577618 83.589027 7.855831 -73.137741 -6.240441 -5.828876 -0.359191 -12.934246 -1.571537 -0.494283 15.945105 -2.60854 -3.117273 32.195133 -1.769535 2.738736 -2.70501 -0.417415 5.327384 -25.628477 0.440578 6.317954 6e-06 0.0 -1e-06 -0.028985 0.001596 0.150776 -0.069673 0.050857 0.174279 -0.067699 -0.047332 0.137359 -139.919098 -69.686668 156.658157 47.815189 -49.197231 -4.990306 27.457972 0.464375 0.046782 1.193105 -1.632281 9.614971 17.636658 -26.322737 52.411247 -19.466692 -14.395624 29.410446 5e-06 -8.774856 -8e-06 16.162523 -18.493244 6.107861 -0.609783 -1.795658 -3.889332 -4.807105 -11.046832 -2.937856 2e-06 -20.97607 -1.4e-05 -5.019977 -25.033682 -4.031936 7e-06 -1e-06 -1e-06 -10.634552 -5.68698 -3.565588 10.573289 -17.922968 -3.11391 -2e-06 -13.821246 -0.0 -0.501774 -31.181662 -4.027061 -11.503247 -59.460548 7.440346 -13.982742 -7.150213 -2.875044 13.772759 -8.401497 -3.218246 0.347721 -34.211655 0.771651 -0.963039 -17.733459 2.621032 3e-06 -1e-06 1e-06 -17.346458 -20.095249 -4.201784 21.757616 -1.638368 3.866441 -2e-06 -6.338836 -1e-06 -1.697595 -22.591841 -6.194063 -1e-06 -3e-06 -2e-06 45.649742 -69.25843 149.432526 13.342568 -61.854256 4.97676 35.545635 0.274764 0.08756 7.309605 -6.508738 3.639415 22.182137 -20.375883 49.933258 -16.701834 -16.743547 28.476534 -1.1e-05 -12.690632 -3e-06 16.455982 -17.705652 2.332679 -0.105918 -1.513855 -4.27588 -5.039046 -5.612872 -2.953555 1.2e-05 -11.02055 -1e-06 -6.111303 -15.895403 -3.840488 -0.0 1e-06 -1e-06 -10.283376 -5.680284 -4.341832 11.02831 -11.302415 -2.372633 -1.384262 -14.238604 -6.320127 -0.62541 -26.924309 -3.827607 -4.103935 -50.217415 -3.744736 -13.708529 -7.363471 -3.720934 18.14118 -14.052758 -3.242675 1.9e-05 -18.787319 1e-06 -0.429703 -8.456088 2.555521 1e-06 -0.0 0.0 -15.923545 -20.094479 -5.473575 30.419256 -7.190845 1.735932 7e-06 -8.162949 1e-06 -1.861889 -22.861582 -6.167962 -0.0 -4e-06 -2e-06 166.572189 12.644147 -7.919686 18.237913 0.011338 -0.440038 -80.3946 -6.400291 2.347548 -3.393553 1.335494 2.160676 -1.0 -1e-06 -0.0 -8.595949 -15.943148 3.764664 52.767117 -0.653898 0.705441 -70.680489 34.643047 -7.188679 -9.835026 0.593445 1.385733 -1.000002 -1e-06 -2e-06 
0.0 0.0 0.0 0.0 -0.0 0.0 -4.705421 97.714539 31.159142 83.77005 7.449355 -74.460579 -5.860222 -5.903789 -0.450178 -12.719159 -1.612745 -0.606275 15.882369 -2.242656 -3.250584 31.887808 -1.596599 2.772589 -2.727665 -0.415785 5.206743 -25.660448 0.309263 6.250036 5e-06 -0.0 -1e-06 -0.036482 0.01021 0.115117 -0.076649 0.071026 0.142765 -0.07286 -0.049785 0.097302 -140.076859 -70.153595 156.394775 49.518192 -48.703259 -7.240441 27.710304 0.399109 0.089194 0.99177 -0.912101 10.037501 17.636566 -26.32272 52.411118 -19.466562 -14.395515 29.410311 -1e-05 -8.774767 -5e-06 16.136053 -18.517418 6.16239 -0.60978 -1.795647 -3.889318 -4.807053 -11.046762 -2.937841 2e-05 -20.975935 1.6e-05 -5.019914 -25.033457 -4.031833 6e-06 4e-06 -3e-06 -10.63448 -5.686943 -3.565588 10.573215 -17.922882 -3.11387 1e-05 -13.82116 2.1e-05 -0.501771 -31.181408 -4.026938 -11.629347 -59.483181 7.63145 -13.982639 -7.150162 -2.875049 13.772645 -8.401471 -3.218217 0.347735 -34.211437 0.771707 -0.963044 -17.733345 2.621067 3e-06 -1e-06 -1e-06 -17.34631 -20.095131 -4.201789 21.757418 -1.638382 3.866419 7e-06 -6.338802 7e-06 -1.697549 -22.591682 -6.193964 2e-06 -4e-06 2e-06 44.542088 -69.482536 150.283875 16.43639 -61.307793 2.201782 36.938324 0.273301 0.066013 7.776876 -5.68941 1.907408 22.182049 -20.375895 49.933182 -16.701759 -16.74353 28.476456 -1.5e-05 -12.690574 1.2e-05 16.379904 -17.765112 2.412656 -0.105913 -1.513848 -4.275874 -5.039021 -5.612845 -2.953542 1.6e-05 -11.020488 7e-06 -6.111259 -15.895274 -3.84045 2e-06 -3e-06 1e-06 -10.283345 -5.680261 -4.341822 11.028274 -11.302366 -2.372625 -1.384249 -14.238523 -6.320089 -0.625414 -26.924107 -3.827555 -4.050629 -50.151707 -3.747747 -13.708492 -7.363442 -3.720923 18.141121 -14.052702 -3.242666 1.5e-05 -18.787222 2.5e-05 -0.429713 -8.456037 2.555514 -2e-06 -0.0 -3e-06 -15.923487 -20.0944 -5.473556 30.419157 -7.190816 1.735904 4e-06 -8.162902 1e-05 -1.861894 -22.86141 -6.167891 -1e-06 -3e-06 -2e-06 168.760635 12.682679 -8.383114 16.761555 0.038318 -0.457156 -81.051346 -7.007868 2.388385 -3.497161 1.356659 2.166337 -0.999998 -2e-06 0.0 -12.066441 -15.732115 1.452911 54.518787 -0.611032 0.649271 -75.772873 27.341454 -9.814571 -9.354914 0.563127 1.462957 -1.000003 0.0 1e-06 
0.0 0.0 0.0 0.0 -0.0 0.0 -5.807898 97.925316 29.696941 84.238678 7.098334 -75.29882 -5.489515 -5.868776 -0.535035 -12.539201 -1.645682 -0.763934 15.846918 -1.777544 -3.386851 31.652822 -1.296525 2.74448 -2.750167 -0.426396 5.043461 -25.598101 0.207599 6.033912 6e-06 0.0 -1e-06 -0.054257 0.014923 0.092681 -0.088346 0.083312 0.126613 -0.078573 -0.052208 0.068344 -140.262924 -70.724197 156.152634 51.017033 -48.338039 -8.721148 28.05151 0.390164 0.137127 0.7077 -0.691385 10.445671 17.636602 -26.322794 52.411114 -19.466478 -14.395522 29.410248 2e-06 -8.774767 -1.2e-05 16.073786 -18.490685 6.222228 -0.609779 -1.795639 -3.889316 -4.80706 -11.04674 -2.937823 -1.6e-05 -20.975897 6e-05 -5.019973 -25.033398 -4.031803 7e-06 1e-06 -2e-06 -10.634488 -5.686934 -3.565585 10.573196 -17.922852 -3.113834 -1.2e-05 -13.821141 4e-05 -0.501847 -31.18136 -4.026906 -11.731706 -59.510941 7.792605 -13.982647 -7.150154 -2.875048 13.772643 -8.401446 -3.218198 0.347668 -34.211384 0.771771 -0.963076 -17.733322 2.621073 1e-06 -3e-06 -1e-06 -17.346329 -20.095102 -4.201771 21.757427 -1.638372 3.866428 -3e-06 -6.338794 1.9e-05 -1.697613 -22.591637 -6.193921 1e-06 -5e-06 -1e-06 43.482079 -69.55159 151.144028 19.130779 -60.774197 -0.255185 37.909657 0.317091 0.045397 8.098419 -4.835225 0.611446 22.182032 -20.375994 49.933243 -16.701696 -16.7435 28.476463 -2e-06 -12.690543 1e-05 16.302446 -17.800896 2.491016 -0.105916 -1.513843 -4.27587 -5.039018 -5.612852 -2.953542 5e-06 -11.020517 2.7e-05 -6.111277 -15.895334 -3.840426 1e-06 -3e-06 -1e-06 -10.283323 -5.680258 -4.341829 11.028239 -11.302379 -2.372602 -1.384263 -14.238548 -6.320078 -0.625483 -26.924202 -3.82752 -4.060244 -50.111984 -3.699233 -13.708458 -7.363438 -3.720932 18.14106 -14.052712 -3.242634 -1.7e-05 -18.787279 5.5e-05 -0.429734 -8.456079 2.555531 1e-06 -4e-06 -1e-06 -15.923459 -20.094397 -5.473553 30.419067 -7.190798 1.735916 -6e-06 -8.162936 1.8e-05 -1.861934 -22.861538 -6.167882 0.0 -3e-06 0.0 170.795914 12.473329 -8.733252 15.393257 0.074879 -0.456396 -81.626984 -7.220957 2.508036 -3.719921 1.391478 2.177862 -0.999996 1e-06 1e-06 -15.252621 -14.869935 -1.185586 54.318878 -0.405223 0.465348 -80.228073 18.540495 -10.84484 -8.986601 0.544216 1.525963 -0.999996 -0.0 0.0 
0.0 0.0 0.0 0.0 -0.0 0.0 -6.867655 98.120834 28.136488 84.951363 6.806516 -75.703056 -5.142105 -5.719167 -0.608324 -12.409226 -1.658096 -0.984558 15.850236 -1.250718 -3.470743 31.494333 -0.924084 2.676959 -2.759533 -0.420222 4.796803 -25.532427 0.11986 5.762581 6e-06 0.0 1e-06 -0.073181 0.016211 0.074256 -0.093485 0.084419 0.11578 -0.075493 -0.050398 0.040835 -140.2939 -71.395416 155.807938 52.402115 -48.231297 -9.942007 28.671474 0.408308 0.204738 0.40723 -0.922146 10.785473 17.636597 -26.322655 52.411041 -19.466551 -14.395537 29.410269 3e-06 -8.774789 -1.2e-05 15.991249 -18.424654 6.271425 -0.609778 -1.795647 -3.889314 -4.807079 -11.046765 -2.937838 -4e-06 -20.975929 9e-06 -5.019957 -25.033472 -4.031874 8e-06 1e-06 -2e-06 -10.634505 -5.686954 -3.565581 10.57322 -17.922869 -3.113869 -3e-06 -13.821155 7e-06 -0.501785 -31.181402 -4.026991 -11.805976 -59.500477 7.872209 -13.982677 -7.150177 -2.875035 13.772673 -8.401449 -3.218218 0.347712 -34.211395 0.77167 -0.963034 -17.733326 2.621023 -2e-06 -2e-06 0.0 -17.346373 -20.095144 -4.201768 21.757481 -1.638362 3.866432 4e-06 -6.338798 3e-06 -1.697589 -22.591684 -6.193985 2e-06 -3e-06 -4e-06 42.651306 -69.546715 151.841934 21.284786 -60.276726 -2.187122 38.527634 0.325163 0.021433 8.303628 -4.049091 -0.041347 22.182085 -20.375898 49.933155 -16.701658 -16.743473 28.476357 6e-06 -12.690542 -9e-06 16.222012 -17.851908 2.565411 -0.10592 -1.513844 -4.275864 -5.039024 -5.612838 -2.953539 3e-06 -11.020467 2.3e-05 -6.11128 -15.895242 -3.840428 1e-06 -3e-06 1e-06 -10.28334 -5.680259 -4.341824 11.028241 -11.302341 -2.372593 -1.384276 -14.238488 -6.320067 -0.625483 -26.924038 -3.827517 -4.128499 -50.106728 -3.621041 -13.708486 -7.363442 -3.720925 18.141062 -14.052656 -3.24262 -1.6e-05 -18.787182 4.5e-05 -0.429725 -8.45602 2.555516 -1e-06 -3e-06 -3e-06 -15.923493 -20.094385 -5.473554 30.419081 -7.190779 1.735951 -8e-06 -8.162893 1.8e-05 -1.861944 -22.86138 -6.167846 0.0 -3e-06 -2e-06 172.616821 12.016127 -8.97963 14.281936 0.108871 -0.441643 -82.171272 -7.090123 2.711176 -4.020581 1.430602 2.189657 -0.999994 -1e-06 0.0 -18.18762 -13.36679 -3.559048 52.273277 -0.128441 0.173322 -83.541283 9.639937 -10.058268 -8.954601 0.55943 1.574537 -1.0 -0.0 -0.0 
0.0 0.0 0.0 0.0 -0.0 0.0 -7.883406 98.271164 26.496136 85.741135 6.620429 -75.794945 -4.892109 -5.515073 -0.662554 -12.319716 -1.647643 -1.211597 15.922811 -0.751743 -3.496227 31.377661 -0.528926 2.621144 -2.758362 -0.380121 4.44785 -25.505325 0.051094 5.432457 5e-06 0.0 -1e-06 -0.082864 0.016009 0.062984 -0.094408 0.080166 0.106929 -0.072689 -0.046084 0.025751 -140.070114 -72.010704 155.284561 53.61755 -48.379131 -10.954658 29.729181 0.455023 0.277403 0.18653 -1.456541 10.819128 17.636488 -26.32255 52.410767 -19.466372 -14.395459 29.410065 4e-06 -8.774714 -8e-06 15.936575 -18.354578 6.30334 -0.609773 -1.795632 -3.889293 -4.807041 -11.046682 -2.937809 -1.5e-05 -20.975746 3.7e-05 -5.019927 -25.033216 -4.031806 5e-06 2e-06 0.0 -10.634437 -5.686911 -3.56556 10.573137 -17.922741 -3.11383 -1.5e-05 -13.821042 2.8e-05 -0.501836 -31.181087 -4.026902 -11.811264 -59.470219 7.848484 -13.982584 -7.150125 -2.875017 13.772573 -8.40139 -3.218187 0.347672 -34.211102 0.771729 -0.963049 -17.733166 2.621024 1e-06 -1e-06 -3e-06 -17.346256 -20.095007 -4.20174 21.757328 -1.638349 3.866398 -3e-06 -6.33875 1.3e-05 -1.6976 -22.591454 -6.193892 -2e-06 -2e-06 -6e-06 42.014526 -69.522346 152.451752 22.767004 -59.806046 -3.352655 38.962616 0.268731 0.010774 8.497374 -3.496178 -0.1453 22.181929 -20.375793 49.932983 -16.701649 -16.743387 28.476315 -1.6e-05 -12.690469 8e-06 16.136282 -17.926661 2.62349 -0.105922 -1.513842 -4.275852 -5.038991 -5.612822 -2.953535 1.6e-05 -11.020447 8e-06 -6.111208 -15.895224 -3.840439 2e-06 -2e-06 0.0 -10.283281 -5.680233 -4.341811 11.02819 -11.302322 -2.372602 -1.384238 -14.238468 -6.320067 -0.625411 -26.924009 -3.827545 -4.223793 -50.10535 -3.556166 -13.708401 -7.363404 -3.720918 18.14098 -14.052641 -3.242635 1.3e-05 -18.78714 2.5e-05 -0.429711 -8.455998 2.555505 -0.0 -6e-06 1e-06 -15.923383 -20.094303 -5.473549 30.418917 -7.190777 1.735903 3e-06 -8.162869 9e-06 -1.86187 -22.861322 -6.167858 0.0 -3e-06 -2e-06 174.217392 11.490633 -9.072606 13.350049 0.128202 -0.424668 -82.6278 -6.846602 2.877052 -4.295316 1.459291 2.19509 -0.999996 -2e-06 -1e-06 -21.034479 -11.5303 -4.934701 49.094353 0.06002 -0.115247 -84.98291 3.104528 -8.444872 -9.257143 0.620684 1.610789 -1.000001 1e-06 0.0 
0.0 0.0 0.0 0.0 -0.0 0.0 -8.864861 98.345016 24.797991 86.484833 6.547491 -75.569572 -4.724456 -5.310214 -0.696182 -12.251455 -1.641627 -1.429876 16.053593 -0.328143 -3.4912 31.265974 -0.068281 2.570713 -2.751339 -0.350103 4.033215 -25.559374 0.028747 4.97613 6e-06 -0.0 1e-06 -0.083932 0.014953 0.063184 -0.090563 0.074968 0.106537 -0.067704 -0.042485 0.025039 -139.776215 -72.505531 154.776016 54.62326 -48.688625 -11.607741 31.169132 0.535205 0.323999 0.083145 -2.272294 10.559267 17.636587 -26.322691 52.411125 -19.466599 -14.395602 29.410351 -3e-06 -8.774815 -1e-06 15.924124 -18.302162 6.315298 -0.609775 -1.795647 -3.889319 -4.80708 -11.046767 -2.937844 1.1e-05 -20.975933 5e-06 -5.019943 -25.033464 -4.031884 7e-06 3e-06 -2e-06 -10.634519 -5.686951 -3.565583 10.573257 -17.92288 -3.113886 5e-06 -13.821156 1.1e-05 -0.501773 -31.181391 -4.026981 -11.724045 -59.461422 7.73184 -13.982694 -7.150174 -2.87504 13.772715 -8.401463 -3.218236 0.347732 -34.211422 0.771684 -0.963033 -17.73333 2.621041 -1e-06 -1e-06 1e-06 -17.346392 -20.09515 -4.201776 21.75753 -1.638376 3.866417 4e-06 -6.338801 6e-06 -1.697575 -22.591663 -6.193985 -4e-06 -3e-06 -2e-06 41.425426 -69.478455 153.098999 23.538427 -59.328316 -3.59471 39.235149 0.163912 0.001959 8.717079 -3.289399 0.121777 22.182129 -20.3759 49.93346 -16.701895 -16.743536 28.476652 -7e-06 -12.69063 4e-06 16.09267 -17.998226 2.640605 -0.10592 -1.513865 -4.275893 -5.039054 -5.612896 -2.953571 1.1e-05 -11.020584 -2.1e-05 -6.111295 -15.895468 -3.840535 -1e-06 -2e-06 -1e-06 -10.283382 -5.680308 -4.341853 11.028312 -11.302442 -2.372654 -1.384259 -14.238657 -6.320176 -0.625383 -26.924412 -3.827693 -4.296054 -50.09417 -3.516382 -13.70854 -7.363503 -3.720956 18.141182 -14.05279 -3.242703 2.2e-05 -18.787373 -3.3e-05 -0.429706 -8.456105 2.555506 3e-06 -3e-06 -2e-06 -15.923552 -20.094549 -5.473615 30.419258 -7.19084 1.735915 7e-06 -8.162962 -1.1e-05 -1.861858 -22.861631 -6.168032 -1e-06 -5e-06 -5e-06 175.679855 11.032207 -9.004764 12.553944 0.131748 -0.421188 -83.06871 -6.546002 2.990855 -4.491184 1.473608 2.195632 -0.999997 3e-06 -0.0 -23.889349 -9.656219 -5.35432 45.245228 0.126445 -0.300583 -84.900726 -1.046526 -7.078798 -9.458231 0.717597 1.640643 -1.000006 0.0 -0.0 
0.0 0.0 0.0 0.0 -0.0 0.0 -9.813897 98.319885 23.043638 87.092514 6.570076 -75.044983 -4.612497 -5.145283 -0.697397 -12.198633 -1.646991 -1.631917 16.236116 -0.016345 -3.479106 31.136791 0.483372 2.520737 -2.732237 -0.363945 3.583918 -25.682537 0.051116 4.404283 6e-06 -0.0 -0.0 -0.08131 0.012754 0.064465 -0.080801 0.067537 0.108325 -0.057558 -0.038995 0.024187 -139.698669 -72.817101 154.580505 55.350723 -49.026173 -11.743561 32.740097 0.606674 0.339872 0.041033 -3.350209 10.069141 17.636803 -26.322924 52.411606 -19.46681 -14.395684 29.410645 3.2e-05 -8.774936 -1.5e-05 15.924658 -18.283222 6.312871 -0.609788 -1.79567 -3.889357 -4.80718 -11.046949 -2.937876 -6.3e-05 -20.976326 -6e-06 -5.020121 -25.034065 -4.032012 8e-06 3e-06 -3e-06 -10.634638 -5.687044 -3.565615 10.573333 -17.923124 -3.11392 -4.1e-05 -13.821401 -1e-05 -0.501843 -31.182125 -4.027172 -11.584304 -59.483215 7.569234 -13.982857 -7.150296 -2.87506 13.772855 -8.401545 -3.218254 0.347633 -34.21209 0.771648 -0.963075 -17.733704 2.621023 2e-06 -1e-06 -0.0 -17.346638 -20.095451 -4.201794 21.757799 -1.638332 3.866501 -1.8e-05 -6.338909 -9e-06 -1.697676 -22.59218 -6.194167 -3e-06 -0.0 -3e-06 40.857906 -69.354118 153.769104 23.707401 -58.816578 -2.937774 39.187218 0.071114 -0.012843 8.933387 -3.383942 0.631918 22.182323 -20.376013 49.933617 -16.701933 -16.743692 28.47673 6e-06 -12.690756 -1.1e-05 16.074665 -18.031004 2.637347 -0.105922 -1.513862 -4.275904 -5.039098 -5.612908 -2.953576 5e-06 -11.020613 -3e-06 -6.111386 -15.89551 -3.840541 -1e-06 -1e-06 0.0 -10.283461 -5.680324 -4.341859 11.028396 -11.302464 -2.372645 -1.384294 -14.238694 -6.320189 -0.625438 -26.924498 -3.827658 -4.334937 -50.092785 -3.494563 -13.708649 -7.363523 -3.720955 18.141329 -14.052814 -3.242692 -3e-06 -18.78743 5e-06 -0.429716 -8.456137 2.555543 1e-06 -3e-06 -3e-06 -15.923698 -20.094599 -5.473608 30.419521 -7.190867 1.735968 2e-06 -8.162994 2e-06 -1.861934 -22.861736 -6.168025 -2e-06 0.0 2e-06 177.067978 10.721159 -8.835534 11.88765 0.117877 -0.425629 -83.55954 -6.17757 3.094482 -4.626016 1.472361 2.191276 -1.000003 -0.0 -0.0 -26.564646 -7.981698 -5.227189 40.636505 0.116437 -0.355423 -83.662895 -3.615475 -6.120973 -9.412721 0.825676 1.664119 -1.000003 -0.0 -0.0 
0.0 0.0 0.0 0.0 -0.0 0.0 -10.705892 98.199188 21.222258 87.543243 6.663248 -74.2248 -4.520257 -5.033118 -0.669421 -12.159208 -1.656869 -1.818414 16.438002 0.173747 -3.49797 30.991789 1.119247 2.473182 -2.714808 -0.405588 3.115178 -25.831161 0.101418 3.741888 6e-06 -0.0 1e-06 -0.076444 0.011378 0.05281 -0.063619 0.058309 0.101158 -0.039736 -0.032181 0.006424 -140.007431 -72.943237 154.873611 55.761517 -49.309067 -11.401082 34.10146 0.589794 0.324369 -0.031516 -4.56312 9.63437 17.636602 -26.322844 52.411182 -19.466576 -14.395597 29.410343 -1e-05 -8.774802 1e-06 15.941612 -18.285097 6.298907 -0.609771 -1.795641 -3.88932 -4.807059 -11.046769 -2.937835 1.8e-05 -20.975975 5e-05 -5.019964 -25.033503 -4.031809 6e-06 -1e-06 -0.0 -10.634498 -5.686936 -3.565586 10.573257 -17.922915 -3.113861 5e-06 -13.821186 3.8e-05 -0.501812 -31.181488 -4.026909 -11.395949 -59.531391 7.396159 -13.982667 -7.150155 -2.875041 13.772696 -8.401484 -3.218225 0.347714 -34.211502 0.771769 -0.963065 -17.733385 2.621092 3e-06 -3e-06 -4e-06 -17.346342 -20.095127 -4.20177 21.757488 -1.638399 3.866415 6e-06 -6.338816 1.7e-05 -1.697582 -22.591719 -6.193938 0.0 -5e-06 0.0 40.384018 -69.102325 154.353943 23.407732 -58.344383 -1.641444 38.679966 0.059039 -0.021677 9.047507 -3.698601 1.205283 22.182039 -20.375948 49.933289 -16.701782 -16.74353 28.476526 -1.2e-05 -12.690583 1.6e-05 16.032839 -18.023525 2.658856 -0.10592 -1.513851 -4.275878 -5.039023 -5.612862 -2.953552 1.3e-05 -11.02053 5e-06 -6.111277 -15.89536 -3.840464 3e-06 -3e-06 2e-06 -10.283343 -5.68027 -4.341833 11.028272 -11.302395 -2.372628 -1.384251 -14.238575 -6.320109 -0.625429 -26.924244 -3.827579 -4.383248 -50.116615 -3.450374 -13.708483 -7.363453 -3.720934 18.141115 -14.052731 -3.242669 4e-06 -18.787279 2.1e-05 -0.429719 -8.456063 2.555515 3e-06 -5e-06 -1e-06 -15.923487 -20.094437 -5.473568 30.419149 -7.190818 1.735899 1e-06 -8.162933 7e-06 -1.86189 -22.861528 -6.167926 -1e-06 -0.0 -3e-06 178.432785 10.541203 -8.640645 11.372109 0.093392 -0.414501 -84.138428 -5.685921 3.213042 -4.768611 1.460996 2.183823 -1.000001 -0.0 -0.0 -28.810627 -6.653146 -4.841187 35.114403 0.078074 -0.323593 -81.510178 -5.074955 -5.449552 -9.328374 0.927631 1.676648 -0.999998 0.0 -0.0 
0.0 0.0 0.0 0.0 -0.0 0.0 -11.523642 97.995781 19.31094 87.880829 6.77415 -73.054855 -4.424337 -4.958124 -0.652085 -12.118166 -1.66094 -1.979062 16.625328 0.266516 -3.58944 30.841515 1.847198 2.41649 -2.720075 -0.440311 2.645639 -25.907057 0.141541 3.034246 5e-06 0.0 -1e-06 -0.078575 0.009793 0.044434 -0.054563 0.050878 0.099214 -0.032053 -0.027855 -0.009593 -140.729874 -72.980789 155.608841 55.847786 -49.595749 -10.718733 34.97448 0.453207 0.280108 -0.176225 -5.797169 9.62972 17.636604 -26.322687 52.411079 -19.466568 -14.395539 29.410299 4e-06 -8.774796 -1e-05 16.016146 -18.261885 6.259295 -0.609775 -1.795647 -3.889321 -4.80708 -11.046782 -2.937838 -6e-06 -20.975977 1.6e-05 -5.019965 -25.033539 -4.031868 6e-06 1e-06 -2e-06 -10.634506 -5.686958 -3.565584 10.573227 -17.922901 -3.113875 -4e-06 -13.821183 1e-05 -0.501788 -31.18148 -4.026997 -11.233093 -59.618538 7.283469 -13.982676 -7.150184 -2.875037 13.772682 -8.401464 -3.218217 0.347696 -34.211487 0.771688 -0.963045 -17.733374 2.621034 0.0 -3e-06 -3e-06 -17.346376 -20.095175 -4.20177 21.75749 -1.638361 3.866431 -1e-06 -6.338813 1e-06 -1.697594 -22.591724 -6.193999 0.0 -2e-06 -5e-06 40.110554 -68.760757 154.712524 22.623631 -58.118149 -0.090848 37.705711 0.149719 -0.019276 8.973276 -4.065377 1.697505 22.182087 -20.375917 49.93322 -16.701696 -16.743513 28.476427 5e-06 -12.690569 2e-06 16.01792 -17.984823 2.684797 -0.10592 -1.513846 -4.275872 -5.039034 -5.612851 -2.953541 -3e-06 -11.020496 1.9e-05 -6.111297 -15.895304 -3.840445 -1e-06 0.0 0.0 -10.283354 -5.68027 -4.341824 11.028255 -11.302358 -2.372607 -1.384281 -14.238523 -6.32008 -0.625478 -26.924118 -3.827538 -4.45624 -50.154552 -3.391553 -13.708507 -7.363455 -3.720926 18.141092 -14.052679 -3.24264 -1.8e-05 -18.787226 3.5e-05 -0.429725 -8.456043 2.555521 -3e-06 2e-06 -3e-06 -15.923521 -20.094418 -5.473552 30.419128 -7.190783 1.73594 -8e-06 -8.16291 1.6e-05 -1.861941 -22.861444 -6.167881 0.0 -3e-06 -2e-06 179.867355 10.382904 -8.402034 10.97915 0.070593 -0.380676 -84.807289 -4.988461 3.282975 -5.009715 1.460132 2.175316 -0.999998 2e-06 -1e-06 -30.468184 -5.696049 -4.310324 28.742823 0.045611 -0.265259 -78.605087 -5.591243 -5.071563 -9.420583 1.013985 1.672689 -1.000002 -0.0 -0.0 
0.0 0.0 0.0 0.0 -0.0 0.0 -12.278548 97.692276 17.3011 88.081917 6.882305 -71.558838 -4.337292 -4.929131 -0.658427 -12.033666 -1.65655 -2.115069 16.756924 0.262367 -3.75376 30.704468 2.62534 2.35272 -2.73717 -0.434576 2.143771 -25.939302 0.194234 2.290295 5e-06 0.0 -2e-06 -0.086969 0.007967 0.042568 -0.046806 0.052212 0.10492 -0.029328 -0.033122 -0.019351 -141.877029 -72.978813 156.866745 55.607029 -49.842548 -9.769191 35.318172 0.30782 0.228798 -0.344687 -6.87463 9.961778 17.63669 -26.322783 52.411419 -19.466827 -14.395671 29.410583 -1.8e-05 -8.774873 0.0 16.083509 -18.209677 6.221376 -0.609775 -1.795664 -3.889349 -4.807094 -11.046844 -2.937886 6.6e-05 -20.976109 -4e-05 -5.019903 -25.033701 -4.031952 5e-06 -3e-06 2e-06 -10.634573 -5.686987 -3.565605 10.573366 -17.923029 -3.113956 3.8e-05 -13.82127 -1.1e-05 -0.501657 -31.181713 -4.027075 -11.136645 -59.676311 7.266928 -13.982764 -7.150213 -2.875059 13.77281 -8.401542 -3.218275 0.347836 -34.21172 0.771612 -0.962996 -17.733482 2.621057 1e-06 -1e-06 -2e-06 -17.346468 -20.095284 -4.201823 21.757664 -1.638414 3.866436 1.7e-05 -6.338851 -4e-06 -1.697515 -22.591877 -6.194093 -1e-06 -3e-06 -1e-06 40.1847 -68.364609 154.741089 21.39369 -58.262566 1.119733 36.391327 0.182559 -0.021932 8.608653 -4.294784 2.217287 22.182219 -20.375917 49.933525 -16.701981 -16.743578 28.476709 -2.3e-05 -12.690672 -3e-06 16.057024 -17.943005 2.709498 -0.105919 -1.513869 -4.275899 -5.039062 -5.612909 -2.953581 2.3e-05 -11.020613 -2.8e-05 -6.111292 -15.895505 -3.840547 -1e-06 -1e-06 1e-06 -10.283413 -5.680319 -4.341862 11.02836 -11.302488 -2.372663 -1.384244 -14.238697 -6.320196 -0.625342 -26.924496 -3.827697 -4.549028 -50.236282 -3.291017 -13.708582 -7.363513 -3.72096 18.14126 -14.052845 -3.242719 5.3e-05 -18.787415 -3.7e-05 -0.429695 -8.456121 2.555518 -3e-06 2e-06 -4e-06 -15.923593 -20.094597 -5.473629 30.419361 -7.190904 1.735918 1.9e-05 -8.162977 -1.5e-05 -1.86183 -22.861679 -6.168039 0.0 -4e-06 -2e-06 -178.722 10.201962 -8.110168 10.959767 0.053605 -0.34844 -85.659721 -3.982738 3.273497 -5.373074 1.464576 2.164898 -1.000003 -2e-06 0.0 -31.453022 -5.171394 -3.649347 22.192633 0.051122 -0.221886 -75.549339 -5.379195 -5.146507 -9.485612 1.069279 1.659909 -1.000002 -1e-06 -1e-06 
0.0 0.0 0.0 0.0 -0.0 0.0 -13.026058 97.288902 15.096858 88.299438 6.953066 -69.752167 -4.290769 -4.856952 -0.677608 -11.9422 -1.645792 -2.250929 16.871002 0.231086 -3.941164 30.557777 3.463034 2.33666 -2.750098 -0.383861 1.520596 -25.917576 0.224606 1.469394 5e-06 -0.0 -2e-06 -0.088769 0.008334 0.030801 -0.023035 0.061384 0.101507 -0.011948 -0.042283 -0.039351 -143.462463 -72.866028 158.672775 54.951309 -49.991806 -8.614598 35.098984 0.170265 0.189565 -0.527155 -7.710829 10.559321 17.636616 -26.32276 52.411186 -19.466795 -14.395701 29.410484 -3.2e-05 -8.774863 1.1e-05 16.11549 -18.161919 6.191693 -0.609766 -1.795654 -3.889332 -4.807067 -11.046815 -2.937856 8e-05 -20.976091 -7e-06 -5.019912 -25.033667 -4.031867 7e-06 1e-06 -1e-06 -10.63454 -5.686953 -3.56558 10.573367 -17.923006 -3.113937 4.7e-05 -13.821253 9e-06 -0.50168 -31.181675 -4.026982 -11.153753 -59.689175 7.308568 -13.982719 -7.150169 -2.875035 13.772802 -8.40154 -3.218276 0.347844 -34.211681 0.771657 -0.962995 -17.733479 2.621078 3e-06 -2e-06 -3e-06 -17.346403 -20.095184 -4.201776 21.75762 -1.638433 3.86639 2.1e-05 -6.338843 1e-06 -1.697507 -22.591852 -6.194024 2e-06 -3e-06 -5e-06 40.423862 -67.840843 154.606918 19.595221 -58.660595 1.970668 34.857903 0.136219 -0.044102 7.956525 -4.367889 2.795352 22.182114 -20.375891 49.933399 -16.701963 -16.743525 28.47666 -3e-05 -12.690626 8e-06 16.121437 -17.864634 2.718054 -0.105915 -1.513867 -4.275891 -5.039038 -5.612904 -2.953573 2.7e-05 -11.020613 -2.6e-05 -6.111272 -15.895503 -3.840515 1e-06 1e-06 -2e-06 -10.283373 -5.680308 -4.341849 11.02833 -11.302488 -2.372666 -1.384235 -14.238702 -6.320178 -0.625347 -26.924515 -3.82769 -4.57148 -50.265682 -3.206661 -13.708528 -7.363499 -3.72095 18.141207 -14.052846 -3.242722 5.6e-05 -18.787416 -4.4e-05 -0.429691 -8.456127 2.555507 1e-06 -3e-06 -0.0 -15.923522 -20.09457 -5.473613 30.419256 -7.190894 1.73589 2.2e-05 -8.162983 -2.3e-05 -1.861805 -22.861702 -6.168049 -2e-06 -3e-06 1e-06 -177.452148 9.778915 -7.803958 11.55369 0.04192 -0.32708 -86.803436 -2.636854 3.15936 -5.887297 1.472026 2.151655 -1.000003 -0.0 -0.0 -31.881363 -4.899335 -3.08307 16.205324 0.070561 -0.211903 -73.28907 -4.967724 -5.749161 -9.408686 1.096126 1.643511 -0.999999 -0.0 0.0 
0.0 0.0 0.0 0.0 -0.0 0.0 -13.807203 96.816124 12.644211 88.754967 6.902633 -67.805504 -4.298697 -4.575309 -0.67924 -11.903136 -1.613923 -2.38009 17.032757 0.279639 -4.118887 30.36388 4.29022 2.341076 -2.730866 -0.297811 0.810786 -25.820883 0.190764 0.621012 7e-06 0.0 3e-06 -0.079427 0.010615 0.013858 0.010812 0.070841 0.088907 0.013157 -0.048083 -0.060373 -145.271622 -72.568825 160.798645 53.825645 -50.035294 -7.280599 34.37402 0.066115 0.179709 -0.708568 -8.178023 11.202771 17.636652 -26.322733 52.411312 -19.466551 -14.395514 29.410358 2.9e-05 -8.774798 -1.5e-05 16.170158 -18.145168 6.151564 -0.609785 -1.795655 -3.889327 -4.807116 -11.046812 -2.937854 -5.9e-05 -20.975986 2e-06 -5.020011 -25.033558 -4.031939 5e-06 3e-06 -1e-06 -10.634542 -5.686997 -3.565601 10.573195 -17.922901 -3.113872 -3.7e-05 -13.821184 2e-06 -0.501842 -31.181471 -4.027068 -11.264247 -59.721897 7.399506 -13.982721 -7.150232 -2.875061 13.772678 -8.401449 -3.218209 0.347618 -34.21151 0.771679 -0.963076 -17.733366 2.621005 1e-06 -0.0 2e-06 -17.346455 -20.095266 -4.201794 21.757523 -1.638322 3.866474 -1.7e-05 -6.338813 3e-06 -1.697651 -22.591732 -6.194036 -1e-06 -4e-06 -4e-06 40.613941 -67.206436 154.464035 17.196371 -59.17284 2.696654 33.210392 0.05392 -0.081195 7.14586 -4.358417 3.278523 22.182182 -20.375904 49.9333 -16.701765 -16.743601 28.47648 4e-06 -12.690643 -7e-06 16.177214 -17.780125 2.698414 -0.10592 -1.513848 -4.275878 -5.039059 -5.612853 -2.953548 2e-06 -11.020488 1.1e-05 -6.111326 -15.895288 -3.840473 0.0 0.0 -4e-06 -10.283403 -5.680278 -4.341827 11.028318 -11.302363 -2.372618 -1.384283 -14.238523 -6.320106 -0.625444 -26.924093 -3.82757 -4.509198 -50.252426 -3.190794 -13.708568 -7.363465 -3.720927 18.14119 -14.052683 -3.242651 -7e-06 -18.787222 2.2e-05 -0.429715 -8.456036 2.555526 1e-06 2e-06 3e-06 -15.923603 -20.09444 -5.473564 30.419296 -7.190807 1.735956 -1e-06 -8.162909 1.5e-05 -1.861944 -22.861425 -6.167909 1e-06 -4e-06 3e-06 -176.363678 8.856632 -7.631866 12.790407 0.034256 -0.299351 -88.251389 -1.019567 2.929035 -6.508612 1.475341 2.138057 -1.000001 -1e-06 0.0 -31.951172 -4.521223 -2.963797 11.590856 0.062824 -0.22022 -71.901337 -4.825102 -6.803588 -9.359341 1.117095 1.620825 -1.000003 0.0 0.0 
0.0 0.0 0.0 0.0 -0.0 0.0 -14.609225 96.310898 9.961483 89.516739 6.659326 -65.935257 -4.367378 -4.019849 -0.647994 -11.937437 -1.557411 -2.4811 17.25075 0.502638 -4.256557 30.137886 4.972447 2.341983 -2.685837 -0.209278 0.115841 -25.553488 0.092355 -0.227145 6e-06 -0.0 -1e-06 -0.06879 0.014294 0.000583 0.039355 0.078325 0.074597 0.03229 -0.049154 -0.072663 -146.902328 -72.071877 162.837128 52.22419 -50.025745 -5.776091 33.247639 0.040159 0.170245 -0.864864 -8.182025 11.734903 17.636585 -26.322752 52.411148 -19.466537 -14.395522 29.41032 1.2e-05 -8.774793 -9e-06 16.296841 -18.170155 6.10821 -0.609781 -1.795646 -3.889323 -4.807088 -11.046803 -2.937837 -4.2e-05 -20.97603 3.5e-05 -5.020016 -25.033634 -4.031859 6e-06 -1e-06 2e-06 -10.634501 -5.686967 -3.56559 10.573195 -17.922918 -3.113857 -2.9e-05 -13.821221 1.9e-05 -0.501851 -31.181623 -4.026996 -11.500716 -59.860954 7.574368 -13.982667 -7.150197 -2.875044 13.772656 -8.401464 -3.218214 0.347635 -34.211601 0.771724 -0.96308 -17.733452 2.621042 -1e-06 3e-06 2e-06 -17.346376 -20.095194 -4.201775 21.757469 -1.638339 3.866438 -9e-06 -6.338833 1e-05 -1.697626 -22.591837 -6.194 -1e-06 -3e-06 2e-06 40.611294 -66.574371 154.465698 14.396615 -59.627888 3.583342 31.581306 -0.014452 -0.110338 6.25571 -4.474118 3.802884 22.182062 -20.37587 49.933247 -16.701702 -16.743498 28.476442 0.0 -12.690568 -1e-06 16.198109 -17.706755 2.669622 -0.105922 -1.513844 -4.27587 -5.03903 -5.612839 -2.953547 4e-06 -11.020466 3e-06 -6.111278 -15.895263 -3.840481 0.0 3e-06 1e-06 -10.283348 -5.680261 -4.341829 11.028256 -11.302339 -2.372612 -1.384267 -14.238506 -6.320107 -0.625425 -26.924086 -3.827587 -4.401798 -50.256317 -3.197239 -13.70849 -7.363442 -3.720935 18.141088 -14.052656 -3.242647 -3e-06 -18.787188 2e-05 -0.429718 -8.45602 2.555518 0.0 -0.0 1e-06 -15.923498 -20.094379 -5.473577 30.419128 -7.190785 1.735938 -2e-06 -8.16289 1.6e-05 -1.861912 -22.861391 -6.167902 -1e-06 -1e-06 1e-06 -175.363358 7.377554 -7.750513 14.439763 0.021602 -0.225344 -89.794304 0.721489 2.504653 -7.288646 1.458247 2.121313 -0.999999 -0.0 0.0 -31.718365 -3.772108 -3.393892 8.806759 0.019824 -0.209941 -70.991234 -5.017147 -7.998921 -9.418049 1.136157 1.596726 -1.000002 1e-06 -0.0 
0.0 0.0 0.0 0.0 -0.0 0.0 -15.397845 95.830414 7.060759 90.594528 6.241588 -64.340904 -4.5499 -3.186356 -0.552568 -12.027522 -1.447419 -2.596465 17.477142 0.922434 -4.341619 29.92642 5.319189 2.319533 -2.655753 -0.13647 -0.586617 -25.189192 0.040066 -0.973848 5e-06 -0.0 -0.0 -0.058966 0.014307 0.018496 0.057536 0.069071 0.086498 0.048046 -0.041489 -0.04986 -148.060791 -71.329033 164.444733 50.008739 -49.989014 -3.908575 31.854179 0.02839 0.186872 -0.927607 -7.76909 11.749078 17.636665 -26.322687 52.411144 -19.466715 -14.395592 29.410402 -1e-06 -8.774848 -9e-06 16.415836 -18.308603 6.119068 -0.609776 -1.79566 -3.889328 -4.807096 -11.046842 -2.93786 1.4e-05 -20.976107 -1.6e-05 -5.019968 -25.033718 -4.031924 4e-06 1e-06 -1e-06 -10.634546 -5.686983 -3.565583 10.573299 -17.922995 -3.113919 1.1e-05 -13.821264 -8e-06 -0.501741 -31.181719 -4.02707 -11.716853 -60.069416 7.702837 -13.982728 -7.150213 -2.875036 13.772752 -8.401516 -3.218248 0.347767 -34.211712 0.771614 -0.963009 -17.733492 2.621023 1e-06 -2e-06 -0.0 -17.346441 -20.095259 -4.20178 21.757599 -1.638379 3.866437 5e-06 -6.338848 -4e-06 -1.697569 -22.591904 -6.194074 1e-06 -5e-06 1e-06 40.332664 -66.049751 154.715637 11.453449 -59.897411 4.635693 30.059851 -0.051189 -0.122173 5.427909 -4.818812 4.368339 22.182119 -20.375929 49.933304 -16.701885 -16.743555 28.476582 -2.4e-05 -12.690627 1.1e-05 16.221529 -17.619217 2.672508 -0.105914 -1.51386 -4.275884 -5.039037 -5.612881 -2.953559 2.1e-05 -11.02058 -3e-06 -6.111285 -15.895442 -3.840478 -0.0 -1e-06 -0.0 -10.283369 -5.680288 -4.341838 11.028321 -11.302451 -2.372641 -1.384245 -14.238644 -6.320137 -0.625397 -26.924397 -3.827607 -4.376558 -50.331421 -3.060199 -13.708526 -7.363476 -3.720938 18.141195 -14.052804 -3.242696 3.2e-05 -18.787369 -2e-06 -0.429702 -8.456114 2.555521 -0.0 3e-06 0.0 -15.923528 -20.094501 -5.473581 30.419249 -7.190869 1.735904 9e-06 -8.162966 -1e-06 -1.861866 -22.861637 -6.167965 0.0 -6e-06 -1e-06 -174.3479 5.419178 -8.167065 16.161339 0.002032 -0.066598 -91.371368 2.20252 1.793253 -8.090111 1.392683 2.131883 -0.999999 2e-06 1e-06 -31.246279 -2.550704 -4.224638 8.284941 -0.020047 -0.19936 -69.19146 -5.267727 -8.88544 -9.386676 1.07061 1.605282 -0.999999 -0.0 1e-06 
0.0 0.0 0.0 0.0 -0.0 0.0 -16.229271 95.458176 3.902325 92.060104 5.715127 -63.233986 -4.970951 -2.009643 -0.451255 -12.196201 -1.314547 -2.629664 17.77083 1.542647 -4.40755 29.658209 5.433057 2.263399 -2.643031 -0.130559 -0.975126 -24.554653 -0.052748 -1.648527 6e-06 -0.0 -0.0 -0.059252 0.012417 0.034226 0.051089 0.060269 0.101533 0.047449 -0.037542 -0.035933 -148.902588 -70.278389 165.665619 46.992485 -49.828041 -1.259157 30.210276 0.064794 0.068582 -0.924789 -7.074268 11.537121 17.636541 -26.322577 52.41087 -19.46648 -14.395524 29.410166 -1.1e-05 -8.774756 -3e-06 16.467442 -18.349602 6.085389 -0.609773 -1.795637 -3.889302 -4.807039 -11.046694 -2.937823 3.3e-05 -20.975782 2e-05 -5.019884 -25.033243 -4.031824 6e-06 2e-06 1e-06 -10.634464 -5.686912 -3.565568 10.573209 -17.922783 -3.113859 1.9e-05 -13.821072 2.2e-05 -0.501761 -31.181164 -4.026914 -11.772789 -60.094307 7.752923 -13.982624 -7.150125 -2.875029 13.772637 -8.401428 -3.21821 0.347752 -34.211174 0.771703 -0.963025 -17.733212 2.621049 -1e-06 1e-06 -2e-06 -17.346281 -20.095024 -4.201767 21.757402 -1.638388 3.866398 1e-05 -6.338762 1.2e-05 -1.697548 -22.591494 -6.193918 1e-06 -8e-06 -1e-06 39.63311 -65.514038 155.313721 8.710512 -59.719208 5.943298 28.665085 -0.138303 -0.162912 4.686568 -5.418351 5.518445 22.181917 -20.375734 49.93301 -16.701698 -16.743361 28.476334 -1.5e-05 -12.690461 6e-06 16.192465 -17.695433 2.67296 -0.105918 -1.513849 -4.275856 -5.03899 -5.612835 -2.953541 1.4e-05 -11.020456 -1.3e-05 -6.111195 -15.895246 -3.840456 1e-06 1e-06 1e-06 -10.283283 -5.680253 -4.341816 11.028191 -11.302337 -2.372622 -1.384234 -14.238485 -6.320087 -0.625379 -26.924025 -3.827596 -4.391462 -50.331791 -3.112279 -13.708408 -7.36343 -3.720922 18.140974 -14.052653 -3.242658 2.7e-05 -18.787142 -1.8e-05 -0.4297 -8.455992 2.555482 2e-06 3e-06 1e-06 -15.923389 -20.094362 -5.473562 30.418921 -7.190779 1.735899 9e-06 -8.162868 -7e-06 -1.861828 -22.861311 -6.167912 -0.0 -4e-06 -1e-06 -173.337311 2.991182 -8.894876 17.76552 -0.049319 0.080272 -92.003944 3.388661 0.853841 -9.820922 1.373533 2.096461 -0.999997 -1e-06 -1e-06 -30.885893 -0.708317 -4.699523 9.522296 -0.032463 -0.255762 -65.164619 -6.283838 -8.104286 -9.311447 1.017879 1.640374 -1.000001 2e-06 -0.0 
0.0 0.0 0.0 0.0 -0.0 0.0 -17.071579 95.248566 0.59678 93.841309 5.0403 -62.623028 -5.454991 -0.678697 -0.342797 -12.37594 -1.1387 -2.866627 18.036278 2.390496 -4.314062 29.34333 5.323632 2.255207 -2.644781 -0.239636 -1.196107 -24.108475 -0.167728 -2.021312 5e-06 -0.0 -2e-06 -0.066683 0.013453 0.039562 0.038833 0.048836 0.104589 0.039616 -0.024154 -0.031568 -148.91301 -69.333275 165.934692 43.781914 -49.886055 1.51453 28.227116 -0.002048 -0.076954 -0.948748 -6.489127 11.749043 17.636606 -26.322737 52.411285 -19.46674 -14.395615 29.410498 -0.0 -8.774845 5e-06 16.445168 -18.28841 6.007905 -0.609776 -1.79566 -3.889336 -4.807099 -11.046845 -2.937863 1e-05 -20.976105 -2.7e-05 -5.019957 -25.033716 -4.03193 6e-06 1e-06 -0.0 -10.634542 -5.68699 -3.565593 10.573287 -17.922995 -3.113928 6e-06 -13.821259 -1e-05 -0.501737 -31.181692 -4.027073 -11.562304 -59.989792 7.550842 -13.982728 -7.150223 -2.875044 13.772746 -8.401509 -3.218261 0.34775 -34.2117 0.771613 -0.96302 -17.733486 2.621024 -1e-06 -1e-06 -2e-06 -17.346441 -20.09528 -4.201789 21.757595 -1.638365 3.866423 1e-06 -6.33885 -3e-06 -1.697564 -22.59189 -6.194079 -1e-06 -4e-06 -3e-06 38.757477 -65.117432 155.90976 6.489314 -59.231251 7.560464 27.446884 -0.085079 -0.10688 4.067906 -6.243924 6.534705 22.182129 -20.375841 49.933216 -16.701704 -16.743494 28.476402 1.2e-05 -12.690576 -1.5e-05 16.08218 -17.831348 2.628227 -0.105921 -1.513848 -4.27587 -5.039042 -5.612851 -2.953546 -6e-06 -11.020481 8e-06 -6.111308 -15.895281 -3.840473 -0.0 1e-06 -1e-06 -10.283369 -5.680275 -4.341831 11.028263 -11.302345 -2.372607 -1.384288 -14.238513 -6.320097 -0.625462 -26.924059 -3.827579 -4.321848 -50.183796 -3.367903 -13.708519 -7.363461 -3.720934 18.141098 -14.052662 -3.242634 -1.3e-05 -18.787193 1.5e-05 -0.429719 -8.456017 2.555512 1e-06 1e-06 0.0 -15.923545 -20.094425 -5.473572 30.419159 -7.190783 1.735968 -3e-06 -8.162894 9e-06 -1.861928 -22.861393 -6.167913 2e-06 -5e-06 -2e-06 -172.394699 0.181585 -9.800816 19.469076 -0.115072 0.20692 -91.739487 4.203671 -0.222337 -12.648407 1.465798 2.058661 -0.999998 -1e-06 -0.0 -31.028492 1.706692 -4.645431 12.132687 -0.076871 -0.256044 -61.253185 -8.490351 -5.809412 -8.51997 0.979001 1.681313 -1.000004 -0.0 -0.0 
0.0 0.0 0.0 0.0 -0.0 0.0 -17.901548 95.251167 -2.65872 95.584335 4.163487 -62.600124 -5.751501 0.518362 -0.281108 -12.538059 -0.928632 -3.211488 18.242929 3.442095 -4.164449 29.058825 5.087988 2.169093 -2.65389 -0.339359 -1.122981 -24.133442 -0.305867 -2.210713 6e-06 -1e-06 -0.0 -0.085896 0.009711 0.055434 0.017427 0.040966 0.118424 -0.002818 -0.022458 -0.014175 -146.769318 -69.256424 164.016464 41.114914 -51.048199 3.267851 26.120834 -0.075693 -0.156028 -1.296439 -6.16945 12.504048 17.636713 -26.3228 52.411343 -19.466726 -14.395624 29.410498 2.3e-05 -8.77488 -1e-05 16.424553 -18.255541 5.922611 -0.609784 -1.795663 -3.889338 -4.80714 -11.046888 -2.937858 -4.4e-05 -20.976191 -2e-06 -5.02006 -25.033869 -4.031957 4e-06 3e-06 0.0 -10.634591 -5.687018 -3.565595 10.57329 -17.923038 -3.113907 -2.7e-05 -13.821322 -8e-06 -0.501823 -31.18189 -4.027114 -11.370398 -59.92379 7.263385 -13.982786 -7.150259 -2.875047 13.77278 -8.401514 -3.218244 0.347663 -34.211868 0.771647 -0.96306 -17.733574 2.621019 -1e-06 -1e-06 1e-06 -17.346542 -20.095354 -4.201776 21.757677 -1.638339 3.866471 -1.3e-05 -6.338878 0.0 -1.697649 -22.592022 -6.1941 0.0 -4e-06 -3e-06 38.872673 -65.401306 155.776794 6.231665 -59.215904 7.798095 26.117567 0.139951 -0.086057 3.459171 -6.968071 8.082628 22.182213 -20.375843 49.933388 -16.701912 -16.743567 28.476591 -9e-06 -12.69066 -1.1e-05 16.111282 -17.855825 2.531066 -0.10592 -1.513864 -4.275891 -5.039062 -5.612889 -2.953566 1.3e-05 -11.020564 -2.3e-05 -6.111305 -15.895423 -3.840526 -0.0 2e-06 -1e-06 -10.283414 -5.68031 -4.341846 11.028345 -11.302434 -2.37265 -1.384264 -14.238631 -6.320165 -0.625366 -26.92432 -3.82768 -4.174097 -50.057552 -3.54187 -13.708584 -7.363503 -3.720947 18.141237 -14.052778 -3.242701 3.5e-05 -18.787323 -4.2e-05 -0.429693 -8.456075 2.555504 -0.0 1e-06 -1e-06 -15.923612 -20.094551 -5.473603 30.419344 -7.190862 1.73594 1.6e-05 -8.162939 -1.5e-05 -1.861847 -22.861557 -6.168026 3e-06 -3e-06 -2e-06 -171.423828 -2.695143 -10.864085 21.513388 -0.211735 0.338454 -90.319496 4.826501 -1.082467 -16.617332 1.652191 2.016317 -0.999998 -1e-06 -0.0 -31.303535 4.312223 -4.715273 16.197647 -0.11314 -0.249052 -61.809933 -10.766529 -3.911077 -7.372487 0.936662 1.683844 -0.999999 -0.0 0.0 
0.0 0.0 0.0 0.0 -0.0 0.0 -18.7656 95.41275 -5.949134 97.188828 3.519694 -62.756504 -6.013946 1.49363 -0.374202 -12.655977 -0.727083 -3.49085 18.129087 4.476855 -4.335746 28.851105 4.801307 2.13704 -2.687248 -0.375815 -0.830625 -24.184914 -0.334115 -2.20366 4e-06 -0.0 -1e-06 -0.09787 0.002019 0.041107 0.016844 0.033593 0.110161 -0.001085 -0.028055 -0.037057 -143.438705 -69.773689 160.701065 37.801945 -53.253487 5.122704 24.1863 0.085969 -0.154227 -1.708311 -5.819644 12.526499 17.63673 -26.322748 52.411156 -19.466715 -14.395656 29.410406 -6e-06 -8.77487 -1e-05 16.539663 -18.291269 5.940451 -0.609776 -1.795654 -3.889329 -4.8071 -11.046821 -2.937848 2.7e-05 -20.976072 8e-06 -5.019982 -25.033657 -4.031895 6e-06 0.0 -1e-06 -10.634562 -5.686968 -3.565583 10.573334 -17.922987 -3.113903 1.8e-05 -13.821246 1e-05 -0.501759 -31.181654 -4.027008 -11.598169 -60.124306 7.492168 -13.982755 -7.150196 -2.875035 13.772795 -8.401518 -3.218245 0.347773 -34.211678 0.771674 -0.96302 -17.733477 2.621065 -1e-06 -2e-06 0.0 -17.346468 -20.095222 -4.201775 21.75765 -1.638403 3.866443 1e-05 -6.338845 3e-06 -1.69758 -22.591867 -6.194035 0.0 -3e-06 -3e-06 39.24004 -65.944466 155.613586 7.167998 -59.190399 7.144037 25.201584 0.395076 -0.015048 2.85666 -7.078217 9.088473 22.182154 -20.375914 49.933323 -16.701897 -16.743547 28.476603 -8e-06 -12.690641 4e-06 16.114496 -17.915146 2.490155 -0.105919 -1.513863 -4.275887 -5.039051 -5.612902 -2.953561 8e-06 -11.020608 -3e-06 -6.111314 -15.895498 -3.840496 -0.0 -0.0 -1e-06 -10.283383 -5.680308 -4.341836 11.02832 -11.302467 -2.372644 -1.384262 -14.238689 -6.320153 -0.625419 -26.92448 -3.827638 -4.055661 -50.108704 -3.680307 -13.708542 -7.363501 -3.720938 18.141197 -14.052818 -3.242695 2e-05 -18.78742 -1.2e-05 -0.429709 -8.456129 2.555521 -0.0 1e-06 -0.0 -15.923556 -20.094561 -5.473582 30.419271 -7.190863 1.735916 3e-06 -8.16298 -9e-06 -1.861877 -22.861712 -6.16801 1e-06 -5e-06 -3e-06 -171.337372 -5.382243 -11.491847 24.794868 -0.270963 0.420693 -87.537529 5.054113 -1.592929 -21.624821 1.832146 1.951613 -1.0 -1e-06 1e-06 -31.213774 6.639465 -5.273948 19.82432 -0.089914 -0.274973 -64.905243 -11.864717 -2.904428 -6.744312 0.92287 1.692297 -1.000003 0.0 0.0 
0.0 0.0 0.0 0.0 -0.0 0.0 -19.623903 95.727768 -9.233039 98.536537 3.142771 -62.824375 -6.312095 2.30489 -0.442988 -12.813259 -0.563036 -3.689631 17.928333 5.146536 -4.568377 28.667185 4.867879 2.183763 -2.709288 -0.260615 -0.848226 -24.271824 -0.356183 -2.023032 4e-06 -1e-06 1e-06 -0.112209 0.004949 0.016544 0.014328 0.034643 0.085678 -0.00701 -0.022966 -0.063046 -140.620743 -70.269585 157.92926 33.622505 -55.095978 7.027464 22.676085 0.154743 -0.129772 -1.851496 -5.157539 11.81888 17.636707 -26.322844 52.411381 -19.466755 -14.395652 29.410522 3e-06 -8.774881 -5e-06 16.494106 -18.121002 5.957411 -0.60978 -1.795661 -3.889341 -4.807117 -11.046869 -2.937862 -1e-06 -20.976175 5e-06 -5.020016 -25.033819 -4.031923 7e-06 1e-06 -1e-06 -10.634576 -5.686996 -3.565599 10.573324 -17.923048 -3.113913 -1e-06 -13.821315 4e-06 -0.501782 -31.181866 -4.027055 -11.372713 -60.125343 7.485675 -13.982768 -7.15023 -2.875051 13.772792 -8.401531 -3.218253 0.347726 -34.211838 0.771665 -0.963043 -17.733562 2.621053 0.0 1e-06 1e-06 -17.346498 -20.095304 -4.201789 21.757669 -1.638378 3.866452 0.0 -6.338871 1e-06 -1.697602 -22.591995 -6.194077 -0.0 -6e-06 -2e-06 39.278168 -65.832451 155.549438 7.82688 -58.801823 6.079335 25.213509 0.704465 -0.031922 2.646468 -6.688692 9.515082 22.182077 -20.375822 49.933159 -16.701736 -16.743483 28.476402 7e-06 -12.690557 -5e-06 16.04734 -17.855951 2.571857 -0.10592 -1.513851 -4.275869 -5.039032 -5.612854 -2.953543 -0.0 -11.020482 -2e-06 -6.111284 -15.895283 -3.840462 -0.0 1e-06 -1e-06 -10.283358 -5.680278 -4.341825 11.028257 -11.302362 -2.372617 -1.384274 -14.238528 -6.320094 -0.625439 -26.924088 -3.827589 -3.99271 -50.172649 -3.71579 -13.708508 -7.363465 -3.720926 18.141096 -14.052683 -3.242652 -1e-06 -18.787212 -3e-06 -0.429711 -8.456021 2.555496 -0.0 -1e-06 0.0 -15.923524 -20.094442 -5.473559 30.419132 -7.190788 1.735938 0.0 -8.162895 -3e-06 -1.861898 -22.861403 -6.167932 3e-06 -3e-06 -1e-06 -172.527725 -7.873064 -11.857627 29.623428 -0.271485 0.447674 -83.006088 4.76894 -1.848188 -27.206762 1.986142 1.886346 -0.999998 1e-06 1e-06 -29.968884 8.581152 -5.752401 20.978907 0.004196 -0.282235 -67.56987 -12.388322 -2.146922 -6.145976 0.882707 1.696822 -1.000001 -0.0 -1e-06 
0.0 0.0 0.0 0.0 -0.0 0.0 -20.438402 96.119873 -12.408796 99.736008 2.84458 -62.87862 -6.576113 3.150672 -0.474523 -12.89902 -0.433251 -3.758761 17.653755 5.593911 -4.785522 28.351974 5.040435 2.250766 -2.707204 -0.18207 -0.986842 -24.448528 -0.334554 -2.035447 6e-06 1e-06 -0.0 -0.120711 0.006683 0.017703 0.007233 0.031411 0.078752 -0.009176 -0.016894 -0.054714 -138.679718 -70.56031 156.024948 29.251686 -56.203129 9.147919 21.721369 0.19892 -0.098812 -1.807032 -4.373048 10.489034 17.63661 -26.322821 52.411427 -19.466791 -14.395701 29.410593 -0.0 -8.774885 1.1e-05 16.36171 -17.860214 5.943168 -0.609776 -1.79566 -3.889345 -4.807111 -11.046859 -2.937868 1e-05 -20.976152 -1.6e-05 -5.019992 -25.033796 -4.031939 6e-06 1e-06 -1e-06 -10.63457 -5.686991 -3.565595 10.573337 -17.923027 -3.113943 4e-06 -13.821294 -7e-06 -0.501753 -31.181816 -4.027081 -11.230091 -60.029469 7.562078 -13.982762 -7.150223 -2.875041 13.772802 -8.401524 -3.218281 0.347742 -34.2118 0.77164 -0.963036 -17.733541 2.621039 2e-06 2e-06 0.0 -17.346485 -20.095289 -4.201792 21.757671 -1.638376 3.866421 -0.0 -6.338862 -1e-06 -1.697587 -22.591953 -6.194087 -0.0 -7e-06 -1e-06 39.112438 -65.493668 155.526398 8.368634 -58.237827 4.563427 26.09235 0.823892 -0.060907 2.966176 -5.990731 8.838364 22.182083 -20.375887 49.933464 -16.701832 -16.743538 28.476616 -7e-06 -12.69061 5e-06 16.007545 -17.791252 2.615771 -0.105922 -1.513857 -4.275889 -5.039042 -5.612868 -2.953569 8e-06 -11.020514 -1.6e-05 -6.111279 -15.895351 -3.840525 0.0 -2e-06 -1e-06 -10.28337 -5.680292 -4.341853 11.028296 -11.30239 -2.372647 -1.384256 -14.238573 -6.320161 -0.625377 -26.924212 -3.827662 -3.906949 -50.144547 -3.83678 -13.708523 -7.36348 -3.720953 18.141153 -14.052719 -3.242691 1.6e-05 -18.787247 -1.3e-05 -0.429713 -8.456039 2.555519 1e-06 -1e-06 0.0 -15.923526 -20.094482 -5.473621 30.419207 -7.190813 1.735917 5e-06 -8.162916 3e-06 -1.861877 -22.861471 -6.16797 -0.0 -4e-06 1e-06 -175.113861 -10.424945 -11.87799 36.387615 -0.214548 0.422313 -77.421555 3.916496 -2.237758 -31.178213 2.06321 1.867212 -0.999999 -1e-06 -0.0 -27.95289 10.417594 -6.14776 20.506466 0.074987 -0.278675 -69.783424 -12.527162 -1.477381 -5.637105 0.809316 1.681123 -1.000004 -1e-06 1e-06 
0.0 0.0 0.0 0.0 -0.0 0.0 -21.178537 96.47007 -15.404902 100.709595 2.490993 -63.009842 -6.661642 3.985903 -0.465074 -12.874833 -0.319231 -3.731195 17.399023 5.858698 -4.886009 27.798004 5.222867 2.306937 -2.68584 -0.162049 -1.195986 -24.844162 -0.274799 -2.144081 6e-06 -0.0 1e-06 -0.124535 0.005849 0.040194 0.004848 0.026765 0.091761 -0.005362 -0.015338 -0.021651 -137.248138 -70.785408 154.537552 25.637667 -56.753376 10.908296 21.24732 0.215954 -0.076374 -1.77216 -3.697246 9.142999 17.63657 -26.322737 52.411255 -19.466665 -14.395623 29.410442 -0.0 -8.774824 6e-06 16.235537 -17.684484 5.908931 -0.609776 -1.795652 -3.889331 -4.807089 -11.046802 -2.937854 5e-06 -20.976011 -1e-05 -5.019962 -25.033585 -4.03191 4e-06 3e-06 -0.0 -10.634529 -5.686969 -3.565588 10.57327 -17.92293 -3.113913 2e-06 -13.821201 -1e-06 -0.501763 -31.181519 -4.027033 -11.2827 -59.955006 7.688662 -13.98271 -7.150197 -2.875041 13.772727 -8.40148 -3.218255 0.347727 -34.21154 0.771653 -0.96304 -17.733391 2.621032 0.0 -1e-06 0.0 -17.346415 -20.095209 -4.201782 21.757559 -1.638366 3.866414 -1e-06 -6.33882 2e-06 -1.69758 -22.591753 -6.194034 -1e-06 -9e-06 -1e-06 38.851742 -65.357712 155.540665 9.255109 -57.779774 2.767389 27.405146 0.734299 -0.103307 3.637827 -5.385205 7.195627 22.182121 -20.375946 49.933334 -16.701771 -16.743525 28.476522 -1e-06 -12.69059 3e-06 15.997438 -17.835966 2.617928 -0.105921 -1.513852 -4.275884 -5.039038 -5.612868 -2.953554 2e-06 -11.020532 1e-05 -6.111294 -15.895363 -3.840468 1e-06 3e-06 -1e-06 -10.283366 -5.680284 -4.341841 11.028281 -11.3024 -2.372617 -1.384274 -14.238585 -6.320116 -0.625455 -26.924252 -3.827585 -3.90225 -50.074333 -3.943959 -13.708516 -7.363472 -3.720942 18.141125 -14.052731 -3.242655 -7e-06 -18.787291 2.1e-05 -0.429722 -8.456071 2.555526 -1e-06 1e-06 -1e-06 -15.923532 -20.094475 -5.473581 30.419176 -7.190814 1.735939 -2e-06 -8.162935 9e-06 -1.861916 -22.861532 -6.167927 0.0 -2e-06 -2e-06 -178.796631 -12.92744 -11.337529 44.638371 -0.152295 0.396263 -71.738914 2.901949 -3.128197 -30.525181 1.965603 1.882583 -0.999999 -2e-06 -1e-06 -25.504694 12.117126 -6.474694 19.243063 0.108382 -0.297298 -71.529739 -12.385699 -0.752965 -5.428735 0.757247 1.66832 -0.999999 0.0 1e-06 
0.0 0.0 0.0 0.0 -0.0 0.0 -21.822031 96.691223 -18.10865 101.402542 2.076082 -63.32621 -6.53197 4.73909 -0.411952 -12.766854 -0.189768 -3.610725 17.21508 5.945276 -4.815467 27.159536 5.33132 2.347323 -2.667665 -0.233023 -1.402462 -25.465897 -0.197703 -2.378594 6e-06 -1e-06 0.0 -0.12198 0.000649 0.066634 0.016936 0.019826 0.114513 0.009284 -0.02012 0.010329 -135.912781 -70.971832 153.076675 23.266575 -56.984119 11.735515 21.299503 0.22058 -0.054206 -1.794997 -3.006715 8.11284 17.636618 -26.322695 52.411076 -19.466547 -14.395565 29.410278 7e-06 -8.774803 -8e-06 16.190672 -17.636488 5.888782 -0.609777 -1.795645 -3.889317 -4.807086 -11.04677 -2.937833 -1.5e-05 -20.975941 2.6e-05 -5.019989 -25.033487 -4.03186 6e-06 -1e-06 -0.0 -10.634517 -5.686954 -3.565579 10.573232 -17.922882 -3.113865 -1e-05 -13.82117 1.9e-05 -0.501826 -31.18145 -4.026968 -11.411429 -59.996246 7.76897 -13.98269 -7.150179 -2.875036 13.77269 -8.401457 -3.218215 0.347685 -34.211456 0.771709 -0.963057 -17.733355 2.621042 -0.0 -1e-06 0.0 -17.346397 -20.095156 -4.201766 21.757515 -1.638364 3.866434 -3e-06 -6.338807 1.1e-05 -1.697618 -22.591707 -6.193974 -0.0 -2e-06 -2e-06 38.532425 -65.685234 155.667816 10.948515 -57.4604 1.152097 28.593035 0.497673 -0.161711 4.240537 -5.166459 5.875333 22.182049 -20.375916 49.933277 -16.701817 -16.743498 28.476532 -1.9e-05 -12.690573 1.2e-05 16.040628 -17.983532 2.569633 -0.105918 -1.513855 -4.275877 -5.039023 -5.612872 -2.953556 1.5e-05 -11.020553 1e-06 -6.111258 -15.895395 -3.84047 -1e-06 -1e-06 -1e-06 -10.28334 -5.680279 -4.341835 11.028273 -11.302421 -2.372632 -1.384245 -14.238613 -6.320124 -0.625412 -26.924337 -3.827597 -3.946225 -50.020939 -4.010868 -13.708486 -7.363464 -3.720937 18.141119 -14.052769 -3.242679 2.3e-05 -18.787333 1e-06 -0.42971 -8.456089 2.555517 0.0 -0.0 0.0 -15.923481 -20.094467 -5.473577 30.419125 -7.190836 1.735899 7e-06 -8.162949 -0.0 -1.861858 -22.861591 -6.167949 0.0 -5e-06 1e-06 176.927658 -15.089428 -10.372709 53.365299 -0.16717 0.37505 -67.908867 1.744213 -4.006977 -22.953093 1.720211 1.878128 -0.999996 0.0 0.0 -22.964981 13.59583 -6.694806 17.920256 0.116149 -0.342182 -72.947891 -11.911631 -0.006239 -5.497434 0.768519 1.677134 -1.0 1e-06 -0.0 
0.0 0.0 0.0 0.0 -0.0 0.0 -22.416092 96.837029 -20.578756 101.85347 1.637605 -63.973778 -6.285442 5.43198 -0.282128 -12.629884 -0.028706 -3.375709 17.154163 5.859725 -4.573195 26.647121 5.277245 2.365064 -2.673093 -0.380441 -1.532167 -26.16279 -0.084453 -2.721218 5e-06 -1e-06 -2e-06 -0.119002 -0.00247 0.083734 0.023695 0.017953 0.13118 0.017146 -0.025283 0.02845 -134.445404 -70.98616 151.537064 22.123316 -57.023479 11.389178 21.969021 0.175474 -0.031647 -1.733904 -1.993327 7.349297 17.636686 -26.322908 52.411499 -19.466759 -14.395695 29.410583 4e-06 -8.774886 1e-06 16.217066 -17.724562 5.903015 -0.609779 -1.79566 -3.889346 -4.80712 -11.046865 -2.937862 -4e-06 -20.976151 7e-06 -5.02002 -25.033775 -4.031919 6e-06 -1e-06 0.0 -10.634585 -5.686999 -3.565601 10.573329 -17.92304 -3.113918 -5e-06 -13.821304 1e-05 -0.501796 -31.181812 -4.027044 -11.506636 -60.059589 7.767198 -13.982781 -7.150232 -2.875051 13.772805 -8.401526 -3.218263 0.347708 -34.211819 0.771691 -0.96306 -17.733551 2.621065 -0.0 2e-06 0.0 -17.34651 -20.09531 -4.201792 21.757677 -1.638376 3.866445 -2e-06 -6.338866 7e-06 -1.697606 -22.591957 -6.194064 -0.0 -6e-06 -1e-06 38.200241 -66.451691 155.903748 13.599104 -57.069603 0.071194 29.448471 0.28961 -0.196336 4.639935 -5.47022 5.434433 22.182249 -20.37604 49.93359 -16.701973 -16.743694 28.476759 -7e-06 -12.690742 9e-06 16.128408 -18.120853 2.490804 -0.105918 -1.513865 -4.275906 -5.039081 -5.612911 -2.953573 9e-06 -11.020634 -1e-06 -6.111372 -15.895539 -3.840515 0.0 -1e-06 -1e-06 -10.283439 -5.680319 -4.341855 11.028395 -11.302488 -2.372657 -1.384275 -14.238722 -6.32018 -0.625427 -26.924564 -3.827646 -3.943512 -50.04229 -4.082197 -13.708616 -7.363515 -3.720949 18.141325 -14.052844 -3.242714 9e-06 -18.78746 0.0 -0.429718 -8.456147 2.555544 -1e-06 -0.0 -2e-06 -15.923649 -20.094597 -5.473599 30.419483 -7.190885 1.735924 2e-06 -8.16301 2e-06 -1.861922 -22.861776 -6.168016 0.0 -6e-06 -0.0 172.623718 -16.798067 -9.364175 61.192001 -0.233478 0.328487 -67.68914 0.256594 -4.394685 -14.940045 1.584411 1.863497 -1.0 -1e-06 2e-06 -20.363836 14.899607 -6.684402 16.684862 0.096784 -0.364755 -74.178764 -11.136886 0.699265 -5.608886 0.804441 1.690296 -1.000004 1e-06 -0.0 
0.0 0.0 0.0 0.0 -0.0 0.0 -23.003286 96.995583 -22.903091 102.023293 1.257751 -65.004761 -5.989417 6.005767 -0.122997 -12.494716 0.140203 -3.009912 17.204182 5.621543 -4.170536 26.367552 4.997537 2.393882 -2.692213 -0.515787 -1.609792 -26.678265 0.112512 -3.063079 5e-06 0.0 -1e-06 -0.119085 -0.003419 0.078644 0.016656 0.018628 0.126001 0.01171 -0.027763 0.022946 -132.96402 -70.70282 150.031097 21.717033 -56.984921 10.30528 23.318487 0.145376 -0.016276 -1.389706 -0.695167 6.454339 17.636726 -26.322796 52.411278 -19.466776 -14.395654 29.41048 -2.5e-05 -8.774863 -7e-06 16.301098 -17.910027 5.925796 -0.609774 -1.795658 -3.889336 -4.807079 -11.046826 -2.937864 6.9e-05 -20.976103 -5e-06 -5.019918 -25.033686 -4.031889 7e-06 -1e-06 -0.0 -10.634557 -5.686964 -3.565598 10.573358 -17.923025 -3.11392 4.2e-05 -13.821266 7e-06 -0.501695 -31.1817 -4.026999 -11.538685 -60.069412 7.728963 -13.982744 -7.150189 -2.875053 13.7728 -8.401547 -3.218256 0.347839 -34.211739 0.771657 -0.962995 -17.733503 2.621078 1e-06 -2e-06 1e-06 -17.346432 -20.095222 -4.201806 21.757631 -1.638433 3.866435 2e-05 -6.338847 2e-06 -1.69752 -22.591881 -6.19404 -0.0 -6e-06 -2e-06 37.932331 -67.488472 156.146683 16.97798 -56.597839 -0.849971 29.977097 0.156631 -0.152534 5.018314 -5.952573 5.70222 22.182186 -20.375984 49.933601 -16.701954 -16.743612 28.476748 -2e-06 -12.690687 5e-06 16.190857 -18.149117 2.425538 -0.10592 -1.513867 -4.275903 -5.039069 -5.612916 -2.953579 4e-06 -11.020622 -1.4e-05 -6.111333 -15.89552 -3.840534 1e-06 -1e-06 2e-06 -10.283416 -5.680329 -4.341861 11.028352 -11.30248 -2.372661 -1.384271 -14.238714 -6.320191 -0.625403 -26.924519 -3.827692 -3.924508 -50.051846 -4.118872 -13.708591 -7.363531 -3.720956 18.141254 -14.05283 -3.242719 1.4e-05 -18.787449 -2.7e-05 -0.429712 -8.456141 2.555521 -1e-06 -3e-06 -1e-06 -15.923616 -20.094624 -5.473616 30.419371 -7.190858 1.735918 3e-06 -8.162992 -1.2e-05 -1.861879 -22.861727 -6.168046 0.0 -4e-06 -1e-06 168.664261 -18.033508 -8.561652 66.871132 -0.249961 0.285593 -70.724609 -0.380771 -4.458405 -11.919667 1.551456 1.867009 -0.999999 -1e-06 1e-06 -17.617601 15.923466 -6.381061 15.363539 0.07348 -0.383291 -75.183105 -10.090021 1.270206 -5.541675 0.813729 1.691797 -1.0 -0.0 -0.0 
0.0 0.0 0.0 0.0 -0.0 0.0 -23.591436 97.171837 -25.072994 101.851402 1.058253 -66.371521 -5.66208 6.379974 0.014896 -12.339355 0.301593 -2.530885 17.249823 5.210955 -3.685369 26.246912 4.508512 2.411487 -2.705866 -0.576488 -1.633055 -26.957846 0.36011 -3.2795 6e-06 0.0 -1e-06 -0.122003 -0.005783 0.052703 0.005305 0.018121 0.100103 0.000518 -0.031065 -0.002929 -131.62146 -70.189453 148.596436 21.520098 -57.069992 8.996207 25.224831 0.133385 -0.019531 -0.708923 0.641263 5.337529 17.636478 -26.322554 52.411015 -19.466492 -14.395505 29.410252 6e-06 -8.774756 0.0 16.366459 -18.06938 5.949575 -0.609776 -1.79564 -3.889311 -4.807063 -11.046723 -2.93784 -5e-06 -20.975832 -1.1e-05 -5.019913 -25.033354 -4.031894 6e-06 1e-06 0.0 -10.634472 -5.68694 -3.565577 10.573178 -17.922791 -3.113879 -5e-06 -13.821093 -1e-06 -0.501767 -31.181234 -4.027011 -11.540346 -60.004276 7.695238 -13.98263 -7.15016 -2.875037 13.772621 -8.401413 -3.218222 0.347705 -34.211231 0.771652 -0.963036 -17.733238 2.621006 -0.0 3e-06 -1e-06 -17.346317 -20.095087 -4.201779 21.757406 -1.638342 3.866408 -4e-06 -6.33877 3e-06 -1.697576 -22.591557 -6.193991 -0.0 -3e-06 -2e-06 37.586746 -68.637222 156.439255 20.565659 -56.172329 -2.108002 30.429708 0.104693 -0.057588 5.436772 -6.247307 6.366676 22.182053 -20.375879 49.933094 -16.701593 -16.743458 28.476299 6e-06 -12.690516 -9e-06 16.210579 -18.118069 2.402681 -0.105922 -1.513836 -4.275858 -5.039013 -5.612814 -2.953535 1e-06 -11.02042 3e-05 -6.111266 -15.895168 -3.840422 -2e-06 1e-06 -1e-06 -10.283324 -5.680239 -4.341817 11.028218 -11.302297 -2.372583 -1.38428 -14.23843 -6.320045 -0.625484 -26.92391 -3.827497 -3.92169 -50.057388 -4.13901 -13.708463 -7.363418 -3.720924 18.141027 -14.052608 -3.242603 -2.4e-05 -18.787107 5.3e-05 -0.429722 -8.455986 2.555521 3e-06 -2e-06 1e-06 -15.923468 -20.094313 -5.473546 30.419024 -7.190759 1.735952 -6e-06 -8.162863 2.5e-05 -1.861947 -22.861271 -6.167814 1e-06 -4e-06 1e-06 164.903091 -18.635426 -8.034749 70.101295 -0.186206 0.251535 -74.318634 -1.181224 -4.346468 -11.012604 1.533705 1.895501 -0.999995 -0.0 1e-06 -14.87461 16.440273 -5.887467 14.085496 0.081325 -0.406313 -76.038818 -8.681672 1.757559 -5.414106 0.80322 1.684555 -1.000002 -1e-06 -0.0 
0.0 0.0 0.0 0.0 -0.0 0.0 -24.177294 97.341171 -27.088482 101.447227 1.070245 -67.935463 -5.310562 6.59923 0.130664 -12.162574 0.446714 -1.997878 17.209141 4.675814 -3.207936 26.190243 3.840665 2.414801 -2.696987 -0.570352 -1.583772 -27.133074 0.600287 -3.341569 6e-06 -0.0 0.0 -0.12145 -0.009697 0.021177 -0.001329 0.019282 0.068296 -0.007903 -0.038817 -0.033287 -130.431061 -69.632736 147.286453 21.435282 -57.404121 7.566013 27.426003 0.116305 -0.029403 0.136516 1.836227 4.188715 17.636843 -26.322901 52.41135 -19.466827 -14.395794 29.410549 2.9e-05 -8.774975 -7e-06 16.323772 -18.148003 6.003677 -0.609781 -1.795668 -3.889345 -4.807191 -11.046943 -2.937845 -5.8e-05 -20.976288 2e-05 -5.020163 -25.033972 -4.03195 6e-06 -1e-06 -0.0 -10.634677 -5.687044 -3.565576 10.573389 -17.923124 -3.113917 -3.6e-05 -13.821388 2e-06 -0.501888 -31.182051 -4.0271 -11.571168 -59.874229 7.697181 -13.982905 -7.150293 -2.875013 13.77292 -8.401548 -3.21827 0.347637 -34.212074 0.771682 -0.963076 -17.733683 2.621039 -0.0 3e-06 -1e-06 -17.346714 -20.095449 -4.201721 21.757898 -1.638343 3.866472 -1.6e-05 -6.338906 0.0 -1.697711 -22.592127 -6.194102 -0.0 -4e-06 -2e-06 37.219284 -69.888397 156.76387 24.157091 -55.919308 -3.919433 31.06325 0.133184 0.046083 5.833436 -6.233217 6.890805 22.182495 -20.375938 49.933613 -16.702059 -16.743713 28.476744 -0.0 -12.690827 -3.5e-05 16.242172 -18.090151 2.428549 -0.105923 -1.513876 -4.275909 -5.039126 -5.612941 -2.953585 1.1e-05 -11.020675 -1.5e-05 -6.111421 -15.895604 -3.840557 -2e-06 2e-06 -3e-06 -10.283521 -5.680356 -4.341867 11.028469 -11.302535 -2.372661 -1.384303 -14.23878 -6.320212 -0.625408 -26.924665 -3.827693 -3.936277 -50.124165 -4.126991 -13.708727 -7.363565 -3.72096 18.141439 -14.052901 -3.242704 3.2e-05 -18.787521 -3.6e-05 -0.42969 -8.456178 2.555535 3e-06 -3e-06 -1e-06 -15.923792 -20.094711 -5.473624 30.419685 -7.190941 1.736004 1.7e-05 -8.163023 -1.7e-05 -1.861886 -22.861841 -6.168092 0.0 -5e-06 -2e-06 161.18895 -18.636274 -7.649793 71.11013 -0.076276 0.208655 -77.445801 -2.589866 -3.979416 -10.539644 1.519496 1.938184 -1.000003 -0.0 1e-06 -12.400415 16.491343 -5.367015 13.050703 0.11039 -0.423978 -76.870888 -6.983282 2.218555 -5.328761 0.78229 1.672728 -1.000008 1e-06 -0.0 
0.0 0.0 0.0 0.0 -0.0 0.0 -24.742914 97.484184 -28.962278 100.931854 1.285901 -69.56955 -4.994187 6.691093 0.25341 -11.995819 0.549479 -1.486259 17.130753 4.106478 -2.796875 26.126839 3.079378 2.451506 -2.671117 -0.558742 -1.477155 -27.2612 0.80935 -3.268312 6e-06 0.0 0.0 -0.113564 -0.010756 -0.000682 0.003809 0.026714 0.046925 -0.003186 -0.047233 -0.053955 -129.731476 -69.023827 146.536057 21.701086 -57.710579 6.106263 29.437944 0.162867 -0.020444 0.920017 2.713853 3.050465 17.636534 -26.322638 52.41116 -19.466496 -14.395557 29.410299 6e-06 -8.774781 -3e-06 16.210987 -18.139351 6.056427 -0.609778 -1.795638 -3.889318 -4.807074 -11.046718 -2.93784 -3e-06 -20.975821 4e-06 -5.019933 -25.033325 -4.031886 6e-06 3e-06 0.0 -10.634499 -5.686939 -3.565584 10.573205 -17.922791 -3.113873 -6e-06 -13.821087 1.1e-05 -0.501789 -31.181217 -4.026982 -11.587425 -59.6866 7.679389 -13.982664 -7.150156 -2.875043 13.772659 -8.401414 -3.218221 0.347696 -34.211224 0.77169 -0.963048 -17.733232 2.621029 -0.0 -1e-06 0.0 -17.346361 -20.095087 -4.201787 21.757465 -1.638354 3.866421 -3e-06 -6.33877 9e-06 -1.697591 -22.591547 -6.193975 0.0 -3e-06 -1e-06 36.695843 -71.057045 157.26767 27.621645 -55.640141 -6.031332 31.995998 0.190047 0.127153 6.262737 -5.945634 6.771348 22.18206 -20.375929 49.933308 -16.701632 -16.743525 28.476446 3.5e-05 -12.690578 6e-06 16.22954 -18.086945 2.487841 -0.105929 -1.513841 -4.275873 -5.039047 -5.612852 -2.953542 -3e-05 -11.020479 2e-05 -6.111342 -15.895307 -3.840469 -1e-06 0.0 2e-06 -10.283357 -5.680276 -4.341829 11.028233 -11.30232 -2.372594 -1.384313 -14.238509 -6.320095 -0.62552 -26.924074 -3.827578 -3.975846 -50.175785 -4.103636 -13.708509 -7.363467 -3.72093 18.141062 -14.052625 -3.24262 -6.6e-05 -18.787199 4.1e-05 -0.429745 -8.456027 2.555521 -1e-06 0.0 0.0 -15.923543 -20.094412 -5.473555 30.419125 -7.190715 1.735962 -2.6e-05 -8.162898 2.2e-05 -1.862001 -22.861429 -6.167899 0.0 -3e-06 -2e-06 157.502838 -18.161562 -7.196545 69.943115 0.017356 0.161904 -79.82254 -4.282905 -3.49421 -10.243574 1.518665 1.979575 -0.999999 -0.0 2e-06 -10.318434 16.218866 -4.862587 12.298616 0.128394 -0.434753 -77.687218 -5.171659 2.642017 -5.275097 0.760725 1.664881 -1.000003 -1e-06 0.0 
0.0 0.0 0.0 0.0 -0.0 0.0 -25.27672 97.592812 -30.726423 100.385292 1.659596 -71.134895 -4.759584 6.664976 0.383048 -11.88642 0.586697 -1.053928 17.097195 3.573045 -2.495509 26.050951 2.322023 2.510623 -2.636695 -0.582189 -1.29965 -27.323137 0.996084 -3.136669 6e-06 -0.0 -0.0 -0.097795 -0.008561 0.000745 0.026514 0.035254 0.050764 0.020841 -0.05041 -0.05306 -129.796021 -68.371346 146.640686 22.506399 -57.745331 4.535181 30.815952 0.278907 0.02448 1.411698 3.128775 2.248106 17.636581 -26.322737 52.411163 -19.466511 -14.395551 29.410324 1.1e-05 -8.774795 -7e-06 16.127365 -18.100569 6.08986 -0.609781 -1.795643 -3.889318 -4.807087 -11.046763 -2.937836 -2.7e-05 -20.975941 3.4e-05 -5.019994 -25.033504 -4.031867 6e-06 2e-06 0.0 -10.634504 -5.686953 -3.565586 10.573208 -17.922861 -3.113855 -2e-05 -13.821165 2.6e-05 -0.501842 -31.18145 -4.026967 -11.619752 -59.577091 7.680742 -13.98267 -7.150176 -2.875045 13.772666 -8.40144 -3.21821 0.347654 -34.21143 0.771738 -0.963078 -17.733349 2.621056 -0.0 1e-06 -0.0 -17.346375 -20.095137 -4.201776 21.757484 -1.638352 3.866437 -7e-06 -6.338805 1.4e-05 -1.697625 -22.591705 -6.193978 -0.0 -3e-06 -1e-06 35.870892 -71.977684 158.13327 30.853115 -55.13475 -8.202238 33.179955 0.183139 0.183047 6.727124 -5.523971 6.034812 22.182072 -20.375847 49.933212 -16.701767 -16.74353 28.476486 7e-06 -12.690603 5e-06 16.160015 -18.127665 2.56244 -0.105922 -1.513851 -4.275871 -5.039041 -5.612867 -2.953552 -4e-06 -11.020527 -0.0 -6.111313 -15.895377 -3.840488 -0.0 -3e-06 6e-06 -10.28336 -5.68028 -4.341821 11.028275 -11.302376 -2.372628 -1.384277 -14.238577 -6.320125 -0.625443 -26.924234 -3.827623 -4.062525 -50.193062 -4.036025 -13.70851 -7.363467 -3.720919 18.141119 -14.052693 -3.242663 -1.2e-05 -18.787258 -5e-06 -0.429717 -8.456056 2.555507 1e-06 -2e-06 -2e-06 -15.923534 -20.094444 -5.473555 30.419193 -7.19079 1.735932 -3e-06 -8.162922 -1e-06 -1.861912 -22.861515 -6.167965 -1e-06 -4e-06 -1e-06 153.990234 -17.304192 -6.617511 66.604668 0.050298 0.120807 -81.507233 -6.50177 -2.776556 -9.952666 1.534812 2.018191 -1.000004 2e-06 -1e-06 -8.663935 15.731572 -4.43182 11.883994 0.128391 -0.423898 -78.549774 -3.404012 3.002014 -5.239131 0.737002 1.663394 -0.999999 -0.0 -0.0 
0.0 0.0 0.0 0.0 -0.0 0.0 -25.795286 97.664467 -32.423141 99.852257 2.185567 -72.604698 -4.657537 6.523696 0.493999 -11.852962 0.577346 -0.696312 17.145103 3.099715 -2.307124 25.977398 1.627144 2.59122 -2.603567 -0.649159 -1.08929 -27.282427 1.20309 -2.955837 6e-06 -0.0 1e-06 -0.085644 -0.003497 0.022698 0.049243 0.047097 0.076408 0.04661 -0.051292 -0.033094 -130.541641 -67.706894 147.485199 23.772764 -57.499489 2.834019 31.448486 0.428225 0.086253 1.638557 3.201851 1.528872 17.636667 -26.322748 52.411209 -19.466722 -14.39566 29.410446 4e-06 -8.774873 -2e-06 16.082125 -18.053902 6.103423 -0.609777 -1.795658 -3.889331 -4.807114 -11.046845 -2.937852 -0.0 -20.976116 -2e-06 -5.02001 -25.033739 -4.031915 6e-06 3e-06 0.0 -10.634569 -5.686988 -3.565581 10.573313 -17.923 -3.113914 0.0 -13.821274 -1e-06 -0.501782 -31.181747 -4.027051 -11.607358 -59.516075 7.664796 -13.982759 -7.150216 -2.875031 13.772782 -8.401509 -3.218255 0.347724 -34.211735 0.771656 -0.963037 -17.733505 2.621037 -0.0 0.0 1e-06 -17.346489 -20.095266 -4.201764 21.757652 -1.63837 3.866434 -2e-06 -6.338853 0.0 -1.697609 -22.591923 -6.194055 0.0 -3e-06 -1e-06 34.7761 -72.615082 159.336243 33.849228 -54.41433 -10.290996 34.430107 0.120711 0.224266 7.255013 -5.045386 4.955185 22.182169 -20.375864 49.933315 -16.701817 -16.743511 28.476515 -9e-06 -12.690614 -1.4e-05 16.062822 -18.172951 2.634267 -0.105921 -1.51386 -4.275879 -5.039048 -5.612871 -2.95356 9e-06 -11.020535 -9e-06 -6.111294 -15.895375 -3.840506 3e-06 -1e-06 -0.0 -10.283383 -5.680291 -4.341841 11.028302 -11.302406 -2.37263 -1.384264 -14.238599 -6.320141 -0.625402 -26.924278 -3.827631 -4.183857 -50.159386 -3.89485 -13.708538 -7.363479 -3.720946 18.141163 -14.052744 -3.242666 1.8e-05 -18.787291 -7e-06 -0.429707 -8.45607 2.55552 3e-06 -2e-06 1e-06 -15.923552 -20.094484 -5.473596 30.419231 -7.190845 1.73595 1.1e-05 -8.162931 0.0 -1.861869 -22.861526 -6.167967 -1e-06 -1e-06 -2e-06 150.898163 -16.11867 -6.014915 60.99157 0.035972 0.074115 -82.093323 -9.107006 -1.924584 -9.721865 1.583341 2.059627 -1.000004 0.0 -2e-06 -7.411579 15.107798 -4.013812 11.781523 0.121101 -0.406017 -79.481339 -1.722749 3.379076 -5.198927 0.70494 1.66459 -1.0 0.0 -0.0 
0.0 0.0 0.0 0.0 -0.0 0.0 -26.333321 97.688225 -34.110264 99.424988 2.790804 -73.926353 -4.694952 6.319498 0.547773 -11.889686 0.549444 -0.454417 17.255514 2.713954 -2.192988 25.938427 1.059747 2.699841 -2.601825 -0.735261 -0.894555 -27.156321 1.402828 -2.689626 6e-06 0.0 0.0 -0.076768 0.003556 0.026462 0.058606 0.057609 0.08518 0.060925 -0.046814 -0.033205 -131.744812 -67.101166 148.758804 25.27018 -57.080952 1.164163 31.28546 0.521411 0.116032 1.646022 3.079357 0.996227 17.636604 -26.322638 52.411022 -19.466599 -14.395583 29.410295 -3e-06 -8.774814 -6e-06 16.052397 -18.033848 6.135764 -0.609775 -1.795647 -3.889316 -4.807079 -11.046771 -2.93784 1.5e-05 -20.975967 2e-06 -5.019953 -25.033537 -4.03188 6e-06 2e-06 -0.0 -10.634517 -5.68695 -3.565575 10.573257 -17.922894 -3.113888 8e-06 -13.821176 5e-06 -0.501761 -31.181484 -4.027004 -11.618146 -59.510727 7.717342 -13.982688 -7.150168 -2.875032 13.772709 -8.401466 -3.218232 0.34775 -34.211464 0.771658 -0.963022 -17.733366 2.621032 -0.0 2e-06 -0.0 -17.346382 -20.095137 -4.20177 21.757528 -1.638378 3.86642 6e-06 -6.338808 3e-06 -1.69758 -22.591721 -6.194002 -1e-06 -3e-06 -2e-06 33.593094 -72.93309 160.594894 36.384731 -53.644337 -11.990314 35.566608 0.038179 0.249689 7.778407 -4.595482 3.826421 22.182077 -20.375862 49.933174 -16.7017 -16.743481 28.476416 1.1e-05 -12.690571 -8e-06 15.955493 -18.213631 2.696572 -0.10592 -1.513847 -4.275865 -5.039037 -5.612857 -2.953545 -9e-06 -11.020499 1.1e-05 -6.111304 -15.895324 -3.840464 1e-06 1e-06 -1e-06 -10.283347 -5.680275 -4.341825 11.028247 -11.302359 -2.372602 -1.384284 -14.238545 -6.320106 -0.625466 -26.924162 -3.827589 -4.279051 -50.09631 -3.733707 -13.70849 -7.363461 -3.720929 18.141081 -14.052682 -3.242634 -2.2e-05 -18.787239 2e-05 -0.429723 -8.456047 2.555516 1e-06 -2e-06 1e-06 -15.923515 -20.094425 -5.473555 30.419119 -7.190775 1.735955 -8e-06 -8.162913 7e-06 -1.861931 -22.861467 -6.167933 -2e-06 -3e-06 2e-06 148.507401 -14.845217 -5.661728 53.362179 0.002518 0.007306 -81.048409 -10.900402 -1.302842 -9.592097 1.663436 2.098877 -0.999992 0.0 -0.0 -6.414273 14.517525 -3.58704 11.813888 0.104452 -0.398579 -80.430031 -0.269506 3.768892 -5.096942 0.671208 1.664532 -1.0 -1e-06 0.0 
0.0 0.0 0.0 0.0 -0.0 0.0 -26.904202 97.665993 -35.843521 99.124878 3.426884 -75.054604 -4.840744 6.056747 0.540165 -11.950251 0.515216 -0.384132 17.352846 2.436404 -2.0853 25.963999 0.620368 2.771685 -2.640517 -0.802447 -0.67119 -26.96036 1.540109 -2.339768 7e-06 0.0 -0.0 -0.069439 0.011115 0.003621 0.059251 0.057411 0.067957 0.066542 -0.030439 -0.061827 -133.196838 -66.608154 150.192398 26.728531 -56.594692 -0.267426 30.473251 0.492924 0.10284 1.478287 2.701997 0.798886 17.636623 -26.322786 52.411213 -19.466681 -14.395589 29.410412 -3e-06 -8.774822 -1e-06 16.058477 -18.093866 6.184097 -0.609776 -1.795655 -3.889329 -4.807083 -11.046829 -2.937848 3e-06 -20.976084 1.6e-05 -5.019979 -25.033689 -4.031862 6e-06 -1e-06 0.0 -10.634526 -5.686975 -3.565588 10.573268 -17.922993 -3.113896 1e-06 -13.821261 1.1e-05 -0.501786 -31.1817 -4.026995 -11.727392 -59.556339 7.883743 -13.982703 -7.150203 -2.875042 13.772718 -8.401512 -3.218242 0.347724 -34.2117 0.77168 -0.963044 -17.73349 2.62105 -1e-06 -0.0 -0.0 -17.346403 -20.095238 -4.201776 21.757542 -1.638377 3.866425 2e-06 -6.338846 4e-06 -1.697575 -22.591879 -6.194019 -2e-06 -3e-06 -3e-06 32.532467 -72.928238 161.612976 38.285477 -52.978477 -13.17066 36.485886 -0.071911 0.25581 8.216819 -4.237982 3.008052 22.182116 -20.375864 49.933224 -16.701826 -16.743559 28.476498 -1.7e-05 -12.690619 5e-06 15.852704 -18.288805 2.729357 -0.105915 -1.513852 -4.27588 -5.039037 -5.612858 -2.953547 1.6e-05 -11.020512 2e-06 -6.111279 -15.895321 -3.840463 -0.0 1e-06 -1e-06 -10.283372 -5.680274 -4.341827 11.028312 -11.302392 -2.372637 -1.384255 -14.238559 -6.320114 -0.62539 -26.924191 -3.827593 -4.315958 -50.048138 -3.637611 -13.708529 -7.363458 -3.720927 18.141176 -14.052729 -3.242682 2.5e-05 -18.787245 5e-06 -0.429701 -8.456047 2.555512 2e-06 -0.0 1e-06 -15.923538 -20.094444 -5.473567 30.419245 -7.19084 1.735912 8e-06 -8.162916 0.0 -1.861878 -22.86146 -6.167933 -3e-06 -0.0 -1e-06 146.979172 -13.649547 -5.929658 44.120487 -0.026305 -0.080138 -78.351402 -10.894048 -1.331564 -9.388006 1.731414 2.127416 -1.0 -2e-06 -1e-06 -5.543078 14.007271 -3.233755 11.846994 0.084177 -0.395193 -81.357574 0.975628 4.135724 -4.954091 0.655917 1.666936 -1.000005 -1e-06 -0.0 
0.0 0.0 0.0 0.0 -0.0 0.0 -27.516132 97.597923 -37.674797 98.958221 4.067238 -75.923012 -5.082575 5.728615 0.471011 -12.017832 0.476272 -0.446734 17.419418 2.287201 -2.003146 26.01255 0.296006 2.786146 -2.696637 -0.794511 -0.460171 -26.730074 1.621982 -1.932443 6e-06 0.0 -0.0 -0.062982 0.01702 -0.02022 0.055385 0.04866 0.046444 0.064078 -0.008813 -0.089281 -134.718262 -66.357391 151.644699 28.057735 -56.1366 -1.255609 29.249588 0.396727 0.046278 1.206849 1.989682 1.055653 17.636683 -26.322664 52.411152 -19.466745 -14.395613 29.410433 -4e-06 -8.77486 -8e-06 16.069559 -18.209702 6.239782 -0.609779 -1.795659 -3.889328 -4.8071 -11.046837 -2.937865 2.8e-05 -20.976103 -3.1e-05 -5.019949 -25.033718 -4.031944 6e-06 -0.0 0.0 -10.634558 -5.686982 -3.565588 10.573316 -17.922998 -3.113927 1.8e-05 -13.821265 -1.7e-05 -0.501709 -31.181744 -4.027092 -11.913195 -59.628788 8.129065 -13.982744 -7.15021 -2.875042 13.772772 -8.401518 -3.218254 0.347795 -34.211708 0.771598 -0.962999 -17.733498 2.621025 -1e-06 3e-06 -1e-06 -17.346451 -20.095249 -4.201788 21.75762 -1.638385 3.866441 8e-06 -6.338846 -9e-06 -1.697555 -22.59189 -6.194089 0.0 -7e-06 -3e-06 31.810991 -72.66539 162.109558 39.440125 -52.586662 -13.788086 37.198803 -0.225644 0.222097 8.57005 -3.990601 2.469825 22.182133 -20.37583 49.933323 -16.701836 -16.743513 28.476551 8e-06 -12.690627 -1.2e-05 15.766191 -18.405226 2.720599 -0.105922 -1.51386 -4.275878 -5.039052 -5.61289 -2.953563 -5e-06 -11.02056 -1e-05 -6.111317 -15.895435 -3.840508 1e-06 0.0 -0.0 -10.283381 -5.680306 -4.341838 11.028296 -11.302417 -2.372639 -1.384279 -14.23863 -6.320157 -0.625432 -26.924335 -3.827661 -4.308992 -49.988186 -3.604028 -13.708541 -7.363499 -3.720939 18.141165 -14.052757 -3.242681 4e-06 -18.787327 -2.7e-05 -0.429711 -8.456086 2.555509 2e-06 -2e-06 -0.0 -15.923567 -20.09453 -5.473588 30.419239 -7.190815 1.735944 -1e-06 -8.16295 -9e-06 -1.861888 -22.861597 -6.16802 1e-06 -3e-06 -0.0 146.40007 -12.500019 -7.023436 33.362152 -0.007705 -0.141336 -74.386955 -8.681309 -2.065396 -8.918583 1.745798 2.141916 -1.0 2e-06 1e-06 -4.706737 13.57147 -2.981086 11.83152 0.072479 -0.392569 -82.335037 2.070976 4.44752 -4.874158 0.650712 1.667818 -1.0 -3e-06 -0.0 
0.0 0.0 0.0 0.0 -0.0 0.0 -28.184 97.489044 -39.632233 98.931969 4.696625 -76.648956 -5.376764 5.340567 0.409234 -12.121455 0.41336 -0.515582 17.471781 2.337605 -2.052907 25.970102 0.086323 2.753551 -2.725056 -0.706976 -0.300705 -26.456244 1.664039 -1.358128 5e-06 -0.0 0.0 -0.066019 0.021218 -0.020639 0.025829 0.05752 0.040765 0.033212 -0.008445 -0.086774 -135.995651 -66.43705 152.831711 29.0217 -55.874058 -1.555908 28.169912 0.288269 -0.02283 0.882977 0.903753 1.864909 17.636599 -26.322737 52.411308 -19.466709 -14.395619 29.41048 4e-06 -8.77485 1e-06 16.08935 -18.27734 6.25255 -0.609778 -1.795657 -3.889333 -4.807105 -11.046834 -2.937862 -3e-06 -20.976084 -2.1e-05 -5.01998 -25.033705 -4.031942 6e-06 2e-06 0.0 -10.634544 -5.686986 -3.565592 10.573284 -17.922976 -3.113924 -1e-06 -13.821259 -1.3e-05 -0.501752 -31.181717 -4.027094 -12.125005 -59.665474 8.338574 -13.982727 -7.150215 -2.875044 13.772749 -8.401497 -3.218258 0.347728 -34.211689 0.771623 -0.963032 -17.733479 2.62102 -0.0 -0.0 -1e-06 -17.346445 -20.095255 -4.201788 21.757603 -1.638359 3.866431 -3e-06 -6.338844 -5e-06 -1.69759 -22.591885 -6.194083 -2e-06 -1e-06 -1e-06 31.526531 -72.381027 162.055099 39.978355 -52.605541 -13.787463 37.807896 -0.344224 0.149708 8.799054 -3.857048 1.951527 22.182102 -20.375914 49.933285 -16.701784 -16.74353 28.476498 -1.1e-05 -12.690593 -2e-06 15.724697 -18.550943 2.695085 -0.105914 -1.51385 -4.275878 -5.039039 -5.612862 -2.953551 1.1e-05 -11.02052 3e-06 -6.111285 -15.895339 -3.840472 1e-06 -4e-06 3e-06 -10.283361 -5.680278 -4.341832 11.028292 -11.302394 -2.372625 -1.384257 -14.238562 -6.320114 -0.625412 -26.924206 -3.827587 -4.315158 -49.917606 -3.62465 -13.708512 -7.363459 -3.720933 18.141148 -14.052732 -3.242666 1.5e-05 -18.78727 1.3e-05 -0.429707 -8.456059 2.555517 2e-06 -1e-06 -0.0 -15.923521 -20.09445 -5.473574 30.419197 -7.190832 1.735922 2e-06 -8.162926 8e-06 -1.861889 -22.86149 -6.167929 1e-06 -3e-06 2e-06 146.605087 -11.354485 -8.6912 21.805708 0.099395 -0.217846 -69.335182 -5.010025 -3.173254 -8.699868 1.712886 2.129102 -0.999995 -0.0 -0.0 -3.840003 13.224023 -2.837134 11.781507 0.065843 -0.335126 -83.497345 3.174527 4.665591 -4.903192 0.634702 1.659935 -1.000001 -0.0 -0.0 
0.0 0.0 0.0 0.0 -0.0 0.0 -28.946894 97.227737 -41.733532 99.029266 5.308878 -77.460487 -5.619323 4.920927 0.360468 -12.275623 0.339432 -0.51896 17.489651 2.620057 -2.241734 25.752441 -0.066096 2.715554 -2.73388 -0.639258 -0.037101 -26.122589 1.650092 -0.67044 6e-06 0.0 -0.0 -0.084444 0.025144 0.006416 -0.052889 0.076343 0.057947 -0.043745 -0.019102 -0.05269 -136.802887 -66.611488 153.525681 29.511913 -55.696877 -1.07935 27.689251 0.165629 -0.110061 0.548959 -0.520102 3.300432 17.636492 -26.322786 52.411266 -19.46661 -14.395546 29.410423 -9e-06 -8.774771 1e-05 16.19264 -18.249878 6.161064 -0.609773 -1.795647 -3.889327 -4.807054 -11.046786 -2.937849 8e-06 -20.976004 1.3e-05 -5.019934 -25.033579 -4.031849 6e-06 -1e-06 0.0 -10.634475 -5.686951 -3.565593 10.573221 -17.922924 -3.113894 4e-06 -13.821209 1.3e-05 -0.501768 -31.18157 -4.026979 -12.275451 -59.731972 8.404387 -13.982636 -7.150174 -2.875052 13.772654 -8.401484 -3.218241 0.347719 -34.211575 0.771691 -0.963051 -17.733431 2.621049 -0.0 -0.0 -2e-06 -17.346302 -20.095156 -4.201795 21.757425 -1.638371 3.866399 3e-06 -6.338824 8e-06 -1.697552 -22.591797 -6.193995 -1e-06 -1e-06 -3e-06 31.546227 -72.204659 161.844482 40.114651 -52.780174 -12.989343 38.459301 -0.395499 0.064724 8.847653 -3.831688 1.839608 22.181948 -20.375948 49.933113 -16.701712 -16.743469 28.476414 -2.9e-05 -12.690503 2.1e-05 15.757684 -18.618036 2.718064 -0.105915 -1.513843 -4.275867 -5.03899 -5.61283 -2.953531 2e-05 -11.020478 2.1e-05 -6.111209 -15.895246 -3.840409 1e-06 0.0 -1e-06 -10.283295 -5.680242 -4.341816 11.028228 -11.302367 -2.372616 -1.384223 -14.238503 -6.320056 -0.625421 -26.924089 -3.827508 -4.374619 -49.945835 -3.569664 -13.708422 -7.363412 -3.720923 18.141035 -14.052705 -3.242657 1.9e-05 -18.787209 4.3e-05 -0.429713 -8.456035 2.555512 2e-06 -1e-06 3e-06 -15.923394 -20.094351 -5.473546 30.419003 -7.190814 1.735865 5e-06 -8.162904 1.6e-05 -1.861884 -22.86141 -6.167832 1e-06 -2e-06 -1e-06 147.048752 -10.260263 -9.906178 11.802451 0.191895 -0.323382 -65.952713 -2.058653 -4.570622 -8.606853 1.608373 2.068012 -0.999998 -2e-06 1e-06 -3.07706 12.970228 -2.724655 12.006718 0.059401 -0.236698 -85.054062 4.365674 4.668301 -4.995681 0.603653 1.648955 -1.000003 1e-06 0.0 
0.0 0.0 0.0 0.0 -0.0 0.0 -29.746809 96.798386 -43.8894 99.218422 5.849289 -78.272362 -5.737537 4.506438 0.244653 -12.420062 0.271659 -0.460084 17.476847 3.069927 -2.502597 25.36879 -0.207755 2.658049 -2.760782 -0.55163 0.367048 -25.953127 1.575689 -0.054629 6e-06 -0.0 0.0 -0.101359 0.026615 0.039337 -0.146981 0.076803 0.08013 -0.141146 -0.016194 -0.01115 -137.152588 -66.81205 153.876862 30.001795 -55.436546 -0.40254 27.752228 0.064975 -0.197196 0.440028 -1.860184 4.745767 17.636597 -26.322638 52.411015 -19.466616 -14.395578 29.410294 4e-06 -8.774817 -3e-06 16.294189 -18.242781 6.037138 -0.609776 -1.795651 -3.889316 -4.807087 -11.046794 -2.93784 2e-06 -20.975992 -4e-06 -5.019967 -25.03356 -4.031888 6e-06 1e-06 -0.0 -10.634523 -5.686964 -3.565571 10.573253 -17.922915 -3.113891 1e-06 -13.821189 -3e-06 -0.501772 -31.181507 -4.02702 -12.361041 -59.842941 8.325188 -13.982697 -7.150189 -2.875024 13.772709 -8.401471 -3.218234 0.347732 -34.211514 0.771644 -0.963022 -17.733385 2.621016 0.0 -3e-06 -3e-06 -17.346409 -20.095184 -4.201755 21.757536 -1.638365 3.866419 0.0 -6.338819 -2e-06 -1.697586 -22.591763 -6.194016 -1e-06 -3e-06 -1e-06 31.848196 -72.137718 161.473297 39.825657 -52.951168 -11.289875 38.983925 -0.437767 -0.018524 8.792997 -3.802444 2.598081 22.182142 -20.375937 49.933384 -16.701878 -16.743536 28.47661 -2.1e-05 -12.690628 0.0 15.846622 -18.560814 2.735923 -0.105918 -1.513861 -4.275886 -5.039037 -5.612885 -2.953566 1.4e-05 -11.020587 -7e-06 -6.11128 -15.895469 -3.8405 1e-06 -3e-06 2e-06 -10.283373 -5.680293 -4.341846 11.028312 -11.302445 -2.372642 -1.384248 -14.238652 -6.320153 -0.625392 -26.924431 -3.827632 -4.345373 -50.038273 -3.570095 -13.708531 -7.363481 -3.720948 18.141188 -14.052802 -3.242688 3.2e-05 -18.787384 -7e-06 -0.429699 -8.456123 2.555525 -0.0 -0.0 3e-06 -15.923534 -20.094513 -5.473595 30.419239 -7.190867 1.735916 1.1e-05 -8.16297 -5e-06 -1.861853 -22.861675 -6.16799 -3e-06 -3e-06 -2e-06 146.824112 -9.459232 -9.919525 6.559434 0.173419 -0.352321 -65.777473 -0.907273 -6.025429 -8.56877 1.520525 1.998585 -0.999999 -1e-06 -1e-06 -2.42388 12.758382 -2.457495 12.601617 0.072636 -0.166476 -86.873375 5.433651 4.292344 -5.04641 0.564891 1.640541 -1.000002 0.0 -0.0 
0.0 0.0 0.0 0.0 -0.0 0.0 -30.529249 96.363182 -45.99403 99.323189 6.260779 -79.03463 -5.797657 4.067937 0.14019 -12.419012 0.208776 -0.457967 17.514093 3.487972 -2.528902 24.802986 -0.216904 2.505632 -2.742389 -0.541327 0.874237 -26.268915 1.59534 0.256496 6e-06 -0.0 0.0 -0.08812 0.019775 0.086763 -0.137062 0.073276 0.127528 -0.140351 -0.02572 0.036069 -136.939957 -67.129715 153.88916 31.078857 -55.187199 -0.652214 28.047415 0.015025 -0.158478 0.600329 -2.59912 5.523479 17.636627 -26.32258 52.411007 -19.466518 -14.395517 29.410238 1.4e-05 -8.77479 -1.5e-05 16.325127 -18.26804 5.954216 -0.609781 -1.795646 -3.889312 -4.80709 -11.046757 -2.937844 -1.5e-05 -20.975904 -3e-06 -5.019953 -25.033447 -4.031911 5e-06 2e-06 0.0 -10.634518 -5.686957 -3.565579 10.573209 -17.922846 -3.11387 -9e-06 -13.821132 -0.0 -0.501783 -31.181347 -4.027029 -12.197483 -59.795921 8.058998 -13.982689 -7.150181 -2.875039 13.772671 -8.401432 -3.218208 0.3477 -34.211353 0.771653 -0.963034 -17.733297 2.621009 0.0 0.0 -1e-06 -17.346399 -20.095146 -4.201775 21.75749 -1.638348 3.866447 -1e-06 -6.338789 0.0 -1.6976 -22.59164 -6.194012 1e-06 -8e-06 -0.0 32.338581 -72.10537 161.057785 39.0863 -53.090195 -9.041375 39.145924 -0.217249 0.042741 8.690983 -3.987418 3.86689 22.182131 -20.375801 49.933014 -16.701582 -16.743406 28.476219 3.2e-05 -12.690526 -3.4e-05 15.942978 -18.490217 2.715266 -0.10593 -1.513844 -4.275849 -5.039035 -5.612845 -2.953532 -2.6e-05 -11.020464 2.8e-05 -6.111322 -15.895263 -3.840428 3e-06 -3e-06 1e-06 -10.283349 -5.680271 -4.341815 11.028203 -11.302319 -2.372567 -1.384317 -14.238494 -6.320055 -0.625545 -26.924034 -3.827532 -4.442001 -50.159378 -3.484588 -13.70849 -7.36346 -3.72092 18.14101 -14.05263 -3.242578 -5.2e-05 -18.787178 3.1e-05 -0.429728 -8.456017 2.555502 3e-06 -0.0 -0.0 -15.923526 -20.094402 -5.473533 30.419043 -7.19074 1.736013 -1.4e-05 -8.162887 8e-06 -1.861958 -22.861368 -6.167895 1e-06 -3e-06 -2e-06 145.862854 -9.075751 -9.3046 7.578838 0.138043 -0.341024 -66.066589 -1.215719 -5.495633 -8.610087 1.500764 2.017487 -0.999997 2e-06 -0.0 -1.612601 12.453152 -1.742329 13.262751 0.065585 -0.178631 -88.565887 6.187963 3.521372 -5.152154 0.577734 1.644301 -1.000002 1e-06 0.0 
0.0 0.0 0.0 0.0 -0.0 0.0 -31.401285 96.127151 -48.169945 98.63517 6.882772 -79.933739 -6.036252 3.149059 0.091957 -12.439426 0.09686 -0.474522 17.677502 3.667523 -2.272444 24.100107 -0.1363 2.39423 -2.745439 -0.623449 1.281478 -26.226036 1.676311 0.32019 7e-06 -0.0 0.0 -0.07078 0.011731 0.152408 -0.086131 0.06028 0.196809 -0.104644 -0.027493 0.098172 -137.58989 -66.832687 154.594086 31.332523 -54.459236 -0.658366 28.479719 0.011643 -0.069572 0.736084 -2.541866 5.632828 17.636797 -26.322824 52.411304 -19.466753 -14.39565 29.410477 5e-06 -8.774895 -1.6e-05 16.342958 -18.163208 5.82717 -0.609781 -1.795662 -3.889336 -4.807127 -11.046871 -2.937861 1e-06 -20.976183 1e-05 -5.020023 -25.033819 -4.031923 5e-06 -2e-06 0.0 -10.634595 -5.686999 -3.565593 10.573338 -17.923056 -3.113903 3e-06 -13.821318 6e-06 -0.501785 -31.181873 -4.027047 -11.805215 -59.608967 7.651193 -13.982797 -7.150234 -2.875047 13.772815 -8.401538 -3.218242 0.347737 -34.211864 0.77167 -0.963033 -17.733576 2.621061 0.0 -3e-06 0.0 -17.346535 -20.095316 -4.201784 21.757704 -1.638385 3.866475 4e-06 -6.338875 1e-06 -1.697601 -22.592016 -6.19408 0.0 -4e-06 1e-06 31.578766 -71.471802 161.983383 37.137417 -52.835426 -6.570527 38.663326 0.026146 0.139843 8.495768 -4.154823 5.242973 22.182283 -20.375898 49.933544 -16.701958 -16.743628 28.476706 1.3e-05 -12.690743 -1.3e-05 15.93009 -18.433197 2.738724 -0.105923 -1.513871 -4.275897 -5.039098 -5.612927 -2.953579 -7e-06 -11.020634 -2.1e-05 -6.111382 -15.895568 -3.840555 -1e-06 -0.0 -0.0 -10.283455 -5.680343 -4.341856 11.028377 -11.30248 -2.372658 -1.384297 -14.238737 -6.320207 -0.625425 -26.924576 -3.827726 -4.702126 -50.220406 -3.311291 -13.708633 -7.363548 -3.720947 18.141296 -14.052822 -3.242708 5e-06 -18.787457 -4.4e-05 -0.429708 -8.456145 2.555516 3e-06 -3e-06 -3e-06 -15.92369 -20.094646 -5.473608 30.419477 -7.190851 1.735964 -1e-06 -8.162994 -1.7e-05 -1.861895 -22.861767 -6.168101 1e-06 -3e-06 1e-06 145.491577 -8.163552 -8.708418 10.592629 0.136213 -0.373809 -64.467857 -2.283691 -3.045558 -8.667215 1.539225 2.09064 -0.999999 2e-06 1e-06 -0.829831 11.135615 -1.238018 13.977016 0.065576 -0.222944 -89.856049 7.187883 2.654315 -5.613455 0.586113 1.646635 -1.000003 -1e-06 -0.0 
0.0 0.0 0.0 0.0 -0.0 0.0 -32.494122 96.108124 -50.466518 96.838242 8.075205 -80.612724 -6.596872 1.541511 -0.068273 -12.597156 -0.125249 -0.412473 17.735788 3.509051 -2.082436 23.318394 -0.073153 2.331673 -2.788794 -0.673477 1.462343 -25.549452 1.799647 0.312351 6e-06 -0.0 -0.0 -0.073471 0.011864 0.212093 -0.101298 0.029296 0.247306 -0.109818 0.003729 0.167178 -139.901733 -65.8237 156.355682 29.999027 -53.271008 0.509479 28.625908 -0.054583 -0.008726 0.81853 -2.218212 5.862048 17.636625 -26.322737 52.411186 -19.466724 -14.395638 29.410425 -5e-06 -8.774855 1e-06 16.460573 -18.081472 5.749534 -0.609773 -1.795656 -3.889329 -4.807093 -11.046829 -2.93785 1.7e-05 -20.976088 -1e-06 -5.019982 -25.033703 -4.031893 4e-06 -0.0 1e-06 -10.634541 -5.686974 -3.565582 10.573304 -17.922987 -3.113914 1.2e-05 -13.821251 1e-06 -0.501759 -31.181684 -4.027025 -11.502188 -59.603504 7.503056 -13.982725 -7.1502 -2.875033 13.772761 -8.401512 -3.218257 0.347761 -34.211689 0.771648 -0.963024 -17.73348 2.621042 -1e-06 -2e-06 -1e-06 -17.346434 -20.095232 -4.201774 21.757605 -1.638385 3.86642 4e-06 -6.338846 1e-06 -1.69758 -22.591877 -6.194038 -1e-06 -2e-06 0.0 29.101326 -70.114578 164.467545 33.690353 -52.242798 -4.157554 37.322826 -0.075297 0.079043 8.116671 -3.9536 6.960681 22.18211 -20.375914 49.933388 -16.701859 -16.743576 28.476612 -1e-05 -12.690641 1e-05 15.906234 -18.430925 2.77058 -0.105918 -1.513857 -4.275888 -5.039049 -5.612878 -2.953559 1e-05 -11.020553 -1e-05 -6.111303 -15.89541 -3.840505 1e-06 1e-06 0.0 -10.283377 -5.68029 -4.341843 11.028316 -11.302421 -2.372646 -1.384261 -14.238621 -6.320153 -0.625399 -26.924335 -3.827644 -4.743739 -50.303638 -3.28629 -13.708535 -7.363479 -3.720942 18.141191 -14.052755 -3.242691 1.1e-05 -18.787327 -1e-06 -0.429706 -8.456089 2.55552 -3e-06 -2e-06 -1e-06 -15.923548 -20.094492 -5.473591 30.419275 -7.190837 1.735919 3e-06 -8.162944 -0.0 -1.861886 -22.861568 -6.167981 0.0 -3e-06 -3e-06 145.576813 -5.801795 -7.771663 11.717087 0.094587 -0.396839 -60.576485 -3.956534 -0.536498 -7.972988 1.523417 2.116224 -0.999999 0.0 0.0 -0.821867 8.309687 -1.829742 15.394324 0.100549 -0.253077 -91.076561 8.732199 1.607119 -6.249013 0.540834 1.643595 -1.000001 2e-06 1e-06 
0.0 0.0 0.0 0.0 -0.0 0.0 -33.664394 96.281929 -52.798641 94.29911 9.332228 -80.911797 -6.966056 -0.260762 -0.251283 -12.93175 -0.396232 -0.19583 17.784817 2.816654 -1.983135 22.266682 0.087887 2.402548 -2.756334 -0.544536 1.307266 -25.095898 1.801255 0.30528 6e-06 0.0 1e-06 -0.091738 0.020255 0.11575 -0.157687 0.028212 0.141645 -0.164133 0.020005 0.082183 -141.804367 -65.257675 157.852448 29.585293 -52.21397 1.570967 28.308821 0.037475 0.011421 0.740623 -2.335881 6.528747 17.636637 -26.32276 52.411205 -19.466742 -14.395592 29.410446 -2.2e-05 -8.774822 0.0 16.486198 -18.033625 5.699045 -0.609772 -1.795658 -3.88933 -4.807063 -11.046826 -2.937862 5.6e-05 -20.976103 -9e-06 -5.019905 -25.033691 -4.031873 6e-06 3e-06 -1e-06 -10.634519 -5.686964 -3.565593 10.573307 -17.92301 -3.113922 3.5e-05 -13.821261 -1e-06 -0.50169 -31.1817 -4.027011 -11.171158 -59.659817 7.40129 -13.982691 -7.150187 -2.875051 13.772738 -8.401538 -3.218251 0.347819 -34.211712 0.771644 -0.963001 -17.733498 2.621059 -1e-06 -0.0 -0.0 -17.346367 -20.095217 -4.201797 21.75754 -1.638413 3.866419 1.5e-05 -6.338845 -1e-06 -1.697518 -22.591871 -6.194035 0.0 -3e-06 -2e-06 27.918991 -69.023895 165.669785 30.417189 -52.425396 -2.830482 34.956371 -0.270629 0.051005 7.498362 -3.758073 8.44706 22.182079 -20.375864 49.933262 -16.701881 -16.74353 28.476562 -1.8e-05 -12.690614 7e-06 15.965719 -18.392683 2.712182 -0.105916 -1.513861 -4.275879 -5.039033 -5.612881 -2.953561 1.7e-05 -11.020575 -1e-05 -6.111276 -15.895438 -3.840492 -1e-06 3e-06 -3e-06 -10.283358 -5.680288 -4.341832 11.028309 -11.30244 -2.372652 -1.384245 -14.238644 -6.320145 -0.625376 -26.924391 -3.827646 -4.503874 -50.263897 -3.522197 -13.70851 -7.363476 -3.720934 18.141167 -14.052783 -3.2427 3.7e-05 -18.78734 -2.5e-05 -0.429697 -8.456097 2.555507 3e-06 -2e-06 -1e-06 -15.923514 -20.094496 -5.473579 30.419224 -7.190856 1.735897 1.3e-05 -8.162954 -1.3e-05 -1.86185 -22.861614 -6.168003 1e-06 -4e-06 -3e-06 146.157486 -2.439751 -7.03325 11.902713 -0.036226 -0.61537 -59.175426 -5.59322 0.06143 -6.899322 1.569114 2.088855 -0.999995 0.0 -0.0 -1.384638 4.515113 -3.136413 17.967789 0.133712 -0.272917 -92.032188 10.169251 0.318027 -7.125294 0.487817 1.616595 -1.000001 0.0 -0.0 
0.0 0.0 0.0 0.0 -0.0 0.0 -34.890106 96.502266 -55.131294 91.718147 10.254992 -81.023872 -7.082833 -1.766246 -0.357263 -13.030208 -0.635075 0.00808 17.615355 1.825097 -1.905175 21.410883 0.263912 2.438702 -2.794277 -0.576935 1.141877 -25.294327 1.80322 0.16129 6e-06 0.0 0.0 -0.099874 0.024121 0.114588 -0.142294 0.027614 0.140847 -0.148332 0.02792 0.082176 -142.810104 -65.3451 158.649338 29.833225 -51.621189 2.457538 28.18885 0.216569 0.045694 0.526756 -2.965029 7.75573 17.636478 -26.322531 52.410923 -19.466379 -14.395483 29.410166 3.2e-05 -8.774755 -7e-06 16.458664 -18.146294 5.79522 -0.60978 -1.795636 -3.8893 -4.807089 -11.046715 -2.937823 -6.9e-05 -20.9758 2e-05 -5.020002 -25.033335 -4.031891 7e-06 2e-06 0.0 -10.634474 -5.686945 -3.565567 10.573125 -17.922747 -3.113842 -4.6e-05 -13.821077 9e-06 -0.501878 -31.181217 -4.027012 -11.077341 -59.717377 7.547471 -13.982633 -7.150169 -2.875025 13.772595 -8.401368 -3.218197 0.347587 -34.211197 0.7717 -0.963088 -17.733232 2.620996 1e-06 1e-06 0.0 -17.346344 -20.095081 -4.20175 21.757399 -1.638297 3.866427 -2.1e-05 -6.338766 8e-06 -1.697659 -22.591547 -6.193976 -1e-06 -1e-06 0.0 27.999712 -68.984871 165.680481 27.67548 -53.517994 -1.431651 31.948252 -0.276254 4.6e-05 6.956194 -4.03345 9.712626 22.181953 -20.375765 49.93288 -16.701458 -16.743355 28.476147 3.4e-05 -12.690441 -1e-05 16.047152 -18.255394 2.643865 -0.105924 -1.51383 -4.275837 -5.039001 -5.612805 -2.953523 -2.5e-05 -11.020381 3e-05 -6.11127 -15.895133 -3.840408 0.0 1e-06 0.0 -10.283285 -5.680235 -4.341795 11.028133 -11.302238 -2.372559 -1.38431 -14.238382 -6.320022 -0.625546 -26.9238 -3.827508 -4.298534 -50.236351 -3.627896 -13.70841 -7.363413 -3.720902 18.140894 -14.052529 -3.242563 -6.5e-05 -18.787043 5.1e-05 -0.429744 -8.455956 2.555496 2e-06 0.0 -2e-06 -15.923427 -20.094271 -5.473512 30.418852 -7.190672 1.735972 -2.1e-05 -8.162835 1.9e-05 -1.861984 -22.861212 -6.167813 1e-06 -6e-06 -1e-06 147.181168 0.953022 -7.013391 12.061477 -0.087781 -0.646832 -59.996601 -6.679251 0.292908 -6.319922 1.569434 2.098327 -0.999996 -1e-06 1e-06 -2.048309 0.566551 -4.701909 21.359703 0.132942 -0.231219 -92.183739 11.970094 -0.899173 -8.637527 0.457676 1.587188 -1.0 -0.0 -0.0 
0.0 0.0 0.0 0.0 -0.0 0.0 -36.110531 96.687164 -57.390499 89.196709 10.803025 -81.174431 -6.980732 -3.167845 -0.419846 -13.023172 -0.830067 0.227147 17.407774 0.920995 -1.83866 20.774343 0.258211 2.485917 -2.817924 -0.60335 1.117199 -25.897629 1.69531 0.118204 6e-06 -0.0 -0.0 -0.097239 0.027795 0.092936 -0.123205 0.032318 0.119995 -0.135052 0.029963 0.062428 -143.033173 -65.640533 158.866974 30.564672 -51.356758 2.775733 28.437397 0.410621 0.078028 0.304464 -3.778529 8.839898 17.636543 -26.322706 52.411228 -19.46661 -14.395556 29.410402 6e-06 -8.774802 -1e-06 16.507536 -18.273315 5.855021 -0.609779 -1.79565 -3.889326 -4.807086 -11.046796 -2.937851 -9e-06 -20.976004 -2e-06 -5.019956 -25.0336 -4.031905 4e-06 3e-06 1e-06 -10.63451 -5.686968 -3.56559 10.57323 -17.922913 -3.113899 -7e-06 -13.821205 -0.0 -0.50177 -31.18157 -4.027038 -11.125432 -59.78484 7.632699 -13.982679 -7.150195 -2.875049 13.772682 -8.401464 -3.218236 0.347699 -34.211536 0.771661 -0.963046 -17.733402 2.621028 0.0 0.0 -3e-06 -17.34638 -20.095188 -4.201789 21.7575 -1.63835 3.866423 -2e-06 -6.338824 2e-06 -1.697583 -22.591787 -6.194036 -0.0 -1e-06 0.0 28.805872 -69.703278 165.049377 25.509521 -54.946678 -0.058743 28.602388 -0.34744 -0.055521 6.184309 -5.007178 11.664991 22.18203 -20.375891 49.933182 -16.701637 -16.743458 28.476376 7e-06 -12.690528 2e-06 16.148809 -18.092264 2.576482 -0.105924 -1.513841 -4.275865 -5.039021 -5.612837 -2.953541 -5e-06 -11.020461 2e-05 -6.11128 -15.895256 -3.840449 0.0 -0.0 1e-06 -10.283329 -5.680258 -4.341827 11.028222 -11.302326 -2.372599 -1.384275 -14.238489 -6.320076 -0.625473 -26.924049 -3.827543 -4.171892 -50.261246 -3.619059 -13.708467 -7.363438 -3.720933 18.141031 -14.05264 -3.242618 -2.5e-05 -18.787172 4.1e-05 -0.429728 -8.456017 2.555514 3e-06 0.0 -2e-06 -15.923478 -20.09437 -5.47356 30.419041 -7.190755 1.735947 -6e-06 -8.162887 1.8e-05 -1.861938 -22.861366 -6.167864 1e-06 -7e-06 2e-06 149.02803 4.237144 -7.313309 11.381203 -0.081661 -0.695813 -61.263111 -7.270378 0.504842 -6.006161 1.562515 2.109358 -1.0 1e-06 0.0 -2.876667 -3.489536 -6.257367 25.704515 0.107642 -0.113032 -91.482559 14.210065 -2.211508 -10.776976 0.497829 1.572717 -1.000003 2e-06 -0.0 
0.0 0.0 0.0 0.0 -0.0 0.0 -37.300442 96.794518 -59.529858 86.931091 11.094527 -81.398872 -6.909609 -4.482397 -0.478061 -12.987142 -1.016796 0.320231 17.344246 0.313765 -1.679985 20.421244 -0.055453 2.510746 -2.819767 -0.618137 1.234982 -26.619677 1.548685 -0.020133 6e-06 -0.0 -1e-06 -0.094147 0.02174 0.08049 -0.1258 0.029406 0.103991 -0.132465 0.018918 0.055063 -143.209808 -65.779999 159.382812 31.339281 -51.021847 2.122402 29.258772 0.410324 0.166084 0.204857 -4.037333 9.153677 17.636707 -26.322758 52.411327 -19.466843 -14.395647 29.410545 -9e-06 -8.774885 -4e-06 16.603979 -18.385498 5.911341 -0.609778 -1.795668 -3.889344 -4.807112 -11.046886 -2.937876 3.3e-05 -20.976212 -3.5e-05 -5.019961 -25.033869 -4.031958 8e-06 3e-06 -1e-06 -10.63458 -5.687003 -3.5656 10.57335 -17.92308 -3.113947 2e-05 -13.821327 -2e-05 -0.501696 -31.181904 -4.027116 -11.272729 -59.906982 7.742874 -13.982774 -7.150237 -2.875053 13.772811 -8.401557 -3.218269 0.347804 -34.211891 0.771587 -0.962997 -17.73358 2.621028 0.0 -3e-06 -1e-06 -17.346498 -20.095333 -4.2018 21.757681 -1.638393 3.866448 8e-06 -6.338875 -1.1e-05 -1.69755 -22.59201 -6.19412 -0.0 -5e-06 -1e-06 29.573477 -70.364403 164.66185 23.687288 -55.906597 1.193069 25.68038 -0.308904 -0.042423 4.992707 -6.062525 13.300344 22.182253 -20.375879 49.933434 -16.701975 -16.74361 28.476652 -8e-06 -12.690713 -9e-06 16.223978 -17.926689 2.591372 -0.105919 -1.51387 -4.275895 -5.039078 -5.612915 -2.953575 9e-06 -11.020622 -2e-05 -6.111349 -15.895526 -3.840536 -2e-06 0.0 0.0 -10.283436 -5.680328 -4.341846 11.028377 -11.302481 -2.372664 -1.384277 -14.238713 -6.320182 -0.625387 -26.924522 -3.827701 -4.225162 -50.319878 -3.298212 -13.708611 -7.363525 -3.720944 18.141291 -14.052837 -3.242714 3e-05 -18.787428 -4.4e-05 -0.429693 -8.456129 2.555506 -1e-06 2e-06 -0.0 -15.923651 -20.09462 -5.473598 30.419439 -7.190885 1.735939 1.5e-05 -8.162985 -2.5e-05 -1.86186 -22.861721 -6.16808 1e-06 -3e-06 -1e-06 151.412262 7.232852 -7.780703 9.986184 -0.056172 -0.71132 -62.534481 -7.517172 0.669635 -5.72722 1.568148 2.124621 -0.999999 -0.0 -1e-06 -4.098131 -7.447392 -7.466924 30.945774 0.089536 0.027123 -89.745277 16.899399 -3.975753 -13.261534 0.622886 1.586556 -0.999998 0.0 -0.0 
0.0 0.0 0.0 0.0 -0.0 0.0 -38.345436 96.92234 -61.496311 85.081871 11.13207 -81.745796 -6.833895 -5.610181 -0.562778 -12.914871 -1.156032 0.408383 17.346779 -0.075067 -1.624787 20.198366 -0.346735 2.561237 -2.818371 -0.562841 1.33584 -27.229805 1.413186 0.150527 6e-06 -0.0 0.0 -0.095005 0.024145 0.086694 -0.119607 0.027938 0.114706 -0.118457 0.023332 0.058421 -143.23703 -65.80864 159.598129 31.893196 -50.75016 1.158682 29.991142 0.329552 0.13528 0.317979 -4.004892 8.909983 17.636625 -26.322603 52.41114 -19.466616 -14.395557 29.410358 2.4e-05 -8.77483 -1e-05 16.629042 -18.387791 5.968226 -0.609783 -1.795656 -3.889322 -4.807123 -11.046819 -2.937854 -4.4e-05 -20.976017 -1.9e-05 -5.020004 -25.033617 -4.031963 8e-06 2e-06 1e-06 -10.634555 -5.686998 -3.565581 10.573231 -17.922915 -3.113903 -2.5e-05 -13.821211 -1.9e-05 -0.501798 -31.18157 -4.027112 -11.32236 -59.963741 7.832453 -13.982738 -7.150233 -2.875034 13.772711 -8.401456 -3.218235 0.34767 -34.211555 0.771614 -0.963041 -17.733398 2.620986 -0.0 -2e-06 3e-06 -17.346481 -20.095264 -4.201774 21.75758 -1.63832 3.86645 -1.3e-05 -6.338826 -5e-06 -1.697631 -22.591805 -6.194072 1e-06 -1e-06 -2e-06 30.194378 -70.502945 164.495193 22.122639 -56.073757 1.816929 23.698465 -0.365476 -0.127642 4.08497 -6.394298 14.150282 22.182112 -20.375698 49.933094 -16.701654 -16.743484 28.476313 4.8e-05 -12.690581 -2.1e-05 16.344181 -17.784304 2.507167 -0.105925 -1.51385 -4.275864 -5.03906 -5.61286 -2.953537 -3.2e-05 -11.020462 -1e-06 -6.111353 -15.895274 -3.840472 -1e-06 2e-06 1e-06 -10.283386 -5.680298 -4.341809 11.028242 -11.302308 -2.372605 -1.38433 -14.238504 -6.320092 -0.625501 -26.924007 -3.82762 -4.07524 -50.218689 -3.417419 -13.708547 -7.363492 -3.720909 18.141083 -14.05261 -3.242631 -5e-05 -18.787157 -1.4e-05 -0.429726 -8.455994 2.555482 -2e-06 3e-06 2e-06 -15.92361 -20.094465 -5.473543 30.419174 -7.190711 1.735997 -1.6e-05 -8.162878 -6e-06 -1.861964 -22.861351 -6.167963 1e-06 -3e-06 0.0 154.021469 9.692086 -8.220921 8.34319 -0.044002 -0.661621 -63.673229 -7.621077 0.752762 -5.550642 1.594701 2.133076 -0.999999 -0.0 -1e-06 -6.050198 -11.090479 -8.390334 37.276337 -0.009082 0.263357 -86.683479 20.554962 -5.564847 -15.108141 0.643005 1.554408 -1.000003 -2e-06 1e-06 
0.0 0.0 0.0 0.0 -0.0 0.0 -39.237247 97.029945 -63.326752 83.619934 10.883367 -82.102768 -6.669064 -6.541726 -0.621582 -12.806662 -1.286582 0.397948 17.421679 -0.335194 -1.669983 20.11418 -0.504034 2.616187 -2.823933 -0.541297 1.599268 -27.820852 1.256894 0.267341 7e-06 0.0 1e-06 -0.095799 0.028626 0.123189 -0.11581 0.034238 0.152244 -0.108493 0.024491 0.095808 -143.226837 -65.998337 159.802841 32.645653 -50.374725 0.3579 30.313334 0.188108 0.093182 0.450165 -4.058269 8.299232 17.636662 -26.322813 52.411324 -19.466764 -14.395658 29.410524 2e-06 -8.774879 1e-06 16.625542 -18.40307 6.031955 -0.609779 -1.795662 -3.889337 -4.807114 -11.046873 -2.937857 -8e-06 -20.976187 5e-06 -5.020026 -25.033852 -4.031911 7e-06 -2e-06 1e-06 -10.634566 -5.686997 -3.565591 10.573316 -17.923056 -3.113923 -4e-06 -13.821327 1e-06 -0.501781 -31.181921 -4.027061 -11.343534 -59.98938 7.880099 -13.982758 -7.15023 -2.875042 13.772784 -8.40153 -3.218262 0.347715 -34.211876 0.771665 -0.963046 -17.733591 2.621047 0.0 2e-06 2e-06 -17.346483 -20.095301 -4.201777 21.757652 -1.638371 3.866436 -2e-06 -6.338878 0.0 -1.697605 -22.592026 -6.194074 -0.0 -2e-06 -2e-06 30.848034 -70.406845 164.240936 20.791727 -56.021812 1.79195 23.017977 -0.289109 -0.195887 3.432954 -6.17332 13.631632 22.18218 -20.37591 49.933357 -16.70186 -16.743551 28.476562 -7e-06 -12.690639 -9e-06 16.437157 -17.671484 2.455839 -0.10592 -1.513859 -4.275887 -5.039054 -5.612885 -2.953559 1.1e-05 -11.020571 -5e-06 -6.111311 -15.895432 -3.840493 -3e-06 3e-06 2e-06 -10.283395 -5.6803 -4.341843 11.028325 -11.302437 -2.372638 -1.384269 -14.238637 -6.320145 -0.625417 -26.924355 -3.827626 -3.910464 -50.142265 -3.543211 -13.708557 -7.363491 -3.720943 18.141201 -14.05278 -3.24268 1.7e-05 -18.787352 -7e-06 -0.429706 -8.456096 2.55552 2e-06 0.0 -0.0 -15.923571 -20.094524 -5.473593 30.419289 -7.190856 1.735939 1e-05 -8.162954 -4e-06 -1.861876 -22.861618 -6.167988 0.0 -4e-06 0.0 156.60144 11.623815 -8.775375 6.964116 -0.014712 -0.590605 -64.720856 -7.513485 0.946018 -5.334698 1.613698 2.131308 -0.999999 1e-06 0.0 -8.657195 -14.160851 -8.296372 44.285698 -0.194543 0.491462 -82.066452 24.536352 -6.666221 -15.39287 0.598803 1.472117 -1.000006 0.0 -0.0 
0.0 0.0 0.0 0.0 -0.0 0.0 -39.964729 97.097794 -65.051811 82.564629 10.340007 -82.35817 -6.338597 -7.233564 -0.635083 -12.63188 -1.419628 0.244564 17.516891 -0.551151 -1.788024 20.20171 -0.450542 2.649898 -2.836103 -0.547315 1.972754 -28.57629 1.124331 0.375145 6e-06 0.0 -0.0 -0.086852 0.036045 0.167937 -0.094849 0.047194 0.197997 -0.08861 0.025787 0.141782 -143.338104 -66.448311 160.179733 33.629311 -49.778507 0.027961 30.153421 0.030028 0.049678 0.571986 -4.33597 7.797892 17.636587 -26.322763 52.411293 -19.46657 -14.395563 29.41041 1.6e-05 -8.774813 -5e-06 16.567778 -18.448883 6.103383 -0.609785 -1.795647 -3.889322 -4.807101 -11.046797 -2.937846 -3.9e-05 -20.976004 1.5e-05 -5.020005 -25.033609 -4.031911 5e-06 -2e-06 2e-06 -10.634523 -5.686973 -3.565594 10.573214 -17.922901 -3.113874 -2.4e-05 -13.821209 1e-05 -0.501825 -31.181589 -4.027034 -11.360825 -59.990356 7.861884 -13.982696 -7.150201 -2.875048 13.772682 -8.401451 -3.218224 0.347645 -34.211521 0.771701 -0.963074 -17.7334 2.621036 -2e-06 -0.0 -1e-06 -17.346413 -20.095196 -4.201784 21.757519 -1.638338 3.866446 -1.1e-05 -6.338821 8e-06 -1.697626 -22.591782 -6.194024 -0.0 -2e-06 -2e-06 31.771656 -70.237915 163.548584 19.74983 -56.003498 1.627865 23.618816 -0.110937 -0.242494 3.246448 -5.780425 12.089153 22.182074 -20.375938 49.933414 -16.701639 -16.743526 28.4765 2.6e-05 -12.690574 1e-06 16.519487 -17.636665 2.402724 -0.105927 -1.513842 -4.275877 -5.039043 -5.612842 -2.953557 -1.9e-05 -11.020454 1.5e-05 -6.111314 -15.895257 -3.840489 -0.0 1e-06 1e-06 -10.283363 -5.680272 -4.341839 11.028241 -11.30231 -2.372601 -1.384297 -14.238488 -6.320111 -0.625489 -26.924021 -3.827584 -3.743761 -50.157906 -3.651912 -13.70851 -7.36346 -3.720945 18.141066 -14.052613 -3.242625 -5.3e-05 -18.787157 4.3e-05 -0.429747 -8.456016 2.555531 1e-06 -1e-06 -1e-06 -15.923539 -20.094398 -5.473586 30.419132 -7.190727 1.735968 -2.2e-05 -8.162887 2.6e-05 -1.861987 -22.861366 -6.167883 1e-06 -4e-06 -2e-06 158.908798 12.998061 -9.356464 6.34366 0.011598 -0.502573 -65.906273 -7.183135 1.171268 -5.19256 1.603451 2.121841 -1.000002 -0.0 -0.0 -11.494832 -16.299141 -7.473551 51.098862 -0.380255 0.61457 -77.512512 27.075134 -7.376666 -13.140376 0.525392 1.337325 -1.000003 -1e-06 1e-06 
0.0 0.0 0.0 0.0 -0.0 0.0 -40.530434 97.191101 -66.701996 81.995384 9.651096 -82.40551 -5.921101 -7.661331 -0.606749 -12.449303 -1.541059 -0.006987 17.61404 -0.669656 -1.974077 20.457401 -0.274642 2.626538 -2.834622 -0.533999 2.315854 -29.410965 1.014121 0.588702 6e-06 0.0 -0.0 -0.064055 0.041489 0.188779 -0.049662 0.060324 0.224386 -0.05095 0.023982 0.158582 -143.815948 -66.992958 160.920898 34.617378 -48.964848 0.159676 29.561419 -0.089824 -0.004037 0.739474 -4.601084 7.556442 17.636562 -26.322767 52.411278 -19.466526 -14.395606 29.410389 2.8e-05 -8.774821 -0.0 16.462301 -18.443485 6.126704 -0.609783 -1.795646 -3.889323 -4.807116 -11.046788 -2.937838 -6.5e-05 -20.975962 2.9e-05 -5.020051 -25.033543 -4.031898 6e-06 -1e-06 1e-06 -10.634535 -5.686975 -3.565585 10.573208 -17.922871 -3.113867 -4.4e-05 -13.821185 2e-05 -0.501886 -31.181498 -4.027016 -11.339075 -59.912766 7.737363 -13.982713 -7.150208 -2.875036 13.772692 -8.40143 -3.218228 0.34759 -34.211479 0.771731 -0.963101 -17.733372 2.621031 1e-06 -2e-06 1e-06 -17.346451 -20.095201 -4.20176 21.757551 -1.638317 3.866436 -2e-05 -6.338817 1.4e-05 -1.697669 -22.591743 -6.194006 -1e-06 -2e-06 0.0 33.064419 -69.96167 162.328796 18.994656 -55.980076 1.575836 25.278664 0.02466 -0.260065 3.532829 -5.395305 10.207252 22.182127 -20.375927 49.933456 -16.701767 -16.743557 28.476587 1.4e-05 -12.69063 -1e-06 16.60836 -17.7045 2.342288 -0.105923 -1.513852 -4.275887 -5.039056 -5.612871 -2.953563 -8e-06 -11.020524 -3e-06 -6.111328 -15.895373 -3.840513 -1e-06 2e-06 0.0 -10.283384 -5.680293 -4.341847 11.028288 -11.302375 -2.372626 -1.384288 -14.238585 -6.32015 -0.625447 -26.924246 -3.827641 -3.701226 -50.333954 -3.650538 -13.708542 -7.363484 -3.720947 18.141144 -14.0527 -3.242665 -1.9e-05 -18.787281 8e-06 -0.429727 -8.45607 2.555526 -1e-06 3e-06 -1e-06 -15.923569 -20.094477 -5.473597 30.419235 -7.190782 1.735952 -1e-05 -8.16293 9e-06 -1.861936 -22.86153 -6.167965 1e-06 -2e-06 0.0 160.873856 13.767746 -9.668038 6.319901 0.015033 -0.420894 -67.148949 -6.836715 1.365865 -5.072107 1.569574 2.117434 -0.999995 -2e-06 -0.0 -14.083331 -17.196671 -6.745594 56.573677 -0.438465 0.601565 -76.292648 25.397102 -8.237113 -10.504982 0.487578 1.274156 -1.000003 -0.0 -1e-06 
0.0 0.0 0.0 0.0 -0.0 0.0 -40.934723 97.365814 -68.221321 81.993782 8.98394 -82.306168 -5.54103 -7.75276 -0.60146 -12.308048 -1.622994 -0.25058 17.710922 -0.627203 -2.188221 20.752602 -0.094114 2.568797 -2.812231 -0.485758 2.481126 -29.98782 0.965161 0.966499 6e-06 -0.0 0.0 -0.037114 0.042059 0.174823 -0.008367 0.062812 0.218103 -0.016703 0.023703 0.137527 -144.48587 -67.469963 161.681442 35.505707 -48.235928 0.22522 28.671095 -0.180228 -0.06805 0.782243 -4.557175 7.522778 17.636633 -26.322567 52.410912 -19.466658 -14.39555 29.410269 -2e-06 -8.774818 -9e-06 16.386826 -18.362246 6.110219 -0.609774 -1.795655 -3.889317 -4.807083 -11.046807 -2.937846 1.5e-05 -20.976038 -1.8e-05 -5.01995 -25.033627 -4.031902 7e-06 -2e-06 0.0 -10.634521 -5.686968 -3.565571 10.573266 -17.922947 -3.113903 1.2e-05 -13.821221 -1.1e-05 -0.501738 -31.181604 -4.02705 -11.239201 -59.85083 7.591065 -13.982697 -7.150193 -2.875029 13.772714 -8.401492 -3.218233 0.347772 -34.21159 0.771611 -0.963001 -17.733429 2.621013 -1e-06 -1e-06 1e-06 -17.346403 -20.095203 -4.201762 21.757538 -1.638372 3.866423 5e-06 -6.33883 -5e-06 -1.697563 -22.591822 -6.194035 -1e-06 -3e-06 -2e-06 34.336411 -69.659187 160.972992 18.505724 -55.937225 1.651754 27.431019 0.080933 -0.217294 4.217592 -4.900299 8.33173 22.182175 -20.375803 49.933228 -16.701942 -16.743525 28.476553 -1.7e-05 -12.690657 -9e-06 16.673359 -17.785269 2.307839 -0.105918 -1.513866 -4.27588 -5.039054 -5.612905 -2.953563 1.9e-05 -11.020618 -2.5e-05 -6.111306 -15.895531 -3.840516 -0.0 0.0 0.0 -10.28339 -5.680307 -4.341835 11.028337 -11.302474 -2.372653 -1.384255 -14.238705 -6.320165 -0.625369 -26.924534 -3.827682 -3.766536 -50.567486 -3.583477 -13.70855 -7.363498 -3.720936 18.141222 -14.052832 -3.242702 5.5e-05 -18.787422 -5.6e-05 -0.429682 -8.456137 2.555501 0.0 2e-06 2e-06 -15.923563 -20.094551 -5.473586 30.419306 -7.190891 1.735929 2.2e-05 -8.162979 -2.7e-05 -1.861807 -22.861725 -6.168071 3e-06 -8e-06 -4e-06 162.524643 13.864358 -9.464003 6.557372 0.011382 -0.366561 -68.30764 -6.767031 1.428028 -4.932095 1.553432 2.126682 -1.0 0.0 0.0 -16.541401 -16.90415 -6.593096 60.031334 -0.35877 0.499809 -78.14167 18.435898 -8.6071 -9.444884 0.467024 1.325036 -1.000001 -0.0 0.0 
0.0 0.0 0.0 0.0 -0.0 0.0 -41.223286 97.580208 -69.62104 82.371773 8.32434 -82.173103 -5.1793 -7.606326 -0.661281 -12.234926 -1.664961 -0.488099 17.814302 -0.470124 -2.390495 21.068789 0.089108 2.531565 -2.769992 -0.409889 2.541528 -30.274914 0.963671 1.444263 6e-06 0.0 -0.0 -0.023776 0.03653 0.127803 -6.6e-05 0.051334 0.174303 -0.010285 0.025041 0.087187 -144.857697 -67.993004 162.015305 36.397369 -47.900303 -0.143578 27.770832 -0.207812 -0.094548 0.551529 -4.284974 7.58529 17.636656 -26.322779 52.411228 -19.466702 -14.395639 29.410425 1e-06 -8.774855 -2e-06 16.419441 -18.262857 6.092868 -0.609775 -1.795656 -3.889328 -4.8071 -11.046829 -2.937851 3e-06 -20.976076 4e-06 -5.019996 -25.033661 -4.031892 8e-06 1e-06 -1e-06 -10.634553 -5.686979 -3.565584 10.573298 -17.922987 -3.113906 -1e-06 -13.821251 3e-06 -0.501779 -31.181669 -4.027033 -11.289976 -59.913921 7.665452 -13.982739 -7.150208 -2.87504 13.772761 -8.401506 -3.21825 0.347728 -34.211689 0.771667 -0.963035 -17.733471 2.621039 -2e-06 -2e-06 3e-06 -17.346458 -20.095249 -4.201773 21.757618 -1.638376 3.866428 1e-06 -6.338845 3e-06 -1.697596 -22.591866 -6.194036 -2e-06 -3e-06 1e-06 35.422039 -69.565163 159.652252 18.37356 -56.10775 1.681861 29.541218 0.184646 -0.111847 4.952974 -4.164713 6.894161 22.182138 -20.375996 49.93343 -16.701847 -16.743582 28.476622 -1.6e-05 -12.690634 1.2e-05 16.659561 -17.847349 2.363993 -0.105916 -1.513854 -4.275889 -5.039045 -5.612877 -2.953559 1.4e-05 -11.020564 3e-06 -6.111301 -15.895416 -3.840487 0.0 2e-06 1e-06 -10.283381 -5.680287 -4.341847 11.028321 -11.302431 -2.372636 -1.384255 -14.238621 -6.320139 -0.625418 -26.924339 -3.827597 -3.82865 -50.723839 -3.504553 -13.708536 -7.363474 -3.720949 18.141195 -14.052776 -3.242683 1.3e-05 -18.78734 1.8e-05 -0.429717 -8.456098 2.555536 0.0 1e-06 1e-06 -15.923543 -20.094486 -5.473589 30.419271 -7.190851 1.735913 4e-06 -8.162962 1e-05 -1.861901 -22.86162 -6.167947 2e-06 -3e-06 -0.0 164.02446 13.484367 -8.801981 6.861416 0.022297 -0.34757 -69.39991 -6.933968 1.385457 -4.870864 1.583296 2.148246 -1.0 -0.0 0.0 -18.853964 -15.82501 -6.708793 61.092785 -0.173388 0.331481 -81.067062 7.989456 -7.815936 -9.041519 0.46876 1.391334 -0.999999 -0.0 0.0 
0.0 0.0 0.0 0.0 -0.0 0.0 -41.429108 97.779144 -70.907059 82.75753 7.762914 -82.098862 -4.8965 -7.425821 -0.730864 -12.225411 -1.686739 -0.712789 17.933243 -0.3643 -2.534341 21.356853 0.298724 2.543103 -2.742118 -0.323482 2.58194 -30.395912 0.949471 1.936182 6e-06 0.0 -1e-06 -0.024731 0.030894 0.071996 -0.011827 0.036083 0.115001 -0.018912 0.029431 0.034148 -144.982895 -68.438477 161.988327 37.068504 -47.793232 -0.528132 27.199959 -0.193023 -0.097145 0.318194 -3.958281 7.338782 17.636635 -26.322706 52.411247 -19.466648 -14.395591 29.41041 1.4e-05 -8.774836 -5e-06 16.5131 -18.16527 6.07623 -0.609779 -1.795655 -3.889328 -4.807112 -11.046823 -2.937858 -1.9e-05 -20.976048 -1.5e-05 -5.019995 -25.033653 -4.031943 7e-06 -4e-06 1e-06 -10.634549 -5.686987 -3.565592 10.573259 -17.922941 -3.113902 -1.3e-05 -13.821221 -9e-06 -0.501786 -31.181589 -4.027083 -11.419449 -60.034756 7.885858 -13.982735 -7.150218 -2.875043 13.772734 -8.401477 -3.218243 0.347696 -34.211594 0.771642 -0.963044 -17.733412 2.621015 2e-06 2e-06 1e-06 -17.34646 -20.095249 -4.201784 21.757587 -1.638349 3.866445 -5e-06 -6.338829 0.0 -1.697607 -22.591808 -6.194059 -1e-06 -2e-06 -2e-06 36.05122 -69.583572 158.725098 18.470545 -56.464138 1.547073 31.347027 0.346668 0.019324 5.588453 -3.2088 5.55644 22.182146 -20.375978 49.933464 -16.701828 -16.74362 28.476631 1e-05 -12.690668 1e-05 16.550438 -17.915648 2.494573 -0.105921 -1.513854 -4.275892 -5.039066 -5.612885 -2.953562 -7e-06 -11.020557 7e-06 -6.11135 -15.89542 -3.840493 0.0 1e-06 0.0 -10.283402 -5.680302 -4.341842 11.028325 -11.302409 -2.372636 -1.38429 -14.23862 -6.320141 -0.625464 -26.924322 -3.827621 -3.919979 -50.747997 -3.394148 -13.708568 -7.363494 -3.720936 18.141197 -14.052741 -3.242677 -2.3e-05 -18.787336 1.9e-05 -0.429728 -8.4561 2.555531 -3e-06 1e-06 -1e-06 -15.923604 -20.094519 -5.473578 30.419323 -7.190804 1.735932 -1e-05 -8.162957 1.1e-05 -1.861961 -22.861607 -6.167958 0.0 -5e-06 -3e-06 165.408813 13.061574 -7.894436 7.014476 0.047381 -0.370833 -70.322235 -7.269354 1.235777 -4.846861 1.619377 2.165702 -1.000002 1e-06 -0.0 -20.837749 -14.612451 -6.349618 59.748352 0.024072 0.105455 -83.431404 -1.213598 -6.086455 -8.872504 0.495444 1.461047 -0.999999 0.0 0.0 
0.0 0.0 0.0 0.0 -0.0 0.0 -41.566917 97.944786 -72.108231 82.986229 7.364845 -82.012131 -4.760106 -7.303108 -0.751295 -12.232368 -1.71076 -0.898317 18.071133 -0.36094 -2.640755 21.5604 0.519125 2.566386 -2.736208 -0.263863 2.603748 -30.559196 0.947681 2.311682 6e-06 1e-06 1e-06 -0.031702 0.030993 0.042317 -0.025577 0.029856 0.07833 -0.028766 0.036094 0.01117 -145.230484 -68.613335 162.059891 37.459557 -47.590584 -0.594067 27.086498 -0.129495 -0.102187 0.337988 -3.879874 6.780473 17.636797 -26.322775 52.411442 -19.466763 -14.395628 29.410536 2e-05 -8.774897 -1.9e-05 16.589687 -18.089453 6.064301 -0.609787 -1.795668 -3.889343 -4.807152 -11.046892 -2.937878 -2.8e-05 -20.976181 -2.9e-05 -5.02003 -25.033836 -4.032001 6e-06 -2e-06 -2e-06 -10.634619 -5.687028 -3.565609 10.573315 -17.923046 -3.113921 -1e-05 -13.821312 -1.9e-05 -0.50177 -31.181843 -4.027144 -11.483672 -60.078011 8.006411 -13.982822 -7.150271 -2.87506 13.772808 -8.401519 -3.218245 0.347707 -34.211826 0.771616 -0.963042 -17.733534 2.621016 1e-06 3e-06 1e-06 -17.346586 -20.095385 -4.201808 21.757721 -1.638348 3.866492 -8e-06 -6.33887 -7e-06 -1.697624 -22.591988 -6.194137 -0.0 -3e-06 -2e-06 36.203609 -69.561241 158.35881 18.709858 -56.793579 1.274378 32.92704 0.455692 0.128362 6.232574 -2.281422 3.947216 22.182375 -20.375965 49.933632 -16.702085 -16.743746 28.476816 -1e-06 -12.690826 -1e-05 16.384686 -17.981771 2.639555 -0.105914 -1.513872 -4.275914 -5.039114 -5.612942 -2.953583 8e-06 -11.020688 -1.8e-05 -6.111412 -15.895639 -3.840556 -0.0 -3e-06 -2e-06 -10.283498 -5.680353 -4.341858 11.028459 -11.302533 -2.372677 -1.38429 -14.238799 -6.320222 -0.625397 -26.924715 -3.827724 -4.041942 -50.716663 -3.285965 -13.708701 -7.36356 -3.720949 18.141424 -14.0529 -3.242736 2.7e-05 -18.787548 -4.5e-05 -0.429696 -8.456194 2.555527 0.0 1e-06 1e-06 -15.923761 -20.0947 -5.473607 30.419672 -7.190917 1.735956 1.2e-05 -8.163035 -2.1e-05 -1.861885 -22.861895 -6.168132 2e-06 -6e-06 -0.0 166.682846 12.819818 -6.996001 6.953233 0.075635 -0.412097 -71.036018 -7.54806 1.031784 -4.775527 1.634729 2.174453 -1.000003 1e-06 0.0 -22.467625 -13.633247 -5.163044 56.644199 0.136507 -0.115913 -85.058403 -6.795239 -4.690003 -8.761271 0.543713 1.542241 -1.000008 -0.0 0.0 
0.0 0.0 0.0 0.0 -0.0 0.0 -41.63879 98.080948 -73.217491 83.100006 7.119291 -81.781891 -4.754599 -7.221856 -0.717646 -12.237187 -1.748863 -1.047299 18.21246 -0.439383 -2.730459 21.680624 0.748845 2.576993 -2.732573 -0.231565 2.564929 -30.746872 0.991125 2.562911 6e-06 0.0 1e-06 -0.040678 0.032489 0.033983 -0.037482 0.02937 0.065751 -0.037757 0.039839 0.006691 -145.709793 -68.581696 162.435303 37.773067 -47.216572 -0.437435 27.292585 -0.070424 -0.100166 0.578522 -4.135657 6.252164 17.636625 -26.322935 52.41148 -19.466808 -14.395729 29.410618 -7e-06 -8.774891 1.6e-05 16.566641 -18.020357 6.053706 -0.609776 -1.795659 -3.88935 -4.807106 -11.046877 -2.937859 1.5e-05 -20.976217 1.2e-05 -5.020019 -25.033869 -4.031891 6e-06 -2e-06 -1e-06 -10.634568 -5.686987 -3.565593 10.573351 -17.923065 -3.113935 5e-06 -13.821332 1.3e-05 -0.501779 -31.181911 -4.027025 -11.400753 -59.932472 7.924483 -13.98276 -7.150218 -2.87504 13.772816 -8.401549 -3.218283 0.347735 -34.21191 0.771691 -0.963051 -17.733606 2.621069 2e-06 -2e-06 2e-06 -17.346474 -20.095293 -4.201783 21.757683 -1.638393 3.866412 5e-06 -6.338882 9e-06 -1.697587 -22.592022 -6.194052 0.0 -2e-06 -3e-06 36.065636 -69.446465 158.397873 19.225208 -57.012814 1.068121 34.098431 0.500591 0.196637 6.928134 -1.625544 2.415271 22.182133 -20.375982 49.933495 -16.701843 -16.743525 28.476635 -1.8e-05 -12.690593 5e-06 16.216557 -18.028488 2.737002 -0.105921 -1.513859 -4.275893 -5.039037 -5.612878 -2.953572 1.7e-05 -11.020551 -6e-06 -6.111264 -15.895391 -3.84051 -0.0 1e-06 -0.0 -10.283372 -5.680293 -4.34186 11.028296 -11.302429 -2.37264 -1.384244 -14.238607 -6.320154 -0.625381 -26.924288 -3.827633 -4.11991 -50.631477 -3.263438 -13.70852 -7.36348 -3.720963 18.141148 -14.052771 -3.242683 2.3e-05 -18.787315 4e-06 -0.429713 -8.456076 2.555527 1e-06 -2e-06 -0.0 -15.923524 -20.094511 -5.47362 30.419193 -7.190853 1.735916 8e-06 -8.162951 6e-06 -1.861866 -22.861568 -6.167955 2e-06 -9e-06 -2e-06 167.814163 12.719896 -6.198045 6.82146 0.090891 -0.435346 -71.641106 -7.685637 0.862139 -4.671637 1.619966 2.171355 -1.000002 -1e-06 0.0 -23.737612 -12.879114 -3.440383 52.39423 0.143451 -0.236709 -86.347649 -9.60043 -3.893084 -8.706882 0.609884 1.615486 -1.0 0.0 1e-06 
0.0 0.0 0.0 0.0 -0.0 0.0 -41.643127 98.18071 -74.278961 83.176102 6.984893 -81.314194 -4.835618 -7.140105 -0.646993 -12.241616 -1.799467 -1.166404 18.336094 -0.597095 -2.808054 21.768867 1.006696 2.575829 -2.71508 -0.244653 2.495079 -30.905878 1.02867 2.608871 6e-06 0.0 1e-06 -0.042309 0.032292 0.040563 -0.038091 0.030514 0.071764 -0.036392 0.03847 0.013277 -146.320496 -68.468124 163.041 38.217392 -46.738598 -0.074228 27.531778 -0.036539 -0.099767 0.845415 -4.696438 6.18256 17.636705 -26.322943 52.411564 -19.466831 -14.395713 29.410669 -3e-06 -8.774904 6e-06 16.485893 -17.9774 6.045115 -0.609781 -1.795665 -3.889352 -4.807121 -11.046899 -2.937875 7e-06 -20.976248 5e-06 -5.02002 -25.033911 -4.031927 6e-06 0.0 -0.0 -10.634593 -5.687007 -3.565609 10.573353 -17.923096 -3.113933 1e-06 -13.821362 7e-06 -0.50178 -31.181986 -4.027062 -11.268926 -59.717255 7.767077 -13.982789 -7.150242 -2.875057 13.772825 -8.401557 -3.218275 0.347727 -34.211967 0.771683 -0.963058 -17.733637 2.621074 2e-06 3e-06 2e-06 -17.346518 -20.095345 -4.201804 21.757711 -1.638386 3.866446 1e-06 -6.338894 6e-06 -1.697595 -22.592081 -6.194091 -1e-06 -2e-06 -6e-06 35.873177 -69.275703 158.558228 20.055813 -57.201874 1.000146 34.655914 0.487296 0.232352 7.434904 -1.351022 1.480506 22.182209 -20.376005 49.933517 -16.701967 -16.743664 28.476727 -1.4e-05 -12.690716 1.2e-05 16.091621 -18.047367 2.775987 -0.105915 -1.513864 -4.2759 -5.039073 -5.61291 -2.953568 1.3e-05 -11.020628 1e-06 -6.111349 -15.89552 -3.840502 1e-06 -0.0 2e-06 -10.283423 -5.680316 -4.34185 11.028379 -11.302489 -2.37266 -1.384267 -14.238711 -6.320169 -0.625417 -26.924543 -3.827638 -4.158454 -50.542988 -3.279714 -13.708597 -7.363513 -3.720944 18.141293 -14.052846 -3.242712 1.5e-05 -18.787457 -3e-06 -0.429711 -8.456153 2.555536 -1e-06 1e-06 1e-06 -15.923628 -20.094597 -5.473593 30.419436 -7.190882 1.735911 7e-06 -8.163004 -3e-06 -1.861904 -22.861776 -6.168015 -0.0 -5e-06 2e-06 168.819794 12.663752 -5.595787 6.702496 0.096966 -0.422148 -72.219551 -7.560878 0.81151 -4.565933 1.594091 2.164845 -1.000002 2e-06 -0.0 -24.615139 -12.316291 -1.70417 47.573795 0.075638 -0.210238 -87.260788 -10.573497 -3.512117 -8.643658 0.684226 1.663805 -1.000005 0.0 -0.0 
0.0 0.0 0.0 0.0 -0.0 0.0 -41.613876 98.247009 -75.344276 83.272713 6.933435 -80.656509 -4.972816 -7.012566 -0.553741 -12.264738 -1.850939 -1.242528 18.421652 -0.825249 -2.868156 21.855667 1.274388 2.562263 -2.683034 -0.304694 2.472341 -30.96357 1.023163 2.453624 6e-06 0.0 1e-06 -0.037405 0.030329 0.059589 -0.025529 0.029613 0.093556 -0.023359 0.035251 0.028451 -147.096802 -68.278786 163.884674 38.719803 -46.199627 0.48828 27.654181 -0.050622 -0.100335 0.999666 -5.555385 6.637488 17.636591 -26.322655 52.411053 -19.466616 -14.395578 29.410324 4e-06 -8.774817 -4e-06 16.398939 -17.960165 6.023284 -0.609773 -1.79565 -3.889316 -4.807087 -11.046792 -2.937844 -2e-06 -20.975996 2e-06 -5.019969 -25.033575 -4.031893 6e-06 -0.0 1e-06 -10.634523 -5.686965 -3.565574 10.57325 -17.922916 -3.11389 -3e-06 -13.8212 2e-06 -0.501776 -31.181545 -4.027033 -11.157498 -59.519695 7.612991 -13.982697 -7.15019 -2.875029 13.772711 -8.401473 -3.218235 0.347724 -34.211544 0.771651 -0.963026 -17.733404 2.621021 -3e-06 2e-06 -0.0 -17.346403 -20.095184 -4.201759 21.757542 -1.638363 3.866421 -3e-06 -6.338825 1e-06 -1.697596 -22.591791 -6.194025 0.0 -2e-06 -3e-06 35.718334 -69.111267 158.69072 21.027189 -57.433994 1.008059 34.623524 0.406587 0.229542 7.657882 -1.330471 1.191325 22.182121 -20.375862 49.933197 -16.701687 -16.743464 28.476398 2e-06 -12.690555 -1.5e-05 16.021015 -18.038078 2.779508 -0.105925 -1.513847 -4.275869 -5.039031 -5.612843 -2.953549 6e-06 -11.020478 1.1e-05 -6.111278 -15.895269 -3.840472 0.0 -1e-06 -0.0 -10.283351 -5.680265 -4.341832 11.028252 -11.302347 -2.372601 -1.384272 -14.238507 -6.320095 -0.625443 -26.924074 -3.827563 -4.201771 -50.47757 -3.267922 -13.708498 -7.363449 -3.72094 18.141081 -14.052673 -3.242625 -5e-06 -18.787193 3e-05 -0.429714 -8.456022 2.555516 0.0 1e-06 2e-06 -15.923506 -20.0944 -5.473578 30.419109 -7.190798 1.735963 2e-06 -8.162897 1.5e-05 -1.861909 -22.861403 -6.167896 1e-06 -6e-06 -0.0 169.712036 12.58057 -5.161851 6.609906 0.093522 -0.370677 -72.804634 -7.21371 0.845735 -4.490753 1.573679 2.162577 -0.999997 -0.0 -0.0 -25.046595 -11.912294 -0.352061 42.738804 -0.007696 -0.072435 -87.500092 -10.709995 -3.248842 -8.444051 0.72709 1.683732 -0.999996 1e-06 1e-06 
0.0 0.0 0.0 0.0 -0.0 0.0 -41.553482 98.297005 -76.410004 83.461136 6.935479 -79.853882 -5.171807 -6.786298 -0.440591 -12.328369 -1.880073 -1.269072 18.498735 -1.107727 -2.909243 21.942381 1.5386 2.554359 -2.654295 -0.397889 2.495 -30.848154 0.968252 2.193439 6e-06 0.0 0.0 -0.03111 0.028703 0.084959 -0.010413 0.02752 0.122688 -0.007494 0.033494 0.048527 -148.064056 -67.913948 164.932709 39.142887 -45.602757 1.270288 27.705418 -0.083958 -0.095829 1.051957 -6.643423 7.4033 17.636646 -26.322769 52.411266 -19.466726 -14.395611 29.410471 -2e-06 -8.774847 0.0 16.346985 -17.965097 5.9803 -0.609777 -1.795659 -3.889335 -4.807096 -11.04685 -2.93786 8e-06 -20.976135 -5e-06 -5.019978 -25.033762 -4.031905 5e-06 -1e-06 2e-06 -10.634544 -5.686985 -3.565597 10.573293 -17.923019 -3.113911 7e-06 -13.821286 0.0 -0.501757 -31.18177 -4.027046 -11.091714 -59.386158 7.489659 -13.982728 -7.150216 -2.875047 13.772752 -8.401524 -3.218254 0.347744 -34.211769 0.771652 -0.963032 -17.733524 2.621043 -0.0 3e-06 1e-06 -17.346441 -20.095268 -4.201789 21.757595 -1.638378 3.866435 3e-06 -6.338859 2e-06 -1.697578 -22.591936 -6.194061 -1e-06 -3e-06 1e-06 35.514904 -68.962883 158.849594 21.960417 -57.69437 1.15253 34.184559 0.316073 0.196081 7.721049 -1.497976 1.218123 22.182154 -20.375875 49.933372 -16.701914 -16.743567 28.476612 -2.6e-05 -12.69064 0.0 15.999008 -18.008936 2.748974 -0.105919 -1.513863 -4.275887 -5.039046 -5.612879 -2.953566 2.4e-05 -11.020556 -1.8e-05 -6.111279 -15.895397 -3.840517 1e-06 -3e-06 0.0 -10.28339 -5.680295 -4.341846 11.028337 -11.302433 -2.372655 -1.384241 -14.238607 -6.320159 -0.62534 -26.924303 -3.827652 -4.241615 -50.379566 -3.248364 -13.708551 -7.363482 -3.720948 18.141222 -14.052782 -3.242705 4.8e-05 -18.787312 -2.1e-05 -0.429691 -8.456073 2.555513 -1e-06 2e-06 2e-06 -15.923554 -20.094513 -5.473607 30.4193 -7.19088 1.735909 2.1e-05 -8.162937 -7e-06 -1.861838 -22.861532 -6.167984 0.0 -3e-06 -3e-06 170.517014 12.389947 -4.809931 6.555996 0.084911 -0.299023 -73.427643 -6.709999 0.90681 -4.439062 1.561945 2.164581 -1.000003 1e-06 -0.0 -25.099251 -11.573093 0.572204 38.303879 -0.072369 0.114585 -87.001053 -10.401299 -3.070889 -8.228628 0.747094 1.69285 -1.000003 0.0 -0.0 
0.0 0.0 0.0 0.0 -0.0 0.0 -41.474007 98.343506 -77.45266 83.760468 6.962416 -79.001999 -5.43071 -6.463827 -0.348326 -12.450249 -1.870033 -1.216528 18.571583 -1.369242 -2.908259 22.053221 1.668359 2.557802 -2.631636 -0.478121 2.538168 -30.609537 0.920106 1.878209 6e-06 0.0 1e-06 -0.025977 0.031486 0.116156 -0.004591 0.030671 0.154029 0.002885 0.03479 0.078656 -148.949036 -67.339218 165.86171 39.481987 -45.099621 2.105177 27.755358 -0.143105 -0.067153 1.042784 -7.708986 8.264135 17.636543 -26.322598 52.411118 -19.466463 -14.395486 29.410286 4.4e-05 -8.774781 -8e-06 16.411213 -17.97991 5.88948 -0.609785 -1.795647 -3.889313 -4.807123 -11.046785 -2.937842 -9.9e-05 -20.975929 3e-06 -5.020038 -25.033516 -4.031945 5e-06 1e-06 0.0 -10.634514 -5.686992 -3.565584 10.573138 -17.922838 -3.113863 -6.2e-05 -13.821161 -6e-06 -0.501884 -31.181446 -4.027094 -11.077836 -59.356483 7.392449 -13.982687 -7.150229 -2.875039 13.772628 -8.401401 -3.218204 0.347557 -34.21143 0.771663 -0.963102 -17.733347 2.620984 2e-06 2e-06 -2e-06 -17.346428 -20.095219 -4.201766 21.757471 -1.638276 3.866456 -2.6e-05 -6.338806 2e-06 -1.697685 -22.591728 -6.194046 -1e-06 -7e-06 0.0 35.22974 -68.956253 159.038406 22.603624 -58.013245 1.493582 33.561081 0.233481 0.191459 7.672804 -1.78118 1.285839 22.18218 -20.375875 49.933174 -16.701637 -16.743567 28.476358 3.9e-05 -12.690623 -1.8e-05 16.011621 -17.9786 2.700005 -0.105927 -1.51384 -4.275865 -5.039062 -5.612844 -2.953536 -2.2e-05 -11.020462 2.7e-05 -6.111369 -15.895256 -3.840449 2e-06 -1e-06 -0.0 -10.283396 -5.680274 -4.341818 11.028271 -11.302312 -2.372584 -1.38433 -14.23849 -6.320067 -0.625545 -26.924025 -3.82753 -4.298768 -50.235165 -3.24339 -13.708562 -7.363463 -3.720915 18.141129 -14.05262 -3.242604 -6e-05 -18.787184 5e-05 -0.429735 -8.456022 2.555523 0.0 0.0 -3e-06 -15.923615 -20.094406 -5.473532 30.419245 -7.190741 1.736 -2.1e-05 -8.162893 2.4e-05 -1.862018 -22.861383 -6.167882 -2e-06 -6e-06 -4e-06 171.214905 12.053267 -4.461604 6.557872 0.077943 -0.277484 -74.027786 -6.125315 0.873706 -4.462979 1.568636 2.166195 -1.000001 1e-06 -0.0 -24.79089 -11.267603 0.982737 34.944138 -0.120749 0.286471 -85.755028 -9.506657 -3.458492 -7.99298 0.752373 1.69839 -1.000001 -0.0 0.0 
0.0 0.0 0.0 0.0 -0.0 0.0 -41.335522 98.39402 -78.477226 84.146881 6.973802 -78.135948 -5.768442 -6.080053 -0.310879 -12.566991 -1.821429 -1.036027 18.61713 -1.574935 -2.899913 22.152767 1.629709 2.610477 -2.652711 -0.465707 2.440031 -30.366978 0.829541 1.732962 6e-06 -0.0 1e-06 -0.021763 0.042219 0.145132 0.006065 0.048032 0.18661 0.018227 0.038339 0.10349 -149.763168 -66.642105 166.674423 39.544041 -44.79237 2.9315 27.907734 -0.161136 -0.056124 0.939986 -8.596534 8.71289 17.6366 -26.322618 52.4109 -19.466677 -14.395583 29.410278 -3.4e-05 -8.774801 -0.0 16.467724 -17.966059 5.835193 -0.609766 -1.795646 -3.889315 -4.807034 -11.046756 -2.937844 9.2e-05 -20.975956 -4e-06 -5.019851 -25.033476 -4.031833 6e-06 -1e-06 -1e-06 -10.634483 -5.686924 -3.565571 10.5733 -17.922922 -3.113906 5.7e-05 -13.821173 5e-06 -0.501662 -31.18144 -4.026944 -10.998156 -59.28801 7.244541 -13.982653 -7.150136 -2.87503 13.772713 -8.401506 -3.218243 0.34787 -34.211464 0.771642 -0.962972 -17.733356 2.621062 1e-06 1e-06 0.0 -17.346302 -20.095089 -4.201776 21.757484 -1.638437 3.86639 2.6e-05 -6.338801 0.0 -1.697485 -22.591677 -6.193974 -0.0 -5e-06 -2e-06 34.800087 -69.093323 159.309479 22.912167 -58.310349 2.180664 32.712967 0.12998 0.161885 7.63708 -2.206303 1.49976 22.181995 -20.375788 49.93317 -16.701828 -16.743423 28.476488 -3.4e-05 -12.690517 1e-05 16.136667 -17.877493 2.611209 -0.105918 -1.513859 -4.275873 -5.039002 -5.612859 -2.953557 3.3e-05 -11.020515 -2.3e-05 -6.111197 -15.895329 -3.840492 1e-06 -2e-06 0.0 -10.283316 -5.68027 -4.341834 11.028255 -11.302403 -2.372646 -1.384214 -14.238565 -6.320126 -0.625327 -26.924198 -3.827636 -4.168541 -50.060318 -3.523499 -13.708452 -7.363453 -3.720939 18.141079 -14.052745 -3.242694 5.9e-05 -18.787243 -3.1e-05 -0.429688 -8.456038 2.555495 1e-06 -2e-06 -2e-06 -15.923422 -20.094437 -5.473597 30.419037 -7.190843 1.735882 2e-05 -8.162905 -1.3e-05 -1.861793 -22.861443 -6.167956 -2e-06 -8e-06 -2e-06 171.86647 11.57343 -4.222278 6.619038 0.043523 -0.260139 -74.659447 -5.417155 0.773695 -4.736011 1.548331 2.149165 -1.0 0.0 0.0 -24.135839 -11.060975 0.678264 33.2481 -0.088938 0.362962 -84.196449 -7.970334 -4.816336 -7.325407 0.704851 1.681481 -0.999999 0.0 0.0 
0.0 0.0 0.0 0.0 -0.0 0.0 -41.202106 98.45417 -79.54216 84.589508 6.972582 -77.346008 -6.059868 -5.635229 -0.195723 -12.700006 -1.729554 -0.922389 18.595219 -1.79377 -2.784244 22.140541 1.452468 2.563449 -2.609374 -0.474609 2.364796 -30.107946 0.819739 1.269781 6e-06 -0.0 -0.0 -0.022142 0.037471 0.188635 0.001163 0.051595 0.229692 0.003724 0.025303 0.146668 -150.16214 -65.953438 167.194473 39.679634 -44.750797 3.470692 28.264288 -0.008557 0.070576 0.798338 -8.992844 8.790533 17.6367 -26.322664 52.41111 -19.466745 -14.395607 29.410395 -1.1e-05 -8.774861 -1.1e-05 16.404606 -17.978874 5.824764 -0.609774 -1.795657 -3.889329 -4.807091 -11.046832 -2.937865 4.3e-05 -20.976095 -3.2e-05 -5.01993 -25.033705 -4.031935 5e-06 -1e-06 1e-06 -10.634552 -5.686975 -3.565585 10.573325 -17.923006 -3.113927 3.2e-05 -13.821262 -1.7e-05 -0.50168 -31.181717 -4.027077 -10.863119 -59.259308 7.016351 -13.982734 -7.150201 -2.875041 13.772771 -8.401525 -3.21825 0.347817 -34.2117 0.771596 -0.96299 -17.733482 2.621035 2e-06 -2e-06 1e-06 -17.346441 -20.09524 -4.201787 21.757618 -1.638402 3.866443 1.3e-05 -6.338844 -1.1e-05 -1.697541 -22.591883 -6.194086 -1e-06 -3e-06 -2e-06 35.047253 -69.319527 158.986786 23.373648 -58.626541 2.860159 31.914053 0.031987 0.098592 7.39581 -2.555384 2.19703 22.182171 -20.375938 49.93343 -16.701948 -16.74358 28.476686 -1.9e-05 -12.690674 3e-06 16.214115 -17.859983 2.596726 -0.105919 -1.513865 -4.275895 -5.039052 -5.612906 -2.953572 2e-05 -11.020629 -1.5e-05 -6.111313 -15.895535 -3.84051 2e-06 1e-06 0.0 -10.283391 -5.680309 -4.341852 11.028346 -11.302482 -2.372656 -1.384252 -14.238709 -6.320175 -0.625385 -26.924541 -3.827664 -4.285104 -50.175953 -3.358284 -13.708556 -7.363501 -3.720948 18.141239 -14.052845 -3.242712 3.4e-05 -18.787447 -1.9e-05 -0.4297 -8.456156 2.555523 -1e-06 -3e-06 2e-06 -15.923563 -20.094566 -5.473604 30.419321 -7.190887 1.735913 1e-05 -8.162998 -1.1e-05 -1.86186 -22.861771 -6.168032 -2e-06 -3e-06 -1e-06 172.269455 10.943922 -4.134702 7.084805 0.038108 -0.23587 -75.617783 -4.580179 0.685746 -4.827094 1.478403 2.138651 -1.0 1e-06 -0.0 -22.87417 -10.935825 -0.646769 32.299759 -0.101703 0.361159 -84.561829 -6.834919 -5.600231 -7.004855 0.709438 1.660871 -1.000001 0.0 -0.0 
0.0 0.0 0.0 0.0 -0.0 0.0 -41.049103 98.558655 -80.55764 85.143852 7.002946 -76.841805 -6.387537 -5.187202 -0.146399 -12.813595 -1.607121 -0.760437 18.53677 -1.844793 -2.633034 22.072227 1.140466 2.578851 -2.623574 -0.475461 2.28849 -29.777792 0.889988 1.213132 6e-06 -0.0 -0.0 -0.021906 0.034908 0.187512 0.005211 0.05624 0.230032 0.011459 0.015351 0.143298 -150.271042 -65.190109 167.311844 39.544453 -45.136295 3.311359 28.554443 0.107921 0.164423 0.745942 -8.763589 8.121445 17.636625 -26.322733 52.411072 -19.466648 -14.395616 29.410341 -1.9e-05 -8.774819 2e-06 16.345304 -17.997877 5.916705 -0.609772 -1.795648 -3.889324 -4.807059 -11.046778 -2.93784 4.7e-05 -20.975992 2.2e-05 -5.019926 -25.033525 -4.031831 7e-06 -0.0 1e-06 -10.634512 -5.686941 -3.565579 10.573299 -17.92293 -3.113896 2.4e-05 -13.821194 2.6e-05 -0.50175 -31.181488 -4.026935 -10.946717 -59.357895 7.073843 -13.982685 -7.150159 -2.875036 13.77273 -8.401502 -3.218243 0.347786 -34.211529 0.771701 -0.963024 -17.733393 2.621079 -1e-06 2e-06 2e-06 -17.346359 -20.09514 -4.201774 21.757534 -1.638414 3.866405 1.5e-05 -6.338816 1.3e-05 -1.697551 -22.591721 -6.193965 0.0 -6e-06 -0.0 34.546986 -69.56498 159.445999 23.850695 -58.462322 3.855217 31.112461 -0.072278 0.083458 7.232715 -3.171971 3.335203 22.182056 -20.375872 49.93325 -16.701887 -16.743511 28.476568 -3.3e-05 -12.690593 1.2e-05 16.264009 -17.781433 2.567463 -0.105915 -1.51386 -4.275878 -5.039021 -5.612876 -2.953557 3.1e-05 -11.020564 -1.4e-05 -6.111246 -15.895416 -3.840491 1e-06 -0.0 1e-06 -10.283344 -5.680279 -4.341833 11.028298 -11.302439 -2.37265 -1.384228 -14.238624 -6.320145 -0.625351 -26.924356 -3.827635 -4.232813 -50.245087 -3.353367 -13.708488 -7.363462 -3.720936 18.141159 -14.052794 -3.242703 5.3e-05 -18.787336 -2.1e-05 -0.429693 -8.456095 2.55551 -1e-06 0.0 0.0 -15.923476 -20.094475 -5.473586 30.41918 -7.190869 1.735879 1.9e-05 -8.162952 -1.1e-05 -1.861826 -22.861593 -6.167977 1e-06 -4e-06 -0.0 172.595428 10.161188 -4.136724 7.416424 0.02795 -0.180272 -76.392258 -3.96406 0.405915 -5.030619 1.470177 2.14267 -0.999998 -0.0 -0.0 -21.760975 -10.618032 -2.022291 31.489033 -0.088468 0.314368 -84.81485 -5.681534 -5.856055 -6.950441 0.713514 1.653059 -0.999998 0.0 -0.0 
0.0 0.0 0.0 0.0 -0.0 0.0 -40.874229 98.713341 -81.500481 85.798035 6.996964 -76.490234 -6.608991 -4.790248 -0.147008 -12.914004 -1.490744 -0.648529 18.388359 -1.711427 -2.498609 21.894791 0.775434 2.618576 -2.599808 -0.453879 2.253936 -29.327282 0.920231 1.377813 6e-06 0.0 3e-06 -0.013804 0.029698 0.164672 0.005129 0.058206 0.201254 0.005789 0.003697 0.126115 -150.215317 -64.783585 167.13562 39.295105 -46.066486 2.855709 28.459179 0.261804 0.239735 0.707412 -8.318733 7.316933 17.636707 -26.322832 52.41143 -19.466774 -14.395664 29.41057 7e-06 -8.774894 -2e-06 16.306261 -18.0352 6.032337 -0.609778 -1.795662 -3.889342 -4.807127 -11.046877 -2.937872 -7e-06 -20.976187 -1.1e-05 -5.020019 -25.033844 -4.03196 8e-06 -0.0 0.0 -10.634588 -5.687008 -3.565599 10.57333 -17.92305 -3.113931 -5e-06 -13.821321 -6e-06 -0.501764 -31.18189 -4.027104 -11.001373 -59.471142 7.208155 -13.982784 -7.150242 -2.875049 13.772808 -8.401528 -3.218265 0.347721 -34.211876 0.771646 -0.96304 -17.733585 2.621043 -1e-06 0.0 1e-06 -17.346519 -20.095324 -4.201792 21.75769 -1.638368 3.866459 -2e-06 -6.33887 -3e-06 -1.697606 -22.592001 -6.194108 -0.0 -5e-06 -3e-06 33.910301 -69.738434 160.091782 24.358011 -58.042191 4.74378 30.551003 -0.152619 0.077026 7.103283 -4.174078 5.113961 22.182219 -20.375942 49.933514 -16.701887 -16.743607 28.47666 4e-06 -12.690691 -4e-06 16.322138 -17.697737 2.507362 -0.105922 -1.513861 -4.275898 -5.039076 -5.612901 -2.953574 1e-06 -11.020591 -9e-06 -6.111356 -15.895479 -3.84053 1e-06 1e-06 -1e-06 -10.283425 -5.680317 -4.341855 11.028348 -11.302443 -2.372644 -1.384285 -14.238666 -6.320179 -0.625416 -26.924423 -3.827675 -4.211616 -50.319 -3.283274 -13.708593 -7.363516 -3.720953 18.141249 -14.052787 -3.24269 3e-06 -18.787382 -1.5e-05 -0.429713 -8.456113 2.555523 3e-06 -3e-06 -2e-06 -15.923628 -20.094572 -5.473609 30.419382 -7.190842 1.735954 2e-06 -8.162971 -4e-06 -1.86191 -22.861662 -6.168024 2e-06 -6e-06 1e-06 173.023895 9.258674 -4.08016 7.429729 0.04019 -0.15004 -76.892143 -3.5016 0.036483 -5.322376 1.530929 2.160166 -0.999996 -1e-06 -0.0 -20.550102 -10.041767 -3.177572 30.253172 -0.05183 0.279241 -84.936874 -4.7642 -5.830645 -6.923407 0.699631 1.647773 -0.999999 -0.0 0.0 
0.0 0.0 0.0 0.0 -0.0 0.0 -40.675205 98.900826 -82.37204 86.491074 6.987219 -76.118309 -6.748792 -4.452265 -0.151 -12.995725 -1.407515 -0.619621 18.201977 -1.483694 -2.48968 21.628349 0.494476 2.651745 -2.576593 -0.458145 2.240668 -28.856987 0.876338 1.595557 6e-06 -0.0 -1e-06 -0.008482 0.02478 0.133513 0.002249 0.055701 0.163454 -0.006169 -0.002727 0.10098 -150.255066 -64.639488 166.96051 38.723694 -46.973259 3.02789 28.218081 0.34285 0.229783 0.669131 -8.338621 7.007273 17.63656 -26.322756 52.411213 -19.46664 -14.395572 29.410402 -1.1e-05 -8.774797 3e-06 16.307547 -18.060951 6.112363 -0.609774 -1.795649 -3.889329 -4.807065 -11.046788 -2.93785 2.2e-05 -20.976004 8e-06 -5.019925 -25.033564 -4.031861 7e-06 -1e-06 -0.0 -10.634501 -5.686956 -3.565591 10.573255 -17.922932 -3.113901 1.3e-05 -13.821205 1.2e-05 -0.501739 -31.181549 -4.026981 -11.027654 -59.543125 7.338257 -13.982671 -7.150179 -2.875047 13.772692 -8.401488 -3.218245 0.347747 -34.211544 0.771683 -0.96303 -17.733404 2.621052 0.0 1e-06 2e-06 -17.346346 -20.095177 -4.201792 21.757488 -1.638384 3.866407 7e-06 -6.338822 6e-06 -1.697545 -22.591766 -6.193996 -1e-06 -2e-06 -2e-06 33.008831 -69.73101 160.9552 24.460762 -57.442753 5.654233 30.533487 -0.153837 0.069695 7.225749 -5.172203 6.543629 22.182112 -20.375975 49.933384 -16.701788 -16.743568 28.476568 -8e-06 -12.690611 1.4e-05 16.301327 -17.648582 2.479367 -0.105921 -1.51385 -4.275883 -5.039041 -5.612863 -2.953559 9e-06 -11.020525 1.1e-05 -6.111301 -15.895353 -3.84048 -1e-06 1e-06 -1e-06 -10.283373 -5.680278 -4.34184 11.0283 -11.302391 -2.372629 -1.384264 -14.238574 -6.320127 -0.625433 -26.924232 -3.827591 -4.210342 -50.30056 -3.234779 -13.708527 -7.363464 -3.720938 18.141161 -14.052726 -3.24267 -3e-06 -18.787277 2.6e-05 -0.429721 -8.456067 2.555528 3e-06 -1e-06 -3e-06 -15.923538 -20.094456 -5.47358 30.419239 -7.190819 1.735917 -4e-06 -8.16293 1.3e-05 -1.861926 -22.861519 -6.167917 2e-06 -3e-06 -3e-06 173.528152 8.318671 -3.746111 7.147178 0.054674 -0.134448 -77.165596 -3.172945 -0.370899 -5.525207 1.588135 2.175472 -0.999997 1e-06 0.0 -19.24938 -9.236666 -3.864569 28.668571 -0.01687 0.256826 -84.960999 -4.434258 -5.603781 -6.886323 0.698718 1.648183 -1.0 0.0 -0.0 
0.0 0.0 0.0 0.0 -0.0 0.0 -40.438927 99.09726 -83.227196 87.195084 6.971299 -75.708282 -6.852371 -4.137237 -0.152541 -13.074637 -1.359222 -0.666377 18.027079 -1.221472 -2.548682 21.326984 0.319721 2.636213 -2.574853 -0.466871 2.244808 -28.419949 0.747165 1.759864 6e-06 -0.0 -1e-06 -0.010265 0.023191 0.108124 -0.003548 0.056603 0.133363 -0.018542 -0.006317 0.07982 -150.381729 -64.619392 166.807114 37.723064 -47.628559 4.084891 28.122681 0.375493 0.165582 0.753416 -9.004574 7.244771 17.636766 -26.322899 52.411488 -19.466763 -14.395686 29.410566 2.1e-05 -8.774916 -1.3e-05 16.311033 -18.060131 6.13095 -0.609783 -1.795663 -3.889347 -4.807155 -11.046904 -2.937867 -4.1e-05 -20.976244 8e-06 -5.020089 -25.033937 -4.031966 5e-06 3e-06 0.0 -10.634613 -5.687018 -3.565606 10.573331 -17.923077 -3.113909 -2.6e-05 -13.821352 1e-06 -0.501838 -31.181978 -4.027108 -11.067966 -59.604862 7.44157 -13.982818 -7.150259 -2.87505 13.77283 -8.401529 -3.21825 0.34766 -34.211948 0.771681 -0.963073 -17.733624 2.621047 -1e-06 -1e-06 0.0 -17.346575 -20.095364 -4.201786 21.757744 -1.638353 3.866477 -1.2e-05 -6.338887 2e-06 -1.697662 -22.592066 -6.194113 -1e-06 -4e-06 -3e-06 31.93334 -69.590553 161.90361 24.223482 -56.774414 6.351842 30.897686 -0.088217 0.070407 7.602031 -5.686063 7.020057 22.182238 -20.375965 49.933445 -16.701801 -16.743532 28.476543 -3e-06 -12.690628 -2.4e-05 16.226589 -17.633539 2.516784 -0.105926 -1.513857 -4.27589 -5.039058 -5.612874 -2.953567 9e-06 -11.020542 3e-06 -6.111308 -15.895373 -3.840507 -1e-06 -0.0 -1e-06 -10.2834 -5.680294 -4.341859 11.028312 -11.302415 -2.372615 -1.384272 -14.238592 -6.320137 -0.625429 -26.924244 -3.827597 -4.233394 -50.266457 -3.21865 -13.708561 -7.363486 -3.720961 18.141184 -14.052756 -3.242647 1.1e-05 -18.787308 1.2e-05 -0.429708 -8.456079 2.555534 2e-06 2e-06 -3e-06 -15.923579 -20.094505 -5.47361 30.41927 -7.190855 1.735979 5e-06 -8.162946 9e-06 -1.861887 -22.861549 -6.167961 2e-06 -6e-06 -3e-06 174.110641 7.362473 -3.204113 6.606723 0.070041 -0.130091 -77.241829 -2.94051 -0.779749 -5.719573 1.62441 2.178499 -1.0 -1e-06 0.0 -17.915291 -8.292889 -4.156489 26.89942 0.010974 0.239327 -84.882584 -4.591248 -5.298943 -6.854304 0.702835 1.651729 -1.000001 0.0 -0.0 
0.0 0.0 0.0 0.0 -0.0 0.0 -40.18158 99.270317 -84.07692 87.880447 6.931289 -75.295685 -6.956329 -3.83039 -0.17208 -13.132279 -1.333831 -0.740057 17.873465 -0.948597 -2.612402 21.010305 0.227302 2.571607 -2.595412 -0.450055 2.214383 -27.953255 0.552235 1.855667 6e-06 -0.0 0.0 -0.016151 0.025739 0.101825 -0.014764 0.058785 0.12126 -0.033921 -0.003389 0.078978 -150.596695 -64.663162 166.77066 36.350681 -48.004353 5.654612 28.370924 0.36794 0.072684 0.929847 -9.926441 7.621285 17.636702 -26.322897 52.411564 -19.466831 -14.395676 29.410666 1.1e-05 -8.774912 -1e-06 16.29743 -18.045597 6.107678 -0.609782 -1.795668 -3.88935 -4.807142 -11.046923 -2.937883 -2e-05 -20.976294 -1.8e-05 -5.020047 -25.034016 -4.03198 7e-06 1e-06 2e-06 -10.634601 -5.687025 -3.565609 10.573335 -17.923109 -3.11394 -1e-05 -13.821392 -1e-05 -0.501769 -31.182116 -4.027145 -11.130655 -59.698463 7.481565 -13.9828 -7.150268 -2.875057 13.772821 -8.401551 -3.218274 0.347701 -34.212051 0.771632 -0.96305 -17.733685 2.621035 1e-06 1e-06 -1e-06 -17.346548 -20.095388 -4.201802 21.757727 -1.638357 3.866462 -7e-06 -6.338902 -4e-06 -1.697613 -22.592154 -6.194152 1e-06 -7e-06 -3e-06 30.878906 -69.34761 162.737259 23.831322 -56.104538 6.480627 31.350296 -0.076972 0.045525 8.047394 -5.547669 6.634172 22.182219 -20.375944 49.933483 -16.701794 -16.743624 28.476599 3.9e-05 -12.690697 -7e-06 16.201344 -17.642771 2.572026 -0.105926 -1.513856 -4.275894 -5.039087 -5.612895 -2.953558 -2.6e-05 -11.020562 6e-06 -6.111407 -15.895447 -3.840512 -2e-06 1e-06 -0.0 -10.28343 -5.68032 -4.341849 11.028324 -11.302399 -2.372625 -1.384326 -14.238633 -6.320154 -0.625507 -26.924337 -3.827654 -4.293387 -50.317413 -3.209351 -13.7086 -7.36352 -3.720944 18.141211 -14.052722 -3.242657 -5.4e-05 -18.787336 9e-06 -0.429739 -8.4561 2.555525 1e-06 -0.0 0.0 -15.923664 -20.094559 -5.473577 30.419371 -7.190768 1.73598 -2e-05 -8.162953 5e-06 -1.861996 -22.861618 -6.168007 0.0 -3e-06 -3e-06 174.683533 6.427038 -2.630047 6.058195 0.080301 -0.134146 -77.27253 -2.786849 -1.120016 -5.863813 1.64336 2.17483 -1.000003 -2e-06 0.0 -16.607071 -7.285158 -4.140908 25.151335 0.032191 0.206622 -84.789429 -5.044898 -5.009323 -6.831037 0.717489 1.660303 -1.000001 0.0 0.0 
0.0 0.0 0.0 0.0 -0.0 0.0 -39.902531 99.381676 -84.769081 88.531136 6.928354 -74.948997 -7.09878 -3.522963 -0.204159 -13.159071 -1.304992 -0.787109 17.721247 -0.692052 -2.616601 20.673882 0.198082 2.52501 -2.621377 -0.412024 2.105881 -27.521585 0.348932 1.889471 6e-06 0.0 1e-06 -0.024031 0.027167 0.092755 -0.029833 0.054018 0.10815 -0.047355 0.003625 0.073173 -150.904678 -64.609024 166.93277 34.888588 -48.008904 7.349407 28.833586 0.28492 -0.007652 1.022582 -10.487231 7.731213 17.636593 -26.32263 52.410984 -19.466654 -14.395575 29.410303 -2.5e-05 -8.774798 -4e-06 16.239887 -18.063282 6.08489 -0.60977 -1.79565 -3.889316 -4.807047 -11.046763 -2.93785 6.7e-05 -20.975948 -9e-06 -5.019869 -25.033468 -4.031857 5e-06 -3e-06 1e-06 -10.634501 -5.686938 -3.565577 10.573286 -17.922915 -3.113909 4e-05 -13.821163 5e-06 -0.501688 -31.181412 -4.026969 -11.210946 -59.793335 7.482733 -13.982669 -7.150154 -2.875037 13.772709 -8.401497 -3.218242 0.347836 -34.211437 0.771642 -0.962986 -17.733343 2.621049 0.0 -1e-06 0.0 -17.346334 -20.095125 -4.201779 21.75749 -1.638417 3.866399 1.8e-05 -6.3388 2e-06 -1.697508 -22.59166 -6.193983 0.0 -4e-06 -3e-06 29.873636 -69.066116 163.488907 23.531733 -55.373585 6.052887 31.645872 -0.254069 -0.012819 8.30232 -5.10182 6.17912 22.18203 -20.375811 49.93314 -16.701811 -16.743475 28.476448 -2.8e-05 -12.690549 8e-06 16.246918 -17.713976 2.6274 -0.105916 -1.513855 -4.275869 -5.039012 -5.612851 -2.953548 2.3e-05 -11.020494 -1.1e-05 -6.111226 -15.895291 -3.840469 0.0 0.0 -0.0 -10.283332 -5.680263 -4.341826 11.028275 -11.30239 -2.372635 -1.38423 -14.238541 -6.320107 -0.625364 -26.924149 -3.827594 -4.41038 -50.444012 -3.146309 -13.708478 -7.363443 -3.720925 18.141115 -14.05273 -3.242685 5e-05 -18.787222 -1.7e-05 -0.429692 -8.456029 2.5555 0.0 2e-06 1e-06 -15.923463 -20.094418 -5.473574 30.419111 -7.190847 1.735888 1.7e-05 -8.162901 -5e-06 -1.861826 -22.861418 -6.16793 1e-06 -7e-06 -2e-06 175.043518 5.55584 -2.277884 5.784263 0.078024 -0.141225 -77.464905 -2.644397 -1.318869 -5.956448 1.644859 2.169807 -1.0 -2e-06 -0.0 -15.50266 -6.308295 -4.032509 23.618876 0.043235 0.15868 -84.603973 -5.493814 -4.87434 -6.748265 0.74334 1.674204 -1.000001 0.0 0.0 
0.0 0.0 0.0 0.0 -0.0 0.0 -39.59576 99.442497 -85.146919 89.072113 6.938717 -74.714363 -7.209794 -3.239684 -0.18656 -13.16713 -1.268957 -0.84511 17.594006 -0.492378 -2.495398 20.385426 0.217212 2.468507 -2.642745 -0.408771 2.035795 -27.254288 0.190074 1.826279 6e-06 0.0 0.0 -0.032866 0.025323 0.058815 -0.049833 0.040018 0.073034 -0.058383 0.012629 0.038719 -151.162445 -64.559471 167.07663 33.813103 -47.837543 8.808616 29.06542 0.130289 -0.042039 1.010719 -10.51952 7.727808 17.636644 -26.322874 52.411297 -19.46686 -14.395717 29.41057 -2.7e-05 -8.774887 1.4e-05 16.186228 -18.087122 6.05809 -0.60977 -1.795663 -3.88934 -4.807083 -11.046875 -2.937862 6e-05 -20.976233 3e-06 -5.019968 -25.033875 -4.031866 6e-06 -1e-06 2e-06 -10.634547 -5.686973 -3.565591 10.573377 -17.9231 -3.113942 3.3e-05 -13.821343 1.4e-05 -0.501721 -31.181948 -4.026995 -11.238271 -59.82732 7.462714 -13.982737 -7.150199 -2.875038 13.772819 -8.401579 -3.218287 0.347824 -34.211933 0.771661 -0.963007 -17.73362 2.621078 1e-06 -0.0 0.0 -17.346426 -20.09527 -4.201778 21.757658 -1.638429 3.866395 1.6e-05 -6.338882 2e-06 -1.697529 -22.592045 -6.194052 0.0 -4e-06 -2e-06 28.989721 -68.866951 164.070389 23.390026 -54.68132 5.788536 31.783354 -0.460482 -0.057304 8.323491 -4.57555 5.744553 22.182077 -20.375959 49.933353 -16.701944 -16.743591 28.476637 -5.1e-05 -12.690626 2.6e-05 16.231657 -17.799208 2.680637 -0.105911 -1.51386 -4.27589 -5.039026 -5.612874 -2.953556 4.2e-05 -11.020566 -1.1e-05 -6.111243 -15.895397 -3.840484 -2e-06 2e-06 1e-06 -10.283364 -5.680276 -4.341843 11.028347 -11.302464 -2.37266 -1.384212 -14.238628 -6.320136 -0.625335 -26.924368 -3.827601 -4.5214 -50.415039 -3.099503 -13.70852 -7.363459 -3.720938 18.141228 -14.052818 -3.242727 6.5e-05 -18.787336 -6e-06 -0.429688 -8.456089 2.555521 0.0 -1e-06 -2e-06 -15.923493 -20.094484 -5.473592 30.419271 -7.190908 1.735851 2.3e-05 -8.162953 -2e-06 -1.861827 -22.861589 -6.167948 -1e-06 -3e-06 -4e-06 175.191589 4.821163 -2.278185 5.85096 0.067514 -0.139895 -77.778336 -2.388439 -1.288522 -6.031306 1.618751 2.165422 -1.000002 1e-06 1e-06 -14.67883 -5.478156 -4.024035 22.477041 0.035871 0.145026 -84.345337 -5.829657 -4.832624 -6.631752 0.804495 1.692166 -1.000003 0.0 -0.0 
