HIERARCHY
ROOT Root
{
  OFFSET 0.0 0.0 0.0
  CHANNELS 6 Xposition Yposition Zposition Zrotation Yrotation Xrotation
  JOINT Hips
  {
    OFFSET 0.0 100.0 0.0
    CHANNELS 6 Xposition Yposition Zposition Zrotation Yrotation Xrotation
    JOINT Spine1
    {
      OFFSET -0.013727 5.003763 -0.053727
      CHANNELS 3 Zrotation Yrotation Xrotation
      JOINT Spine2
      {
        OFFSET -0.0 7.125301 -0.029825
        CHANNELS 3 Zrotation Yrotation Xrotation
        JOINT Chest
        {
          OFFSET -1e-06 7.550063 -0.815971
          CHANNELS 3 Zrotation Yrotation Xrotation
          JOINT Neck1
          {
            OFFSET -0.181677 26.311295 -0.553348
            CHANNELS 3 Zrotation Yrotation Xrotation
            JOINT Neck2
            {
              OFFSET -3e-06 7.709397 2.302585
              CHANNELS 3 Zrotation Yrotation Xrotation
              JOINT Head
              {
                OFFSET -5e-06 6.128916 1.953709
                CHANNELS 3 Zrotation Yrotation Xrotation
                JOINT HeadEnd
                {
                  OFFSET 0.003598 16.065403 -1.835379
                  CHANNELS 3 Zrotation Yrotation Xrotation
                }
                JOINT Jaw
                {
                  OFFSET 0.002637 0.475592 3.094941
                  CHANNELS 3 Zrotation Yrotation Xrotation
                }
                JOINT LeftEye
                {
                  OFFSET 3.206381 5.380205 7.586883
                  CHANNELS 3 Zrotation Yrotation Xrotation
                }
                JOINT RightEye
                {
                  OFFSET -3.22244 5.361869 7.558234
                  CHANNELS 3 Zrotation Yrotation Xrotation
                }
              }
            }
          }
          JOINT LeftShoulder
          {
            OFFSET 1.621652 23.237164 5.113413
            CHANNELS 3 Zrotation Yrotation Xrotation
            JOINT LeftArm
            {
              OFFSET 14.919846 2e-06 -5.502326
              CHANNELS 3 Zrotation Yrotation Xrotation
              JOINT LeftForeArm
              {
                OFFSET 28.739307 0.0 -0.002588
                CHANNELS 3 Zrotation Yrotation Xrotation
                JOINT LeftHand
                {
                  OFFSET 27.093981 -1e-06 0.002609
                  CHANNELS 3 Zrotation Yrotation Xrotation
                  JOINT LeftHandThumb1
                  {
                    OFFSET 2.276482 -1.392045 3.191413
                    CHANNELS 3 Zrotation Yrotation Xrotation
                    JOINT LeftHandThumb2
                    {
                      OFFSET 4.012836 -1.828127 1.641654
                      CHANNELS 3 Zrotation Yrotation Xrotation
                      JOINT LeftHandThumb3
                      {
                        OFFSET 2.798515 0.0 -3e-06
                        CHANNELS 3 Zrotation Yrotation Xrotation
                        JOINT LeftHandThumbEnd
                        {
                          OFFSET 3.180793 -4e-06 4e-06
                          CHANNELS 3 Zrotation Yrotation Xrotation
                        }
                      }
                    }
                  }
                  JOINT LeftHandIndex1
                  {
                    OFFSET 3.247555 -0.531998 2.296169
                    CHANNELS 3 Zrotation Yrotation Xrotation
                    JOINT LeftHandIndex2
                    {
                      OFFSET 6.364578 0.01206 0.1786
                      CHANNELS 3 Zrotation Yrotation Xrotation
                      JOINT LeftHandIndex3
                      {
                        OFFSET 3.662364 0.0 0.0
                        CHANNELS 3 Zrotation Yrotation Xrotation
                        JOINT LeftHandIndex4
                        {
                          OFFSET 2.329242 4e-06 4e-06
                          CHANNELS 3 Zrotation Yrotation Xrotation
                          JOINT LeftHandIndexEnd
                          {
                            OFFSET 2.759615 -0.180537 -0.113024
                            CHANNELS 3 Zrotation Yrotation Xrotation
                          }
                        }
                      }
                    }
                  }
                  JOINT LeftHandMiddle1
                  {
                    OFFSET 3.163495 0.240981 1.000332
                    CHANNELS 3 Zrotation Yrotation Xrotation
                    JOINT LeftHandMiddle2
                    {
                      OFFSET 6.19078 -0.259278 -1.002548
                      CHANNELS 3 Zrotation Yrotation Xrotation
                      JOINT LeftHandMiddle3
                      {
                        OFFSET 4.35652 -4e-06 -1e-06
                        CHANNELS 3 Zrotation Yrotation Xrotation
                        JOINT LeftHandMiddle4
                        {
                          OFFSET 2.996877 -8e-06 0.0
                          CHANNELS 3 Zrotation Yrotation Xrotation
                          JOINT LeftHandMiddleEnd
                          {
                            OFFSET 2.304287 -0.294569 -0.031741
                            CHANNELS 3 Zrotation Yrotation Xrotation
                          }
                        }
                      }
                    }
                  }
                  JOINT LeftHandRing1
                  {
                    OFFSET 2.882643 -0.053652 -0.322543
                    CHANNELS 3 Zrotation Yrotation Xrotation
                    JOINT LeftHandRing2
                    {
                      OFFSET 5.854541 -0.486202 -1.373841
                      CHANNELS 3 Zrotation Yrotation Xrotation
                      JOINT LeftHandRing3
                      {
                        OFFSET 4.350578 0.0 3e-06
                        CHANNELS 3 Zrotation Yrotation Xrotation
                        JOINT LeftHandRing4
                        {
                          OFFSET 2.651321 7e-06 2e-06
                          CHANNELS 3 Zrotation Yrotation Xrotation
                          JOINT LeftHandRingEnd
                          {
                            OFFSET 1.936105 0.077687 -7.1e-05
                            CHANNELS 3 Zrotation Yrotation Xrotation
                          }
                        }
                      }
                    }
                  }
                  JOINT LeftHandPinky1
                  {
                    OFFSET 2.8655 -0.310005 -1.600378
                    CHANNELS 3 Zrotation Yrotation Xrotation
                    JOINT LeftHandPinky2
                    {
                      OFFSET 5.087849 -1.331141 -1.77123
                      CHANNELS 3 Zrotation Yrotation Xrotation
                      JOINT LeftHandPinky3
                      {
                        OFFSET 3.070974 4e-06 0.0
                        CHANNELS 3 Zrotation Yrotation Xrotation
                        JOINT LeftHandPinky4
                        {
                          OFFSET 1.549672 0.0 1e-06
                          CHANNELS 3 Zrotation Yrotation Xrotation
                          JOINT LeftHandPinkyEnd
                          {
                            OFFSET 1.944893 -0.157802 0.057219
                            CHANNELS 3 Zrotation Yrotation Xrotation
                          }
                        }
                      }
                    }
                  }
                }
              }
            }
          }
          JOINT RightShoulder
          {
            OFFSET -1.380118 23.180309 5.214158
            CHANNELS 3 Zrotation Yrotation Xrotation
            JOINT RightArm
            {
              OFFSET -15.037196 1.2e-05 -5.545604
              CHANNELS 3 Zrotation Yrotation Xrotation
              JOINT RightForeArm
              {
                OFFSET -28.736639 2e-06 -0.002597
                CHANNELS 3 Zrotation Yrotation Xrotation
                JOINT RightHand
                {
                  OFFSET -27.133619 -0.0 0.002613
                  CHANNELS 3 Zrotation Yrotation Xrotation
                  JOINT RightHandThumb1
                  {
                    OFFSET -2.274032 -1.383988 3.163127
                    CHANNELS 3 Zrotation Yrotation Xrotation
                    JOINT RightHandThumb2
                    {
                      OFFSET -4.011429 -1.827466 1.640914
                      CHANNELS 3 Zrotation Yrotation Xrotation
                      JOINT RightHandThumb3
                      {
                        OFFSET -2.794935 -4e-06 -3e-06
                        CHANNELS 3 Zrotation Yrotation Xrotation
                        JOINT RightHandThumbEnd
                        {
                          OFFSET -3.183852 4e-06 1e-06
                          CHANNELS 3 Zrotation Yrotation Xrotation
                        }
                      }
                    }
                  }
                  JOINT RightHandIndex1
                  {
                    OFFSET -3.253266 -0.520057 2.282866
                    CHANNELS 3 Zrotation Yrotation Xrotation
                    JOINT RightHandIndex2
                    {
                      OFFSET -6.341917 0.012471 0.178266
                      CHANNELS 3 Zrotation Yrotation Xrotation
                      JOINT RightHandIndex3
                      {
                        OFFSET -3.654871 -8e-06 -0.0
                        CHANNELS 3 Zrotation Yrotation Xrotation
                        JOINT RightHandIndex4
                        {
                          OFFSET -2.327586 0.0 1e-06
                          CHANNELS 3 Zrotation Yrotation Xrotation
                          JOINT RightHandIndexEnd
                          {
                            OFFSET -2.76179 -0.180656 -0.113078
                            CHANNELS 3 Zrotation Yrotation Xrotation
                          }
                        }
                      }
                    }
                  }
                  JOINT RightHandMiddle1
                  {
                    OFFSET -3.168106 0.246593 1.00103
                    CHANNELS 3 Zrotation Yrotation Xrotation
                    JOINT RightHandMiddle2
                    {
                      OFFSET -6.180828 -0.258836 -1.000895
                      CHANNELS 3 Zrotation Yrotation Xrotation
                      JOINT RightHandMiddle3
                      {
                        OFFSET -4.348901 0.0 -0.0
                        CHANNELS 3 Zrotation Yrotation Xrotation
                        JOINT RightHandMiddle4
                        {
                          OFFSET -3.00024 -4e-06 -2e-06
                          CHANNELS 3 Zrotation Yrotation Xrotation
                          JOINT RightHandMiddleEnd
                          {
                            OFFSET -2.30252 -0.29437 -0.031706
                            CHANNELS 3 Zrotation Yrotation Xrotation
                          }
                        }
                      }
                    }
                  }
                  JOINT RightHandRing1
                  {
                    OFFSET -2.88569 -0.067952 -0.308858
                    CHANNELS 3 Zrotation Yrotation Xrotation
                    JOINT RightHandRing2
                    {
                      OFFSET -5.854198 -0.48613 -1.373731
                      CHANNELS 3 Zrotation Yrotation Xrotation
                      JOINT RightHandRing3
                      {
                        OFFSET -4.33881 -4e-06 -0.0
                        CHANNELS 3 Zrotation Yrotation Xrotation
                        JOINT RightHandRing4
                        {
                          OFFSET -2.654903 -4e-06 4e-06
                          CHANNELS 3 Zrotation Yrotation Xrotation
                          JOINT RightHandRingEnd
                          {
                            OFFSET -1.933568 0.077527 -5.2e-05
                            CHANNELS 3 Zrotation Yrotation Xrotation
                          }
                        }
                      }
                    }
                  }
                  JOINT RightHandPinky1
                  {
                    OFFSET -2.866425 -0.342796 -1.584145
                    CHANNELS 3 Zrotation Yrotation Xrotation
                    JOINT RightHandPinky2
                    {
                      OFFSET -5.091371 -1.332055 -1.772385
                      CHANNELS 3 Zrotation Yrotation Xrotation
                      JOINT RightHandPinky3
                      {
                        OFFSET -3.062664 -4e-06 1e-06
                        CHANNELS 3 Zrotation Yrotation Xrotation
                        JOINT RightHandPinky4
                        {
                          OFFSET -1.546529 4e-06 -2e-06
                          CHANNELS 3 Zrotation Yrotation Xrotation
                          JOINT RightHandPinkyEnd
                          {
                            OFFSET -1.945119 -0.157718 0.057211
                            CHANNELS 3 Zrotation Yrotation Xrotation
                          }
                        }
                      }
                    }
                  }
                }
              }
            }
          }
        }
      }
    }
    JOINT LeftLeg
    {
      OFFSET 10.043214 -8.434526 2.595655
      CHANNELS 3 Zrotation Yrotation Xrotation
      JOINT LeftShin
      {
        OFFSET -1e-06 -43.221752 -0.802913
        CHANNELS 3 Zrotation Yrotation Xrotation
        JOINT LeftFoot
        {
          OFFSET 1e-06 -42.155094 -3.481523
          CHANNELS 3 Zrotation Yrotation Xrotation
          JOINT LeftToeBase
          {
            OFFSET 0.0 -5.059472 13.231529
            CHANNELS 3 Zrotation Yrotation Xrotation
            JOINT LeftToeEnd
            {
              OFFSET -0.009607 -1.647619 6.513017
              CHANNELS 3 Zrotation Yrotation Xrotation
            }
          }
        }
      }
    }
    JOINT RightLeg
    {
      OFFSET -10.047278 -8.29526 2.620317
      CHANNELS 3 Zrotation Yrotation Xrotation
      JOINT RightShin
      {
        OFFSET 1e-06 -43.362206 -0.805556
        CHANNELS 3 Zrotation Yrotation Xrotation
        JOINT RightFoot
        {
          OFFSET 2e-06 -42.117393 -3.478398
          CHANNELS 3 Zrotation Yrotation Xrotation
          JOINT RightToeBase
          {
            OFFSET -0.0 -5.079609 13.284196
            CHANNELS 3 Zrotation Yrotation Xrotation
            JOINT RightToeEnd
            {
              OFFSET 0.009532 -1.634378 6.460591
              CHANNELS 3 Zrotation Yrotation Xrotation
            }
          }
        }
      }
    }
  }
}
MOTION
Frames: 120
Frame Time: 0.03333333333333333
0.0 0.0 0.0 0.0 -0.0 0.0 -0.328938 97.818932 -4.817784 0.617065 0.096948 -1.64389 -1.728897 -0.484898 1.40435 -0.736136 -1.07212 -4.070176 0.522869 -2.352155 12.509254 3.321094 1.790683 4.49927 -1.293879 -1.015226 -3.575552 -0.046273 -1.273576 -14.958605 7.7e-05 -2.2e-05 6e-06 0.009263 -0.188701 0.088913 0.695016 -3.93285 -10.544168 -0.676401 3.557697 -10.548472 -9.727943 -3.817706 13.332316 -64.483376 -11.389419 20.407747 -0.307873 -21.892756 0.067874 0.168083 3.002641 2.683189 -5.882027 9.861376 0.702426 -10.936905 -0.360661 7.156144 -9e-06 8.774786 -3e-06 -17.077629 18.943054 5.763641 -1.844027 2.498504 -2.507268 -10.163564 4.678936 4.621107 -20.975939 1.2e-05 -1.7e-05 -21.226219 2.451677 -3.59401 2e-06 -6e-06 -2e-06 -1.362685 2.240775 -0.746312 -21.334824 0.584954 3.00831 -13.821158 8e-06 -9e-06 -23.887077 -0.249082 -0.839506 -60.958885 2.506915 -1.241686 -0.294032 1.679657 0.833263 -14.218156 0.093264 1.300582 -34.211914 -0.287545 0.96714 -20.033161 0.964538 1.212826 -3e-06 2e-06 -0.0 -3.440372 0.788205 0.501674 -15.928142 -3.167243 2.999699 -6.338801 6e-06 -6e-06 -18.123417 3.648179 -4.905689 -3e-06 -1e-06 -4e-06 20.44116 5.583205 16.822699 57.502155 16.914278 7.161244 1.231563 21.967499 0.090569 -8.167779 -0.536501 -7.883972 2.243496 -5.255044 -3.180234 14.282906 -0.826595 6.952475 9e-06 -12.690614 -5e-06 16.60174 -17.787142 2.359796 1.665662 -1.955923 -2.878293 4.727791 -4.170596 4.993922 11.020509 -4e-06 -8e-06 12.109064 -3.73573 -2.866819 -1e-06 -0.0 -1e-06 1.291987 -1.928563 -1.498082 14.80009 0.567474 3.865607 14.242553 -1.341753 -6.660666 19.631975 0.143935 -0.648284 49.375 -0.435649 -6.124032 0.353029 -1.511165 -0.031933 20.222738 3.684313 2.316631 18.787243 -4e-06 -1.4e-05 10.751622 -0.479869 1.397907 0.0 -0.0 2e-06 3.27379 0.305918 -0.580099 21.486767 11.830402 2.266151 8.162911 -2e-06 -4e-06 18.399092 -3.798986 -4.940616 4e-06 -0.0 -3e-06 -5.510298 0.446946 12.922795 0.015574 0.2454 2.538398 4.211576 -0.886049 -14.511833 1.625396 -1.807454 -1.881106 0.0 0.0 1e-06 -4.782858 1.368798 -33.935555 -0.163592 -0.006149 65.359055 0.904173 -9.733464 3.190378 -1.540089 1.048668 -4.025657 -0.0 -0.0 2e-06 
0.0 0.0 0.0 0.0 -0.0 0.0 0.064803 97.554329 -3.200754 -0.295279 0.322125 -1.453844 -1.32621 -0.547862 1.607302 -0.591405 -1.39213 -3.978394 0.869716 -2.916614 12.613858 3.715966 1.555206 4.237384 -1.384292 -1.090238 -3.600655 -0.19539 -1.261363 -14.970017 7.7e-05 -2.2e-05 6e-06 0.009627 -0.175308 0.042294 0.692183 -3.912392 -10.564176 -0.672222 3.561229 -10.560826 -9.034489 -4.300376 13.439993 -64.125618 -12.31337 19.376106 -0.350047 -22.506763 0.052543 -0.09029 3.259462 3.058193 -5.882049 9.861256 0.702847 -10.936841 -0.360544 7.156363 1.1e-05 8.774827 4e-06 -16.901789 18.682926 5.816408 -1.844028 2.498502 -2.507283 -10.163573 4.678926 4.621079 -20.975994 -3.1e-05 -1e-06 -21.226301 2.451645 -3.594028 1e-06 -9e-06 -3e-06 -1.362666 2.240778 -0.746343 -21.334877 0.584895 3.008304 -13.821197 -1.8e-05 9e-06 -23.887207 -0.249133 -0.839477 -61.017128 2.372674 -1.087188 -0.294006 1.679661 0.833236 -14.218196 0.093215 1.300562 -34.212017 -0.287593 0.967201 -20.033241 0.964538 1.212881 -3e-06 -1e-06 0.0 -3.440332 0.788187 0.501623 -15.928189 -3.167287 2.999704 -6.338819 -8e-06 6e-06 -18.123472 3.648133 -4.905694 -5e-06 -1e-06 -2e-06 20.94681 5.16552 16.81008 56.714775 16.830767 7.159424 1.178496 22.758053 0.084499 -8.198568 0.280187 -7.487845 2.243537 -5.254986 -3.179909 14.282843 -0.826603 6.952635 -1.4e-05 -12.690595 7e-06 16.643763 -17.82061 2.349566 1.665667 -1.955925 -2.878314 4.727807 -4.170587 4.993899 11.020557 9e-06 -9e-06 12.109136 -3.735695 -2.866842 1e-06 -0.0 -1e-06 1.291984 -1.92854 -1.498114 14.80014 0.567466 3.865593 14.24261 -1.341714 -6.660699 19.632133 0.143974 -0.648297 49.668537 -0.458641 -6.083543 0.353031 -1.511145 -0.03197 20.222811 3.684306 2.316613 18.787331 1.8e-05 -3e-06 10.751676 -0.47987 1.397924 -1e-06 2e-06 -2e-06 3.27381 0.305964 -0.580155 21.486814 11.830349 2.266121 8.162946 5e-06 3e-06 18.399197 -3.798949 -4.94061 4e-06 3e-06 -1e-06 -4.592713 1.120087 13.989736 -0.007124 0.171036 2.325519 4.368083 -1.743868 -15.224546 1.642363 -1.835866 -1.748832 -0.0 0.0 -1e-06 -2.115406 0.302533 -36.941616 -0.173066 0.034268 60.879826 1.414417 -8.182808 2.342933 -1.502633 1.047207 -3.866829 0.0 -0.0 -5e-06 
0.0 0.0 0.0 0.0 -0.0 0.0 0.517713 97.182121 -1.460458 -1.007822 0.688266 -1.036617 -1.134962 -0.589784 1.682247 -0.522175 -1.815147 -3.955961 1.286526 -3.40796 12.786874 4.263512 1.316779 3.842219 -1.438597 -1.279656 -3.658245 -0.543263 -1.291133 -14.836652 7.7e-05 -2.2e-05 6e-06 0.009835 -0.193664 0.024911 0.673121 -3.922748 -10.57451 -0.65219 3.532626 -10.560072 -8.086357 -5.063078 13.344146 -63.924103 -13.016477 18.684818 -0.313235 -23.361624 -0.004313 -0.508342 3.569311 3.163662 -5.882186 9.861135 0.702641 -10.936784 -0.360469 7.156225 -8e-06 8.774895 -1.2e-05 -16.780188 18.529274 5.846659 -1.844044 2.498508 -2.507283 -10.163665 4.678995 4.621087 -20.976187 6e-06 6e-06 -21.226561 2.451755 -3.594086 1e-06 -6e-06 -0.0 -1.362706 2.24087 -0.74633 -21.335026 0.584854 3.008332 -13.821318 -0.0 1e-06 -23.887526 -0.249065 -0.839532 -61.036655 2.331988 -1.045637 -0.294058 1.679782 0.833253 -14.218253 0.093125 1.300587 -34.212345 -0.287558 0.96717 -20.03339 0.964536 1.212856 1e-06 -1e-06 -1e-06 -3.440495 0.788379 0.501632 -15.928174 -3.167468 2.999742 -6.338873 -0.0 -3e-06 -18.123695 3.648205 -4.905748 -2e-06 1e-06 -2e-06 21.633091 4.710018 16.732185 55.764145 16.539789 6.960145 1.026011 23.336018 0.021564 -8.152111 0.600559 -6.848011 2.243546 -5.254878 -3.180088 14.282813 -0.826712 6.952549 -7e-06 -12.690688 -1.1e-05 16.592794 -17.778925 2.40781 1.665676 -1.955921 -2.878309 4.727821 -4.170622 4.993907 11.020586 9e-06 -5e-06 12.109166 -3.735753 -2.86684 2e-06 0.0 1e-06 1.292001 -1.928614 -1.4981 14.800183 0.567535 3.865604 14.242643 -1.341743 -6.66069 19.632168 0.143954 -0.648282 49.8578 -0.469869 -6.056409 0.353051 -1.511233 -0.031948 20.222866 3.684423 2.316642 18.787374 2.2e-05 -1.1e-05 10.751683 -0.479854 1.397922 -1e-06 1e-06 0.0 3.27388 0.305833 -0.580146 21.486853 11.830573 2.266191 8.162968 1.1e-05 -7e-06 18.399248 -3.79897 -4.940647 5e-06 -0.0 -2e-06 -3.851091 1.616968 14.91193 -0.02489 0.138102 2.196474 4.788063 -2.633876 -16.024654 1.665005 -1.817863 -1.640718 0.0 0.0 5e-06 0.605298 -1.066347 -39.096977 -0.109777 0.053158 53.092514 2.844906 -6.009274 2.149813 -1.476281 1.057848 -3.907597 0.0 -0.0 -4e-06 
0.0 0.0 0.0 0.0 -0.0 0.0 0.938428 96.649048 0.579616 -1.267725 1.170189 -0.523396 -1.283785 -0.590282 1.711445 -0.550606 -2.229497 -4.011398 1.581877 -3.875894 12.98176 5.111757 1.050359 3.401147 -1.564429 -1.525239 -3.681391 -0.940677 -1.384824 -14.752819 7.7e-05 -2.2e-05 6e-06 0.005212 -0.207807 0.031198 0.65674 -3.934923 -10.58666 -0.644889 3.515787 -10.561469 -6.956995 -5.948497 13.291868 -63.702579 -13.914644 18.626101 -0.222397 -24.125301 -0.077072 -1.035536 3.754999 3.40482 -5.882171 9.861115 0.702792 -10.936666 -0.360386 7.156353 5.1e-05 8.774883 -2e-06 -16.723825 18.45376 5.843119 -1.844041 2.498496 -2.507293 -10.163635 4.678916 4.62107 -20.976183 -0.000128 2e-05 -21.226503 2.451576 -3.593992 1e-06 -6e-06 -1e-06 -1.362656 2.240816 -0.746336 -21.335066 0.584772 3.008307 -13.821311 -8.3e-05 2e-05 -23.887505 -0.249257 -0.839406 -61.068954 2.376179 -1.076709 -0.29399 1.679714 0.833239 -14.21832 0.093104 1.30056 -34.212337 -0.287748 0.96726 -20.033403 0.964465 1.212947 5e-06 -2e-06 -1e-06 -3.440375 0.788229 0.501602 -15.928288 -3.167418 2.999712 -6.338867 -3.9e-05 1e-06 -18.123665 3.648037 -4.905697 -3e-06 -1e-06 -0.0 22.419949 4.149125 16.627874 55.007256 16.112617 6.365001 0.742077 23.478687 -0.077546 -8.175703 0.581537 -6.383045 2.243597 -5.255025 -3.180033 14.282753 -0.826567 6.952589 -4.7e-05 -12.69056 7e-06 16.540554 -17.733147 2.477839 1.665677 -1.955922 -2.878307 4.727821 -4.170559 4.993901 11.020609 3.9e-05 -0.0 12.109191 -3.735626 -2.866803 -1e-06 -0.0 -1e-06 1.291987 -1.928516 -1.498111 14.800221 0.567461 3.865592 14.242675 -1.341673 -6.660679 19.632288 0.144016 -0.648239 50.06752 -0.449408 -6.009609 0.35303 -1.511103 -0.031968 20.222916 3.684293 2.316613 18.78742 6.4e-05 1.2e-05 10.751717 -0.479849 1.397934 1e-06 -1e-06 -0.0 3.273854 0.306031 -0.58016 21.486904 11.830265 2.266104 8.162985 2.8e-05 -2e-06 18.399321 -3.798871 -4.940585 5e-06 1e-06 0.0 -3.58004 1.99712 15.819622 -0.019979 0.140843 2.218493 5.306639 -3.303071 -16.910654 1.681042 -1.806498 -1.654412 0.0 0.0 2e-06 2.737826 -2.033249 -39.812943 -0.028849 0.004113 42.044868 5.050964 -4.003694 2.582998 -1.472636 1.100676 -4.085335 -0.0 -0.0 1e-06 
0.0 0.0 0.0 0.0 -0.0 0.0 1.31272 95.940536 3.031939 -1.079858 1.880865 -0.032661 -1.717529 -0.569483 1.705522 -0.676787 -2.606493 -4.102095 1.670986 -4.356973 13.176332 6.216326 0.75188 3.018014 -1.720599 -1.777631 -3.656641 -1.305926 -1.604827 -14.89418 7.7e-05 -2.2e-05 6e-06 0.001339 -0.172981 0.052294 0.654199 -3.902688 -10.59456 -0.650335 3.553945 -10.566743 -5.685535 -6.904231 13.34199 -63.424446 -15.164796 18.852474 -0.150063 -24.621071 -0.123082 -1.642494 3.857601 3.786531 -5.882008 9.861467 0.702339 -10.936971 -0.360715 7.156107 -2.4e-05 8.774772 -3e-06 -16.713764 18.413614 5.835876 -1.844022 2.498502 -2.507255 -10.163546 4.678937 4.621124 -20.975899 4.9e-05 -1.4e-05 -21.2262 2.451727 -3.594028 0.0 -6e-06 -1e-06 -1.362682 2.24075 -0.746301 -21.334766 0.584994 3.008318 -13.82113 2.9e-05 -9e-06 -23.887011 -0.249023 -0.839526 -61.110352 2.463698 -1.183198 -0.29403 1.679625 0.833274 -14.218114 0.093301 1.300591 -34.211838 -0.287486 0.967116 -20.033134 0.964569 1.212803 -1e-06 1e-06 -0.0 -3.44034 0.788163 0.501707 -15.928112 -3.167194 2.999688 -6.33879 1.4e-05 0.0 -18.12336 3.648221 -4.90568 -3e-06 -0.0 0.0 23.245005 3.526129 16.474144 54.614265 15.397152 5.196525 0.46863 23.217461 -0.137968 -8.114614 0.50687 -6.426088 2.243475 -5.255143 -3.180379 14.282958 -0.826567 6.952392 1.6e-05 -12.690597 -1e-06 16.501245 -17.766233 2.569415 1.665656 -1.95592 -2.878284 4.727772 -4.170586 4.993938 11.020455 -1e-05 -7e-06 12.108982 -3.735734 -2.866788 1e-06 0.0 -0.0 1.291976 -1.928541 -1.498063 14.800038 0.567456 3.865609 14.242483 -1.341759 -6.660637 19.631821 0.143921 -0.648262 50.33913 -0.41642 -5.948781 0.353019 -1.511143 -0.031911 20.22267 3.684289 2.316627 18.787155 -1.7e-05 -1.5e-05 10.751581 -0.479871 1.397891 1e-06 -0.0 2e-06 3.273739 0.30595 -0.580057 21.486727 11.830362 2.266132 8.16288 -4e-06 -2e-06 18.398977 -3.799005 -4.940592 1e-06 1e-06 -0.0 -3.671772 2.406303 16.874931 0.019459 0.13065 2.301686 5.678025 -3.910572 -17.837408 1.692217 -1.823345 -1.763705 0.0 0.0 5e-06 3.928077 -2.313064 -38.953575 0.045515 -0.101505 28.89683 7.531504 -3.449465 3.486714 -1.447026 1.146884 -4.087934 -1e-06 0.0 2e-06 
0.0 0.0 0.0 0.0 -0.0 0.0 1.611596 95.153221 5.833214 -0.664222 2.922703 0.490469 -2.261977 -0.587793 1.602428 -0.855328 -2.930705 -4.169895 1.599702 -4.82221 13.277783 7.443709 0.428833 2.656167 -1.869856 -2.040822 -3.634502 -1.592193 -1.914656 -15.039132 7.7e-05 -2.2e-05 7e-06 0.00816 -0.092112 0.063062 0.667143 -3.823993 -10.615993 -0.649916 3.639905 -10.590827 -4.572236 -7.833086 13.222238 -62.933739 -16.525057 19.090111 -0.095059 -24.866199 -0.170595 -2.169669 3.983494 4.077976 -5.882131 9.861256 0.70263 -10.936808 -0.360523 7.156247 2.1e-05 8.774831 -0.0 -16.733086 18.379255 5.866592 -1.844031 2.498499 -2.507278 -10.163589 4.678921 4.621098 -20.976042 -5.3e-05 1.9e-05 -21.226332 2.451639 -3.593983 -1e-06 -7e-06 -2e-06 -1.362665 2.24079 -0.746323 -21.334934 0.584866 3.008322 -13.821224 -3.3e-05 1.9e-05 -23.887264 -0.249149 -0.839434 -61.202335 2.544832 -1.301896 -0.294002 1.679677 0.833256 -14.218232 0.09319 1.300573 -34.212097 -0.287631 0.967221 -20.033266 0.964518 1.212894 3e-06 -1e-06 0.0 -3.44036 0.7882 0.501651 -15.928217 -3.167322 2.999704 -6.338832 -1.6e-05 5e-06 -18.123495 3.64812 -4.905665 -3e-06 -0.0 0.0 24.287529 2.914587 16.213177 54.336269 14.189141 3.61757 0.340253 22.679901 -0.136426 -7.642045 0.300467 -6.606934 2.243548 -5.254953 -3.180013 14.282765 -0.826631 6.952621 -1.7e-05 -12.690629 -0.0 16.453848 -17.816137 2.627419 1.665678 -1.955925 -2.878312 4.727836 -4.170598 4.993894 11.020637 1.3e-05 -1e-05 12.109272 -3.735712 -2.866863 2e-06 0.0 -0.0 1.292004 -1.928562 -1.498113 14.800214 0.567487 3.865593 14.242708 -1.341719 -6.660717 19.632357 0.143966 -0.648314 50.543957 -0.371275 -5.957289 0.353052 -1.511167 -0.031968 20.222906 3.684343 2.31662 18.787464 3.3e-05 -1.7e-05 10.751739 -0.47986 1.397924 -2e-06 0.0 0.0 3.273886 0.305927 -0.580167 21.486862 11.830405 2.266143 8.162998 1.3e-05 -1.4e-05 18.399397 -3.798917 -4.940674 3e-06 1e-06 -1e-06 -3.73347 2.875953 18.04225 0.029688 0.119346 2.393436 5.983751 -4.939679 -18.718912 1.713733 -1.83332 -2.022762 0.0 0.0 2e-06 4.265161 -1.963012 -37.562706 0.189143 -0.112619 16.567776 8.775613 -4.747889 4.427888 -1.380851 1.18138 -3.873926 0.0 -0.0 -0.0 
0.0 0.0 0.0 0.0 -0.0 0.0 1.776855 94.419205 8.81522 -0.496788 4.215628 1.183282 -2.650548 -0.681705 1.349422 -0.975868 -3.202487 -4.227846 1.542277 -5.226533 13.303433 8.664914 0.066271 2.091472 -2.049381 -2.228501 -3.622231 -1.91729 -2.206006 -15.04785 7.7e-05 -2.1e-05 6e-06 0.017358 -0.06771 0.0517 0.680326 -3.799568 -10.643362 -0.644837 3.66668 -10.626805 -3.665738 -8.555515 12.798421 -62.533516 -17.751703 18.857265 0.003135 -25.097668 -0.181719 -2.271301 4.019716 4.146087 -5.882224 9.861032 0.702835 -10.936647 -0.360323 7.156359 7e-06 8.77495 -3e-06 -16.657873 18.30658 5.898995 -1.844054 2.498507 -2.507301 -10.163734 4.679012 4.62106 -20.976357 -2.6e-05 -3e-06 -21.226786 2.451747 -3.594134 -1e-06 -7e-06 -2e-06 -1.36272 2.240911 -0.746342 -21.335161 0.584786 3.008316 -13.821424 -2.2e-05 -1.2e-05 -23.887812 -0.249121 -0.839564 -61.370533 2.614372 -1.381052 -0.294074 1.679839 0.833242 -14.218332 0.09304 1.300565 -34.212646 -0.287621 0.967168 -20.033558 0.964502 1.212872 -4e-06 -3e-06 -3e-06 -3.440567 0.788452 0.501589 -15.928201 -3.167591 2.999743 -6.33892 -8e-06 -1.1e-05 -18.123901 3.648178 -4.905814 -3e-06 -0.0 0.0 25.588768 2.432533 15.955061 53.951431 12.581914 2.235806 0.251432 21.957825 -0.095649 -6.795453 -0.382651 -6.969456 2.243602 -5.254716 -3.179825 14.282699 -0.826845 6.952707 -2e-05 -12.690768 -5e-06 16.385763 -17.895781 2.614347 1.665687 -1.955922 -2.87833 4.72786 -4.170649 4.993884 11.020695 1.8e-05 -7e-06 12.10935 -3.735779 -2.866893 -2e-06 -0.0 0.0 1.29202 -1.928656 -1.498126 14.800294 0.567591 3.865597 14.242782 -1.341735 -6.660742 19.6325 0.143964 -0.648318 50.436024 -0.378453 -6.133471 0.353073 -1.511296 -0.031975 20.223001 3.684525 2.316647 18.787561 3.8e-05 -1.5e-05 10.751775 -0.479852 1.397941 2e-06 0.0 -1e-06 3.273979 0.305748 -0.580209 21.486929 11.830733 2.266214 8.163044 1.7e-05 -1.3e-05 18.399529 -3.798949 -4.940721 2e-06 -0.0 -2e-06 -3.202699 3.256158 19.256287 -0.010548 0.178871 2.356067 6.176934 -6.425944 -19.439489 1.7833 -1.807242 -2.389951 0.0 0.0 3e-06 4.698003 -1.59189 -36.812191 0.237284 0.02921 8.214967 8.705256 -6.335369 5.370367 -1.319299 1.201319 -3.633164 0.0 -0.0 -4e-06 
0.0 0.0 0.0 0.0 -0.0 0.0 1.864481 93.748108 12.057558 -0.620223 5.719661 1.860467 -2.926887 -0.781668 1.144111 -1.06858 -3.530825 -4.290734 1.695752 -5.510239 13.243456 9.754759 -0.150502 1.387715 -2.205099 -2.454293 -3.595408 -2.172871 -2.479565 -15.190116 7.7e-05 -2.2e-05 6e-06 0.018117 -0.071945 0.060827 0.678553 -3.799769 -10.631461 -0.640696 3.659084 -10.608173 -2.741599 -9.211185 12.57236 -62.402916 -18.986023 17.844952 -0.102702 -25.731516 -0.152392 -2.023199 4.128428 4.236589 -5.882092 9.861366 0.702462 -10.936861 -0.360583 7.156187 6e-06 8.77481 3e-06 -16.660805 18.314777 5.921326 -1.844029 2.4985 -2.507267 -10.163576 4.678924 4.621113 -20.975988 -1.8e-05 8e-06 -21.226286 2.451666 -3.593986 -2e-06 -8e-06 -1e-06 -1.362673 2.240771 -0.74631 -21.334877 0.584913 3.008319 -13.821193 -1.1e-05 5e-06 -23.887175 -0.249108 -0.83946 -61.582962 2.730309 -1.326913 -0.294015 1.679653 0.833271 -14.218191 0.093232 1.300576 -34.212009 -0.287582 0.967188 -20.033226 0.964526 1.212858 1e-06 1e-06 3e-06 -3.440358 0.788179 0.501686 -15.928179 -3.167271 2.999686 -6.338818 -5e-06 4e-06 -18.123453 3.64815 -4.905664 -3e-06 -0.0 -1e-06 26.755598 1.994874 15.771211 53.768429 11.056955 1.13863 0.16344 20.778555 -0.078364 -5.729329 -1.276964 -7.001029 2.243562 -5.255064 -3.18028 14.282895 -0.82658 6.952433 -1.2e-05 -12.690595 -6e-06 16.357264 -17.814346 2.572459 1.665662 -1.95592 -2.87829 4.727786 -4.170579 4.993927 11.020514 1.3e-05 7e-06 12.10905 -3.735703 -2.866781 -1e-06 -0.0 0.0 1.291973 -1.928541 -1.498077 14.800117 0.567474 3.865616 14.242552 -1.341732 -6.660638 19.631994 0.143947 -0.648219 50.371292 -0.220831 -6.211291 0.353016 -1.511141 -0.031929 20.222769 3.684309 2.316643 18.787251 1.7e-05 1.4e-05 10.75163 -0.479861 1.39792 2e-06 -0.0 -0.0 3.273775 0.305966 -0.580084 21.486814 11.83036 2.266144 8.162921 1.1e-05 4e-06 18.399099 -3.798959 -4.940559 5e-06 -1e-06 -1e-06 -2.067695 3.750065 20.686592 -0.048213 0.115019 2.22245 5.9283 -8.178436 -19.340826 1.826071 -1.809326 -3.406188 0.0 0.0 5e-06 5.609274 -1.950178 -36.515102 0.25308 0.121489 4.792914 8.019976 -7.073841 5.692547 -1.299231 1.180304 -3.783958 -0.0 -0.0 4e-06 
0.0 0.0 0.0 0.0 -0.0 0.0 1.900786 93.188347 15.747613 -1.142557 7.464256 2.55202 -3.018512 -0.930159 0.924729 -1.111493 -3.926239 -4.412793 2.115179 -5.723496 13.075664 10.636446 -0.338877 0.554245 -2.376646 -2.739488 -3.549396 -2.372894 -2.844104 -15.356591 7.7e-05 -2.2e-05 6e-06 0.010206 -0.107746 0.069814 0.680879 -3.835027 -10.619887 -0.657525 3.62192 -10.591761 -1.833695 -9.797481 12.43861 -62.529133 -19.853039 16.867899 -0.299692 -26.884272 -0.058061 -1.811476 4.194892 4.394644 -5.882087 9.861299 0.702564 -10.936845 -0.360583 7.156217 -3e-06 8.77482 -3e-06 -16.661703 18.342026 5.935527 -1.844032 2.498503 -2.507278 -10.163604 4.678944 4.621098 -20.976053 -2e-06 -0.0 -21.226381 2.451688 -3.594029 1e-06 -7e-06 1e-06 -1.362686 2.240795 -0.746326 -21.334913 0.584912 3.008317 -13.821231 -4e-06 -0.0 -23.887299 -0.249095 -0.8395 -61.803276 2.75753 -1.241133 -0.294032 1.679685 0.833255 -14.218204 0.093217 1.30058 -34.212135 -0.287562 0.967164 -20.033291 0.964535 1.21285 1e-06 2e-06 1e-06 -3.440398 0.788235 0.501651 -15.928167 -3.167311 2.99971 -6.338838 -2e-06 -1e-06 -18.123554 3.64817 -4.905711 -4e-06 0.0 -3e-06 27.773464 1.629678 15.603185 53.710506 9.512577 0.631338 -0.076475 19.301537 -0.102594 -4.575355 -2.358446 -7.058874 2.243529 -5.254968 -3.179981 14.28282 -0.826735 6.952662 -1e-06 -12.69069 1.8e-05 16.281641 -17.680395 2.582347 1.665672 -1.95592 -2.878315 4.727828 -4.170617 4.993901 11.020608 -1e-06 -7e-06 12.109239 -3.735771 -2.866867 -1e-06 -0.0 0.0 1.292005 -1.928587 -1.498103 14.800173 0.567518 3.865587 14.24267 -1.341742 -6.660719 19.632261 0.143937 -0.648323 50.346092 -0.095829 -6.245582 0.353054 -1.511202 -0.03195 20.222849 3.684401 2.316614 18.787413 -2e-06 -1.5e-05 10.751715 -0.479879 1.397927 -2e-06 0.0 0.0 3.273872 0.305867 -0.580141 21.486813 11.830545 2.266139 8.162983 -6e-06 -7e-06 18.399342 -3.799 -4.940682 -3e-06 -0.0 -0.0 -0.129295 4.286168 22.327051 -0.053135 -0.046349 2.000206 5.247763 -10.289675 -18.48204 1.861026 -1.802063 -5.135068 0.0 0.0 3e-06 6.820374 -2.494663 -36.27948 0.239286 0.145143 4.852343 6.589298 -7.225302 5.791835 -1.297989 1.187228 -4.088235 0.0 -0.0 -2e-06 
0.0 0.0 0.0 0.0 -0.0 0.0 1.92349 92.807823 20.028725 -2.079177 9.278379 3.290257 -2.764271 -1.063142 0.563435 -1.118158 -4.326467 -4.629713 2.687592 -5.911793 12.83141 11.160821 -0.495061 -0.367466 -2.519337 -3.106048 -3.525829 -2.451261 -3.235896 -15.300727 7.7e-05 -2.2e-05 7e-06 -0.001524 -0.143582 0.078157 0.680592 -3.874035 -10.616734 -0.67929 3.587899 -10.582703 -1.307417 -10.226004 12.432465 -62.515587 -20.25906 16.588768 -0.471438 -28.380661 0.059927 -1.774933 4.267515 4.57904 -5.88223 9.861049 0.703067 -10.936796 -0.360397 7.15643 -2.7e-05 8.774928 -2e-06 -16.67841 18.35129 5.974839 -1.844043 2.498512 -2.507302 -10.163701 4.679034 4.62107 -20.976263 6.2e-05 1.4e-05 -21.226675 2.451844 -3.594149 2e-06 -7e-06 1e-06 -1.362725 2.240906 -0.746352 -21.33506 0.584862 3.008333 -13.821371 4.1e-05 8e-06 -23.887671 -0.248962 -0.839592 -61.872524 2.615788 -1.047185 -0.294083 1.679829 0.833229 -14.218255 0.093096 1.300576 -34.212509 -0.287456 0.967173 -20.033487 0.964608 1.212849 -1e-06 -3e-06 -1e-06 -3.440555 0.788462 0.501593 -15.928136 -3.167541 2.999756 -6.3389 1.9e-05 6e-06 -18.123814 3.648286 -4.905795 -4e-06 -1e-06 -4e-06 28.750511 1.393325 15.34065 53.601639 7.855327 0.663918 -0.325853 17.733545 -0.097639 -3.523132 -3.375707 -7.463765 2.243611 -5.254607 -3.179634 14.282731 -0.826913 6.952793 -8e-06 -12.690824 -5e-06 16.076637 -17.526236 2.669749 1.665682 -1.955924 -2.878341 4.727858 -4.170669 4.993872 11.020695 1e-05 -4e-06 12.109357 -3.735825 -2.866929 -1e-06 -1e-06 -1e-06 1.292017 -1.92869 -1.498138 14.800286 0.567624 3.865604 14.242795 -1.341753 -6.660771 19.632524 0.143943 -0.64834 50.239056 -0.051935 -6.196974 0.35307 -1.51134 -0.031987 20.222994 3.68457 2.316659 18.787567 1.7e-05 -2e-06 10.751784 -0.479869 1.397957 1e-06 -0.0 -0.0 3.27397 0.305688 -0.580226 21.486917 11.830829 2.266245 8.163053 7e-06 -3e-06 18.399551 -3.798995 -4.940738 1e-06 -0.0 -1e-06 2.756091 5.173291 23.803379 -0.030153 -0.30221 2.177997 4.244338 -12.933635 -16.529427 1.904198 -1.791159 -7.98726 -1e-06 0.0 -1e-06 8.128543 -2.726119 -35.900562 0.214813 0.076324 6.859537 3.528159 -7.004344 6.555684 -1.314805 1.221093 -4.494641 -1e-06 0.0 -5e-06 
0.0 0.0 0.0 0.0 -0.0 0.0 1.980777 92.759193 24.928879 -3.678115 10.651647 4.095243 -1.932379 -1.194223 -0.028321 -1.128081 -4.361234 -4.898732 3.52044 -6.110361 12.515348 11.20023 -0.471897 -1.411312 -2.650066 -3.373419 -3.538436 -2.525593 -3.742249 -14.910355 7.7e-05 -2.2e-05 7e-06 -0.01186 -0.16805 0.049834 0.673322 -3.900006 -10.633484 -0.689238 3.564977 -10.605451 -1.773305 -10.218384 12.409308 -61.94735 -20.066029 16.879715 -0.410531 -29.872513 0.002697 -1.814139 4.267743 4.54025 -5.882156 9.861176 0.702746 -10.936791 -0.360435 7.156309 7e-06 8.774885 -0.0 -16.619318 18.349216 6.100309 -1.844037 2.498502 -2.507287 -10.163632 4.678965 4.621084 -20.97613 -2.5e-05 1.8e-05 -21.226467 2.451708 -3.594046 -2e-06 -6e-06 -0.0 -1.362684 2.24084 -0.746327 -21.334991 0.584838 3.008324 -13.821284 -1.6e-05 1.2e-05 -23.88743 -0.249098 -0.839487 -61.789783 2.531288 -0.80684 -0.29403 1.679748 0.833256 -14.21825 0.093125 1.300564 -34.212269 -0.28759 0.967209 -20.033363 0.964534 1.212884 1e-06 1e-06 1e-06 -3.440429 0.788313 0.501635 -15.928198 -3.167443 2.999719 -6.338857 -8e-06 4e-06 -18.123619 3.648175 -4.905718 -4e-06 2e-06 0.0 29.787462 1.40327 15.105516 53.162899 6.334525 0.741856 -0.315775 16.191628 -0.029498 -2.624347 -4.418013 -7.299452 2.243611 -5.254807 -3.179908 14.282771 -0.826745 6.95265 -6e-06 -12.690718 -9e-06 15.839938 -17.354782 2.801091 1.665679 -1.955924 -2.87832 4.727847 -4.170631 4.993892 11.020663 6e-06 1e-06 12.109309 -3.735778 -2.866877 0.0 -2e-06 -1e-06 1.292013 -1.928622 -1.498119 14.800248 0.567545 3.865611 14.242751 -1.341747 -6.660726 19.632435 0.143925 -0.648306 50.151894 -0.021259 -6.114542 0.353067 -1.511248 -0.031971 20.222944 3.684438 2.316653 18.787519 1.4e-05 -5e-06 10.751763 -0.479867 1.397939 1e-06 -0.0 -0.0 3.273938 0.305814 -0.580176 21.486879 11.830591 2.266203 8.163026 7e-06 -9e-06 18.399464 -3.798972 -4.940697 0.0 -0.0 -1e-06 6.765479 6.927843 24.53919 0.041523 -0.59204 3.599808 3.149835 -15.95119 -13.500298 2.005747 -1.779389 -12.308877 0.0 0.0 1e-06 9.898081 -2.10433 -36.049675 0.116848 -0.034293 9.847371 -0.999132 -6.507596 9.336087 -1.33727 1.216198 -4.426964 -0.0 -0.0 1e-06 
0.0 0.0 0.0 0.0 -0.0 0.0 2.145853 93.033417 30.125002 -5.319037 11.139146 4.708175 -1.054952 -1.244588 -0.592833 -0.990689 -4.393414 -5.111393 4.493691 -5.890436 12.163677 10.59101 -0.262673 -2.490006 -2.811761 -3.277781 -3.595004 -2.490598 -4.239097 -14.813492 7.7e-05 -2.2e-05 7e-06 -0.024329 -0.201468 -0.013815 0.656561 -3.940932 -10.674669 -0.696219 3.536867 -10.644906 -2.904636 -9.592938 12.11478 -61.56044 -19.003704 16.911779 -0.282061 -30.908533 -0.009274 -1.296116 4.10299 4.563907 -5.882117 9.861198 0.702814 -10.936759 -0.360433 7.156377 8e-06 8.77488 8e-06 -16.700005 18.150417 5.941403 -1.844037 2.498502 -2.507291 -10.163645 4.678965 4.621075 -20.97617 -2.5e-05 2e-06 -21.226543 2.451694 -3.594066 2e-06 -4e-06 1e-06 -1.36269 2.240831 -0.746336 -21.334999 0.584848 3.008303 -13.821304 -1.6e-05 4e-06 -23.88751 -0.249112 -0.839519 -61.543228 2.468108 -0.800422 -0.294035 1.679734 0.833248 -14.218249 0.093142 1.300557 -34.212303 -0.28759 0.967185 -20.03339 0.964533 1.212875 -0.0 -2e-06 -1e-06 -3.440431 0.788298 0.501623 -15.928185 -3.167418 2.999709 -6.338866 -3e-06 1e-06 -18.123682 3.648162 -4.905749 -5e-06 -0.0 2e-06 30.223301 2.085424 15.283714 52.888878 5.30304 1.271274 -0.144551 14.792918 0.023755 -1.90933 -5.510369 -6.324355 2.243549 -5.254986 -3.180065 14.282828 -0.82666 6.952574 -3e-06 -12.690642 4e-06 15.727732 -17.172035 2.826332 1.665673 -1.955921 -2.878308 4.727824 -4.170604 4.993907 11.020591 1e-06 -6e-06 12.109194 -3.735738 -2.866836 0.0 -0.0 0.0 1.292002 -1.928573 -1.498098 14.800175 0.567493 3.865597 14.242657 -1.341737 -6.66069 19.632214 0.143936 -0.648292 50.075901 0.054287 -6.187417 0.353052 -1.511184 -0.03195 20.222841 3.68435 2.316622 18.787374 8e-06 -1.4e-05 10.751684 -0.479868 1.397916 -0.0 -1e-06 1e-06 3.273873 0.305896 -0.580136 21.486818 11.830452 2.26614 8.16297 2e-06 -9e-06 18.399277 -3.79897 -4.94065 1e-06 -0.0 -1e-06 10.429103 8.726252 24.15427 0.011671 -0.790154 7.274433 2.042313 -17.663647 -8.421778 2.099902 -1.638587 -18.487171 -0.0 0.0 -1e-06 11.791877 -1.146431 -36.635456 -0.085674 -0.082556 14.344559 -4.223516 -6.213632 11.25035 -1.344957 1.1555 -3.558254 0.0 -0.0 -2e-06 
0.0 0.0 0.0 0.0 -0.0 0.0 2.425889 93.704231 35.293015 -6.24341 10.53568 4.798191 -0.566312 -1.087036 -0.756836 -0.672304 -4.250249 -5.145643 5.054738 -5.375362 11.757418 9.539933 0.154373 -3.076549 -2.764976 -3.198548 -3.600775 -2.200623 -4.377345 -15.671446 7.7e-05 -2.3e-05 6e-06 -0.036009 -0.226669 -0.025796 0.667783 -3.95769 -10.673566 -0.730734 3.502913 -10.656329 -3.737072 -8.689199 12.217501 -62.123562 -17.606646 16.372892 -0.189478 -31.267035 -0.029925 0.078291 3.759369 3.956665 -5.882082 9.861344 0.702481 -10.936829 -0.360532 7.156199 3.4e-05 8.774814 5e-06 -16.766542 18.288048 5.754295 -1.844027 2.498493 -2.507272 -10.163548 4.67889 4.621112 -20.975948 -8.6e-05 1.8e-05 -21.226194 2.45159 -3.593934 1e-06 -7e-06 -2e-06 -1.362644 2.240757 -0.746315 -21.334881 0.584861 3.008318 -13.821166 -5.2e-05 2e-05 -23.887102 -0.249191 -0.839382 -61.040512 2.426435 -1.028352 -0.293979 1.679632 0.833272 -14.218215 0.093209 1.300563 -34.211937 -0.287673 0.967239 -20.03318 0.964492 1.212901 -0.0 -1e-06 0.0 -3.440293 0.788125 0.501679 -15.928237 -3.167272 2.999671 -6.338802 -2.5e-05 6e-06 -18.123367 3.648079 -4.905624 -5e-06 -1e-06 -5e-06 29.038054 3.055382 15.74577 53.956448 5.423652 3.424411 -0.10971 13.364765 0.011215 -0.748817 -6.66756 -5.458249 2.243589 -5.25517 -3.18028 14.282904 -0.826486 6.952444 -1.8e-05 -12.690522 4e-06 15.684565 -17.230551 2.795792 1.66566 -1.955921 -2.878284 4.727786 -4.170552 4.993928 11.020516 1.4e-05 1.1e-05 12.109059 -3.735658 -2.866762 0.0 -0.0 0.0 1.29197 -1.928489 -1.498076 14.800107 0.567417 3.865613 14.242549 -1.341713 -6.660628 19.631996 0.143949 -0.648211 50.125652 -0.040031 -6.244377 0.35301 -1.51107 -0.031931 20.222763 3.684222 2.316629 18.787254 1.4e-05 2.1e-05 10.751636 -0.47987 1.397918 1e-06 -0.0 -0.0 3.273762 0.306062 -0.580074 21.486801 11.830195 2.266099 8.162924 5e-06 5e-06 18.399117 -3.798946 -4.940538 4e-06 0.0 -1e-06 12.400411 9.648781 22.318884 -0.093738 -0.760146 14.321626 0.827956 -17.998434 -0.081245 2.203079 -1.539271 -24.279421 0.0 0.0 1e-06 13.321141 -1.08715 -35.870171 -0.124526 -0.239232 18.874479 -5.671029 -4.972208 8.66091 -1.350234 1.137592 -2.41722 -0.0 -0.0 4e-06 
0.0 0.0 0.0 0.0 -0.0 0.0 2.737668 94.678024 40.378128 -6.75767 9.593788 4.358446 -0.139961 -0.809404 -0.501812 -0.42488 -3.868028 -5.011098 5.145836 -4.929024 11.336451 8.626446 0.501042 -3.175235 -2.576375 -3.344045 -3.582851 -1.79927 -4.091318 -16.6842 7.7e-05 -2.3e-05 6e-06 -0.029516 -0.183297 -0.022504 0.687719 -3.921514 -10.684834 -0.739618 3.549528 -10.648761 -3.898214 -7.996862 12.438659 -63.419598 -15.881222 15.604794 -0.144292 -31.018471 -0.091017 1.394768 3.192662 2.957182 -5.882045 9.861302 0.702523 -10.936808 -0.360533 7.156214 8e-06 8.774836 -0.0 -16.680424 18.215746 5.697351 -1.844036 2.4985 -2.507274 -10.163592 4.678936 4.621093 -20.976015 -3.6e-05 -1.8e-05 -21.226311 2.45165 -3.594033 3e-06 -7e-06 -0.0 -1.36268 2.240795 -0.746317 -21.334908 0.584879 3.008299 -13.821209 -2.6e-05 -1e-05 -23.88723 -0.249151 -0.8395 -60.835869 2.407841 -1.198255 -0.294024 1.679689 0.833264 -14.218207 0.09319 1.300563 -34.212048 -0.287621 0.967152 -20.033241 0.964502 1.212847 1e-06 -0.0 0.0 -3.440382 0.788229 0.501657 -15.928187 -3.16733 2.999694 -6.338821 -9e-06 -7e-06 -18.12348 3.648136 -4.905704 -7e-06 -1e-06 -2e-06 27.214514 4.083334 16.434376 55.563908 6.479241 6.44088 -0.096464 12.800323 0.051433 0.62617 -7.402997 -4.889406 2.243589 -5.255016 -3.180188 14.282847 -0.826559 6.952479 -5e-06 -12.690597 -1.1e-05 15.738759 -17.468197 2.789442 1.665667 -1.955923 -2.878295 4.727816 -4.170588 4.993917 11.02059 6e-06 6e-06 12.109185 -3.735711 -2.866805 1e-06 -2e-06 -1e-06 1.291991 -1.928545 -1.498092 14.80017 0.567462 3.865618 14.242651 -1.341739 -6.660662 19.632225 0.143915 -0.648258 49.926098 -0.107274 -6.504495 0.353038 -1.511142 -0.031944 20.222839 3.684295 2.316647 18.787382 1e-05 2e-06 10.751692 -0.479868 1.39792 -1e-06 -1e-06 -1e-06 3.273845 0.305956 -0.580114 21.486834 11.830344 2.266156 8.162974 7e-06 -8e-06 18.399307 -3.798954 -4.940623 2e-06 0.0 0.0 13.554396 9.374784 18.406523 -0.262141 -0.632401 24.446453 -2.406113 -18.508644 11.849651 2.101253 -1.379121 -24.8002 0.0 0.0 3e-06 14.405504 -1.363758 -32.942394 -0.052365 -0.314033 21.013216 -6.336624 -3.91638 4.953012 -1.362084 1.143244 -1.92973 -0.0 -0.0 1e-06 
0.0 0.0 0.0 0.0 -0.0 0.0 2.955906 95.607414 45.287956 -7.361214 9.059976 3.67279 0.369874 -0.626322 -0.046389 -0.339179 -3.199558 -4.841514 5.223895 -4.594453 11.116821 7.945881 0.682925 -3.108751 -2.317713 -3.496554 -3.634385 -1.501205 -4.236785 -17.088202 7.7e-05 -2.2e-05 8e-06 -0.001711 -0.061334 -0.019636 0.705814 -3.805817 -10.66714 -0.704232 3.673721 -10.628905 -4.255152 -7.427123 12.784978 -64.239525 -14.594269 15.353358 -0.098936 -30.263428 -0.168303 1.984002 2.846988 1.871341 -5.882059 9.861253 0.702702 -10.936878 -0.360593 7.156264 -4e-06 8.774817 -2e-06 -16.52508 18.050402 5.799136 -1.844029 2.498506 -2.507279 -10.163573 4.678941 4.621089 -20.975971 -0.0 -4e-06 -21.226255 2.451687 -3.594034 1e-06 -9e-06 -4e-06 -1.362677 2.240796 -0.746333 -21.334862 0.584917 3.008311 -13.821183 -0.0 1e-06 -23.887136 -0.24909 -0.839501 -60.749969 2.30312 -1.125282 -0.294021 1.679683 0.833244 -14.218175 0.093225 1.300578 -34.211967 -0.287556 0.967171 -20.033194 0.964543 1.212856 0.0 3e-06 1e-06 -3.440364 0.788233 0.501639 -15.928164 -3.167297 2.999716 -6.33881 -0.0 5e-06 -18.123428 3.648171 -4.905701 -5e-06 -0.0 0.0 25.736389 4.890573 16.848951 56.536118 7.73675 8.554134 0.124539 13.873785 0.088037 1.263484 -7.027263 -4.705195 2.243497 -5.255105 -3.180138 14.282919 -0.826617 6.952529 -8e-06 -12.69059 1.8e-05 15.717956 -17.58633 2.764011 1.66566 -1.955917 -2.8783 4.727773 -4.170577 4.993923 11.02046 6e-06 -7e-06 12.108962 -3.735692 -2.866787 0.0 -3e-06 1e-06 1.291976 -1.92854 -1.498082 14.800064 0.567468 3.865591 14.242478 -1.341727 -6.660649 19.63179 0.14397 -0.648241 49.875935 -0.17141 -6.521963 0.353017 -1.511141 -0.03193 20.222704 3.684308 2.316609 18.787153 1e-06 7e-06 10.751574 -0.479872 1.397912 1e-06 -1e-06 -0.0 3.273754 0.305964 -0.580092 21.486753 11.830361 2.266092 8.162876 -3e-06 1e-05 18.398937 -3.79899 -4.940541 2e-06 0.0 0.0 14.636734 7.715103 12.214149 -0.141898 -0.481295 36.050884 -10.108129 -18.54715 25.899612 1.765621 -1.556493 -11.734469 3e-06 -1e-06 -3e-06 15.447154 -2.049929 -28.436562 0.016117 -0.322882 20.330973 -6.542116 -2.976737 1.781845 -1.388338 1.110912 -1.84989 0.0 -0.0 -4e-06 
0.0 0.0 0.0 0.0 -0.0 0.0 3.103125 96.411095 49.929039 -8.058659 9.030478 2.795138 0.982124 -0.415008 0.544341 -0.243263 -2.525153 -4.625136 5.100268 -4.261395 11.053218 7.545476 0.574042 -2.842931 -2.129 -3.546194 -3.650534 -1.050892 -4.684749 -17.530607 7.7e-05 -2.2e-05 5e-06 0.01628 0.024074 0.001095 0.717859 -3.717132 -10.625937 -0.682048 3.755421 -10.591047 -5.059002 -6.913619 13.320636 -64.203674 -14.07583 15.836204 0.11479 -28.996651 -0.234353 2.206515 2.664037 0.626646 -5.882149 9.861168 0.70274 -10.936705 -0.360436 7.156326 3.8e-05 8.774867 -1e-06 -16.556643 18.006554 5.821231 -1.844039 2.498498 -2.50729 -10.16363 4.678924 4.621075 -20.976156 -9.5e-05 2.1e-05 -21.226473 2.451611 -3.593992 2e-06 -4e-06 1e-06 -1.362666 2.240808 -0.746339 -21.335032 0.58481 3.008313 -13.821295 -6.1e-05 1.9e-05 -23.887457 -0.24921 -0.839426 -60.737743 2.267138 -0.998693 -0.294004 1.679702 0.833244 -14.218289 0.093135 1.300557 -34.212292 -0.287694 0.967248 -20.033381 0.964489 1.212929 1e-06 -0.0 0.0 -3.440392 0.788223 0.501612 -15.928257 -3.167385 2.999705 -6.33886 -2.7e-05 5e-06 -18.123638 3.648069 -4.905688 -4e-06 -0.0 -1e-06 24.809065 5.39641 17.134426 56.629349 9.252646 9.844391 0.394339 16.218567 0.05526 0.472873 -5.768945 -4.984667 2.243662 -5.254982 -3.180054 14.282818 -0.826613 6.952539 -2.9e-05 -12.6906 3e-06 15.831549 -17.519419 2.643639 1.66567 -1.95592 -2.878303 4.727815 -4.17058 4.993914 11.020601 2.5e-05 1.7e-05 12.10918 -3.735687 -2.866786 1e-06 -1e-06 1e-06 1.291983 -1.928548 -1.498098 14.800204 0.567484 3.865616 14.242652 -1.34171 -6.660656 19.632236 0.14395 -0.648217 49.850449 -0.258735 -6.416339 0.353025 -1.511145 -0.031951 20.222891 3.684333 2.316644 18.787403 3.3e-05 2.7e-05 10.751709 -0.479862 1.397933 -2e-06 -1e-06 3e-06 3.273845 0.305967 -0.580122 21.486883 11.83037 2.266141 8.162986 1.4e-05 4e-06 18.399307 -3.798933 -4.940585 1e-06 -0.0 -1e-06 15.6226 5.444311 4.868406 0.010117 -0.610225 47.552456 -14.934216 -18.616192 28.999884 1.751385 -1.658348 -4.777995 -1e-06 0.0 -1e-06 16.4464 -2.956195 -23.00239 -0.023785 -0.323783 17.875675 -6.297842 -2.611259 -0.681893 -1.390045 1.079416 -1.779138 0.0 -0.0 -1e-06 
0.0 0.0 0.0 0.0 -0.0 0.0 3.3096 97.318947 54.520863 -7.74198 9.145033 1.859922 1.060371 -0.116021 1.1473 -0.289646 -1.936731 -4.399693 4.483572 -3.876479 11.194613 7.46613 0.382393 -2.359545 -2.044899 -3.694069 -3.589159 -0.624084 -5.184382 -17.760639 7.7e-05 -2.2e-05 5e-06 0.01692 0.030145 0.017453 0.700407 -3.711102 -10.602004 -0.664182 3.763155 -10.585037 -6.084177 -6.318192 13.943472 -63.82383 -13.961131 16.123308 0.387344 -27.118555 -0.245478 2.829011 2.86407 -0.397381 -5.882123 9.861268 0.702613 -10.936813 -0.360535 7.156246 6e-06 8.774837 2e-06 -16.649996 18.013773 5.71697 -1.844034 2.498503 -2.507281 -10.163616 4.678944 4.621093 -20.976091 -1.7e-05 8e-06 -21.226423 2.451683 -3.594023 1e-06 -6e-06 1e-06 -1.362687 2.240804 -0.746326 -21.334951 0.584888 3.008316 -13.821262 -1.3e-05 4e-06 -23.887386 -0.249107 -0.839492 -60.619289 2.350051 -1.020843 -0.294028 1.679696 0.833253 -14.218224 0.093193 1.300572 -34.212193 -0.287582 0.967184 -20.033325 0.964532 1.212866 1e-06 2e-06 -0.0 -3.440409 0.788245 0.50165 -15.928181 -3.167333 2.999699 -6.338844 -6e-06 1e-06 -18.123566 3.648157 -4.905697 -6e-06 -2e-06 -4e-06 24.450699 5.653926 17.309971 56.009266 11.194713 10.531248 0.575096 18.550798 0.036459 -1.390584 -4.788349 -5.031691 2.243594 -5.254907 -3.179984 14.282847 -0.826671 6.952589 -1.5e-05 -12.690655 -5e-06 16.02714 -17.436253 2.509186 1.665668 -1.955923 -2.878311 4.727809 -4.170603 4.993905 11.020583 1.4e-05 6e-06 12.109166 -3.735727 -2.86683 -2e-06 -2e-06 -3e-06 1.291986 -1.92858 -1.498105 14.800172 0.56751 3.865613 14.242633 -1.341731 -6.660681 19.632191 0.143945 -0.64825 49.783253 -0.363457 -6.376727 0.353029 -1.511188 -0.031957 20.222847 3.684374 2.316649 18.787369 1.4e-05 1.7e-05 10.751696 -0.479868 1.397939 -0.0 -1e-06 1e-06 3.27383 0.305898 -0.580141 21.486849 11.830481 2.266171 8.162972 6e-06 9e-06 18.399281 -3.798973 -4.940609 3e-06 -1e-06 0.0 15.224307 3.291345 -2.590346 -0.021734 -0.507766 56.698433 -14.470712 -18.039919 21.743685 1.713758 -1.689721 -4.436992 0.0 0.0 1e-06 16.17436 -3.701086 -16.991644 -0.070204 -0.314137 14.329926 -5.862093 -2.654129 -2.125418 -1.383692 1.090498 -1.826678 0.0 -0.0 -1e-06 
0.0 0.0 0.0 0.0 -0.0 0.0 3.629595 98.167732 59.170193 -6.350635 9.177719 0.953846 0.738826 0.191376 1.714864 -0.470301 -1.312009 -4.205132 3.341194 -3.312322 11.2882 7.374819 0.238115 -1.257795 -2.027537 -3.924702 -3.531144 -0.097197 -5.909156 -17.546833 7.7e-05 -2.2e-05 9e-06 0.014727 0.028399 0.02921 0.667267 -3.711722 -10.575497 -0.636199 3.760947 -10.580968 -6.770184 -5.695966 14.482959 -63.892227 -13.34606 15.654211 0.586921 -25.62237 -0.220111 3.817999 3.616351 -1.060231 -5.882091 9.861305 0.702476 -10.936891 -0.360569 7.156172 -1.4e-05 8.774839 -5e-06 -16.666439 17.933012 5.626789 -1.844029 2.498503 -2.50727 -10.16359 4.678964 4.621105 -20.976007 2e-05 -4e-06 -21.226322 2.451736 -3.594052 -1e-06 -4e-06 -0.0 -1.362687 2.24081 -0.746312 -21.334881 0.584913 3.008325 -13.821208 1.1e-05 -4e-06 -23.887215 -0.249045 -0.839527 -60.393429 2.418664 -1.102663 -0.294032 1.679705 0.83327 -14.218176 0.093202 1.300583 -34.212021 -0.287529 0.967151 -20.033226 0.964549 1.212835 1e-06 1e-06 -1e-06 -3.440393 0.788267 0.501678 -15.92815 -3.16735 2.999709 -6.338822 6e-06 2e-06 -18.123468 3.648219 -4.905709 -4e-06 1e-06 1e-06 23.470974 6.011822 17.395359 55.980244 13.460842 10.904153 0.682222 20.446108 0.076776 -3.261406 -4.861958 -4.355838 2.24351 -5.255057 -3.18032 14.282926 -0.82654 6.952401 4e-06 -12.690577 -1.4e-05 16.142412 -17.361383 2.414827 1.66566 -1.955922 -2.878289 4.727779 -4.170583 4.99393 11.020475 1e-06 -3e-06 12.108989 -3.735703 -2.866787 -1e-06 -1e-06 -1e-06 1.291978 -1.928548 -1.498079 14.800075 0.567459 3.865618 14.24251 -1.341746 -6.660641 19.631874 0.143939 -0.648244 49.646091 -0.483898 -6.425619 0.353021 -1.51115 -0.031929 20.222719 3.684288 2.316644 18.787189 4e-06 -6e-06 10.751597 -0.479862 1.397905 -0.0 -2e-06 2e-06 3.273766 0.305947 -0.580085 21.486773 11.830336 2.266152 8.162889 1e-06 3e-06 18.398993 -3.798974 -4.940569 3e-06 3e-06 -5e-06 13.370128 1.737916 -9.841593 -0.058521 -0.310549 62.513813 -12.0602 -16.115343 13.934834 1.696021 -1.753158 -4.701844 -1e-06 0.0 5e-06 14.630798 -4.218791 -10.718442 -0.037159 -0.27314 10.437674 -5.598876 -2.865715 -3.256083 -1.382834 1.103991 -1.704511 0.0 -0.0 -2e-06 
0.0 0.0 0.0 0.0 -0.0 0.0 4.020792 98.745659 63.810028 -4.496251 8.907287 0.187395 0.351839 0.461657 2.231587 -0.640135 -0.597877 -4.035558 2.012682 -2.557041 11.248203 6.907721 0.229963 0.130272 -2.039248 -4.262151 -3.513869 0.546194 -6.589346 -17.003395 7.7e-05 -2.2e-05 7e-06 0.009025 0.015574 0.03748 0.6364 -3.721598 -10.568298 -0.618136 3.744536 -10.59356 -7.495114 -4.852131 14.797224 -63.943344 -11.850219 14.687762 0.642201 -25.494291 -0.175765 4.863263 4.547554 -1.837566 -5.882165 9.861174 0.702684 -10.936768 -0.360466 7.15627 3e-06 8.77488 -8e-06 -16.605911 17.795376 5.612492 -1.844042 2.498504 -2.507285 -10.163654 4.678972 4.621085 -20.976171 -1.5e-05 5e-06 -21.226524 2.451717 -3.594065 -3e-06 -7e-06 -2e-06 -1.362698 2.240844 -0.746327 -21.33502 0.584853 3.008319 -13.821305 -1.3e-05 -0.0 -23.887478 -0.249098 -0.839516 -60.277218 2.427987 -1.137953 -0.294045 1.67975 0.833252 -14.218257 0.093137 1.300575 -34.21233 -0.287589 0.967179 -20.033388 0.964524 1.212866 -0.0 -1e-06 1e-06 -3.440467 0.788325 0.501628 -15.928189 -3.16743 2.999728 -6.338866 -5e-06 -2e-06 -18.123655 3.648179 -4.905736 -4e-06 0.0 -5e-06 21.608421 6.626653 17.377014 56.543377 15.786244 11.316108 0.746291 22.187014 0.154429 -4.312819 -5.377341 -3.408346 2.243588 -5.254923 -3.180102 14.282806 -0.826676 6.952541 -2.3e-05 -12.690656 -1e-05 16.172287 -17.306316 2.42046 1.665673 -1.95592 -2.878309 4.727812 -4.170601 4.993909 11.020583 2.3e-05 -0.0 12.109157 -3.735719 -2.866828 0.0 0.0 1e-06 1.291986 -1.928581 -1.498095 14.800188 0.567521 3.865607 14.242635 -1.341723 -6.660676 19.632179 0.143975 -0.648249 49.562805 -0.639246 -6.450485 0.353031 -1.511191 -0.031951 20.222872 3.684391 2.316644 18.787371 3.8e-05 1.1e-05 10.751688 -0.479851 1.397931 2e-06 -0.0 -0.0 3.273846 0.305898 -0.580136 21.486877 11.830489 2.266172 8.162966 1.6e-05 0.0 18.399246 -3.798936 -4.940609 3e-06 0.0 0.0 10.805342 1.008437 -16.678724 -0.063719 -0.109172 65.006889 -8.915247 -13.237344 7.891087 1.698764 -1.788693 -4.895866 1e-06 -1e-06 -3e-06 12.572621 -4.252748 -4.63849 -0.002139 -0.245798 6.830169 -5.415998 -3.160109 -4.4605 -1.385425 1.085652 -1.488115 0.0 -0.0 -4e-06 
0.0 0.0 0.0 0.0 -0.0 0.0 4.459082 98.967453 68.457939 -2.665939 8.1423 -0.352804 0.072068 0.682876 2.607157 -0.740898 0.237539 -3.882862 0.827989 -1.71857 11.20686 5.912028 0.462977 1.339021 -2.010599 -4.588227 -3.52713 1.149068 -7.119328 -16.388021 7.7e-05 -2.2e-05 8e-06 0.003126 -0.011361 0.044735 0.611892 -3.746821 -10.564514 -0.607446 3.714512 -10.60226 -8.773749 -3.632833 14.975923 -63.437527 -9.691617 13.502386 0.653336 -26.748859 -0.143304 5.659827 5.270298 -2.910159 -5.882058 9.861423 0.702169 -10.936961 -0.360677 7.155998 -3e-06 8.774784 -1e-05 -16.5256 17.726488 5.670128 -1.844021 2.498499 -2.507252 -10.163522 4.678919 4.621139 -20.975859 -1e-06 1.4e-05 -21.226103 2.451692 -3.593956 -1e-06 -5e-06 1e-06 -1.36266 2.240758 -0.74629 -21.334778 0.584939 3.008342 -13.821111 -2e-06 1e-05 -23.88694 -0.249066 -0.83944 -60.373253 2.453901 -1.111702 -0.294001 1.679635 0.833291 -14.218142 0.093262 1.300602 -34.211777 -0.287559 0.967181 -20.033094 0.964531 1.212847 -4e-06 -1e-06 1e-06 -3.440297 0.788158 0.50173 -15.928167 -3.167237 2.999692 -6.33878 -2e-06 4e-06 -18.123293 3.648183 -4.905617 -6e-06 -0.0 -1e-06 19.425406 7.551614 17.266588 56.765606 17.995689 12.093616 0.841927 24.116222 0.274736 -4.417495 -5.502679 -3.177535 2.243492 -5.255116 -3.180334 14.282863 -0.82659 6.952455 8e-06 -12.690612 3e-06 16.115499 -17.33017 2.508026 1.665668 -1.95592 -2.878289 4.727812 -4.170594 4.993922 11.020557 -8e-06 -9e-06 12.109159 -3.735746 -2.866817 1e-06 1e-06 -2e-06 1.292001 -1.92855 -1.498072 14.800127 0.567465 3.865597 14.242614 -1.341749 -6.660667 19.632124 0.143928 -0.648298 49.5732 -0.706202 -6.406898 0.353052 -1.511151 -0.031925 20.222784 3.684306 2.316619 18.787323 -2e-06 -3.4e-05 10.751659 -0.479863 1.397896 2e-06 0.0 -1e-06 3.273841 0.305931 -0.580091 21.486769 11.830389 2.266127 8.162941 -4e-06 -1.8e-05 18.39922 -3.798982 -4.940668 1e-06 0.0 1e-06 8.12724 0.787366 -22.839237 -0.013363 0.044412 63.855202 -5.949668 -10.084286 3.34532 1.732563 -1.800193 -5.177118 -0.0 0.0 -2e-06 10.561235 -3.719229 0.729115 0.000297 -0.228704 4.203319 -5.276994 -3.38822 -5.887909 -1.391711 1.041664 -1.319982 0.0 -0.0 -1e-06 
0.0 0.0 0.0 0.0 -0.0 0.0 4.922557 98.759636 73.1996 -1.234188 6.716527 -0.718126 0.040242 0.863165 2.834685 -0.764929 1.17578 -3.763165 -0.041859 -0.860462 11.25903 4.504837 0.900934 2.230403 -1.910254 -4.720008 -3.564287 1.590147 -7.436026 -16.056774 7.7e-05 -2.2e-05 5e-06 0.003321 -0.017673 0.055928 0.593543 -3.754006 -10.541624 -0.59118 3.707715 -10.585376 -10.632845 -2.054175 15.052716 -62.458256 -7.194866 12.1799 0.711778 -28.680443 -0.133429 6.295633 5.568363 -4.334734 -5.881956 9.861485 0.702228 -10.936963 -0.360683 7.156071 -1e-05 8.774777 1e-06 -16.44396 17.741505 5.729664 -1.844018 2.498499 -2.507256 -10.163513 4.67892 4.621125 -20.975828 7e-06 -2.1e-05 -21.22608 2.451669 -3.593998 2e-06 -6e-06 -1e-06 -1.362666 2.24075 -0.746295 -21.334738 0.584958 3.008312 -13.821098 6e-06 -1.1e-05 -23.886923 -0.249085 -0.839498 -60.500778 2.459515 -1.073221 -0.29401 1.679621 0.833285 -14.218113 0.093282 1.300581 -34.211731 -0.287549 0.967129 -20.033073 0.964531 1.21282 -2e-06 0.0 -0.0 -3.440289 0.788148 0.501718 -15.92814 -3.167212 2.999681 -6.338772 4e-06 -3e-06 -18.123297 3.648178 -4.905663 -3e-06 0.0 -2e-06 17.342846 8.810829 17.163803 56.189823 20.257076 13.342182 0.99703 26.028992 0.398881 -3.980736 -5.232008 -3.533628 2.243472 -5.255208 -3.1804 14.282991 -0.826434 6.952381 3e-05 -12.690519 -4e-06 16.032528 -17.421394 2.594 1.665653 -1.955924 -2.878276 4.727777 -4.170569 4.993932 11.020463 -2.4e-05 -3e-06 12.109004 -3.735717 -2.866779 -2e-06 1e-06 -2e-06 1.291984 -1.928505 -1.498067 14.800021 0.567388 3.865611 14.24249 -1.341766 -6.660632 19.631838 0.143883 -0.64828 49.627724 -0.687913 -6.319126 0.353033 -1.511089 -0.031917 20.222639 3.684178 2.316626 18.787169 -4e-05 -1.6e-05 10.751591 -0.479883 1.397892 1e-06 1e-06 -1e-06 3.273753 0.306008 -0.580055 21.486681 11.830182 2.266113 8.162881 -1.8e-05 -2e-06 18.399006 -3.799012 -4.94059 3e-06 1e-06 -0.0 5.936229 0.733877 -27.831921 0.069634 0.080182 58.773991 -4.204322 -7.304633 0.166076 1.772174 -1.820555 -5.427245 0.0 0.0 4e-06 8.98903 -2.710305 5.218468 -0.03267 -0.195003 2.882449 -5.264066 -3.469137 -7.698062 -1.401451 1.005342 -1.165944 -0.0 -0.0 2e-06 
0.0 0.0 0.0 0.0 -0.0 0.0 5.406659 98.16301 78.034378 -0.346507 4.727761 -0.945545 0.31445 0.947743 2.899045 -0.721904 2.105138 -3.694729 -0.598598 0.032679 11.411798 2.839641 1.436843 2.903299 -1.728354 -4.663577 -3.595863 1.89855 -7.505766 -16.140013 7.7e-05 -2.2e-05 7e-06 0.010953 0.018016 0.066688 0.578906 -3.722676 -10.507587 -0.563691 3.747558 -10.559373 -12.758762 -0.279787 15.001775 -61.418304 -4.738507 10.716659 0.757208 -30.259354 -0.134705 6.914519 5.580619 -5.794132 -5.882034 9.861279 0.702627 -10.936809 -0.36055 7.156271 6e-06 8.774829 -0.0 -16.329943 17.842981 5.761417 -1.844035 2.498503 -2.507282 -10.163597 4.678939 4.621084 -20.976032 -2.7e-05 -2.4e-05 -21.226347 2.45165 -3.59405 -1e-06 -6e-06 -0.0 -1.362683 2.240795 -0.74633 -21.334913 0.584893 3.008295 -13.821226 -1.8e-05 -1.1e-05 -23.887289 -0.249143 -0.83952 -60.437592 2.421021 -1.103535 -0.294026 1.679684 0.833248 -14.218208 0.093205 1.300562 -34.21209 -0.287607 0.967148 -20.033272 0.964514 1.212854 0.0 -0.0 -1e-06 -3.440386 0.788228 0.501635 -15.928179 -3.167316 2.999705 -6.338828 -6e-06 -5e-06 -18.123508 3.648141 -4.905726 -6e-06 -1e-06 -2e-06 15.409216 10.252282 17.12101 55.107525 22.766146 14.865278 1.161695 27.45373 0.497884 -3.333308 -4.901587 -4.00072 2.243555 -5.25496 -3.180027 14.282857 -0.826606 6.952574 -3e-06 -12.690618 -5e-06 15.999734 -17.463236 2.596489 1.665668 -1.955925 -2.878306 4.727813 -4.170597 4.993903 11.020569 4e-06 -4e-06 12.109157 -3.735721 -2.866834 0.0 0.0 1e-06 1.291993 -1.928563 -1.498108 14.800153 0.567474 3.86561 14.242628 -1.341735 -6.660687 19.632166 0.143938 -0.648284 49.620586 -0.663302 -6.250723 0.353041 -1.511165 -0.031958 20.222816 3.684322 2.316638 18.787346 8e-06 -1e-06 10.751678 -0.479871 1.397929 3e-06 3e-06 -2e-06 3.273836 0.30592 -0.580139 21.486814 11.830393 2.266156 8.162957 3e-06 -0.0 18.399242 -3.798965 -4.940623 3e-06 -2e-06 0.0 4.569384 0.746604 -31.13283 0.133897 0.027061 49.905281 -3.098753 -4.634139 -1.091621 1.777541 -1.858361 -5.56245 0.0 0.0 1e-06 7.957844 -1.44813 9.034922 -0.082178 -0.143386 2.44497 -5.468563 -3.350707 -9.791705 -1.412369 1.005009 -0.946264 0.0 -0.0 -1e-06 
0.0 0.0 0.0 0.0 -0.0 0.0 5.930565 97.255379 82.954445 0.026405 2.334817 -1.030312 0.891229 1.011032 2.82408 -0.628975 2.8416 -3.660853 -0.915269 0.995919 11.548428 1.038723 2.052327 3.435766 -1.519023 -4.514709 -3.621891 2.210825 -7.345916 -16.514748 7.7e-05 -2.2e-05 6e-06 0.021885 0.065421 0.073876 0.577287 -3.683086 -10.491662 -0.542102 3.804447 -10.542807 -14.953105 1.513371 14.847732 -60.604309 -2.458795 8.790349 0.597104 -30.858587 -0.133727 7.543774 5.560875 -6.652173 -5.88211 9.861191 0.702722 -10.936755 -0.360487 7.156299 3e-06 8.77487 -4e-06 -16.170729 17.955841 5.812794 -1.84404 2.498505 -2.507289 -10.163651 4.678967 4.621075 -20.97616 -1.8e-05 -1.8e-05 -21.226524 2.451695 -3.594085 -3e-06 -6e-06 -1e-06 -1.3627 2.240833 -0.746338 -21.334999 0.584866 3.008303 -13.821298 -1.4e-05 -1.2e-05 -23.887491 -0.249119 -0.839546 -60.28426 2.409448 -1.225631 -0.294048 1.679732 0.833241 -14.21825 0.093159 1.300564 -34.212315 -0.287598 0.967147 -20.033381 0.964515 1.212852 2e-06 -0.0 -1e-06 -3.440454 0.788302 0.501611 -15.928181 -3.167402 2.999722 -6.338864 -5e-06 -7e-06 -18.123672 3.648162 -4.905762 -3e-06 0.0 -2e-06 13.527813 11.726294 17.064838 54.024303 25.579517 16.607578 1.208042 28.012449 0.505894 -2.651213 -4.700275 -4.196655 2.243546 -5.254976 -3.180002 14.282837 -0.826659 6.952598 -2.9e-05 -12.690624 7e-06 16.00448 -17.420195 2.556246 1.66567 -1.955922 -2.878308 4.727796 -4.170586 4.993909 11.02054 2.3e-05 -3e-06 12.109088 -3.735691 -2.866825 -0.0 1e-06 -1e-06 1.291974 -1.928555 -1.498103 14.80014 0.5675 3.865602 14.242574 -1.341708 -6.660683 19.632042 0.144002 -0.648247 49.566113 -0.667235 -6.241402 0.35302 -1.511159 -0.031953 20.222813 3.684357 2.316623 18.787294 3.6e-05 1e-05 10.751649 -0.47986 1.397931 0.0 3e-06 2e-06 3.273792 0.305945 -0.580142 21.486849 11.830423 2.26613 8.162937 1.3e-05 8e-06 18.399137 -3.798937 -4.940576 2e-06 -0.0 -3e-06 4.15425 0.908923 -32.432606 0.141412 0.017454 36.99374 -1.367648 -2.069403 -0.513099 1.767279 -1.865668 -5.347057 0.0 0.0 5e-06 7.34413 -0.203972 12.567944 -0.134038 -0.119396 2.357266 -5.73983 -2.860658 -11.954034 -1.421391 1.040772 -0.935717 0.0 -0.0 -1e-06 
0.0 0.0 0.0 0.0 -0.0 0.0 6.427264 96.080627 88.037041 -0.063261 -0.18828 -1.074442 1.699781 1.120223 2.731082 -0.520687 3.340623 -3.671137 -1.023246 1.784233 11.589356 -0.634603 2.694669 3.747678 -1.379481 -4.212329 -3.548078 2.542399 -6.965903 -17.178225 7.7e-05 -2.2e-05 6e-06 0.042237 0.167417 0.096067 0.60796 -3.602424 -10.509464 -0.533901 3.928766 -10.557823 -16.96751 3.177155 14.773415 -60.3162 -0.548782 6.525467 0.379721 -30.196051 -0.070014 7.870645 5.770835 -7.019464 -5.882124 9.861211 0.702802 -10.93678 -0.360594 7.156305 8e-06 8.774812 -5e-06 -15.949937 18.037672 5.952973 -1.844038 2.498507 -2.507288 -10.163631 4.678936 4.621078 -20.976116 -1.9e-05 -3e-06 -21.226448 2.45165 -3.594028 -3e-06 -6e-06 -1e-06 -1.362696 2.240791 -0.746349 -21.334976 0.584916 3.008306 -13.821278 -1.4e-05 0.0 -23.887413 -0.249128 -0.839502 -60.201519 2.35903 -1.232856 -0.294041 1.679675 0.833224 -14.218238 0.093231 1.300574 -34.212223 -0.287588 0.967173 -20.033331 0.964531 1.212865 -1e-06 0.0 -0.0 -3.440437 0.788217 0.501601 -15.928185 -3.167277 2.999721 -6.338855 -7e-06 -1e-06 -18.123611 3.648135 -4.905722 -5e-06 0.0 -2e-06 11.563826 13.133874 16.864105 53.625229 28.446363 18.373652 1.200457 27.703451 0.467766 -2.192049 -4.817206 -3.943632 2.243579 -5.254939 -3.179878 14.282839 -0.826705 6.952659 -3.2e-05 -12.690633 1.9e-05 16.03896 -17.363638 2.544867 1.665666 -1.955917 -2.878319 4.727793 -4.170585 4.993904 11.020538 2.9e-05 -0.0 12.109071 -3.735681 -2.866814 0.0 0.0 2e-06 1.29197 -1.928563 -1.49811 14.800151 0.567518 3.865595 14.242568 -1.3417 -6.660679 19.632023 0.144004 -0.648233 49.743664 -0.818216 -6.230837 0.353008 -1.511172 -0.031958 20.222824 3.68438 2.316618 18.787283 3.5e-05 2.5e-05 10.751641 -0.479867 1.397939 0.0 3e-06 0.0 3.273789 0.305936 -0.580145 21.486855 11.830459 2.266121 8.162937 1e-05 1.4e-05 18.399118 -3.798952 -4.940548 6e-06 2e-06 -5e-06 4.964092 0.867955 -31.824841 0.031801 -0.040655 21.437689 -0.207565 -0.468908 0.859426 1.782674 -1.915902 -4.804137 0.0 0.0 -0.0 6.925139 0.625429 16.294455 -0.169995 -0.201454 2.167795 -5.833193 -1.866128 -13.976594 -1.441847 1.021018 -1.492815 0.0 -0.0 -4e-06 
0.0 0.0 0.0 0.0 -0.0 0.0 6.941582 94.783134 93.270233 -0.236775 -2.286564 -0.97791 2.302265 1.098884 2.532545 -0.391705 3.8074 -3.745927 -1.033937 1.998203 11.625767 -2.035243 3.223121 3.710906 -1.216367 -3.759855 -3.552022 2.758031 -6.373731 -17.802172 7.7e-05 -2.2e-05 7e-06 0.04145 0.171648 0.117535 0.604669 -3.61655 -10.538774 -0.53412 3.951652 -10.567706 -18.606066 4.398206 14.657704 -60.642517 1.097244 4.208987 0.330448 -28.205376 0.000247 7.243322 6.313403 -7.391046 -5.882215 9.861179 0.702769 -10.936759 -0.36045 7.156306 -1e-06 8.774883 1e-06 -15.754982 18.155491 6.149673 -1.844043 2.498505 -2.507289 -10.163685 4.678984 4.621085 -20.976246 7e-06 1e-05 -21.226643 2.451752 -3.594073 -1e-06 -5e-06 -1e-06 -1.36271 2.24085 -0.746332 -21.33506 0.584865 3.00832 -13.821358 3e-06 3e-06 -23.887642 -0.24906 -0.839535 -60.363819 2.430212 -1.221864 -0.294061 1.679756 0.833248 -14.218272 0.093138 1.30057 -34.21246 -0.28755 0.967175 -20.033457 0.964548 1.212859 -3e-06 0.0 -0.0 -3.440506 0.788338 0.501626 -15.928176 -3.167435 2.999719 -6.338891 1e-06 -1e-06 -18.123783 3.648196 -4.90575 -3e-06 0.0 -2e-06 9.910553 14.373176 16.723455 53.706333 31.123442 19.558882 1.221449 27.114546 0.449594 -1.995339 -4.969834 -3.555141 2.243556 -5.254882 -3.179925 14.282772 -0.826809 6.952678 -1e-05 -12.690735 1.5e-05 16.028452 -17.42041 2.615969 1.665679 -1.955921 -2.878322 4.727835 -4.170627 4.993896 11.020637 8e-06 -7e-06 12.109272 -3.735778 -2.866871 1e-06 0.0 4e-06 1.292009 -1.928616 -1.49811 14.800221 0.567558 3.865592 14.242717 -1.341739 -6.66072 19.632368 0.143943 -0.648316 49.922371 -0.91683 -6.227991 0.353053 -1.51124 -0.031955 20.222904 3.68446 2.316625 18.787458 1.5e-05 -1.2e-05 10.751733 -0.47987 1.397934 1e-06 3e-06 0.0 3.273901 0.305824 -0.58016 21.486862 11.830643 2.266165 8.163003 1e-06 -8e-06 18.39941 -3.79899 -4.940693 2e-06 -2e-06 0.0 6.39084 0.3198 -31.064991 -0.060614 -0.130711 8.230031 -1.843974 0.626439 1.60066 1.757734 -2.081075 -4.604241 0.0 0.0 1e-06 6.282354 0.892646 20.09129 -0.114318 -0.289471 1.849954 -5.510216 -0.59207 -15.553495 -1.443255 0.928918 -2.451028 0.0 -0.0 -5e-06 
0.0 0.0 0.0 0.0 -0.0 0.0 7.446193 93.52211 98.705307 -0.117227 -3.501243 -0.749672 2.529497 0.971225 2.30329 -0.282946 4.094281 -3.829557 -1.211603 1.976574 11.636881 -2.777817 3.310377 3.182703 -1.02413 -3.29551 -3.547884 2.837001 -5.929936 -18.488852 7.7e-05 -2.2e-05 5e-06 0.030402 0.111324 0.127858 0.58265 -3.683019 -10.527842 -0.535535 3.897805 -10.537523 -19.766302 4.734293 14.49059 -61.234039 2.205924 2.806345 0.358644 -24.956747 0.041526 5.675481 6.935225 -8.414921 -5.881966 9.861282 0.702493 -10.936867 -0.360509 7.156209 8e-06 8.774853 -2e-06 -15.729362 18.18609 6.228534 -1.844026 2.498499 -2.507274 -10.163539 4.678933 4.621099 -20.975929 -4.2e-05 -1e-05 -21.22621 2.45166 -3.594023 0.0 -7e-06 1e-06 -1.362655 2.2408 -0.746313 -21.334827 0.584859 3.008309 -13.821151 -2.5e-05 1e-06 -23.887108 -0.249131 -0.839478 -60.599899 2.425645 -1.182104 -0.29399 1.679693 0.833268 -14.218175 0.09317 1.300569 -34.211903 -0.287619 0.96718 -20.033184 0.964512 1.212871 -3e-06 1e-06 -0.0 -3.440286 0.78823 0.501667 -15.928194 -3.167367 2.999701 -6.338799 -9e-06 1e-06 -18.123394 3.648155 -4.905687 -4e-06 -1e-06 -1e-06 8.847177 14.948368 16.381292 54.226387 33.006912 20.27286 1.160481 26.762835 0.432268 -2.335562 -4.818701 -3.539993 2.243547 -5.255029 -3.180108 14.282981 -0.826355 6.952454 4.2e-05 -12.690498 -2.8e-05 16.010441 -17.544027 2.656839 1.665658 -1.955937 -2.878286 4.727803 -4.170579 4.993911 11.020518 -3.5e-05 7e-06 12.109098 -3.735722 -2.866812 -0.0 1e-06 -2e-06 1.292005 -1.928517 -1.498109 14.800069 0.567359 3.865638 14.242564 -1.341778 -6.660669 19.63199 0.143841 -0.648302 49.952747 -0.874987 -6.28745 0.353058 -1.511103 -0.031975 20.222706 3.684134 2.316663 18.78727 -4.9e-05 -1e-05 10.751642 -0.479897 1.397913 -1e-06 1e-06 0.0 3.273821 0.305982 -0.580129 21.486702 11.830112 2.266173 8.162927 -2.2e-05 3e-06 18.399145 -3.79901 -4.940614 5e-06 1e-06 -3e-06 6.491417 0.64743 -31.83997 -0.075838 -0.210786 2.515574 -5.134398 1.230237 -0.157971 1.662761 -2.143486 -4.636025 -0.0 0.0 -2e-06 4.978187 0.248533 23.857786 -0.067202 -0.307981 1.304237 -4.848309 1.142763 -15.901073 -1.431353 0.83935 -4.051938 0.0 -0.0 -0.0 
0.0 0.0 0.0 0.0 -0.0 0.0 7.93709 92.518135 104.393196 0.666003 -4.043106 -0.328512 2.217274 0.898392 1.942372 -0.247482 4.201816 -4.023577 -1.744623 1.868931 11.610969 -2.699181 3.167682 2.296529 -1.002171 -3.008523 -3.557996 2.892828 -5.724524 -18.83856 7.7e-05 -2.2e-05 6e-06 0.014224 0.057354 0.113101 0.578209 -3.737581 -10.536572 -0.563219 3.844949 -10.539694 -20.56732 4.389806 14.456271 -61.777149 2.690732 2.29731 0.30921 -21.046637 0.096161 3.651409 7.819228 -9.25382 -5.882321 9.861149 0.703013 -10.93671 -0.360414 7.156435 -2e-06 8.774904 7e-06 -15.787755 18.124329 6.349226 -1.844048 2.498508 -2.5073 -10.163751 4.678997 4.621074 -20.976429 3e-05 3.2e-05 -21.226915 2.4518 -3.594101 -1e-06 -8e-06 2e-06 -1.362726 2.24085 -0.746349 -21.335173 0.584874 3.008322 -13.821476 1.8e-05 1.4e-05 -23.888002 -0.249019 -0.83955 -60.823334 2.392064 -1.019287 -0.294084 1.679754 0.833232 -14.218319 0.093135 1.300563 -34.212784 -0.287504 0.967202 -20.033659 0.964588 1.212876 -3e-06 1e-06 -0.0 -3.440582 0.788349 0.501602 -15.928168 -3.167451 2.999725 -6.338946 5e-06 5e-06 -18.124037 3.648216 -4.905789 -4e-06 0.0 -2e-06 8.593853 15.010876 16.202261 54.953384 33.593025 20.489662 0.659347 27.237734 0.308179 -3.209077 -4.543514 -4.237335 2.243549 -5.254955 -3.179937 14.28273 -0.826873 6.952714 -5.1e-05 -12.690731 3.7e-05 16.097078 -17.350937 2.485438 1.665678 -1.95591 -2.878328 4.727815 -4.170605 4.993903 11.020605 4e-05 -9e-06 12.109199 -3.735719 -2.866842 1e-06 -1e-06 0.0 1.291984 -1.928591 -1.498098 14.800218 0.567585 3.865573 14.242669 -1.341691 -6.660702 19.632278 0.144032 -0.648255 49.596413 -0.732956 -6.28856 0.353019 -1.511209 -0.031939 20.222918 3.684493 2.316595 18.787411 5.7e-05 5e-06 10.751709 -0.479853 1.397938 1e-06 -1e-06 -0.0 3.273838 0.305889 -0.580146 21.48691 11.830648 2.266103 8.162982 1.9e-05 -0.0 18.399311 -3.79894 -4.940619 3e-06 3e-06 -0.0 4.558911 1.571695 -32.601925 -0.143133 -0.253693 3.079696 -6.90193 0.177812 -2.083856 1.680996 -2.105494 -4.9017 -0.0 0.0 -3e-06 2.656687 -0.820684 27.260601 -0.000934 -0.276966 0.801666 -3.92304 3.458176 -13.695127 -1.420725 0.809923 -7.139734 0.0 -0.0 -1e-06 
0.0 0.0 0.0 0.0 -0.0 0.0 8.478518 92.248505 110.537674 2.338401 -4.252133 0.806776 1.0202 0.889087 0.962533 -0.304392 4.272463 -4.495093 -2.338317 1.764404 11.600203 -2.071414 2.906543 0.998717 -1.004612 -2.798533 -3.572409 2.899834 -5.658078 -18.427307 7.7e-05 -2.2e-05 7e-06 0.011603 0.030754 0.100785 0.558405 -3.770502 -10.544173 -0.545381 3.823928 -10.552886 -22.371176 3.533075 13.921845 -61.029469 3.360346 2.378431 0.035746 -17.483269 0.153003 1.699111 8.356611 -9.16496 -5.881993 9.861269 0.702603 -10.936812 -0.360581 7.156257 6e-06 8.774816 -4e-06 -15.700798 18.160011 6.611498 -1.844032 2.498503 -2.507281 -10.163581 4.678933 4.621081 -20.975994 -3.1e-05 -2.7e-05 -21.226288 2.451633 -3.594045 0.0 -7e-06 3e-06 -1.362678 2.240789 -0.746335 -21.334881 0.584898 3.008295 -13.821189 -2.3e-05 -1.5e-05 -23.887171 -0.249153 -0.839511 -60.787338 2.332889 -0.846342 -0.294019 1.679681 0.833242 -14.218193 0.093218 1.300568 -34.211987 -0.287618 0.967143 -20.033209 0.964507 1.212849 0.0 -0.0 -1e-06 -3.440363 0.78822 0.501624 -15.928181 -3.167297 2.999711 -6.338813 -7e-06 -6e-06 -18.123444 3.64813 -4.905715 -3e-06 1e-06 -3e-06 10.34176 14.376887 16.127024 54.415482 32.454922 19.811687 0.35544 28.250404 0.22174 -4.712395 -4.087188 -4.756228 2.243549 -5.255028 -3.180064 14.28291 -0.826534 6.952529 8e-06 -12.690569 1e-06 16.043816 -17.314466 2.564423 1.665664 -1.955926 -2.878301 4.727799 -4.170583 4.993915 11.020528 -4e-06 0.0 12.109086 -3.735701 -2.866804 -0.0 -0.0 -1e-06 1.291988 -1.928543 -1.498102 14.800103 0.567433 3.865612 14.242567 -1.34174 -6.660669 19.632004 0.143916 -0.648266 49.841438 -0.813401 -6.276706 0.353037 -1.511139 -0.031955 20.222757 3.68426 2.316637 18.787279 -1.4e-05 -1e-06 10.751641 -0.479885 1.397919 1e-06 3e-06 -3e-06 3.273812 0.305959 -0.580118 21.486765 11.830287 2.266132 8.16293 -1.1e-05 4e-06 18.399136 -3.798983 -4.940596 4e-06 1e-06 0.0 1.441146 1.681657 -33.325466 -0.278749 -0.38335 7.428455 -5.893315 -1.327553 0.187915 1.812249 -2.10695 -6.024201 0.0 1e-06 2e-06 -0.896791 -2.1919 28.5306 0.057399 -0.061776 2.571491 -3.144784 6.031944 -9.498187 -1.433228 0.789957 -13.667715 -0.0 -0.0 3e-06 
0.0 0.0 0.0 0.0 -0.0 0.0 8.895104 92.670502 116.836273 4.874361 -3.810208 2.200701 -0.713669 0.776133 -0.09088 -0.658474 4.222907 -4.967693 -3.474944 1.436911 11.518801 -0.705576 2.57087 -0.465052 -1.024575 -2.696576 -3.626014 3.076032 -5.59656 -18.370281 7.7e-05 -2.2e-05 7e-06 0.014741 0.009064 0.069896 0.55232 -3.771141 -10.451896 -0.531693 3.779617 -10.482855 -23.527254 2.36578 13.390091 -60.052265 3.544518 3.081912 -0.17788 -14.888503 0.188271 -0.579849 8.719695 -8.747427 -5.882164 9.861344 0.702485 -10.936885 -0.360627 7.156147 -2e-06 8.7748 -4e-06 -16.040606 18.16021 6.535155 -1.844029 2.498503 -2.507268 -10.163599 4.678932 4.62112 -20.976051 1e-05 2.9e-05 -21.226366 2.451716 -3.593979 1e-06 -5e-06 -2e-06 -1.362682 2.240775 -0.746312 -21.334908 0.58494 3.008337 -13.821227 7e-06 1.5e-05 -23.887287 -0.249051 -0.839459 -60.609291 2.354681 -0.806847 -0.294027 1.679654 0.833265 -14.218197 0.093251 1.300589 -34.212109 -0.287537 0.967196 -20.033274 0.964554 1.212857 -2e-06 -0.0 -1e-06 -3.440394 0.78819 0.501684 -15.928168 -3.167258 2.9997 -6.338831 -1e-06 7e-06 -18.123518 3.648184 -4.905658 -7e-06 -1e-06 -3e-06 13.689553 13.266726 16.229334 53.299339 30.378441 18.405254 0.165072 29.007719 0.25206 -7.014827 -3.238236 -4.308168 2.243492 -5.255137 -3.180279 14.282874 -0.826607 6.952487 -1.5e-05 -12.690597 1.2e-05 16.077301 -17.487576 2.66407 1.665663 -1.955919 -2.87829 4.727778 -4.170573 4.993927 11.020493 1.7e-05 -8e-06 12.109017 -3.735688 -2.8668 1e-06 0.0 4e-06 1.291968 -1.928527 -1.498075 14.800084 0.567472 3.865593 14.242517 -1.341715 -6.660652 19.631905 0.14399 -0.648243 50.164265 -0.828542 -6.251582 0.35301 -1.511126 -0.031924 20.222738 3.684313 2.316608 18.787197 2.4e-05 -7e-06 10.7516 -0.47986 1.397908 0.0 3e-06 0.0 3.273755 0.305996 -0.580086 21.486794 11.830359 2.266099 8.162896 5e-06 1e-06 18.399021 -3.798948 -4.940564 2e-06 -2e-06 -1e-06 -2.010739 0.50772 -35.355892 -0.173506 -0.348604 13.574477 -5.341593 -2.525153 8.431495 1.822031 -2.027565 -5.415159 0.0 0.0 3e-06 -5.432483 -4.473367 25.651028 -0.086425 0.193603 10.66504 -2.482182 8.508228 -3.254386 -1.458729 0.744662 -23.511757 -0.0 -0.0 2e-06 
0.0 0.0 0.0 0.0 -0.0 0.0 9.105997 93.289688 123.217026 6.456399 -2.659121 2.076943 -1.650941 0.555393 0.04529 -1.074415 3.967855 -4.77979 -4.451445 1.159555 11.177256 0.799443 1.92272 -1.265091 -1.275391 -3.106372 -3.548246 3.231398 -5.304088 -19.46776 7.7e-05 -2.2e-05 5e-06 0.013751 -0.010265 0.067408 0.580808 -3.766254 -10.354578 -0.562525 3.732601 -10.403354 -20.926039 0.94496 13.998155 -62.190128 1.999932 5.213917 -0.096021 -13.741827 0.177406 -2.670292 8.726532 -8.974862 -5.882052 9.861212 0.702726 -10.936836 -0.360507 7.15631 2e-06 8.774856 -1e-06 -16.049423 18.258823 6.522997 -1.844031 2.498505 -2.507284 -10.16359 4.67895 4.621083 -20.976038 -2e-05 -5e-06 -21.226357 2.451687 -3.594055 0.0 -9e-06 -1e-06 -1.362676 2.240818 -0.746332 -21.334902 0.584874 3.008311 -13.821216 -1.2e-05 3e-06 -23.887255 -0.249103 -0.839502 -60.397423 2.467871 -1.098296 -0.294019 1.679714 0.833246 -14.218202 0.093175 1.300569 -34.212082 -0.28758 0.967183 -20.033268 0.964539 1.212871 0.0 -0.0 -1e-06 -3.440367 0.788266 0.501633 -15.928181 -3.167372 2.999719 -6.338826 -5e-06 4e-06 -18.123522 3.648168 -4.905716 -4e-06 0.0 -3e-06 14.647565 11.987774 16.39053 55.448978 28.322027 17.563076 -0.2584 28.804134 0.081766 -9.667231 -1.892451 -4.953152 2.24355 -5.254965 -3.180094 14.282866 -0.826533 6.952521 8e-06 -12.690592 -1.7e-05 16.214565 -17.752544 2.698244 1.665669 -1.955929 -2.8783 4.727813 -4.170594 4.993907 11.020574 -2e-06 -2e-06 12.109177 -3.735721 -2.866841 1e-06 0.0 1e-06 1.291995 -1.928552 -1.498105 14.800144 0.567454 3.865616 14.242634 -1.341744 -6.66069 19.632185 0.143927 -0.648295 50.437267 -0.688071 -6.330372 0.353042 -1.511153 -0.031966 20.222809 3.684283 2.316646 18.787363 6e-06 -8e-06 10.751687 -0.479869 1.397922 -2e-06 0.0 -2e-06 3.273834 0.305938 -0.58014 21.486803 11.830327 2.266168 8.162959 3e-06 -5e-06 18.39926 -3.798959 -4.940635 2e-06 -3e-06 0.0 -4.204751 -0.435047 -35.343857 -0.123447 -0.31022 20.735252 -5.355378 -3.962903 8.177233 1.728468 -1.993683 -3.638054 -0.0 -1e-06 4e-06 -8.287531 -6.614493 20.502451 -0.204205 0.463458 24.723778 -1.631005 8.778996 7.128293 -1.470503 0.658699 -29.180161 -0.0 -0.0 2e-06 
0.0 0.0 0.0 0.0 -0.0 0.0 9.257068 94.201752 129.309769 7.761304 -1.946437 1.101702 -2.540015 0.325233 0.843465 -1.420767 3.58589 -4.443458 -5.016633 0.893085 11.17371 1.761433 1.740985 -1.745699 -1.444595 -3.360277 -3.53199 3.17773 -5.324636 -20.092031 7.7e-05 -2.2e-05 6e-06 0.032201 0.051292 0.099066 0.591899 -3.698009 -10.320358 -0.539099 3.785976 -10.344074 -17.954178 -0.727637 14.577144 -64.176743 -0.184384 8.369141 -0.139498 -14.141604 0.206397 -4.677359 8.224541 -10.202364 -5.882119 9.86118 0.702799 -10.9368 -0.360472 7.156332 0.0 8.774875 -0.0 -16.249525 18.651129 6.353263 -1.844036 2.498505 -2.507289 -10.16363 4.678968 4.621082 -20.976124 -1.2e-05 1e-06 -21.226479 2.451716 -3.59407 2e-06 -6e-06 -1e-06 -1.362689 2.240834 -0.746336 -21.334974 0.584862 3.008315 -13.821274 -6e-06 4e-06 -23.887413 -0.249086 -0.839517 -60.643501 2.467827 -1.286549 -0.294035 1.679736 0.833244 -14.218231 0.093153 1.300569 -34.212227 -0.28757 0.967185 -20.03334 0.964543 1.212869 -2e-06 -1e-06 1e-06 -3.440426 0.788303 0.501622 -15.928183 -3.167408 2.999722 -6.338857 -2e-06 3e-06 -18.123619 3.648179 -4.905736 -0.0 0.0 -3e-06 14.941052 11.203063 16.413441 57.911999 26.496807 17.443062 -0.332719 27.630772 0.062926 -10.491892 -1.023393 -6.325584 2.243551 -5.254931 -3.179965 14.282855 -0.826625 6.952596 -5e-06 -12.690624 1e-06 16.319851 -17.665894 2.750355 1.665667 -1.955924 -2.878309 4.727809 -4.170599 4.993901 11.02056 6e-06 -3e-06 12.109142 -3.735719 -2.866838 1e-06 -1e-06 -1e-06 1.291994 -1.928569 -1.498108 14.800144 0.567481 3.8656 14.242608 -1.341734 -6.660689 19.632093 0.143948 -0.648284 50.37183 -0.495101 -6.153362 0.353039 -1.511178 -0.031962 20.222816 3.684335 2.316634 18.787333 3e-06 -5e-06 10.751666 -0.479873 1.397926 1e-06 2e-06 1e-06 3.273838 0.305905 -0.580153 21.486814 11.830412 2.266156 8.162954 3e-06 -0.0 18.399206 -3.79897 -4.94062 3e-06 -3e-06 1e-06 -6.015259 -0.808735 -31.950758 -0.124669 -0.116727 23.937723 -4.537646 -4.520372 5.288601 1.654371 -1.951188 -2.688308 0.0 0.0 -0.0 -10.151518 -7.175045 12.556477 -0.05017 0.44178 41.411247 1.237393 5.854917 21.634048 -1.061792 0.746323 -12.801497 -0.0 -0.0 5e-06 
0.0 0.0 0.0 0.0 -0.0 0.0 9.313497 95.337296 135.032837 9.006286 -2.348891 0.250206 -3.540737 0.15599 1.629032 -1.752256 3.250494 -4.184142 -5.217814 0.292666 11.186565 1.744609 1.811894 -1.879592 -1.219254 -3.042066 -3.521985 2.938845 -4.77141 -20.926701 7.7e-05 -2.2e-05 6e-06 0.034576 0.066871 0.134808 0.586701 -3.698397 -10.344747 -0.530052 3.821425 -10.343272 -16.426516 -1.758932 14.493361 -64.064987 -2.667324 11.693841 -0.29844 -14.801 0.273443 -5.942739 7.751979 -11.474795 -5.882244 9.861098 0.702814 -10.936785 -0.360466 7.1563 -3e-06 8.774894 -1.1e-05 -16.198614 19.130173 6.364241 -1.844039 2.498506 -2.507287 -10.163673 4.678989 4.621085 -20.976233 4e-06 2.6e-05 -21.226631 2.451755 -3.594075 0.0 -5e-06 1e-06 -1.362698 2.240858 -0.746337 -21.335049 0.584863 3.008341 -13.821351 3e-06 1.6e-05 -23.887617 -0.24905 -0.839513 -60.912857 2.505497 -1.426445 -0.294047 1.679765 0.833243 -14.218268 0.093131 1.300589 -34.212437 -0.287547 0.967211 -20.033455 0.964557 1.212884 -2e-06 0.0 -0.0 -3.44048 0.788346 0.501621 -15.928185 -3.167449 2.999748 -6.338888 -2e-06 6e-06 -18.123751 3.648204 -4.905742 -7e-06 -0.0 -1e-06 15.851311 10.921306 16.723682 59.043804 25.74243 19.120222 0.08682 25.074213 0.146335 -9.7729 -0.843235 -6.604831 2.24353 -5.254979 -3.180088 14.282785 -0.826726 6.952578 -2.5e-05 -12.690667 8e-06 16.415897 -17.598532 2.634037 1.665674 -1.955918 -2.878309 4.727812 -4.1706 4.993911 11.020571 2.3e-05 -1.1e-05 12.109136 -3.735718 -2.866834 -0.0 1e-06 1e-06 1.291991 -1.928583 -1.498093 14.800181 0.567531 3.865588 14.242626 -1.341718 -6.660688 19.632143 0.143997 -0.648268 50.017563 -0.493712 -6.179079 0.35304 -1.5112 -0.031944 20.222862 3.684415 2.316615 18.787342 4.1e-05 -8e-06 10.751672 -0.479852 1.397919 -1e-06 -2e-06 2e-06 3.273853 0.30589 -0.580138 21.486858 11.830521 2.266134 8.162952 1.4e-05 -7e-06 18.399208 -3.79894 -4.940622 4e-06 2e-06 -4e-06 -7.573263 -0.674489 -26.96327 -0.057025 0.008609 23.624483 -3.804717 -4.311478 1.536677 1.62123 -1.930753 -2.262822 -0.0 0.0 -2e-06 -11.473823 -6.875111 3.603643 -0.018325 0.247428 55.665932 2.28912 5.243351 23.46707 -0.994821 0.899723 -4.941807 0.0 -0.0 -5e-06 
0.0 0.0 0.0 0.0 -0.0 0.0 9.237652 96.701691 140.443039 9.189356 -3.304859 -0.727967 -3.937912 0.081279 2.234535 -1.880951 2.631848 -3.981589 -5.020573 -0.176085 11.450753 1.523462 2.058594 -1.837286 -1.122896 -2.471758 -3.479847 2.532215 -3.835233 -21.207369 7.7e-05 -2.2e-05 4e-06 0.025827 0.028503 0.135305 0.601704 -3.742585 -10.388381 -0.561451 3.792648 -10.385573 -16.094561 -2.316562 14.440535 -62.384415 -5.721041 13.361759 -0.395345 -14.980659 0.247792 -4.588879 7.343951 -10.962399 -5.882176 9.861055 0.702835 -10.93676 -0.360474 7.15632 -5e-06 8.774893 -1.4e-05 -16.476841 19.084072 6.107894 -1.844042 2.498512 -2.507291 -10.163676 4.678993 4.62107 -20.976229 1e-06 1e-06 -21.226618 2.451739 -3.59411 2e-06 -7e-06 1e-06 -1.362706 2.240872 -0.746351 -21.335051 0.584855 3.008329 -13.821352 1e-06 1e-06 -23.887625 -0.249072 -0.839556 -60.84375 2.525405 -1.425695 -0.294057 1.679783 0.833231 -14.218267 0.093123 1.300587 -34.212437 -0.287564 0.967173 -20.033449 0.96454 1.21287 -1e-06 -1e-06 0.0 -3.440493 0.788378 0.501593 -15.928177 -3.167465 2.999758 -6.338884 -1e-06 -1e-06 -18.123755 3.648195 -4.905776 -6e-06 3e-06 -3e-06 16.970999 10.853922 17.194141 59.452152 25.383204 21.905169 0.503459 22.120049 0.10738 -8.200212 -1.235951 -5.114877 2.243544 -5.254966 -3.179946 14.282835 -0.826639 6.952634 -1.1e-05 -12.690614 9e-06 16.409195 -17.473871 2.475631 1.665674 -1.955925 -2.878318 4.727816 -4.170591 4.993898 11.020578 9e-06 -6e-06 12.109167 -3.735698 -2.866842 1e-06 0.0 3e-06 1.291999 -1.928566 -1.498106 14.800161 0.567479 3.865596 14.242634 -1.341722 -6.660703 19.632166 0.143961 -0.64829 50.000153 -0.426688 -6.120742 0.353047 -1.511176 -0.031965 20.222837 3.684337 2.316619 18.787361 1.4e-05 -8e-06 10.751681 -0.479871 1.397927 2e-06 -0.0 3e-06 3.273854 0.305915 -0.580151 21.486816 11.830396 2.266125 8.16296 3e-06 1e-06 18.399233 -3.798953 -4.940613 3e-06 0.0 0.0 -7.880809 -0.022937 -20.630432 -0.048334 -0.007467 20.664066 -3.470116 -3.741278 -1.144065 1.599845 -1.961778 -2.077074 0.0 0.0 1e-06 -10.909749 -6.262889 -4.821897 0.038622 -0.031059 64.430107 0.600274 4.909173 15.909837 -1.085757 0.893727 -4.890056 0.0 -0.0 -4e-06 
0.0 0.0 0.0 0.0 -0.0 0.0 9.011277 98.024284 145.817947 8.373177 -4.00557 -1.841392 -3.822932 -0.027898 2.853715 -1.79125 1.853912 -3.719128 -4.476402 -0.757299 11.612909 1.249079 2.269515 -1.393931 -0.998718 -1.856775 -3.425226 2.015866 -2.813565 -20.942657 7.7e-05 -2.2e-05 6e-06 0.012529 -0.024351 0.125118 0.611757 -3.792904 -10.409347 -0.596422 3.738145 -10.414452 -15.283226 -3.061679 14.444566 -60.910713 -8.651924 13.344326 -0.364838 -15.569772 0.164288 -1.860508 6.769602 -9.118288 -5.882085 9.86136 0.702561 -10.936865 -0.360608 7.156215 1.3e-05 8.774791 2e-06 -16.819351 18.82527 5.827042 -1.844027 2.498499 -2.507273 -10.163563 4.678907 4.621108 -20.975973 -3e-05 1.2e-05 -21.226246 2.451638 -3.593961 -3e-06 -4e-06 -0.0 -1.362666 2.240752 -0.746323 -21.334864 0.584921 3.008315 -13.821181 -1.8e-05 1.2e-05 -23.887146 -0.249124 -0.839437 -60.655216 2.561744 -1.34313 -0.294007 1.679629 0.833255 -14.21819 0.093251 1.300573 -34.211971 -0.287594 0.967201 -20.033203 0.964531 1.212874 0.0 1e-06 -0.0 -3.440338 0.788141 0.501667 -15.928192 -3.167229 2.999685 -6.338812 -9e-06 5e-06 -18.123426 3.64813 -4.905648 -3e-06 1e-06 -2e-06 17.454514 10.487502 17.501204 60.093105 24.417614 24.555321 0.744093 20.356138 0.083421 -6.211576 -1.894903 -2.315058 2.243495 -5.25523 -3.18048 14.282924 -0.826448 6.952329 -1.9e-05 -12.690492 -3e-06 16.439854 -17.317287 2.329087 1.665658 -1.955918 -2.878275 4.72776 -4.170542 4.993941 11.020432 1.9e-05 -7e-06 12.108907 -3.735625 -2.866739 -1e-06 -1e-06 2e-06 1.291961 -1.928484 -1.498061 14.800043 0.567413 3.865607 14.242445 -1.34171 -6.660598 19.631718 0.143991 -0.648209 50.005672 -0.321451 -6.114961 0.352999 -1.511064 -0.031916 20.222683 3.684207 2.316613 18.787107 2.9e-05 -2e-06 10.75155 -0.479848 1.397888 1e-06 1e-06 1e-06 3.27371 0.306073 -0.580054 21.486769 11.830162 2.266082 8.162852 1.5e-05 -2e-06 18.398853 -3.798914 -4.940505 5e-06 -2e-06 0.0 -7.110301 0.497389 -13.423324 -0.051116 -0.140873 16.296789 -3.011368 -3.096233 -3.021354 1.59669 -1.973559 -1.925562 0.0 0.0 3e-06 -8.73672 -5.976923 -12.21766 0.074249 -0.218092 67.55143 -2.115141 3.025975 8.916711 -1.217079 0.876579 -5.249209 0.0 -0.0 -2e-06 
0.0 0.0 0.0 0.0 -0.0 0.0 8.614309 99.002327 151.332611 6.786459 -4.185883 -2.797592 -3.390764 -0.170875 3.39432 -1.566648 1.021292 -3.474892 -3.61228 -1.575529 11.669801 1.104999 2.290051 -0.670564 -0.782848 -1.239508 -3.400854 1.440595 -1.8939 -20.300154 7.7e-05 -2.2e-05 5e-06 0.009688 -0.039159 0.121767 0.627405 -3.803133 -10.431233 -0.615632 3.718156 -10.443122 -13.727163 -4.082237 14.338839 -59.817364 -10.647382 12.118562 -0.297904 -17.933105 0.065044 0.536113 5.50187 -7.32768 -5.881963 9.861525 0.702273 -10.936987 -0.360759 7.156085 3e-06 8.774726 -0.0 -16.839504 18.674568 5.741611 -1.844013 2.498497 -2.507252 -10.163485 4.67888 4.62113 -20.975784 -1.2e-05 -2e-06 -21.226017 2.451608 -3.593929 1e-06 -5e-06 -1e-06 -1.362651 2.240699 -0.746302 -21.3347 0.584993 3.008314 -13.821056 -6e-06 4e-06 -23.886808 -0.249116 -0.839431 -60.682262 2.631752 -1.351168 -0.293988 1.679556 0.833277 -14.218101 0.093344 1.30058 -34.211624 -0.287563 0.96717 -20.033033 0.964536 1.212845 2e-06 1e-06 -0.0 -3.440238 0.788044 0.501718 -15.928159 -3.167094 2.999668 -6.338754 -2e-06 4e-06 -18.123198 3.648133 -4.905611 1e-06 -2e-06 -4e-06 17.654631 9.577196 17.528479 60.499489 22.384291 25.366566 0.602568 20.548058 0.042526 -4.778491 -1.995009 -0.930706 2.243517 -5.255266 -3.180416 14.282969 -0.826374 6.952353 -1.2e-05 -12.690452 -1e-06 16.457922 -17.272343 2.315226 1.665653 -1.955922 -2.878273 4.727759 -4.17053 4.993939 11.020444 8e-06 2e-06 12.10895 -3.735627 -2.866747 -3e-06 -0.0 -3e-06 1.291957 -1.928454 -1.498065 14.80003 0.567368 3.865611 14.242455 -1.341712 -6.660605 19.631786 0.143957 -0.648206 49.989639 -0.286074 -6.144668 0.352994 -1.511022 -0.031922 20.222662 3.684139 2.316623 18.787123 1.2e-05 1.6e-05 10.751568 -0.479866 1.397903 0.0 4e-06 1e-06 3.273685 0.306123 -0.58005 21.486746 11.830055 2.26608 8.162868 6e-06 7e-06 18.398928 -3.798931 -4.940495 3e-06 0.0 -1e-06 -5.482599 0.61203 -6.105146 -0.035171 -0.286983 11.470234 -2.580018 -2.438989 -4.434114 1.612885 -1.962832 -1.806584 0.0 0.0 -0.0 -5.58146 -6.033077 -18.131071 0.010331 -0.409681 65.617035 -4.508636 0.395775 3.630651 -1.310502 0.828489 -5.443199 -0.0 -0.0 2e-06 
0.0 0.0 0.0 0.0 -0.0 0.0 8.08167 99.45845 156.998901 4.986011 -3.935159 -3.204449 -2.908997 -0.324556 3.638311 -1.339292 0.205068 -3.379706 -2.570804 -2.460505 11.707534 1.220406 2.193052 0.138151 -0.648237 -0.660207 -3.46108 0.898128 -1.313869 -19.458715 7.7e-05 -2.3e-05 7e-06 0.014637 -0.022009 0.109069 0.635021 -3.779573 -10.461582 -0.611165 3.72957 -10.468015 -11.976713 -5.285426 13.893677 -58.5355 -11.818753 10.762945 -0.225599 -21.713957 -0.011229 2.059159 3.987932 -6.657699 -5.8822 9.86113 0.70276 -10.93671 -0.360467 7.156306 2.5e-05 8.774872 -7e-06 -16.535192 18.605106 5.899865 -1.844043 2.498504 -2.507291 -10.163661 4.678945 4.621077 -20.976215 -6.1e-05 2e-05 -21.226574 2.451654 -3.594027 0.0 -1e-05 -1e-06 -1.362682 2.240822 -0.746339 -21.335066 0.584834 3.00832 -13.821343 -4.1e-05 1.5e-05 -23.887594 -0.249158 -0.83946 -60.806496 2.722267 -1.373695 -0.294025 1.679718 0.833238 -14.218296 0.093146 1.30057 -34.21241 -0.287652 0.967227 -20.033445 0.964504 1.21291 0.0 3e-06 -1e-06 -3.440446 0.788264 0.501609 -15.928237 -3.167394 2.999728 -6.33888 -2e-05 2e-06 -18.12372 3.648108 -4.905718 -5e-06 -1e-06 -2e-06 18.306128 8.224722 17.475559 59.923073 19.589134 23.658127 0.283105 22.101982 -0.018376 -4.543575 -1.537908 -1.836939 2.243556 -5.254954 -3.180185 14.282743 -0.826698 6.952523 -4.6e-05 -12.690659 -4e-06 16.44054 -17.354347 2.428401 1.665676 -1.955917 -2.878304 4.72781 -4.170591 4.993908 11.020587 4.3e-05 -1.1e-05 12.109154 -3.735684 -2.86682 2e-06 0.0 2e-06 1.291982 -1.928572 -1.498089 14.800207 0.567538 3.865594 14.242646 -1.341696 -6.66068 19.632219 0.144035 -0.648245 49.96632 -0.356573 -6.183998 0.353021 -1.511181 -0.031941 20.2229 3.684421 2.316629 18.787369 8.2e-05 1e-06 10.751689 -0.479824 1.397924 -1e-06 -0.0 3e-06 3.273833 0.305928 -0.58014 21.486919 11.830499 2.266155 8.162962 3.4e-05 -1.1e-05 18.399242 -3.79888 -4.94061 7e-06 -2e-06 -2e-06 -3.577399 0.532769 0.318771 -0.006848 -0.331917 7.199029 -2.213031 -2.120248 -5.821281 1.644275 -1.930406 -1.766139 0.0 1e-06 1e-06 -2.368372 -6.15671 -22.992037 -0.150878 -0.53431 59.4772 -5.591258 -2.111004 0.529599 -1.372971 0.793308 -5.518645 -0.0 -1e-06 -1e-06 
0.0 0.0 0.0 0.0 -0.0 0.0 7.504568 99.340042 162.749023 3.804065 -3.319058 -3.192324 -2.802496 -0.457847 3.588321 -1.227402 -0.636751 -3.392472 -1.705091 -3.244667 11.808516 1.751698 2.005814 0.916896 -0.701493 -0.228609 -3.550021 0.425227 -1.097865 -18.736248 7.7e-05 -2.2e-05 6e-06 0.018513 0.002977 0.095468 0.623929 -3.748515 -10.488726 -0.590568 3.751001 -10.477542 -10.189405 -6.580345 13.400965 -56.822906 -13.18823 9.940585 -0.12258 -25.398813 -0.084405 2.82584 2.97294 -6.682312 -5.882131 9.861219 0.702728 -10.936934 -0.360544 7.156262 -2.6e-05 8.774862 -5e-06 -16.19632 18.554871 6.122425 -1.844026 2.498509 -2.507278 -10.163594 4.678988 4.621101 -20.976032 5.8e-05 1.2e-05 -21.226366 2.451797 -3.594075 -3e-06 -5e-06 1e-06 -1.362693 2.240839 -0.746323 -21.334883 0.584919 3.008341 -13.821238 3.8e-05 1e-05 -23.887327 -0.248979 -0.839544 -60.766556 2.843869 -1.332974 -0.294041 1.679741 0.833258 -14.218167 0.093186 1.300592 -34.212109 -0.287458 0.967177 -20.033285 0.9646 1.212847 -1e-06 3e-06 3e-06 -3.440409 0.788331 0.501667 -15.928126 -3.167394 2.999731 -6.338836 1.6e-05 7e-06 -18.123543 3.648267 -4.905718 -5e-06 -2e-06 -1e-06 19.50399 6.658451 17.512381 58.568844 16.880581 20.621109 0.022407 23.675268 -0.105074 -5.539311 -1.044882 -3.945586 2.243518 -5.25498 -3.180061 14.282961 -0.826651 6.952554 4.5e-05 -12.690663 3e-06 16.448448 -17.481373 2.522206 1.665662 -1.955925 -2.878303 4.727807 -4.170624 4.993918 11.020535 -3.5e-05 2e-06 12.109117 -3.73581 -2.866837 -1e-06 1e-06 -0.0 1.292008 -1.928597 -1.498088 14.800086 0.567476 3.865614 14.242582 -1.341801 -6.660687 19.632019 0.143841 -0.648322 49.977722 -0.47269 -6.242674 0.353061 -1.511212 -0.031938 20.222723 3.684331 2.316641 18.787291 -6.5e-05 -1.2e-05 10.751645 -0.479903 1.397913 -2e-06 -0.0 2e-06 3.273848 0.30583 -0.580107 21.486704 11.830482 2.266172 8.162933 -2.8e-05 -1e-06 18.399168 -3.799088 -4.940656 5e-06 1e-06 1e-06 -2.256551 0.475725 5.564913 0.00194 -0.265903 4.165451 -1.843518 -2.302296 -7.521901 1.677986 -1.90946 -1.756149 0.0 0.0 1e-06 -0.280031 -6.50749 -26.639103 -0.206957 -0.416451 49.793896 -5.545885 -4.493251 -0.795461 -1.411051 0.816533 -5.530065 -0.0 -0.0 3e-06 
0.0 0.0 0.0 0.0 -0.0 0.0 6.973989 98.665062 168.599396 3.480716 -2.490616 -3.124959 -3.092459 -0.557226 3.435089 -1.21464 -1.430363 -3.444915 -1.235095 -3.835611 11.988408 2.48884 1.666997 1.649405 -0.816524 -0.185915 -3.592051 0.006178 -0.954505 -18.270748 7.7e-05 -2.2e-05 6e-06 0.01143 0.012939 0.101818 0.603214 -3.73564 -10.51812 -0.582831 3.761254 -10.497065 -8.337652 -7.831893 13.096004 -54.881584 -15.251667 9.216464 0.002566 -28.159058 -0.144278 3.028003 2.59465 -6.47675 -5.882108 9.861164 0.702744 -10.936782 -0.360459 7.15631 -1.1e-05 8.774895 -7e-06 -15.981731 18.478405 6.226377 -1.844042 2.498508 -2.507289 -10.163657 4.678999 4.621076 -20.976171 1.3e-05 -1.9e-05 -21.226557 2.451745 -3.594117 3e-06 -6e-06 -1e-06 -1.362708 2.240863 -0.746334 -21.335001 0.584867 3.00831 -13.821314 5e-06 -9e-06 -23.887537 -0.249073 -0.839577 -60.65633 2.879592 -1.362966 -0.29406 1.679774 0.833249 -14.218235 0.093133 1.30057 -34.212318 -0.287554 0.967139 -20.033388 0.964536 1.212844 -2e-06 1e-06 1e-06 -3.440479 0.788375 0.501615 -15.928157 -3.167463 2.999735 -6.338869 6e-06 -7e-06 -18.123699 3.648201 -4.90578 -5e-06 0.0 -3e-06 20.621775 5.100593 17.498137 57.280666 14.667998 17.88195 -0.218766 24.289484 -0.183926 -6.919093 -0.943898 -6.146023 2.243526 -5.254894 -3.180031 14.282887 -0.826752 6.952584 3.1e-05 -12.69073 -3e-06 16.50444 -17.571928 2.548682 1.665668 -1.955925 -2.878312 4.727821 -4.170642 4.993912 11.020576 -2.1e-05 0.0 12.109181 -3.735829 -2.866858 1e-06 0.0 2e-06 1.292009 -1.928627 -1.498096 14.80014 0.567531 3.865607 14.242638 -1.341791 -6.660705 19.632147 0.143873 -0.648321 50.170521 -0.542049 -6.191431 0.353063 -1.511259 -0.031943 20.222801 3.684425 2.316646 18.787363 -3.6e-05 -1.8e-05 10.751682 -0.479883 1.39792 -3e-06 -2e-06 2e-06 3.27388 0.305779 -0.580129 21.486769 11.830621 2.266191 8.162962 -1.6e-05 -0.0 18.399258 -3.799063 -4.940686 4e-06 2e-06 -1e-06 -1.741822 0.403009 9.972276 -0.018723 -0.158633 2.633741 -1.404079 -2.589188 -9.732144 1.695022 -1.92124 -1.720789 0.0 0.0 1e-06 0.296483 -7.503631 -28.567135 -0.0822 -0.212476 37.015846 -5.482971 -6.337633 -0.442673 -1.425094 0.867547 -5.319062 1e-06 -1e-06 -5e-06 
0.0 0.0 0.0 0.0 -0.0 0.0 6.437267 97.511429 174.54895 3.79401 -1.62568 -3.165985 -3.612097 -0.608935 3.348671 -1.269166 -1.962754 -3.546278 -1.059166 -4.347396 12.188284 3.21358 1.348244 2.351309 -0.863597 -0.522529 -3.601435 -0.397068 -0.823294 -18.082321 7.7e-05 -2.2e-05 6e-06 0.001137 0.026021 0.108319 0.600925 -3.721185 -10.577289 -0.600471 3.776185 -10.555243 -6.347009 -8.887641 12.913899 -53.271412 -17.724562 8.175117 0.188919 -30.250635 -0.201974 2.965924 2.439027 -5.839736 -5.882147 9.861054 0.702932 -10.936671 -0.360346 7.156432 4e-06 8.774936 -0.0 -15.849322 18.44734 6.293581 -1.84405 2.498507 -2.507301 -10.163709 4.679007 4.621047 -20.976294 -2.4e-05 -2.1e-05 -21.226711 2.451725 -3.59416 -3e-06 -7e-06 0.0 -1.362716 2.240892 -0.74635 -21.335108 0.584804 3.008292 -13.821384 -1.7e-05 -1.3e-05 -23.887726 -0.249129 -0.839583 -60.664375 2.848961 -1.526331 -0.294069 1.679817 0.83323 -14.218304 0.093066 1.300554 -34.212528 -0.287611 0.967149 -20.033499 0.964514 1.212868 0.0 2e-06 -1e-06 -3.440534 0.788422 0.501571 -15.928189 -3.167548 2.999745 -6.338902 -5e-06 -1e-05 -18.123838 3.648172 -4.905829 -5e-06 -3e-06 -3e-06 21.19759 3.879464 17.499521 56.563435 12.966604 15.586781 -0.3948 23.825197 -0.174119 -7.800168 -1.271985 -7.697877 2.243602 -5.254783 -3.179938 14.28277 -0.826831 6.952633 -4e-06 -12.690772 -5e-06 16.565849 -17.639822 2.577325 1.66568 -1.95592 -2.878321 4.727845 -4.170648 4.993897 11.020653 6e-06 -1e-06 12.109282 -3.735804 -2.866866 -1e-06 -0.0 0.0 1.292013 -1.928651 -1.498112 14.800246 0.567582 3.865605 14.242735 -1.341756 -6.660719 19.632401 0.143927 -0.648299 50.609177 -0.551271 -6.061323 0.353066 -1.511285 -0.031956 20.222939 3.684502 2.316655 18.787497 1.5e-05 -1e-05 10.751745 -0.47986 1.397933 -2e-06 -1e-06 2e-06 3.27394 0.305754 -0.580167 21.486883 11.830719 2.266213 8.163019 8e-06 -1.2e-05 18.399446 -3.798988 -4.940704 -1e-06 -0.0 -1e-06 -1.706684 0.530833 14.124909 -0.016609 -0.087332 2.021891 -1.083149 -3.003035 -12.24656 1.696157 -1.962228 -1.754294 0.0 0.0 -0.0 -0.337871 -8.912202 -28.887257 0.134419 -0.133414 22.45183 -5.188789 -6.475259 0.422915 -1.431317 0.908389 -5.087503 -1e-06 0.0 1e-06 
0.0 0.0 0.0 0.0 -0.0 0.0 5.754931 96.065849 180.479019 4.296175 -0.853489 -3.100331 -4.142334 -0.680727 3.140705 -1.373909 -2.212018 -3.674963 -0.980292 -4.723275 12.333791 4.03365 1.075138 2.907412 -0.965359 -0.841146 -3.626849 -0.770341 -1.034425 -17.934425 7.7e-05 -2.2e-05 8e-06 0.005766 0.032384 0.08899 0.633111 -3.717173 -10.657567 -0.623577 3.787227 -10.64915 -4.433742 -9.603529 12.347367 -52.080051 -19.844915 7.115921 0.426922 -32.335304 -0.171064 3.096602 2.263144 -5.23055 -5.882108 9.861245 0.702647 -10.936881 -0.360544 7.156246 -4.1e-05 8.774867 -8e-06 -15.701077 18.504641 6.444716 -1.844037 2.498512 -2.507281 -10.163652 4.679021 4.621092 -20.976133 8.7e-05 -1.8e-05 -21.226521 2.451827 -3.594144 1e-06 -5e-06 -0.0 -1.362728 2.240864 -0.746324 -21.334946 0.584933 3.008319 -13.821292 5.3e-05 -2e-05 -23.887478 -0.248961 -0.839632 -60.642838 2.881938 -1.831031 -0.294084 1.679772 0.83326 -14.218183 0.09318 1.300583 -34.21225 -0.287434 0.967094 -20.033356 0.964592 1.212788 -1e-06 -2e-06 0.0 -3.440505 0.788395 0.50165 -15.92809 -3.167431 2.999733 -6.33886 2.6e-05 -5e-06 -18.123672 3.648299 -4.905792 -3e-06 1e-06 0.0 21.586155 3.133956 17.406836 56.075203 11.3745 13.91184 -0.413958 22.63703 -0.093856 -7.58475 -2.157273 -8.118264 2.243488 -5.254884 -3.180026 14.28288 -0.826766 6.952609 3.3e-05 -12.69074 -0.0 16.505459 -17.644352 2.542675 1.66567 -1.955923 -2.878312 4.727823 -4.17065 4.993905 11.020574 -2.5e-05 -1.2e-05 12.109193 -3.735835 -2.866885 -1e-06 -0.0 0.0 1.292013 -1.928638 -1.498097 14.800134 0.56754 3.865601 14.242641 -1.341792 -6.660725 19.632154 0.143884 -0.648356 50.625267 -0.589628 -6.130081 0.353068 -1.511269 -0.031942 20.222786 3.684436 2.316637 18.787354 -3.7e-05 -3.4e-05 10.751676 -0.479885 1.397914 -4e-06 0.0 -1e-06 3.27388 0.305757 -0.580135 21.486757 11.830657 2.266195 8.162955 -1.6e-05 -8e-06 18.399246 -3.799055 -4.940714 2e-06 -0.0 -1e-06 -1.461972 1.131225 18.282125 0.0135 -0.027774 1.538994 -0.820321 -4.060193 -14.723065 1.739121 -1.913902 -1.9533 0.0 0.0 -0.0 -1.535674 -10.027331 -28.917761 0.267902 -0.133914 9.156439 -3.471863 -5.363931 -0.124316 -1.409101 0.972939 -4.975833 0.0 1e-06 -4e-06 
0.0 0.0 0.0 0.0 -0.0 0.0 4.854128 94.627342 186.360794 4.306727 -0.381864 -2.937669 -4.407596 -0.740102 2.829851 -1.501386 -2.432404 -3.785668 -0.624955 -4.73296 12.41845 4.827385 0.864329 3.231542 -0.988421 -0.905117 -3.652014 -1.095475 -0.987507 -17.769842 7.7e-05 -2.2e-05 7e-06 0.011667 0.013242 0.080076 0.633177 -3.740283 -10.707176 -0.611006 3.77265 -10.69159 -3.303529 -9.814646 11.796193 -50.996208 -21.435595 4.881851 0.126737 -34.814812 -0.022386 3.750324 1.902079 -4.432367 -5.882077 9.86124 0.702757 -10.936769 -0.360479 7.156343 1.3e-05 8.774849 7e-06 -15.613387 18.594437 6.630842 -1.844037 2.498497 -2.507289 -10.163616 4.678942 4.621077 -20.976084 -3.8e-05 -1.6e-05 -21.226416 2.451657 -3.594049 1e-06 -7e-06 -2e-06 -1.362681 2.240803 -0.746334 -21.334951 0.584867 3.008288 -13.821252 -2.1e-05 -5e-06 -23.887358 -0.249143 -0.839516 -60.817917 2.812762 -1.575345 -0.294023 1.679698 0.833245 -14.218231 0.093176 1.300552 -34.212166 -0.287615 0.967167 -20.033306 0.964517 1.212866 3e-06 3e-06 4e-06 -3.440397 0.788241 0.501621 -15.928194 -3.167357 2.9997 -6.338843 -8e-06 -6e-06 -18.123587 3.648137 -4.905731 -6e-06 -0.0 -1e-06 22.423239 2.763033 17.437611 55.304771 10.281363 12.710264 -0.347712 20.666185 -0.082768 -6.525344 -3.17974 -7.553823 2.24357 -5.254952 -3.179921 14.282774 -0.826647 6.952639 -3.3e-05 -12.690612 1e-05 16.390308 -17.50684 2.461628 1.665675 -1.955922 -2.878316 4.727821 -4.170584 4.993897 11.020599 2.6e-05 -5e-06 12.109185 -3.735678 -2.86683 0.0 -0.0 0.0 1.291993 -1.928556 -1.498117 14.800204 0.567491 3.865591 14.242657 -1.341697 -6.660696 19.632227 0.143997 -0.648266 50.247478 -0.487186 -6.336914 0.353037 -1.511155 -0.031969 20.222889 3.684342 2.316615 18.787395 4.3e-05 3e-06 10.7517 -0.479858 1.397931 -1e-06 -1e-06 -1e-06 3.273861 0.305945 -0.580169 21.486874 11.830394 2.266121 8.162982 1.4e-05 -3e-06 18.399292 -3.798911 -4.940614 1e-06 0.0 0.0 -0.135963 2.139291 22.406332 -0.049117 -0.15936 1.047307 -1.07725 -5.677436 -16.109434 1.783869 -1.809526 -2.79485 -0.0 0.0 -4e-06 -1.986067 -10.781441 -29.887138 0.197338 0.00786 1.783795 -0.372588 -4.643279 -2.701379 -1.359244 1.016555 -4.935767 0.0 -0.0 -7e-06 
0.0 0.0 0.0 0.0 -0.0 0.0 3.715338 93.452522 192.372452 3.822515 -0.081568 -2.612181 -4.537242 -0.78363 2.444143 -1.522083 -2.702749 -3.940086 -0.083007 -4.76847 12.247607 5.549239 0.569662 3.322745 -1.060835 -0.475434 -3.626835 -1.159006 -0.848634 -17.564663 7.7e-05 -2.2e-05 7e-06 0.006345 -0.009644 0.086334 0.614166 -3.778453 -10.72245 -0.601735 3.763663 -10.682021 -2.291788 -9.806894 11.701997 -51.059582 -22.017405 1.800536 -0.327754 -37.89072 0.11846 5.041328 1.284022 -3.609092 -5.882066 9.861291 0.702596 -10.936841 -0.360509 7.156243 -1e-05 8.774853 3e-06 -15.765656 18.670267 6.67774 -1.844034 2.498501 -2.507281 -10.163603 4.67896 4.621095 -20.976023 8e-06 -1.6e-05 -21.226326 2.451715 -3.594059 -1e-06 -9e-06 -3e-06 -1.362691 2.24082 -0.746318 -21.3349 0.584888 3.008301 -13.821213 -0.0 -1e-05 -23.88722 -0.249083 -0.839534 -61.388901 2.802846 -1.33809 -0.294039 1.679716 0.833264 -14.218193 0.093182 1.300566 -34.212048 -0.28755 0.967134 -20.033236 0.964539 1.212832 -1e-06 2e-06 -1e-06 -3.440416 0.788282 0.501653 -15.928157 -3.167372 2.999697 -6.338824 8e-06 -3e-06 -18.123484 3.648195 -4.905723 -5e-06 2e-06 0.0 23.097652 2.653949 17.679642 55.114174 9.731048 11.977738 -0.280168 18.325733 -0.043498 -5.530712 -4.043428 -6.97025 2.243571 -5.254939 -3.17999 14.282838 -0.826691 6.952608 -3e-06 -12.690655 6e-06 16.449947 -17.432491 2.414199 1.665672 -1.955921 -2.878312 4.727819 -4.170609 4.993905 11.020586 3e-06 -0.0 12.109174 -3.735745 -2.866836 -1e-06 -0.0 0.0 1.291998 -1.928586 -1.498103 14.800175 0.567509 3.865603 14.242646 -1.34174 -6.660694 19.632204 0.143932 -0.648283 49.975246 -0.242087 -6.307711 0.353045 -1.511199 -0.031952 20.222843 3.684377 2.316632 18.787373 3e-06 -0.0 10.751688 -0.479873 1.397926 1e-06 -0.0 1e-06 3.27387 0.305878 -0.580143 21.486824 11.830492 2.266152 8.16297 -1e-06 -1e-06 18.399271 -3.798985 -4.940637 3e-06 0.0 -1e-06 2.072695 2.892666 26.549114 -0.062507 -0.448169 0.259557 -1.596649 -7.45201 -15.668985 1.819924 -1.777104 -4.959578 -0.0 0.0 -2e-06 -1.378524 -11.721498 -30.738024 0.194107 0.175621 0.547476 1.916899 -4.090621 -5.32496 -1.313519 1.039364 -5.008506 0.0 1e-06 2e-06 
0.0 0.0 0.0 0.0 -0.0 0.0 2.238857 92.696609 198.747696 1.981008 0.20608 -1.516811 -3.826823 -0.739351 1.452853 -1.412991 -2.96498 -4.219951 0.791348 -4.955141 11.922019 5.962089 0.389223 2.961612 -1.035818 -0.433608 -3.680605 -0.813857 -0.738797 -16.387316 7.7e-05 -2.2e-05 7e-06 -0.007308 -0.01963 0.085264 0.593095 -3.789104 -10.636014 -0.6047 3.751508 -10.594823 -2.747608 -9.719757 11.866599 -50.622898 -21.211994 -0.265101 -0.259861 -41.753433 0.012165 5.794945 0.94005 -3.593482 -5.882076 9.861227 0.702799 -10.936764 -0.360491 7.156376 6e-06 8.774856 8e-06 -15.801081 18.64274 6.728882 -1.844037 2.498503 -2.507287 -10.163636 4.678957 4.621071 -20.976133 -1.6e-05 -1.8e-05 -21.226498 2.451674 -3.594074 1e-06 -7e-06 -1e-06 -1.362694 2.240813 -0.746337 -21.334978 0.58488 3.00829 -13.821286 -9e-06 -7e-06 -23.887461 -0.24912 -0.83954 -61.517117 2.751829 -1.322266 -0.294041 1.679708 0.833234 -14.218234 0.093186 1.300553 -34.21225 -0.287589 0.967154 -20.033356 0.964532 1.212856 1e-06 2e-06 1e-06 -3.440433 0.788274 0.501613 -15.928177 -3.167359 2.999708 -6.338859 -6e-06 -3e-06 -18.123655 3.648153 -4.905759 -5e-06 -1e-06 -1e-06 24.349455 2.408744 17.288155 54.587254 8.831535 11.766232 -0.179677 16.622368 0.065882 -4.613187 -4.581645 -7.144649 2.243563 -5.254883 -3.179984 14.282812 -0.826666 6.952601 -1.3e-05 -12.690665 -1.1e-05 16.295151 -17.308167 2.412513 1.665672 -1.955924 -2.878311 4.727821 -4.170608 4.993896 11.020601 1.3e-05 -3e-06 12.109215 -3.735731 -2.866856 0.0 -0.0 0.0 1.291994 -1.928585 -1.498112 14.80019 0.567512 3.865609 14.242664 -1.34173 -6.660706 19.632257 0.143959 -0.648286 49.917381 -0.123792 -6.016696 0.353038 -1.511197 -0.031965 20.222872 3.68438 2.316644 18.787403 2.7e-05 1e-06 10.751709 -0.479862 1.397938 -1e-06 0.0 0.0 3.273855 0.305887 -0.58016 21.48686 11.830482 2.266181 8.162983 1.1e-05 -1e-06 18.399319 -3.79895 -4.940647 3e-06 -0.0 -2e-06 6.239238 3.852963 28.945601 0.052249 -0.953934 1.172639 -2.231859 -9.45574 -13.191188 1.909231 -1.775701 -9.67294 0.0 0.0 -0.0 0.665304 -11.647387 -30.280357 0.300785 0.198589 2.401285 1.28018 -3.068724 -3.473964 -1.291138 1.177359 -5.896616 -0.0 -0.0 3e-06 
0.0 0.0 0.0 0.0 -0.0 0.0 0.455624 92.664391 205.137497 -2.32599 0.206132 0.600683 -1.329584 -0.663971 -0.048796 -1.14508 -3.109925 -4.875755 2.523406 -5.188484 11.816869 5.884611 0.637558 1.440417 -1.0854 0.033937 -3.712583 -0.682712 -1.006968 -14.171292 7.7e-05 -2.2e-05 5e-06 -0.013491 -0.028199 0.037385 0.598717 -3.790648 -10.617927 -0.6199 3.736267 -10.592598 -6.325333 -9.044538 11.466641 -47.936035 -19.123297 -1.833615 -0.779072 -45.675491 0.489913 6.028207 0.483117 -2.57034 -5.882132 9.861168 0.702742 -10.936788 -0.360543 7.156295 -1e-06 8.774853 -6e-06 -16.070293 18.477436 6.443802 -1.844038 2.498507 -2.507284 -10.163646 4.678967 4.621077 -20.976156 -2e-06 -1.1e-05 -21.226521 2.451696 -3.594088 0.0 -5e-06 -1e-06 -1.3627 2.240825 -0.746344 -21.334988 0.584894 3.008315 -13.8213 -2e-06 -6e-06 -23.887497 -0.249104 -0.839541 -61.047104 2.48511 -1.222283 -0.294046 1.679725 0.833237 -14.218239 0.093182 1.300579 -34.212303 -0.287573 0.967157 -20.033381 0.964533 1.21286 1e-06 -0.0 0.0 -3.440454 0.788293 0.501613 -15.92817 -3.167371 2.999735 -6.338865 1e-06 -3e-06 -18.123674 3.64817 -4.905759 -3e-06 0.0 -5e-06 27.103739 2.506249 16.516275 52.258583 7.625159 11.776716 -0.25772 15.674438 0.00732 -3.485842 -5.018771 -6.768853 2.243529 -5.254977 -3.180117 14.282907 -0.826614 6.952523 4e-06 -12.690634 -6e-06 16.158895 -17.25705 2.447665 1.665662 -1.955923 -2.878299 4.727791 -4.170599 4.993914 11.020523 0.0 0.0 12.109085 -3.735742 -2.866829 1e-06 0.0 -0.0 1.291982 -1.928567 -1.498094 14.800105 0.567486 3.865615 14.24256 -1.341748 -6.660676 19.632019 0.143933 -0.648267 49.869045 -0.166642 -6.102636 0.353027 -1.511177 -0.031944 20.222754 3.684337 2.316645 18.787262 -4e-06 6e-06 10.751637 -0.479874 1.397925 -3e-06 1e-06 -1e-06 3.273783 0.305907 -0.580115 21.48679 11.830426 2.266168 8.16292 -1e-06 7e-06 18.399111 -3.798997 -4.940597 0.0 -0.0 -1e-06 13.3772 5.097507 26.83292 -0.01893 -1.194332 8.205416 -2.686138 -11.322602 -9.254794 2.01882 -1.659466 -16.979204 0.0 0.0 1e-06 5.233491 -9.104242 -31.898985 0.266959 0.090505 6.844541 -1.185524 -3.048075 6.182942 -1.352185 1.166294 -5.80832 -0.0 -1e-06 1e-06 
0.0 0.0 0.0 0.0 -0.0 0.0 -1.297675 93.050682 211.690491 -5.906938 -0.615904 1.363965 0.167867 -0.650409 -0.385461 -0.685199 -3.346906 -5.102249 4.610375 -4.875617 11.569807 5.432377 0.918505 0.608105 -1.104319 0.440697 -3.744931 -0.569173 -0.502774 -13.999763 7.7e-05 -2.2e-05 6e-06 -0.025222 -0.097517 0.013729 0.645239 -3.867347 -10.695354 -0.688611 3.67331 -10.690028 -7.506802 -8.298705 11.611528 -49.243885 -17.232201 -2.880652 -0.970014 -48.187511 0.697937 6.408702 -0.258184 -1.794422 -5.882082 9.861185 0.70282 -10.936757 -0.36049 7.156343 1.9e-05 8.774848 -2e-06 -16.237509 18.155935 6.154261 -1.844037 2.498501 -2.507293 -10.163614 4.678934 4.621072 -20.976091 -5.3e-05 -2e-06 -21.226412 2.451634 -3.594033 1e-06 -5e-06 -1e-06 -1.362675 2.240807 -0.746343 -21.334961 0.584855 3.0083 -13.821256 -3.3e-05 4e-06 -23.887362 -0.249165 -0.839475 -60.680828 2.294103 -1.034136 -0.294013 1.679699 0.833237 -14.218245 0.09317 1.300559 -34.21217 -0.28764 0.967192 -20.033308 0.96451 1.212886 0.0 2e-06 2e-06 -3.440389 0.788234 0.501608 -15.928211 -3.167352 2.99971 -6.338841 -1.6e-05 0.0 -18.123562 3.648108 -4.905715 -3e-06 -1e-06 -6e-06 26.786089 3.265616 16.817955 52.505112 8.43445 13.355481 -0.277551 14.539837 -0.065375 -2.441461 -5.718419 -5.994633 2.243613 -5.255029 -3.180016 14.282829 -0.826619 6.95258 -3.5e-05 -12.69059 1.3e-05 16.113617 -17.455536 2.525761 1.665668 -1.95592 -2.87831 4.727802 -4.170569 4.993911 11.02056 2.9e-05 7e-06 12.109111 -3.735661 -2.866789 2e-06 0.0 1e-06 1.291976 -1.928532 -1.498103 14.800172 0.567476 3.865604 14.2426 -1.341697 -6.660659 19.632111 0.143986 -0.648216 49.961872 -0.178779 -6.195612 0.35302 -1.511129 -0.031953 20.222851 3.684321 2.316625 18.787338 3.4e-05 2.7e-05 10.751671 -0.479861 1.397935 0.0 -0.0 0.0 3.273817 0.305991 -0.58013 21.48686 11.830343 2.266109 8.162959 1.3e-05 6e-06 18.399214 -3.798927 -4.940555 2e-06 0.0 0.0 17.990349 4.985852 23.152328 -0.107717 -1.22934 19.801159 -1.960621 -10.344973 -2.256845 2.108608 -1.520618 -24.522789 0.0 0.0 2e-06 9.430103 -7.38619 -32.741333 0.180069 0.036736 13.531081 -1.625328 -3.242583 10.184578 -1.37663 1.085839 -4.049988 -0.0 -1e-06 -4e-06 
0.0 0.0 0.0 0.0 -0.0 0.0 -2.807907 93.813576 218.096191 -8.138327 -1.90939 0.824311 0.9941 -0.464233 0.259087 -0.189668 -3.193244 -4.98595 5.715848 -4.408047 11.364837 5.121546 0.906858 0.748576 -0.769955 0.455551 -3.746875 -0.372737 0.04551 -14.940279 7.7e-05 -2.2e-05 7e-06 -0.01574 -0.058973 0.018962 0.68298 -3.796126 -10.661614 -0.709499 3.676684 -10.659458 -5.92355 -7.843429 12.361184 -53.89151 -16.390045 -1.972162 -0.076916 -47.98983 0.045531 6.238828 -0.510895 -2.616253 -5.882137 9.861328 0.702542 -10.93689 -0.360598 7.156185 2.6e-05 8.774791 -1e-06 -15.890739 18.078959 6.208355 -1.844021 2.498495 -2.507269 -10.163543 4.678891 4.621116 -20.975943 -4.7e-05 4.4e-05 -21.226196 2.451636 -3.59392 2e-06 -7e-06 -0.0 -1.362644 2.240747 -0.746314 -21.334856 0.584899 3.00834 -13.821167 -2.9e-05 3.5e-05 -23.887108 -0.24912 -0.839378 -60.242016 2.2905 -1.150554 -0.29398 1.679619 0.833261 -14.218195 0.093242 1.300589 -34.211926 -0.287604 0.967261 -20.033188 0.96454 1.212908 -1e-06 -2e-06 1e-06 -3.440284 0.788113 0.50168 -15.928222 -3.16723 2.999692 -6.338809 -1.5e-05 1.7e-05 -18.123388 3.648126 -4.905604 -6e-06 -1e-06 -2e-06 24.066807 4.445223 17.604391 55.184113 10.5607 15.80478 -0.261195 14.185685 -0.024343 -1.365834 -6.672316 -5.532911 2.243566 -5.255071 -3.180012 14.282846 -0.826617 6.952616 -2.5e-05 -12.69059 2e-05 16.132524 -17.700619 2.60843 1.665666 -1.95592 -2.878308 4.727798 -4.170569 4.993908 11.020551 1.8e-05 1e-06 12.109118 -3.735677 -2.866808 -2e-06 2e-06 -0.0 1.291978 -1.928519 -1.498101 14.800144 0.567465 3.865594 14.242597 -1.341703 -6.660671 19.632109 0.143976 -0.648248 50.026188 -0.218599 -6.28687 0.353019 -1.511113 -0.031954 20.222816 3.684302 2.316607 18.787329 2.1e-05 1.8e-05 10.751677 -0.479873 1.397933 1e-06 -0.0 1e-06 3.273794 0.306005 -0.580126 21.486826 11.83033 2.266093 8.162952 6e-06 7e-06 18.3992 -3.798949 -4.940578 3e-06 0.0 -1e-06 19.807356 4.276401 17.741201 -0.059616 -1.310923 34.754814 -1.355257 -8.099376 8.275546 2.111211 -1.581704 -21.586901 -0.0 0.0 -2e-06 12.277838 -7.155986 -30.166252 0.259328 -0.10798 17.461843 -2.090314 -1.877543 9.900301 -1.381361 1.042284 -2.360295 -0.0 -1e-06 -4e-06 
0.0 0.0 0.0 0.0 -0.0 0.0 -4.150516 94.628769 223.878616 -9.687089 -2.268939 0.220243 1.729119 -0.354896 0.979507 0.171583 -2.608465 -4.761501 6.244825 -4.261157 11.201823 5.047538 0.694728 0.827272 -0.615258 0.371374 -3.73957 -0.081461 0.217041 -15.58279 7.7e-05 -2.2e-05 8e-06 -0.020196 -0.060403 0.017467 0.674574 -3.800984 -10.666503 -0.711875 3.675947 -10.650275 -5.549551 -7.423007 12.655703 -56.986221 -16.36067 0.81039 0.481969 -44.874264 -0.424596 5.141286 -0.229002 -2.786687 -5.882165 9.861254 0.702576 -10.936875 -0.360586 7.15618 7e-06 8.77482 -1.1e-05 -15.681961 17.92309 6.305467 -1.844031 2.498505 -2.507274 -10.163581 4.678927 4.621111 -20.976017 -2e-05 3.7e-05 -21.226299 2.451686 -3.593964 2e-06 -6e-06 -1e-06 -1.362666 2.240789 -0.746325 -21.334908 0.584898 3.00835 -13.821213 -1.2e-05 2.6e-05 -23.88723 -0.249084 -0.839421 -60.000446 2.328942 -1.044069 -0.294008 1.679678 0.833258 -14.218207 0.093213 1.300598 -34.212048 -0.287571 0.967238 -20.033251 0.964548 1.212892 0.0 3e-06 3e-06 -3.440358 0.788206 0.501665 -15.928198 -3.167298 2.999715 -6.338826 -4e-06 9e-06 -18.123468 3.648162 -4.905641 -6e-06 -1e-06 -2e-06 22.298031 5.444343 17.893721 56.209431 12.356993 17.712667 -0.05766 15.591625 -0.043323 -1.405611 -6.088325 -6.141389 2.243549 -5.255006 -3.180061 14.28285 -0.826581 6.952558 -1.6e-05 -12.690593 1e-06 16.377403 -17.743351 2.558764 1.665665 -1.955923 -2.878304 4.727801 -4.170579 4.993908 11.020545 1.4e-05 -5e-06 12.109109 -3.735685 -2.866817 0.0 0.0 1e-06 1.291984 -1.928542 -1.498105 14.800139 0.567467 3.865605 14.242595 -1.341718 -6.660681 19.632084 0.143967 -0.648265 50.350834 -0.250322 -6.265006 0.353025 -1.511138 -0.031958 20.222801 3.684304 2.316627 18.7873 2.1e-05 6e-06 10.751649 -0.479866 1.397926 1e-06 1e-06 1e-06 3.273808 0.305967 -0.580134 21.486818 11.830341 2.266131 8.162942 8e-06 1e-06 18.399162 -3.798946 -4.940592 6e-06 0.0 0.0 20.479002 3.125687 10.5133 0.056752 -1.383223 48.685173 -2.741786 -5.973924 15.094132 2.060244 -1.958868 -7.386894 0.0 0.0 1e-06 14.277911 -7.530704 -26.220331 0.218232 -0.075398 19.021397 -2.850778 -1.090471 6.071901 -1.40506 1.011133 -1.901742 0.0 -0.0 -0.0 
0.0 0.0 0.0 0.0 -0.0 0.0 -5.183251 95.799324 229.231262 -10.018835 -2.13848 -0.251176 2.081263 -0.162935 1.345674 0.265871 -2.041025 -4.479773 6.176568 -3.949388 11.270521 5.063487 0.542115 0.815666 -0.672217 0.1544 -3.713739 0.255426 -0.277124 -15.64233 7.6e-05 -2.3e-05 6e-06 -0.025777 -0.069985 0.024324 0.662277 -3.803158 -10.628362 -0.712379 3.661633 -10.616867 -6.997355 -6.827133 13.106493 -58.060009 -17.614565 4.343885 0.576562 -38.40329 -0.415809 3.968174 0.386946 -1.463512 -5.882152 9.861235 0.70269 -10.936905 -0.360591 7.156233 -7e-06 8.774823 -8e-06 -15.603729 18.013208 6.337728 -1.844027 2.498506 -2.507277 -10.163587 4.678946 4.621105 -20.976017 1.5e-05 3.1e-05 -21.226316 2.451722 -3.594004 1e-06 -6e-06 -4e-06 -1.362677 2.240799 -0.746329 -21.334892 0.584918 3.008341 -13.821216 1.2e-05 2e-05 -23.887245 -0.249036 -0.839474 -59.861397 2.461025 -0.977156 -0.294022 1.679697 0.83325 -14.218189 0.093212 1.300597 -34.212063 -0.287521 0.967215 -20.03326 0.964576 1.212873 0.0 1e-06 -0.0 -3.440381 0.788247 0.501657 -15.928167 -3.167316 2.999724 -6.33883 3e-06 1.2e-05 -18.123499 3.648203 -4.905678 -3e-06 1e-06 -3e-06 22.272089 6.012918 17.854856 54.978989 14.225661 18.245184 0.238388 17.248331 -0.110382 -3.238372 -4.708521 -6.659481 2.243532 -5.254948 -3.180016 14.282823 -0.826645 6.952601 -1e-05 -12.690639 -4e-06 16.539528 -17.638073 2.474349 1.66567 -1.955923 -2.878308 4.727812 -4.170599 4.993899 11.020574 1e-05 -9e-06 12.109166 -3.735716 -2.866848 2e-06 -1e-06 1e-06 1.291993 -1.928571 -1.498104 14.800161 0.567492 3.865597 14.242627 -1.341726 -6.660699 19.632154 0.143965 -0.648291 50.347355 -0.366572 -6.254343 0.353036 -1.511178 -0.031957 20.22283 3.68435 2.316625 18.787348 2e-05 -2e-06 10.751679 -0.479867 1.397931 -0.0 -1e-06 -0.0 3.273834 0.305911 -0.580148 21.486828 11.830433 2.266151 8.162957 5e-06 -3e-06 18.39924 -3.798954 -4.94063 3e-06 1e-06 -2e-06 19.339945 1.792864 2.732003 -0.00631 -1.166681 58.704788 -4.985548 -7.316477 12.56016 2.050499 -1.977259 -4.936095 -0.0 0.0 -1e-06 14.676588 -7.47539 -21.098389 0.072974 -0.047615 17.598289 -3.103557 -1.154152 3.005118 -1.404678 0.956446 -1.701128 0.0 -0.0 -4e-06 
0.0 0.0 0.0 0.0 -0.0 0.0 -5.988494 97.229454 234.622437 -8.856936 -2.092831 -0.969231 1.893322 0.039849 1.743756 0.128802 -1.482098 -4.180083 5.320635 -3.431257 11.395285 5.158683 0.591216 1.177799 -0.836345 -0.174106 -3.671391 0.513424 -1.106986 -15.384118 7.7e-05 -2.3e-05 6e-06 -0.02582 -0.090675 0.03601 0.646352 -3.816876 -10.567101 -0.69774 3.635345 -10.575341 -8.652574 -6.230407 13.600657 -59.200821 -18.736076 7.212238 0.182912 -30.468904 -0.103008 2.920953 2.189234 1.196907 -5.882065 9.861285 0.702516 -10.936715 -0.360491 7.156245 2.2e-05 8.774848 2e-06 -15.75984 18.04775 6.169693 -1.84404 2.498498 -2.507282 -10.16363 4.678932 4.621078 -20.976131 -6.4e-05 -2.2e-05 -21.226467 2.451618 -3.594027 1e-06 -4e-06 -2e-06 -1.362689 2.240801 -0.74632 -21.334993 0.584852 3.008283 -13.821279 -4.4e-05 -1.1e-05 -23.887428 -0.249204 -0.839497 -59.928383 2.568542 -1.004397 -0.294028 1.679691 0.833257 -14.21826 0.093171 1.300551 -34.21225 -0.287679 0.967157 -20.03335 0.964468 1.212867 -1e-06 1e-06 -0.0 -3.440423 0.788231 0.501633 -15.928209 -3.167351 2.999692 -6.338851 -1.8e-05 -1e-05 -18.123611 3.648094 -4.90573 -3e-06 1e-06 -4e-06 22.253113 6.657114 17.943502 53.829231 16.67625 17.873983 0.446839 18.195295 -0.096829 -5.702482 -4.134151 -6.075681 2.243585 -5.254995 -3.180187 14.282819 -0.826664 6.952493 -3e-05 -12.690633 -1e-06 16.499319 -17.496342 2.382605 1.665672 -1.955919 -2.8783 4.727802 -4.170588 4.993922 11.020556 2.8e-05 1e-06 12.109105 -3.735697 -2.866794 0.0 0.0 2e-06 1.291983 -1.928566 -1.498086 14.80017 0.567511 3.865604 14.2426 -1.341714 -6.660653 19.632095 0.143985 -0.648221 50.00156 -0.473169 -6.290612 0.353026 -1.511172 -0.031937 20.222849 3.684372 2.316638 18.787319 4.3e-05 1.1e-05 10.751657 -0.479847 1.397921 -3e-06 1e-06 -1e-06 3.273828 0.305932 -0.58011 21.48687 11.830449 2.266145 8.162947 1.9e-05 -4e-06 18.399176 -3.798925 -4.940578 1e-06 -0.0 -1e-06 16.172054 0.938898 -4.735927 -0.095105 -0.699733 63.947327 -5.320083 -8.4661 8.366734 1.954485 -1.950797 -4.986453 0.0 0.0 2e-06 13.256649 -6.991024 -14.792416 0.011019 -0.056183 13.959006 -3.164067 -1.845832 1.041912 -1.404927 0.925512 -1.614095 -0.0 -0.0 1e-06 
0.0 0.0 0.0 0.0 -0.0 0.0 -6.683601 98.412338 240.071396 -7.055355 -2.410185 -1.84857 1.594883 0.245952 2.402184 -0.032149 -0.800969 -3.884477 4.023031 -2.741266 11.255756 4.884159 0.677105 1.79085 -0.910534 -0.434604 -3.632056 0.807649 -2.029404 -15.210393 7.7e-05 -2.3e-05 6e-06 -0.018098 -0.073366 0.043881 0.637494 -3.799459 -10.556779 -0.674805 3.650613 -10.577525 -9.588232 -5.575924 14.0402 -61.498817 -18.425106 8.801368 -0.016695 -23.93854 0.042953 1.694337 4.838913 3.004055 -5.882139 9.861162 0.702827 -10.936726 -0.360432 7.156362 2e-05 8.774872 6e-06 -16.172073 17.875162 5.886369 -1.84404 2.498501 -2.507297 -10.163646 4.678948 4.621072 -20.976152 -5.2e-05 6e-06 -21.22648 2.451653 -3.594035 3e-06 -8e-06 -4e-06 -1.362688 2.240831 -0.746343 -21.33502 0.584836 3.008301 -13.821298 -3.4e-05 5e-06 -23.887474 -0.24916 -0.839483 -60.15276 2.598424 -1.112921 -0.294029 1.679733 0.833236 -14.218274 0.093139 1.300558 -34.212303 -0.28764 0.967203 -20.033379 0.964511 1.212895 0.0 1e-06 3e-06 -3.440443 0.788291 0.501604 -15.928213 -3.167412 2.999708 -6.338863 -1.4e-05 3e-06 -18.123653 3.648124 -4.90573 -9e-06 -0.0 0.0 20.54166 7.660901 17.963135 54.529453 19.291437 17.358557 0.427716 19.051723 -0.070209 -7.11878 -4.32407 -4.899414 2.243607 -5.254717 -3.179686 14.282737 -0.826838 6.952778 -1.9e-05 -12.690764 -0.0 16.392862 -17.441055 2.3556 1.665679 -1.955923 -2.878334 4.727849 -4.170642 4.993876 11.02068 1.6e-05 -1e-06 12.109336 -3.735782 -2.866907 -0.0 1e-06 -1e-06 1.292008 -1.928641 -1.498136 14.800278 0.567584 3.865602 14.242771 -1.34173 -6.660755 19.632492 0.143958 -0.648314 49.648052 -0.601407 -6.372009 0.353056 -1.511274 -0.031987 20.222977 3.6845 2.316648 18.787548 2.8e-05 6e-06 10.751781 -0.47987 1.397958 -3e-06 -1e-06 -1e-06 3.273934 0.305781 -0.580215 21.486914 11.830693 2.266203 8.16304 8e-06 2e-06 18.399521 -3.798972 -4.940701 3e-06 2e-06 -0.0 12.332707 0.928222 -11.537389 -0.081973 -0.194746 65.395828 -4.427947 -8.225461 4.920992 1.859746 -1.926305 -5.143386 0.0 0.0 3e-06 11.130645 -6.065128 -8.181245 0.010297 -0.052301 9.841991 -3.222832 -2.737244 -0.614815 -1.400471 0.896058 -1.57468 -0.0 -1e-06 -6e-06 
0.0 0.0 0.0 0.0 -0.0 0.0 -7.334395 99.090263 245.508575 -5.241116 -3.087586 -2.48366 1.355842 0.442503 3.04165 -0.144648 0.011961 -3.635157 2.75443 -1.982301 10.995342 4.093127 0.893413 2.165178 -0.907353 -0.716914 -3.629019 1.121668 -2.796806 -15.228892 7.7e-05 -2.3e-05 6e-06 -0.013342 -0.044305 0.044468 0.6212 -3.776302 -10.566031 -0.650806 3.682032 -10.597463 -10.650529 -4.559676 14.445645 -63.624279 -16.31835 8.621086 0.140971 -20.529657 0.042458 0.878458 6.841716 2.398532 -5.882206 9.861227 0.702508 -10.936742 -0.3605 7.156173 2.7e-05 8.774847 -9e-06 -16.498566 17.772013 5.786183 -1.844041 2.498499 -2.507276 -10.163637 4.678929 4.621102 -20.976151 -6.5e-05 2.8e-05 -21.226456 2.451644 -3.593971 2e-06 -4e-06 -0.0 -1.362679 2.240808 -0.746319 -21.335026 0.584844 3.008326 -13.821299 -4.6e-05 1.7e-05 -23.887451 -0.249166 -0.839422 -60.430435 2.57069 -1.116144 -0.29402 1.679704 0.833266 -14.21828 0.093162 1.30058 -34.212292 -0.287663 0.967226 -20.033363 0.96449 1.212899 -2e-06 3e-06 -0.0 -3.440429 0.788238 0.501656 -15.928235 -3.167358 2.999703 -6.33886 -2.2e-05 -1e-06 -18.123621 3.648098 -4.905669 -3e-06 -0.0 1e-06 17.958797 8.888591 17.79574 55.696083 21.495461 16.878901 0.407606 20.863531 -0.018215 -7.408191 -4.468338 -3.625383 2.243573 -5.254918 -3.180119 14.282729 -0.826719 6.952584 -3.7e-05 -12.69068 -2e-06 16.23019 -17.410372 2.450922 1.66568 -1.955918 -2.878308 4.727829 -4.170604 4.993903 11.020637 3.2e-05 -8e-06 12.109255 -3.735711 -2.866845 0.0 0.0 2e-06 1.291995 -1.928586 -1.498096 14.800245 0.567543 3.865593 14.242711 -1.341707 -6.660701 19.632364 0.144 -0.648273 49.417343 -0.694345 -6.356955 0.353039 -1.5112 -0.03195 20.22294 3.684428 2.316632 18.787458 6e-05 -4e-06 10.751731 -0.479844 1.397929 2e-06 -0.0 2e-06 3.273885 0.305893 -0.580151 21.486921 11.83053 2.266166 8.163002 2.7e-05 -1.1e-05 18.399387 -3.798903 -4.94065 3e-06 -0.0 -3e-06 8.697916 1.354291 -17.699518 0.03133 0.182141 63.330292 -3.047829 -6.840714 2.091423 1.814449 -1.895057 -5.409473 -0.0 0.0 -1e-06 9.122676 -4.946229 -2.289017 0.010573 -0.060372 6.356365 -3.228395 -3.251179 -2.267169 -1.399231 0.854288 -1.526022 0.0 1e-06 -2e-06 
0.0 0.0 0.0 0.0 -0.0 0.0 -7.984613 99.273575 250.937561 -3.733407 -4.065609 -2.7546 1.216473 0.62224 3.446164 -0.208463 0.930303 -3.466746 1.701839 -1.264545 10.857347 3.00214 1.239151 2.177826 -0.874073 -0.953368 -3.66104 1.384979 -3.376772 -15.51129 7.7e-05 -2.2e-05 5e-06 -0.007344 -0.016732 0.042648 0.601431 -3.755038 -10.54875 -0.62123 3.71281 -10.595144 -12.299572 -3.114519 14.772344 -64.59288 -12.893897 7.375443 0.436767 -19.902056 0.005162 0.663453 7.631219 -0.200738 -5.882084 9.861261 0.70271 -10.936821 -0.360549 7.1563 9e-06 8.774829 1e-06 -16.59795 17.842299 5.911643 -1.844031 2.498503 -2.507284 -10.163595 4.678933 4.621089 -20.976042 -2.9e-05 -3e-06 -21.226351 2.45165 -3.594028 -2e-06 -8e-06 1e-06 -1.362676 2.240789 -0.746334 -21.334915 0.584894 3.008308 -13.821229 -1.7e-05 2e-06 -23.887295 -0.249131 -0.83949 -60.81781 2.552405 -1.012914 -0.294019 1.679674 0.833244 -14.218209 0.093207 1.300568 -34.212105 -0.287593 0.967181 -20.033279 0.96453 1.212872 1e-06 1e-06 1e-06 -3.440377 0.788213 0.501635 -15.928185 -3.167308 2.999709 -6.33883 -7e-06 2e-06 -18.12352 3.648139 -4.905712 -3e-06 2e-06 -1e-06 15.710907 10.085654 17.599392 55.795158 23.276348 16.581244 0.561713 23.748022 0.076795 -7.092875 -4.135828 -2.652933 2.243538 -5.255041 -3.180155 14.282847 -0.826588 6.952516 -2.1e-05 -12.690595 -2e-06 16.057049 -17.431768 2.574295 1.665664 -1.955922 -2.878298 4.727797 -4.170577 4.993912 11.020542 1.8e-05 -5e-06 12.109105 -3.735685 -2.866809 1e-06 1e-06 -0.0 1.291976 -1.928537 -1.498093 14.80014 0.567472 3.865606 14.242586 -1.341712 -6.66067 19.632086 0.143985 -0.648253 49.346478 -0.704378 -6.275517 0.35302 -1.511134 -0.031947 20.222807 3.684318 2.316628 18.787298 3.5e-05 4e-06 10.751654 -0.479854 1.39792 0.0 1e-06 -1e-06 3.273787 0.305984 -0.580118 21.486832 11.830344 2.266133 8.162935 1.4e-05 0.0 18.39916 -3.798932 -4.940583 3e-06 -1e-06 0.0 5.813271 1.557829 -23.049126 0.143645 0.298628 57.753117 -1.999114 -4.665804 -0.00291 1.813383 -1.904479 -5.623924 1e-06 -1e-06 -4e-06 7.527691 -4.0106 2.625368 -0.017404 -0.055636 3.945161 -3.125487 -3.24955 -4.161582 -1.404697 0.820857 -1.491967 0.0 -0.0 -4e-06 
0.0 0.0 0.0 0.0 -0.0 0.0 -8.624996 99.017403 256.320129 -2.660983 -5.255726 -2.779367 1.216683 0.745175 3.606573 -0.245558 1.798082 -3.385676 0.906974 -0.504016 10.885802 1.829216 1.599951 2.100081 -0.810682 -1.076002 -3.696822 1.564556 -3.836356 -16.094925 7.7e-05 -2.3e-05 5e-06 0.006233 0.017655 0.046166 0.588977 -3.724264 -10.49887 -0.583811 3.749336 -10.566973 -14.220302 -1.437679 15.03612 -64.586845 -8.978563 6.093552 0.671321 -20.540112 -0.027071 0.469269 7.562014 -3.401311 -5.882123 9.861237 0.702628 -10.936838 -0.360551 7.156236 -1e-06 8.774842 -6e-06 -16.556149 17.996244 6.101832 -1.844032 2.498504 -2.507278 -10.16361 4.678953 4.621096 -20.97608 -6e-06 7e-06 -21.226414 2.451699 -3.594032 1e-06 -6e-06 -2e-06 -1.362683 2.240811 -0.746323 -21.33493 0.584895 3.008327 -13.821247 -4e-06 6e-06 -23.887344 -0.249083 -0.839495 -61.160137 2.567328 -0.973865 -0.294031 1.679705 0.833251 -14.218215 0.093191 1.300583 -34.212185 -0.287563 0.967183 -20.033318 0.964543 1.212865 0.0 2e-06 -1e-06 -3.440403 0.788262 0.50165 -15.928176 -3.16735 2.999718 -6.338841 -2e-06 1e-06 -18.123579 3.64818 -4.905712 -5e-06 -0.0 -1e-06 13.920289 11.157012 17.468964 54.947769 24.909071 16.689281 0.703564 26.990656 0.185336 -6.539658 -3.606534 -1.645577 2.24352 -5.255022 -3.180123 14.282857 -0.826608 6.952547 5e-06 -12.690617 2e-06 16.007864 -17.523916 2.591279 1.66567 -1.955925 -2.878304 4.727813 -4.170595 4.993913 11.020565 -4e-06 -8e-06 12.109165 -3.735732 -2.866833 -0.0 -1e-06 -2e-06 1.292001 -1.92856 -1.498095 14.800138 0.567473 3.865599 14.242624 -1.341746 -6.660691 19.632149 0.14393 -0.648304 49.377335 -0.662985 -6.241385 0.353046 -1.511164 -0.031947 20.222799 3.684315 2.316629 18.787338 -5e-06 -1.8e-05 10.751672 -0.479873 1.397916 2e-06 2e-06 -1e-06 3.273845 0.305917 -0.580129 21.48679 11.830393 2.26614 8.162954 -4e-06 -7e-06 18.399235 -3.798976 -4.940649 3e-06 -3e-06 -1e-06 4.001783 1.573584 -27.102949 0.218414 0.246821 48.950771 -0.934997 -2.096045 -0.906994 1.785662 -1.941832 -5.545798 0.0 0.0 1e-06 6.344955 -3.443986 6.757018 -0.056327 -0.006439 2.692026 -3.049661 -2.829418 -6.498629 -1.417926 0.822039 -1.352482 0.0 -0.0 -2e-06 
0.0 0.0 0.0 0.0 -0.0 0.0 -9.203742 98.352554 261.732788 -2.077604 -6.523189 -2.689475 1.406237 0.81613 3.584507 -0.262067 2.399271 -3.391947 0.39185 0.366038 10.987032 0.684688 1.970504 2.176006 -0.754092 -1.163711 -3.725161 1.71723 -4.178076 -16.857462 7.7e-05 -2.2e-05 5e-06 0.022153 0.048431 0.058509 0.591482 -3.697809 -10.463789 -0.55631 3.784804 -10.543629 -15.969577 0.282005 15.253807 -64.136543 -5.133886 5.136724 0.713891 -21.277987 -0.064829 0.080014 7.170276 -6.002818 -5.882092 9.86108 0.702839 -10.936782 -0.360411 7.156353 -8e-06 8.774919 -7e-06 -16.373598 18.1637 6.306163 -1.844039 2.498509 -2.507292 -10.163643 4.679 4.621069 -20.976151 -6e-06 -1.8e-05 -21.226519 2.451738 -3.594133 1e-06 -5e-06 -0.0 -1.362697 2.240885 -0.746341 -21.334991 0.58483 3.008314 -13.821295 -3e-06 -9e-06 -23.887487 -0.249088 -0.839576 -61.306316 2.582164 -1.011775 -0.294045 1.6798 0.833243 -14.21824 0.093094 1.300571 -34.212288 -0.287575 0.967155 -20.033377 0.964533 1.21286 1e-06 -0.0 0.0 -3.440452 0.788404 0.501604 -15.928172 -3.167514 2.999748 -6.338862 -0.0 -3e-06 -18.123682 3.648205 -4.90579 -6e-06 1e-06 -2e-06 12.356927 12.099419 17.348248 53.848869 26.387562 16.917734 0.719817 29.961143 0.262953 -5.968933 -3.173871 -0.492735 2.243508 -5.254882 -3.179978 14.282873 -0.826618 6.952588 4.1e-05 -12.690655 -1.2e-05 16.091236 -17.601694 2.538553 1.665672 -1.955932 -2.878312 4.727838 -4.17063 4.993898 11.020595 -3.2e-05 -8e-06 12.109224 -3.735798 -2.866875 0.0 -0.0 0.0 1.29203 -1.92861 -1.498113 14.800149 0.567473 3.865607 14.242668 -1.341788 -6.66072 19.632204 0.143862 -0.648366 49.4925 -0.634587 -6.235384 0.353085 -1.511227 -0.031967 20.222803 3.684327 2.316639 18.787388 -4.5e-05 -4.1e-05 10.751688 -0.479889 1.397907 -0.0 -2e-06 1e-06 3.273924 0.305809 -0.580166 21.486753 11.830464 2.266196 8.162974 -2e-05 -1.7e-05 18.399319 -3.799025 -4.94072 3e-06 -0.0 -3e-06 3.208911 1.93244 -29.257515 0.279264 0.265122 36.874245 0.617964 -0.241589 -0.694295 1.734093 -1.95836 -5.111934 0.0 0.0 2e-06 5.507679 -3.262218 10.484154 -0.087814 0.025589 2.217967 -2.927545 -2.055687 -9.09605 -1.427065 0.877924 -1.174357 0.0 -0.0 -0.0 
0.0 0.0 0.0 0.0 -0.0 0.0 -9.766362 97.306648 267.351685 -1.943562 -7.776616 -2.687731 1.798996 0.910817 3.552394 -0.264398 2.782418 -3.458648 0.087803 1.13849 11.084571 -0.395158 2.374239 2.328146 -0.769214 -1.268301 -3.751709 1.973816 -4.350164 -17.627565 7.7e-05 -2.3e-05 8e-06 0.033181 0.067458 0.084535 0.600322 -3.693924 -10.475142 -0.544643 3.820218 -10.543729 -17.374666 1.939767 15.531549 -63.537071 -1.599749 4.413715 0.60182 -21.645359 -0.101989 -0.549338 6.829193 -7.814127 -5.882163 9.861205 0.702757 -10.936834 -0.360569 7.156261 3e-06 8.774825 -9e-06 -16.051054 18.399771 6.592701 -1.844033 2.498505 -2.507281 -10.163617 4.678942 4.621093 -20.976086 -1.2e-05 1.8e-05 -21.226414 2.451687 -3.594012 3e-06 -5e-06 1e-06 -1.362684 2.240804 -0.746336 -21.334951 0.5849 3.008331 -13.821255 -7e-06 1.5e-05 -23.887341 -0.249085 -0.83947 -61.379723 2.65234 -0.96386 -0.294029 1.679695 0.833241 -14.218225 0.093207 1.300584 -34.212185 -0.287565 0.967206 -20.033314 0.964547 1.212878 -1e-06 0.0 -0.0 -3.440411 0.788243 0.501631 -15.928189 -3.167316 2.999721 -6.338845 -4e-06 7e-06 -18.123569 3.648163 -4.905691 -4e-06 1e-06 -2e-06 10.922652 12.869769 17.258257 53.020958 27.729536 17.057203 0.59835 32.377522 0.205699 -5.558326 -2.930792 0.701593 2.243593 -5.254903 -3.179935 14.28283 -0.826671 6.952626 -2.4e-05 -12.690642 -1e-06 16.216467 -17.646185 2.496322 1.66567 -1.955923 -2.878313 4.727802 -4.170595 4.993897 11.020571 2.4e-05 5e-06 12.109139 -3.735707 -2.866832 -0.0 -0.0 -3e-06 1.291984 -1.928571 -1.498111 14.800179 0.567513 3.865609 14.242625 -1.341716 -6.66069 19.632168 0.143978 -0.648248 49.739941 -0.649455 -6.200801 0.353026 -1.511183 -0.031965 20.222855 3.684377 2.316643 18.787355 3.3e-05 1.8e-05 10.751684 -0.479861 1.397945 0.0 3e-06 -2e-06 3.273825 0.305915 -0.580154 21.486864 11.830457 2.266159 8.162963 1.1e-05 1e-05 18.39924 -3.798951 -4.940592 3e-06 1e-06 1e-06 3.182764 2.777237 -29.501511 0.221191 0.340168 22.588465 1.287423 0.454771 -0.23013 1.718257 -1.971833 -4.509018 -1e-06 0.0 -0.0 4.92163 -3.29431 14.334344 -0.101279 0.003583 2.028893 -2.618325 -1.151359 -11.653912 -1.432187 0.926411 -1.308516 0.0 -0.0 -7e-06 
0.0 0.0 0.0 0.0 -0.0 0.0 -10.364437 95.958694 273.341705 -2.153191 -8.843671 -2.758989 2.304128 0.91987 3.448844 -0.234746 3.19946 -3.547596 0.009486 1.474093 11.196109 -1.432555 2.874979 2.487204 -0.807187 -1.279592 -3.628929 2.130121 -4.301933 -18.590971 7.7e-05 -2.2e-05 8e-06 0.051251 0.137223 0.129104 0.612085 -3.651339 -10.487782 -0.522167 3.916373 -10.542559 -18.634468 3.474324 15.79512 -62.930664 1.540435 3.668398 0.57271 -21.293051 -0.10067 -1.308586 6.643365 -8.940117 -5.882238 9.861096 0.702936 -10.936776 -0.360445 7.156368 -1e-06 8.774891 -4e-06 -15.853817 18.698425 6.721827 -1.844039 2.498507 -2.507295 -10.163673 4.678983 4.621078 -20.976231 1e-06 2.8e-05 -21.22661 2.45175 -3.594065 -1e-06 -8e-06 -2e-06 -1.362697 2.240854 -0.746346 -21.335054 0.584856 3.008332 -13.82135 1e-06 2e-05 -23.887621 -0.249054 -0.839501 -61.413326 2.662894 -0.933546 -0.294046 1.679761 0.833235 -14.218272 0.093131 1.300577 -34.212444 -0.287546 0.96722 -20.033464 0.964566 1.212894 -2e-06 0.0 -0.0 -3.440478 0.788343 0.501608 -15.928189 -3.167448 2.999738 -6.338889 -0.0 9e-06 -18.123755 3.648196 -4.905739 -4e-06 -0.0 -1e-06 9.641254 13.44987 17.128357 52.501972 28.899473 17.19463 0.621817 34.163891 0.235995 -5.458053 -2.825877 1.648415 2.243584 -5.254884 -3.179917 14.282829 -0.826707 6.95263 -1.9e-05 -12.690663 4e-06 16.322361 -17.785639 2.502384 1.665669 -1.95592 -2.878316 4.72781 -4.170607 4.993903 11.020569 1.6e-05 2e-06 12.109139 -3.735723 -2.866838 -0.0 -0.0 -1e-06 1.291983 -1.928585 -1.498109 14.800173 0.567524 3.865603 14.242619 -1.341719 -6.660691 19.632147 0.143978 -0.648252 50.027279 -0.876781 -6.340302 0.353031 -1.511202 -0.03196 20.222851 3.684397 2.316639 18.787348 2.5e-05 1.5e-05 10.751678 -0.479863 1.397943 1e-06 -3e-06 -1e-06 3.273834 0.305884 -0.580153 21.486853 11.830503 2.266156 8.162959 8e-06 8e-06 18.399208 -3.798961 -4.940593 4e-06 -1e-06 -3e-06 3.665602 3.640492 -29.050745 0.052963 0.285119 9.075176 -0.413348 1.084244 -0.268677 1.639537 -2.127344 -4.362351 0.0 0.0 4e-06 4.306831 -3.796671 18.527573 -0.06572 -0.068786 1.816683 -2.1109 0.209488 -14.026001 -1.447736 0.80405 -1.958332 0.0 -0.0 -1e-06 
0.0 0.0 0.0 0.0 -0.0 0.0 -10.817567 94.516495 279.441895 -2.319074 -9.579837 -2.756784 2.703204 0.882665 3.174965 -0.154662 3.513127 -3.656549 0.028146 1.531666 11.459082 -2.537611 3.328298 2.454624 -0.719741 -1.289732 -3.606242 2.198673 -4.084572 -19.353685 7.7e-05 -2.2e-05 6e-06 0.037958 0.083563 0.145349 0.575752 -3.708156 -10.458997 -0.51433 3.86529 -10.490643 -19.983746 4.571979 15.565108 -62.256596 4.233882 2.896077 0.562665 -19.602058 -0.078108 -1.775859 6.454817 -9.93847 -5.882108 9.86104 0.702799 -10.93675 -0.360431 7.15633 7e-06 8.774908 -1.6e-05 -15.859556 18.786943 6.643237 -1.844039 2.498506 -2.507292 -10.163637 4.678977 4.621064 -20.976151 -4.3e-05 -8e-06 -21.2265 2.451685 -3.594106 -1e-06 -5e-06 2e-06 -1.362684 2.240867 -0.746345 -21.335007 0.584816 3.008318 -13.821295 -2.9e-05 -2e-06 -23.887474 -0.249148 -0.839531 -61.412487 2.714812 -0.970077 -0.294028 1.67978 0.833233 -14.218264 0.0931 1.300579 -34.212276 -0.287633 0.967185 -20.033373 0.964506 1.212891 -2e-06 0.0 -0.0 -3.440426 0.788359 0.501594 -15.928209 -3.167485 2.999759 -6.338858 -1.3e-05 -2e-06 -18.123642 3.64815 -4.905769 -3e-06 -1e-06 -1e-06 8.955027 13.835019 17.044739 51.949093 29.767376 17.265474 0.59994 35.14991 0.296967 -5.641782 -2.740671 2.105904 2.243523 -5.25487 -3.179849 14.282764 -0.826705 6.952716 1.4e-05 -12.69069 4e-06 16.275494 -17.914755 2.515659 1.665682 -1.955928 -2.878323 4.727864 -4.170632 4.993883 11.02068 -1.4e-05 -1.6e-05 12.109358 -3.735777 -2.866896 -1e-06 1e-06 -0.0 1.292035 -1.928611 -1.498129 14.800241 0.567506 3.865585 14.242785 -1.341757 -6.660758 19.632507 0.143909 -0.64839 49.968204 -0.876929 -6.510623 0.353094 -1.51123 -0.031982 20.222919 3.684382 2.316619 18.787533 -7e-06 -4.8e-05 10.751764 -0.47988 1.397917 0.0 2e-06 0.0 3.273974 0.305817 -0.580201 21.486818 11.830522 2.26616 8.163027 -1.1e-05 -2.1e-05 18.399515 -3.798981 -4.94076 2e-06 -2e-06 -5e-06 3.466593 5.000201 -29.925095 -0.036085 0.192069 1.493337 -3.599391 2.280512 -1.181031 1.535161 -2.193088 -4.583724 -0.0 0.0 -3e-06 3.240803 -4.597078 22.789972 -0.021163 -0.067782 1.537777 -1.139274 1.99733 -15.265147 -1.432736 0.69793 -3.053635 -0.0 -0.0 1e-06 
0.0 0.0 0.0 0.0 -0.0 0.0 -11.109606 93.291969 285.651123 -1.91335 -9.959022 -2.939734 2.775479 0.869146 2.95361 -0.10545 3.669004 -3.802747 -0.258346 1.604803 11.67644 -3.353374 3.510467 2.249338 -0.58834 -1.346099 -3.553105 2.316329 -3.816909 -19.777861 7.7e-05 -2.2e-05 7e-06 0.012032 -0.003738 0.138127 0.556919 -3.786612 -10.427701 -0.548536 3.769672 -10.442537 -20.802855 5.057893 15.488578 -62.050488 6.003754 1.671772 0.46325 -17.007088 -0.026316 -1.349679 6.395189 -10.89839 -5.881918 9.861455 0.702348 -10.936913 -0.360692 7.156135 4e-06 8.774755 1e-06 -15.862285 18.645071 6.599725 -1.844022 2.4985 -2.507264 -10.163507 4.678893 4.62111 -20.9758 -2.9e-05 -3.3e-05 -21.226025 2.451598 -3.593983 -2e-06 -6e-06 -0.0 -1.362661 2.240734 -0.74631 -21.334736 0.584954 3.008292 -13.821071 -1.7e-05 -1.4e-05 -23.886835 -0.249152 -0.839479 -61.248978 2.739318 -0.874072 -0.293999 1.679597 0.833265 -14.218122 0.093301 1.300568 -34.211674 -0.287603 0.96713 -20.033031 0.964505 1.21283 -2e-06 0.0 -0.0 -3.440279 0.788103 0.501682 -15.928164 -3.167165 2.999675 -6.338764 -5e-06 -5e-06 -18.123232 3.648123 -4.905657 -6e-06 -2e-06 -2e-06 8.523634 14.010749 17.038376 52.455296 30.012951 17.251083 0.281455 35.312904 0.320093 -6.087912 -2.887923 2.40785 2.243565 -5.255008 -3.180076 14.282909 -0.826488 6.952525 -9e-06 -12.690539 -1.2e-05 16.330177 -17.932892 2.462003 1.665658 -1.955924 -2.878295 4.727782 -4.170567 4.993907 11.02051 1.1e-05 4e-06 12.109054 -3.73567 -2.86682 -0.0 1e-06 -0.0 1.291966 -1.92852 -1.4981 14.800099 0.567433 3.865622 14.242536 -1.341719 -6.660667 19.631979 0.143959 -0.648244 49.886276 -0.763104 -6.552975 0.353004 -1.511106 -0.031958 20.222757 3.684246 2.31665 18.787251 1.3e-05 1.9e-05 10.751637 -0.479871 1.397933 1e-06 3e-06 0.0 3.273746 0.30601 -0.580124 21.486805 11.830236 2.266152 8.162917 5e-06 1.5e-05 18.399094 -3.798946 -4.940552 2e-06 2e-06 -1e-06 1.888711 6.644032 -31.232286 -0.056503 0.119688 0.747998 -6.361112 2.615613 -2.663519 1.513943 -2.164188 -4.773796 0.0 0.0 4e-06 1.302544 -5.445684 27.213501 -0.030676 0.006704 1.125561 -0.044475 3.587597 -14.409589 -1.401895 0.656494 -5.384258 0.0 1e-06 1e-06 
0.0 0.0 0.0 0.0 -0.0 0.0 -11.304096 92.391739 292.281738 -0.77686 -10.29062 -2.843226 2.281492 0.874714 2.319459 -0.1225 3.84439 -4.12325 -0.774251 1.734895 11.660714 -3.551747 3.548161 2.034678 -0.66794 -1.296423 -3.500855 2.337826 -3.638113 -19.228554 7.7e-05 -2.2e-05 6e-06 0.000313 -0.013745 0.122985 0.562507 -3.80656 -10.461286 -0.576371 3.768715 -10.468307 -21.341536 5.163837 15.452127 -62.11525 7.553216 0.015894 0.324653 -14.741376 0.054664 -0.250471 6.736366 -11.954206 -5.882083 9.861455 0.702545 -10.936905 -0.360634 7.156223 -6e-06 8.774778 1.3e-05 -15.926738 18.315496 6.591958 -1.844026 2.498502 -2.507271 -10.163579 4.678925 4.621115 -20.976002 1.9e-05 7e-06 -21.226328 2.451696 -3.593993 0.0 -9e-06 -4e-06 -1.362683 2.240744 -0.746313 -21.334852 0.584962 3.008308 -13.821201 1.4e-05 6e-06 -23.887239 -0.249055 -0.839486 -61.086796 2.648488 -0.767015 -0.294028 1.679617 0.833267 -14.218164 0.093286 1.300567 -34.212021 -0.287514 0.967168 -20.033237 0.964567 1.21284 1e-06 -0.0 -2e-06 -3.44037 0.788144 0.501688 -15.928142 -3.167205 2.99967 -6.338819 6e-06 5e-06 -18.123476 3.648182 -4.905673 -2e-06 1e-06 -3e-06 9.057487 13.836625 17.261738 53.25312 29.065849 17.213373 -0.211908 35.605953 0.143798 -6.695376 -3.167888 1.95559 2.243569 -5.255159 -3.180289 14.282951 -0.826492 6.952408 -2.6e-05 -12.690516 1e-06 16.522661 -17.664698 2.382025 1.665654 -1.955918 -2.878284 4.727751 -4.170547 4.993936 11.020438 2.1e-05 1.1e-05 12.10891 -3.73564 -2.866744 0.0 -1e-06 -1e-06 1.291944 -1.92849 -1.498068 14.800047 0.567434 3.865616 14.242439 -1.341705 -6.660599 19.631748 0.143983 -0.64817 49.820278 -0.671376 -6.456521 0.352975 -1.511072 -0.031922 20.222692 3.684238 2.316637 18.787121 2.3e-05 3.6e-05 10.751568 -0.479859 1.39792 1e-06 1e-06 0.0 3.273671 0.306073 -0.580058 21.486795 11.830205 2.2661 8.162865 7e-06 2.1e-05 18.398897 -3.79894 -4.940467 2e-06 -1e-06 -1e-06 -0.327297 7.646792 -30.711523 -0.165198 0.072494 2.672181 -6.728616 1.505903 -2.860756 1.636547 -2.106853 -5.490956 1e-06 -0.0 4e-06 -1.354468 -5.539372 30.691162 0.029938 0.072895 1.643973 0.632761 4.865549 -10.892616 -1.396874 0.680431 -10.260211 0.0 -0.0 -2e-06 
0.0 0.0 0.0 0.0 -0.0 0.0 -11.425771 92.447563 299.288452 1.570704 -10.240805 -1.974591 0.657382 0.910617 0.963675 -0.260676 3.953526 -4.742362 -1.354519 1.707997 11.676168 -3.374596 3.52661 1.273506 -0.739446 -1.247716 -3.553877 2.352061 -3.395765 -17.731466 7.7e-05 -2.2e-05 7e-06 0.012925 0.004761 0.097073 0.566631 -3.794395 -10.48827 -0.552492 3.793087 -10.500073 -23.329855 4.726691 14.611919 -60.668102 9.45576 -1.598655 0.056556 -13.146675 0.064487 0.484599 6.685048 -12.809895 -5.882332 9.861101 0.702968 -10.936786 -0.360387 7.156385 -1e-05 8.774923 2e-06 -15.890364 18.18898 6.60631 -1.84404 2.498506 -2.507294 -10.16371 4.679008 4.62109 -20.97632 3.5e-05 4.1e-05 -21.226757 2.451816 -3.594087 2e-06 -8e-06 -3e-06 -1.362711 2.240877 -0.746336 -21.335104 0.584855 3.008345 -13.821411 2.4e-05 2.3e-05 -23.887804 -0.248992 -0.839535 -60.76685 2.458733 -0.620686 -0.294067 1.67979 0.833249 -14.218286 0.093101 1.300577 -34.212616 -0.287488 0.967223 -20.03356 0.964597 1.212881 1e-06 -0.0 0.0 -3.440529 0.788403 0.501633 -15.928167 -3.167509 2.999736 -6.338919 1.1e-05 1e-05 -18.123894 3.648243 -4.905762 -5e-06 -1e-06 0.0 12.055097 12.972833 17.424202 52.300152 26.569605 16.390505 -0.288872 36.257797 0.139861 -7.611495 -2.646641 1.596766 2.243464 -5.254853 -3.179807 14.282665 -0.826912 6.952808 -1.9e-05 -12.690785 2.6e-05 16.29734 -17.722643 2.64663 1.66569 -1.955915 -2.878335 4.727867 -4.170648 4.993877 11.020692 1.1e-05 -3.4e-05 12.109383 -3.735785 -2.866935 -0.0 2e-06 -1e-06 1.292035 -1.928648 -1.498119 14.800274 0.567595 3.865556 14.242805 -1.34173 -6.660779 19.632551 0.143994 -0.648397 50.253811 -0.719382 -6.30942 0.353088 -1.511282 -0.031965 20.222971 3.684534 2.316581 18.787548 3.6e-05 -5.7e-05 10.751768 -0.479857 1.397921 1e-06 2e-06 -3e-06 3.273985 0.30576 -0.580207 21.486879 11.830748 2.266134 8.163031 9e-06 -3e-05 18.399517 -3.798947 -4.940781 3e-06 2e-06 -3e-06 -3.38464 6.587955 -30.79681 -0.198855 -0.028707 6.756824 -3.586136 -0.069518 2.955915 1.796375 -2.051919 -6.659076 0.0 0.0 -0.0 -5.304901 -5.683782 30.516636 0.094698 0.261565 6.498559 0.63492 6.372092 -5.517251 -1.434891 0.701349 -19.108931 0.0 -0.0 -2e-06 
0.0 0.0 0.0 0.0 -0.0 0.0 -11.668404 93.048592 306.354004 4.628088 -9.084326 -1.158045 -1.165413 0.780468 -0.119325 -0.623493 3.915898 -5.230493 -2.830815 1.408726 11.543116 -2.442371 3.159679 0.308075 -0.845093 -1.335395 -3.611229 2.368388 -3.35743 -16.988716 7.7e-05 -2.2e-05 6e-06 0.025291 0.00391 0.041036 0.577618 -3.777189 -10.428893 -0.538977 3.772267 -10.47537 -23.865377 3.635637 13.999841 -59.802677 10.030746 -1.844872 -0.10464 -11.61856 0.083639 0.004563 6.699305 -13.111251 -5.88225 9.86115 0.703113 -10.936769 -0.360408 7.156476 -2e-06 8.77489 1.4e-05 -16.061792 18.016983 6.341313 -1.84404 2.498504 -2.507304 -10.163692 4.678985 4.621077 -20.976265 2.4e-05 2.3e-05 -21.226673 2.45177 -3.59408 1e-06 -5e-06 -2e-06 -1.362709 2.240849 -0.746349 -21.33507 0.584872 3.008317 -13.821375 1.7e-05 1.5e-05 -23.887697 -0.249033 -0.839534 -60.231342 2.42402 -0.754165 -0.294063 1.679754 0.833234 -14.218272 0.093143 1.300554 -34.212502 -0.287508 0.967202 -20.033485 0.964589 1.212875 -1e-06 -0.0 -2e-06 -3.440515 0.78834 0.501604 -15.928164 -3.167435 2.999712 -6.338902 6e-06 9e-06 -18.123829 3.648211 -4.905756 -1e-06 2e-06 -3e-06 15.653448 11.665361 17.552744 51.818016 23.558769 14.496049 0.093806 36.433311 0.363619 -9.372477 -0.966783 1.262713 2.243516 -5.254921 -3.179861 14.282709 -0.826802 6.952739 -6.1e-05 -12.690682 2.5e-05 16.206638 -17.889563 2.683973 1.665678 -1.955916 -2.878327 4.727812 -4.170593 4.993891 11.020593 4.9e-05 -2.2e-05 12.109168 -3.735668 -2.866858 -0.0 3e-06 -1e-06 1.29198 -1.928579 -1.498117 14.800213 0.567563 3.865571 14.242649 -1.341669 -6.660717 19.632217 0.144078 -0.64827 50.421329 -0.626894 -6.305947 0.35302 -1.511196 -0.031963 20.22291 3.684461 2.316591 18.787374 8e-05 0.0 10.751687 -0.479843 1.39794 2e-06 -0.0 -0.0 3.273834 0.30591 -0.580181 21.486917 11.83057 2.266104 8.16297 3.3e-05 -1e-06 18.399258 -3.798886 -4.940611 3e-06 -2e-06 -2e-06 -6.883283 4.247613 -31.886642 -0.008834 0.027132 12.1381 -1.37401 -1.161148 10.944381 1.791486 -1.962792 -4.923101 -0.0 0.0 -1e-06 -9.447572 -6.317698 26.443773 -0.05141 0.5267 17.15856 0.313964 7.278343 3.24426 -1.535562 0.703795 -29.102213 0.0 -0.0 -4e-06 
0.0 0.0 0.0 0.0 -0.0 0.0 -11.994642 93.739494 312.861328 6.495629 -7.080251 -1.7112 -1.973112 0.587519 0.131799 -1.015586 3.428101 -5.057762 -4.07185 1.140354 11.276654 -1.261407 2.769063 -0.142939 -1.197849 -1.889912 -3.592657 2.224067 -3.558403 -17.456619 7.7e-05 -2.2e-05 5e-06 0.050939 0.058888 0.053999 0.630368 -3.690917 -10.366642 -0.542847 3.792632 -10.406484 -21.189917 2.166468 14.486534 -61.734127 8.358617 -0.194684 -0.100368 -11.145733 0.074286 -0.980905 7.017991 -11.93475 -5.881942 9.861309 0.702343 -10.936887 -0.360624 7.156129 9e-06 8.774807 -1.2e-05 -16.120335 18.02206 6.058265 -1.844025 2.4985 -2.507265 -10.163514 4.678914 4.621099 -20.975842 -5.1e-05 -2.4e-05 -21.226076 2.451606 -3.594008 0.0 -7e-06 2e-06 -1.362654 2.240775 -0.746316 -21.33478 0.584897 3.008311 -13.821095 -3.5e-05 -7e-06 -23.8869 -0.249168 -0.839466 -59.70668 2.437722 -1.132279 -0.29399 1.679655 0.83326 -14.218154 0.093232 1.30058 -34.211735 -0.287645 0.967157 -20.033064 0.964489 1.21286 -1e-06 -2e-06 1e-06 -3.440277 0.788177 0.501665 -15.928192 -3.167273 2.999709 -6.33877 -1.1e-05 -2e-06 -18.123262 3.648123 -4.905672 -4e-06 0.0 -3e-06 16.073658 10.560429 17.610985 54.817348 21.391064 13.551209 -0.04373 34.506508 0.151039 -10.438681 0.241312 -0.364654 2.243548 -5.255086 -3.1803 14.283022 -0.82643 6.952374 5.2e-05 -12.690539 -2.5e-05 16.350212 -17.8102 2.594604 1.665655 -1.955932 -2.878279 4.727792 -4.17059 4.993931 11.020493 -4e-05 1.3e-05 12.109052 -3.73576 -2.866781 0.0 0.0 2e-06 1.291995 -1.928537 -1.498079 14.800047 0.56739 3.865639 14.242536 -1.341799 -6.66064 19.631912 0.143812 -0.648285 50.580399 -0.476617 -6.152195 0.35305 -1.511136 -0.031931 20.22267 3.684196 2.316666 18.787231 -6.8e-05 -4e-06 10.751619 -0.479896 1.397902 -1e-06 0.0 -3e-06 3.273799 0.305939 -0.580073 21.486679 11.830221 2.266168 8.162905 -2.7e-05 -1e-06 18.399071 -3.799057 -4.940606 2e-06 -1e-06 0.0 -9.131643 2.779671 -30.520988 -0.030295 0.122499 18.060244 -0.497064 -2.468209 10.300692 1.669227 -1.939422 -2.71451 0.0 0.0 -0.0 -11.556558 -6.568566 20.304394 -0.036708 0.743535 32.355221 1.761979 6.340578 16.850086 -1.303348 0.593587 -24.942316 0.0 -0.0 -0.0 
0.0 0.0 0.0 0.0 -0.0 0.0 -12.317319 94.515869 318.66922 8.177209 -5.910351 -2.6476 -2.80592 0.346803 0.867024 -1.346794 3.31936 -4.633233 -4.707857 0.680001 11.044256 -1.101884 2.722252 -0.281576 -1.179138 -2.24562 -3.618408 2.083313 -3.807897 -18.251385 7.7e-05 -2.2e-05 4e-06 0.060044 0.101218 0.092184 0.641947 -3.655546 -10.363859 -0.537503 3.844409 -10.373252 -19.169167 0.889527 14.703093 -62.830105 5.983617 2.518404 -0.298597 -12.295484 0.149465 -2.347973 7.182951 -10.737127 -5.882102 9.861041 0.703059 -10.936703 -0.360376 7.156494 4e-06 8.774921 2e-06 -16.005411 18.294226 6.130086 -1.844045 2.498509 -2.507308 -10.163677 4.678991 4.621044 -20.976238 -2.9e-05 -2.3e-05 -21.226646 2.451702 -3.594148 3e-06 -6e-06 -2e-06 -1.362702 2.240876 -0.746362 -21.335054 0.584821 3.008292 -13.82135 -1.7e-05 -8e-06 -23.88763 -0.249131 -0.839578 -60.035622 2.461271 -1.259625 -0.294048 1.679796 0.833219 -14.218276 0.093093 1.30055 -34.212425 -0.287603 0.967162 -20.033445 0.96453 1.212876 2e-06 -0.0 -1e-06 -3.440476 0.788387 0.50156 -15.928189 -3.167497 2.999742 -6.338884 -5e-06 -4e-06 -18.12377 3.64816 -4.905815 -9e-06 1e-06 0.0 16.100506 9.992248 17.789476 57.310806 20.454889 13.730755 -0.125139 30.437328 0.052847 -10.084445 -0.543417 -1.281638 2.243606 -5.254854 -3.179981 14.282913 -0.826627 6.952536 1.8e-05 -12.690659 -2.1e-05 16.5322 -17.635321 2.548145 1.665663 -1.955927 -2.878308 4.727809 -4.170618 4.993906 11.02056 -9e-06 1.4e-05 12.109141 -3.735777 -2.866827 -0.0 -0.0 -2e-06 1.291993 -1.9286 -1.498109 14.800142 0.567496 3.865634 14.242617 -1.341774 -6.660677 19.63212 0.143877 -0.648263 50.413967 -0.387886 -6.031301 0.353045 -1.511219 -0.03196 20.222811 3.684356 2.316678 18.787355 -2.3e-05 1.6e-05 10.751683 -0.479882 1.397935 1e-06 0.0 -1e-06 3.273849 0.305843 -0.580139 21.486801 11.830477 2.266213 8.162963 -1.1e-05 8e-06 18.399248 -3.799013 -4.94062 4e-06 -2e-06 -2e-06 -11.117846 2.284216 -26.955093 0.026767 0.284553 20.851379 0.102146 -3.577293 6.109787 1.657234 -1.932251 -2.375731 -0.0 0.0 -3e-06 -13.273174 -5.716877 12.904354 -0.014166 0.697804 46.694714 4.694061 6.198721 27.23274 -0.969205 0.856313 -6.635252 1e-06 -0.0 1e-06 
0.0 0.0 0.0 0.0 -0.0 0.0 -12.630677 95.66581 324.186035 9.501292 -5.740223 -3.493342 -3.506969 0.245461 1.42939 -1.615443 3.041622 -4.366978 -4.917952 0.347582 11.065306 -1.408938 2.98343 -0.127135 -1.112209 -2.203742 -3.595662 1.796497 -3.661777 -18.895473 7.7e-05 -2.2e-05 5e-06 0.061571 0.097965 0.12682 0.649344 -3.673398 -10.415127 -0.541999 3.859658 -10.403887 -18.650404 0.429453 14.532816 -62.261757 3.168884 4.886224 -0.312931 -14.584585 0.164728 -2.303778 6.559385 -10.335692 -5.882236 9.861305 0.70259 -10.936851 -0.360577 7.156201 1e-06 8.774821 -0.0 -16.162146 18.600636 6.14988 -1.844032 2.498502 -2.507273 -10.163625 4.678943 4.621115 -20.976112 7e-06 3.7e-05 -21.226448 2.451722 -3.593985 0.0 -6e-06 1e-06 -1.362687 2.240788 -0.746316 -21.334963 0.584923 3.00834 -13.821271 7e-06 2.2e-05 -23.887396 -0.249045 -0.839462 -60.618477 2.545518 -1.47238 -0.294034 1.679669 0.833262 -14.218224 0.093222 1.300588 -34.212234 -0.28753 0.967218 -20.03335 0.964566 1.212875 0.0 -0.0 -1e-06 -3.440425 0.788217 0.501676 -15.928176 -3.167297 2.999703 -6.338853 -0.0 1e-05 -18.123606 3.648183 -4.90567 -3e-06 0.0 -3e-06 16.666948 9.985324 18.104647 58.767925 20.196247 14.369338 -0.000672 25.251202 -0.007483 -9.761805 -1.644513 -1.556493 2.243505 -5.255064 -3.180233 14.282774 -0.826663 6.952523 -4e-05 -12.690621 1.2e-05 16.591379 -17.486176 2.46733 1.665672 -1.955915 -2.878299 4.727803 -4.170579 4.993915 11.02056 3.5e-05 -1.5e-05 12.109127 -3.735672 -2.866808 -0.0 -0.0 -1e-06 1.291978 -1.928545 -1.498084 14.800172 0.567511 3.865585 14.242617 -1.341692 -6.660668 19.63216 0.144028 -0.648252 50.303181 -0.297144 -5.958762 0.353024 -1.511148 -0.031932 20.222857 3.684376 2.316604 18.787336 6.8e-05 -1.3e-05 10.751671 -0.479838 1.397911 -0.0 -1e-06 1e-06 3.273808 0.305969 -0.580119 21.486877 11.830433 2.266111 8.162945 2.7e-05 -1.1e-05 18.399199 -3.798888 -4.940602 2e-06 -1e-06 -1e-06 -12.516339 2.230879 -21.751293 0.052652 0.276189 19.89208 0.59353 -3.614869 2.921193 1.629401 -1.980078 -2.186724 0.0 0.0 4e-06 -14.546883 -4.787824 5.265722 0.067723 0.491086 57.851257 3.511506 6.073125 21.022091 -1.034263 0.885634 -4.778614 0.0 -0.0 -2e-06 
0.0 0.0 0.0 0.0 -0.0 0.0 -12.950974 96.983833 329.556 9.46507 -6.085687 -4.351154 -3.488373 0.159458 1.951546 -1.610663 2.633425 -4.150659 -4.517084 0.044754 11.165602 -2.017951 3.366452 0.284533 -1.073558 -2.010499 -3.559999 1.339057 -3.080206 -18.951151 7.7e-05 -2.2e-05 6e-06 0.052533 0.062392 0.134498 0.644842 -3.719617 -10.445245 -0.554766 3.837784 -10.444843 -18.682146 0.288741 14.342407 -61.34156 -0.001347 5.163633 -0.206051 -17.507641 0.121599 -0.141761 5.360546 -10.248993 -5.881992 9.861218 0.70244 -10.936922 -0.360592 7.156117 -1.1e-05 8.774839 -1.9e-05 -16.372988 18.610781 6.0811 -1.844026 2.498505 -2.507269 -10.163534 4.678956 4.621103 -20.975872 -1.2e-05 -1.9e-05 -21.226109 2.451686 -3.594044 -5e-06 -6e-06 -1e-06 -1.362669 2.240828 -0.746316 -21.334797 0.584888 3.008328 -13.821112 -8e-06 -8e-06 -23.886934 -0.249099 -0.839509 -60.89225 2.456608 -1.426897 -0.29401 1.67973 0.833262 -14.218148 0.093184 1.300596 -34.211784 -0.287582 0.967148 -20.033094 0.964517 1.212845 3e-06 -0.0 0.0 -3.440323 0.78829 0.501664 -15.928165 -3.167372 2.999734 -6.338779 -1e-06 -2e-06 -18.123287 3.648192 -4.905693 -1e-06 0.0 -2e-06 17.012169 10.07386 18.511663 59.818714 19.811146 15.059927 0.138428 21.194517 -0.076213 -9.009576 -2.555129 -1.416913 2.243558 -5.254924 -3.179905 14.282896 -0.826683 6.952649 2.8e-05 -12.690671 1e-05 16.587225 -17.339617 2.407087 1.665668 -1.955925 -2.878312 4.727827 -4.170625 4.993899 11.02059 -2.2e-05 2e-06 12.109208 -3.73579 -2.866855 1e-06 -1e-06 3e-06 1.292015 -1.928603 -1.498109 14.800151 0.567492 3.865606 14.242658 -1.341775 -6.660712 19.632219 0.14387 -0.648325 50.293251 -0.1561 -5.829702 0.353068 -1.51122 -0.031955 20.222807 3.68436 2.316639 18.787397 -4.3e-05 -4e-06 10.751702 -0.479899 1.397923 0.0 1e-06 1e-06 3.27389 0.305828 -0.580141 21.486755 11.830499 2.266164 8.162974 -2.2e-05 -0.0 18.399303 -3.799047 -4.94068 3e-06 -1e-06 2e-06 -12.391255 2.392997 -15.582558 0.014243 0.139194 16.980915 1.118675 -3.348677 0.544933 1.619297 -2.02313 -2.035054 0.0 0.0 -0.0 -13.929295 -3.81408 -2.214432 0.104144 0.244266 64.262497 -0.152203 3.820333 12.791406 -1.18158 0.881861 -4.736398 1e-06 -0.0 -6e-06 
0.0 0.0 0.0 0.0 -0.0 0.0 -13.370924 98.182114 334.9841 8.480367 -6.198061 -5.123939 -3.132023 0.017648 2.490489 -1.423268 2.047821 -3.927228 -3.750562 -0.533057 11.100163 -2.473028 3.622859 0.962997 -0.94583 -1.598153 -3.520954 0.818963 -2.382758 -18.670694 7.7e-05 -2.2e-05 5e-06 0.045019 0.046855 0.131316 0.651609 -3.735065 -10.455863 -0.575138 3.824043 -10.471909 -17.942926 -0.156198 14.245174 -61.176708 -3.113628 4.371577 -0.065187 -20.827625 0.046769 2.339479 4.251084 -10.20511 -5.882187 9.861271 0.702614 -10.936747 -0.360548 7.156234 1.1e-05 8.774831 -1e-06 -16.339796 18.462221 6.061986 -1.844043 2.498503 -2.507281 -10.163664 4.678942 4.62109 -20.976192 -2e-05 8e-06 -21.226545 2.451676 -3.594015 2e-06 -6e-06 -0.0 -1.362701 2.240795 -0.746328 -21.33503 0.5849 3.00831 -13.821321 -1.6e-05 1e-06 -23.887526 -0.249119 -0.839492 -60.916492 2.416301 -1.380395 -0.294049 1.679682 0.833248 -14.218266 0.093212 1.30057 -34.212337 -0.287595 0.967174 -20.033388 0.96452 1.212861 2e-06 1e-06 -0.0 -3.440482 0.788233 0.501634 -15.928191 -3.167311 2.999702 -6.33887 -8e-06 -3e-06 -18.12369 3.648138 -4.905713 -8e-06 -0.0 -2e-06 16.848806 9.819081 18.656458 60.82201 18.749054 16.075195 0.218035 19.402597 -0.105812 -7.292632 -2.855546 -1.773944 2.243559 -5.254962 -3.180123 14.282744 -0.826711 6.952572 -4.2e-05 -12.69066 7e-06 16.563457 -17.242739 2.340715 1.665677 -1.955916 -2.878308 4.727815 -4.170591 4.993907 11.020594 3.7e-05 -1.4e-05 12.109174 -3.735691 -2.86683 1e-06 0.0 2e-06 1.291983 -1.928568 -1.498093 14.800211 0.567536 3.865588 14.242651 -1.341697 -6.660685 19.632215 0.144024 -0.648258 50.116547 -0.076162 -5.911498 0.353026 -1.511179 -0.031946 20.222902 3.68442 2.316618 18.787394 6.7e-05 -5e-06 10.751696 -0.479839 1.397923 3e-06 1e-06 -2e-06 3.273845 0.30593 -0.580141 21.486914 11.830503 2.266141 8.16297 2.8e-05 -1.2e-05 18.399265 -3.798894 -4.940622 5e-06 -0.0 -2e-06 -11.301702 2.131773 -8.887048 -0.006653 -0.033439 12.91226 1.494237 -2.776137 -1.167822 1.61594 -2.015579 -1.909444 0.0 0.0 -0.0 -12.053462 -3.220516 -8.76043 0.142825 0.021779 65.785187 -3.623234 0.997703 6.209584 -1.318407 0.86374 -4.965441 -0.0 -1e-06 -1e-06 
0.0 0.0 0.0 0.0 -0.0 0.0 -13.958737 99.042999 340.607178 6.917687 -5.862982 -5.571429 -2.635583 -0.147298 2.89313 -1.179628 1.334437 -3.753069 -2.824256 -1.349273 10.940112 -2.491926 3.651278 1.712368 -0.783252 -1.039915 -3.51749 0.390983 -1.739782 -17.978939 7.7e-05 -2.2e-05 9e-06 0.042195 0.05241 0.12025 0.670769 -3.725718 -10.484441 -0.597909 3.826762 -10.512201 -16.673943 -1.040347 14.050097 -61.012154 -5.864766 3.83377 -0.084318 -24.41699 0.006254 3.604766 3.657182 -9.724749 -5.882229 9.861083 0.702993 -10.936757 -0.360455 7.156392 5e-06 8.77488 -2e-06 -16.131994 18.31278 6.122826 -1.844042 2.498508 -2.507299 -10.163681 4.678979 4.621073 -20.97625 -5e-06 2.6e-05 -21.226639 2.451736 -3.594064 -2e-06 -7e-06 -1e-06 -1.362703 2.240852 -0.746356 -21.335068 0.584857 3.008327 -13.821362 -4e-06 1.7e-05 -23.887642 -0.249072 -0.839503 -60.790386 2.487524 -1.307263 -0.294047 1.679757 0.833225 -14.218279 0.093144 1.300574 -34.212448 -0.287556 0.967219 -20.033464 0.964561 1.212893 -3e-06 0.0 -0.0 -3.440491 0.788336 0.501589 -15.928192 -3.167431 2.999741 -6.338892 -4e-06 8e-06 -18.12377 3.648179 -4.905739 -4e-06 -0.0 -1e-06 16.889479 9.08565 18.546406 61.115898 17.066515 16.971729 0.322281 19.53903 -0.078491 -5.233907 -2.540807 -2.464076 2.243583 -5.254787 -3.179784 14.282771 -0.826761 6.952711 -2.8e-05 -12.690705 -0.0 16.488853 -17.239153 2.331168 1.665676 -1.955921 -2.878324 4.727822 -4.170617 4.993887 11.020605 2.7e-05 -9e-06 12.109192 -3.735722 -2.866873 -1e-06 0.0 1e-06 1.291992 -1.928612 -1.498124 14.800213 0.567554 3.865601 14.242663 -1.341716 -6.660725 19.632233 0.143998 -0.648281 49.895088 -0.128493 -6.072893 0.353036 -1.511233 -0.031977 20.222908 3.684451 2.31664 18.787409 3.9e-05 1.4e-05 10.751706 -0.479862 1.39795 1e-06 2e-06 -2e-06 3.273871 0.305846 -0.580189 21.486898 11.830588 2.266182 8.162988 1.7e-05 8e-06 18.399313 -3.798948 -4.940629 3e-06 1e-06 1e-06 -9.642072 1.540481 -2.369888 0.002956 -0.131738 8.491778 1.634363 -2.278697 -2.532594 1.625752 -1.990329 -1.85621 -0.0 -1e-06 -2e-06 -9.52568 -3.026607 -14.110802 0.095057 -0.18736 63.031616 -5.625448 -1.177944 1.528069 -1.391572 0.823635 -5.181183 1e-06 -0.0 -7e-06 
0.0 0.0 0.0 0.0 -0.0 0.0 -14.703899 99.44178 346.281891 5.306643 -5.052998 -5.545357 -2.256725 -0.294613 3.019575 -0.999785 0.562927 -3.689626 -1.887903 -2.235562 10.805874 -1.967577 3.464011 2.391024 -0.664248 -0.502612 -3.559429 0.154814 -1.28284 -17.178354 7.7e-05 -2.2e-05 4e-06 0.038414 0.052849 0.10033 0.677076 -3.717354 -10.514924 -0.609473 3.820792 -10.536472 -15.10594 -2.307688 13.673964 -60.40062 -8.387764 4.277137 -0.131071 -28.023447 0.003294 3.630652 3.424144 -9.074428 -5.882159 9.861258 0.702688 -10.936801 -0.360551 7.156269 1.5e-05 8.774824 -0.0 -15.959774 18.295111 6.216617 -1.844035 2.498504 -2.507282 -10.163618 4.678927 4.621093 -20.976101 -3.4e-05 2.3e-05 -21.226419 2.451662 -3.593988 -2e-06 -6e-06 -0.0 -1.362677 2.240783 -0.746334 -21.334969 0.584891 3.008319 -13.821259 -2.1e-05 1.7e-05 -23.887367 -0.249114 -0.839445 -60.691967 2.642928 -1.257547 -0.294021 1.679667 0.833246 -14.218239 0.093209 1.300576 -34.212189 -0.287597 0.96722 -20.033325 0.964536 1.212891 0.0 2e-06 -0.0 -3.440403 0.788202 0.501638 -15.928205 -3.167301 2.999707 -6.33885 -1.1e-05 5e-06 -18.123589 3.648141 -4.905685 -4e-06 -0.0 0.0 17.420343 7.977595 18.260386 60.644623 15.124042 17.327631 0.355091 20.527512 -0.046577 -3.822845 -2.051008 -2.998621 2.2436 -5.255004 -3.180076 14.282765 -0.826641 6.952577 -4.9e-05 -12.690609 8e-06 16.405714 -17.298325 2.401509 1.665673 -1.955919 -2.878305 4.727809 -4.170572 4.993906 11.020598 4.2e-05 0.0 12.10918 -3.735654 -2.866811 -0.0 1e-06 -1e-06 1.291976 -1.928537 -1.4981 14.800204 0.5675 3.865597 14.24265 -1.341683 -6.660676 19.632246 0.144018 -0.648228 49.763641 -0.269214 -6.213515 0.353015 -1.511132 -0.031953 20.222897 3.684349 2.316622 18.787382 6.4e-05 2e-05 10.751701 -0.479847 1.39794 -2e-06 0.0 0.0 3.273814 0.305992 -0.580138 21.486906 11.830384 2.266121 8.162976 2.6e-05 1e-06 18.399292 -3.798889 -4.940584 -1e-06 -0.0 -0.0 -7.900629 0.911266 3.300115 0.013719 -0.11158 4.598694 1.663753 -2.283096 -3.942525 1.64107 -1.96841 -1.80292 -0.0 -1e-06 1e-06 -7.041224 -3.241017 -18.590595 -0.022189 -0.298364 56.70179 -5.803908 -2.42013 -1.341506 -1.421853 0.810503 -5.321069 1e-06 1e-06 -6e-06 
0.0 0.0 0.0 0.0 -0.0 0.0 -15.504999 99.293175 351.752197 4.225596 -3.898625 -5.191402 -2.270141 -0.414129 2.900012 -0.941538 -0.250512 -3.689758 -1.207916 -3.015946 10.762296 -0.861031 3.063532 2.968478 -0.662877 -0.112025 -3.616813 0.085 -0.985268 -16.650372 7.7e-05 -2.2e-05 5e-06 0.030305 0.043054 0.092897 0.657898 -3.718734 -10.5331 -0.604632 3.804016 -10.536901 -13.269616 -3.803487 13.233698 -59.291828 -11.056138 5.53425 0.001782 -31.407204 -0.040025 3.011139 3.212848 -8.701327 -5.882111 9.861222 0.702559 -10.936828 -0.360551 7.15621 1e-06 8.774844 -9e-06 -15.812853 18.344175 6.278326 -1.844036 2.498505 -2.507276 -10.163611 4.678959 4.621092 -20.976074 -1.2e-05 3e-06 -21.226398 2.451698 -3.59404 -1e-06 -5e-06 1e-06 -1.362686 2.240819 -0.746324 -21.334938 0.584887 3.008328 -13.821247 -8e-06 3e-06 -23.887329 -0.249088 -0.839493 -60.522476 2.808195 -1.253446 -0.294031 1.679714 0.833253 -14.218218 0.093184 1.300585 -34.212151 -0.287577 0.967179 -20.033302 0.964536 1.212869 2e-06 2e-06 -0.0 -3.44041 0.788273 0.501647 -15.928179 -3.167362 2.999727 -6.338841 -5e-06 -1e-06 -18.123562 3.648176 -4.90571 -2e-06 4e-06 -3e-06 18.337725 6.637318 17.833302 59.822945 13.265064 16.975708 0.288501 21.568565 -0.065735 -3.583275 -1.713502 -3.718487 2.243542 -5.255054 -3.180257 14.282861 -0.826647 6.952478 -6e-06 -12.690636 4e-06 16.378241 -17.327173 2.464056 1.665668 -1.955919 -2.878298 4.727803 -4.170593 4.993927 11.020545 7e-06 -0.0 12.109108 -3.735725 -2.8668 -1e-06 0.0 1e-06 1.291991 -1.928564 -1.498076 14.800136 0.567492 3.865603 14.242599 -1.34174 -6.660661 19.632086 0.143944 -0.648261 49.747826 -0.37614 -6.271559 0.353036 -1.511172 -0.031927 20.222797 3.68435 2.316632 18.787308 1.1e-05 -7e-06 10.751658 -0.479859 1.397908 -1e-06 -0.0 1e-06 3.273822 0.305915 -0.580094 21.486809 11.830441 2.266143 8.162942 2e-06 -7e-06 18.399181 -3.79897 -4.940617 4e-06 2e-06 -0.0 -6.616704 0.402735 7.662321 -0.003504 -0.047291 2.456897 1.761162 -2.718674 -5.997195 1.660836 -1.964105 -1.709534 -0.0 0.0 -1e-06 -5.331923 -4.012215 -22.19343 -0.066797 -0.205323 47.391987 -4.506096 -3.141203 -2.795168 -1.422733 0.831387 -5.248186 0.0 -0.0 -2e-06 
0.0 0.0 0.0 0.0 -0.0 0.0 -16.282589 98.653572 357.010315 3.856919 -2.62777 -4.765975 -2.659736 -0.529016 2.713236 -0.981156 -1.018713 -3.733476 -0.944677 -3.578342 10.806941 0.558685 2.477255 3.458955 -0.707725 0.032663 -3.634943 0.081935 -0.690386 -16.448942 7.7e-05 -2.2e-05 5e-06 0.013466 0.016362 0.10328 0.627673 -3.744704 -10.5673 -0.606673 3.777827 -10.560248 -11.267656 -5.318781 12.899318 -57.96225 -14.029666 6.563193 0.320912 -34.195648 -0.16189 2.429463 2.864042 -8.40572 -5.88206 9.861373 0.702324 -10.936902 -0.360648 7.156084 -2e-06 8.774795 -1e-05 -15.684184 18.392864 6.306724 -1.844027 2.498501 -2.507261 -10.163555 4.678925 4.621118 -20.975937 -1e-05 -0.0 -21.226206 2.451665 -3.593979 0.0 -6e-06 1e-06 -1.362675 2.240769 -0.746303 -21.334831 0.584934 3.008326 -13.821158 -9e-06 2e-06 -23.887083 -0.249097 -0.839469 -60.399132 2.885087 -1.292257 -0.294016 1.679656 0.833272 -14.218168 0.09325 1.300588 -34.211914 -0.287577 0.967164 -20.033165 0.964524 1.212848 2e-06 -1e-06 -2e-06 -3.440346 0.788186 0.501693 -15.928167 -3.167251 2.999697 -6.338799 -2e-06 -3e-06 -18.123377 3.648157 -4.905652 -4e-06 0.0 -3e-06 19.304569 5.21591 17.273066 59.112297 11.65383 16.284832 0.128556 22.26189 -0.120222 -4.066798 -1.591538 -4.667637 2.243535 -5.255028 -3.18017 14.282822 -0.826595 6.95253 -1.5e-05 -12.690604 -2e-06 16.457901 -17.366945 2.477797 1.66567 -1.955922 -2.878302 4.727814 -4.170588 4.99391 11.020585 1.3e-05 -7e-06 12.109187 -3.735704 -2.866832 2e-06 0.0 -1e-06 1.291993 -1.928549 -1.498094 14.800164 0.567474 3.865599 14.242641 -1.341723 -6.660685 19.632219 0.143961 -0.648282 49.952854 -0.432677 -6.250053 0.353037 -1.511146 -0.031945 20.222839 3.684319 2.316628 18.787369 2.8e-05 -1.3e-05 10.751691 -0.479857 1.397919 -1e-06 -0.0 3e-06 3.27383 0.305948 -0.580128 21.486834 11.830376 2.26614 8.162962 1e-05 -8e-06 18.399269 -3.798932 -4.940635 3e-06 2e-06 -0.0 -5.963743 -0.022935 11.138267 -0.029653 0.043832 1.831996 2.038728 -3.208579 -8.587188 1.67644 -1.979111 -1.561502 0.0 0.0 1e-06 -4.582774 -5.438508 -24.631769 0.031199 -0.039805 35.624809 -2.657044 -3.27422 -2.742807 -1.429723 0.886473 -5.030955 -0.0 -0.0 2e-06 
0.0 0.0 0.0 0.0 -0.0 0.0 -17.078197 97.636429 362.280548 3.951982 -1.405858 -4.405323 -3.230015 -0.585397 2.589838 -1.093445 -1.592935 -3.836554 -0.972448 -4.074737 10.928197 2.06904 1.873305 3.908836 -0.729305 -0.032799 -3.624593 0.068112 -0.448076 -16.408936 7.7e-05 -2.2e-05 5e-06 -0.000974 0.0089 0.109002 0.616286 -3.751757 -10.614967 -0.623131 3.772035 -10.608321 -9.148561 -6.718103 12.638068 -56.78751 -17.18852 6.687037 0.659878 -36.267017 -0.301085 2.088561 2.530483 -7.899353 -5.882095 9.86137 0.702405 -10.936997 -0.360729 7.156078 -9e-06 8.774765 -1.7e-05 -15.618498 18.452745 6.345905 -1.844015 2.498504 -2.507261 -10.163522 4.678916 4.621132 -20.975866 1.8e-05 3e-05 -21.226122 2.451693 -3.593955 0.0 -4e-06 -0.0 -1.362658 2.240753 -0.74631 -21.334766 0.58497 3.008354 -13.821117 1e-05 2.1e-05 -23.886982 -0.249044 -0.839445 -60.463978 2.869516 -1.414783 -0.294 1.679624 0.833267 -14.218131 0.093292 1.300612 -34.211807 -0.287516 0.967207 -20.033127 0.964564 1.212855 1e-06 3e-06 -2e-06 -3.440289 0.788146 0.501706 -15.928155 -3.167186 2.999709 -6.338783 3e-06 1.2e-05 -18.123306 3.648189 -4.905622 -4e-06 1e-06 -2e-06 20.174206 3.934309 16.813429 58.586285 10.387544 15.293612 -0.029238 22.46442 -0.130318 -4.663226 -1.637069 -5.553953 2.243546 -5.25509 -3.180129 14.282959 -0.826557 6.952516 5e-06 -12.690575 8e-06 16.539351 -17.464586 2.529485 1.665655 -1.955922 -2.878295 4.72778 -4.170577 4.993922 11.020495 -5e-06 9e-06 12.109037 -3.735712 -2.866789 2e-06 0.0 -0.0 1.291975 -1.92853 -1.498087 14.800073 0.567442 3.865613 14.242527 -1.341744 -6.660651 19.631947 0.143908 -0.648239 50.404282 -0.475138 -6.184962 0.353018 -1.511123 -0.031939 20.222719 3.684263 2.316633 18.787233 -2.2e-05 2.1e-05 10.751634 -0.479889 1.397927 -1e-06 0.0 0.0 3.273755 0.30598 -0.580087 21.486748 11.830291 2.266117 8.162911 -1.1e-05 1.4e-05 18.399084 -3.799011 -4.940551 1e-06 -1e-06 0.0 -5.636737 -0.327991 14.458817 -0.018267 0.125515 1.757916 2.400928 -3.862292 -11.354285 1.688718 -2.020485 -1.487084 0.0 0.0 4e-06 -4.329902 -7.219023 -26.067736 0.193755 -0.001833 22.772158 -0.688775 -2.951087 -2.44021 -1.437283 0.936446 -5.140741 1e-06 -0.0 -1e-06 
0.0 0.0 0.0 0.0 -0.0 0.0 -17.997314 96.357056 367.735992 3.996278 -0.410414 -3.953021 -3.672627 -0.618327 2.393967 -1.218467 -1.979508 -3.959215 -1.04155 -4.462664 11.071265 3.616753 1.34774 4.166842 -0.817005 -0.189451 -3.640249 -0.007935 -0.408174 -16.30764 7.7e-05 -2.2e-05 7e-06 -0.000324 0.014331 0.0914 0.632493 -3.743357 -10.660236 -0.637684 3.77714 -10.675836 -7.075552 -7.910374 12.117048 -55.886814 -20.010225 6.109209 0.872779 -37.742672 -0.235161 2.167647 2.286507 -7.407665 -5.882154 9.861302 0.702604 -10.936861 -0.360575 7.156211 1.5e-05 8.774809 -0.0 -15.596391 18.448734 6.384584 -1.844028 2.498498 -2.507276 -10.16358 4.678913 4.621112 -20.976025 -3.2e-05 3.7e-05 -21.226316 2.451662 -3.593955 1e-06 -5e-06 -0.0 -1.362666 2.240769 -0.746319 -21.334908 0.584898 3.008332 -13.821213 -2.2e-05 2.8e-05 -23.887226 -0.249104 -0.839411 -60.483353 2.866996 -1.730205 -0.294002 1.679651 0.833255 -14.218213 0.093223 1.300582 -34.21207 -0.287591 0.967239 -20.033262 0.964543 1.212895 -2e-06 -3e-06 -3e-06 -3.440346 0.788167 0.501665 -15.928211 -3.167272 2.999702 -6.338827 -1.1e-05 1.3e-05 -18.123482 3.648139 -4.905633 -3e-06 2e-06 -3e-06 21.122234 2.989602 16.515909 57.942059 9.368895 14.110647 -0.06262 22.146107 -0.069553 -4.994893 -1.939378 -6.091141 2.243565 -5.255013 -3.180026 14.282875 -0.826581 6.952568 -1.1e-05 -12.690585 5e-06 16.492441 -17.536821 2.561601 1.665666 -1.955922 -2.878307 4.727797 -4.170577 4.99391 11.020536 9e-06 5e-06 12.109088 -3.735689 -2.866803 3e-06 0.0 -0.0 1.291982 -1.928539 -1.498102 14.800131 0.567458 3.865605 14.242575 -1.341721 -6.660665 19.632032 0.143949 -0.648246 50.549751 -0.593885 -6.24542 0.353024 -1.511133 -0.031954 20.222794 3.684293 2.31663 18.787294 9e-06 1.3e-05 10.751652 -0.479874 1.397929 -3e-06 0.0 1e-06 3.273803 0.305971 -0.58013 21.486809 11.830324 2.266124 8.162938 1e-06 7e-06 18.399158 -3.798967 -4.940573 2e-06 0.0 0.0 -4.980262 -0.349462 17.7736 0.023332 0.210815 1.707973 2.769068 -4.909715 -14.194508 1.739374 -1.966859 -1.569042 -0.0 0.0 -2e-06 -3.919461 -8.641932 -27.541239 0.288367 -0.035837 11.387928 1.321248 -2.711587 -2.907614 -1.408685 1.009735 -5.235029 -0.0 -1e-06 -1e-06 
0.0 0.0 0.0 0.0 -0.0 0.0 -19.076385 94.988724 373.227966 3.688334 0.234073 -3.623827 -3.935082 -0.639319 2.239233 -1.34508 -2.281179 -4.028821 -0.842889 -4.642575 11.193519 4.99199 0.899927 4.392906 -0.830859 -0.20467 -3.65648 -0.126031 -0.268777 -16.260139 7.7e-05 -2.2e-05 7e-06 0.003363 0.009166 0.090297 0.636913 -3.742464 -10.674537 -0.633384 3.767874 -10.691975 -5.551159 -8.768554 11.628457 -54.925056 -22.441114 4.454225 0.377899 -38.724075 0.073584 2.621874 2.150677 -6.875585 -5.882108 9.861279 0.702628 -10.936841 -0.36055 7.15625 -3e-06 8.774836 1e-06 -15.575434 18.360483 6.502932 -1.844036 2.498505 -2.507281 -10.163613 4.67895 4.621097 -20.976078 2e-06 6e-06 -21.226406 2.451709 -3.59403 3e-06 -4e-06 -2e-06 -1.362687 2.240803 -0.746325 -21.334925 0.5849 3.008318 -13.821245 2e-06 7e-06 -23.887337 -0.24907 -0.839499 -60.567577 2.804765 -1.566866 -0.294036 1.679694 0.833257 -14.218208 0.093201 1.30057 -34.212154 -0.28755 0.96718 -20.033302 0.964548 1.212858 2e-06 0.0 1e-06 -3.440413 0.788246 0.501654 -15.928168 -3.167333 2.999707 -6.338841 5e-06 3e-06 -18.123569 3.648181 -4.905705 -1e-06 3e-06 -1e-06 22.332766 2.31412 16.316401 57.018429 8.698347 12.832652 -0.004366 21.0242 -0.050184 -4.921085 -2.276016 -6.213093 2.243547 -5.255053 -3.180251 14.282862 -0.826585 6.952462 -1.9e-05 -12.69059 -4e-06 16.366056 -17.406891 2.531779 1.665666 -1.955921 -2.878293 4.727793 -4.170578 4.993923 11.020525 1.9e-05 -1e-06 12.109062 -3.735684 -2.866793 1e-06 0.0 -0.0 1.291979 -1.928545 -1.498082 14.800127 0.567476 3.865608 14.24256 -1.341719 -6.66065 19.632002 0.143976 -0.648233 50.336449 -0.567516 -6.389444 0.353022 -1.511144 -0.031935 20.222794 3.684315 2.316632 18.78727 2.9e-05 6e-06 10.751637 -0.479856 1.397919 -1e-06 0.0 -1e-06 3.273796 0.305963 -0.580102 21.486834 11.830371 2.266141 8.162924 1.2e-05 -0.0 18.399101 -3.79894 -4.940568 3e-06 -0.0 -2e-06 -3.661195 -0.086393 21.262835 -0.025142 0.153891 1.659577 2.61517 -5.886006 -16.280983 1.786189 -1.87801 -2.012672 0.0 1e-06 2e-06 -2.95921 -9.680192 -29.302662 0.313095 0.081377 4.024209 3.22188 -2.686347 -4.049242 -1.379244 1.043634 -5.244659 0.0 1e-06 1e-06 
0.0 0.0 0.0 0.0 -0.0 0.0 -20.269989 93.794075 378.920044 3.062129 0.663146 -3.352754 -4.072678 -0.710911 2.035575 -1.421993 -2.560165 -4.136771 -0.453132 -4.83882 11.251011 6.095859 0.519947 4.63748 -0.847292 0.080353 -3.596699 -0.234252 -0.04666 -16.213736 7.7e-05 -2.2e-05 7e-06 -0.001839 -0.024193 0.095904 0.631772 -3.774998 -10.688421 -0.637327 3.734849 -10.69043 -4.175508 -9.293069 11.401553 -54.407234 -24.202309 2.681151 -0.456231 -39.176239 0.461303 3.248075 1.824268 -6.25175 -5.882126 9.861285 0.702354 -10.937003 -0.360707 7.156059 -4.9e-05 8.774829 -2.2e-05 -15.609482 18.317503 6.532454 -1.844023 2.49851 -2.507252 -10.163594 4.679002 4.621123 -20.976021 0.000109 6e-06 -21.22637 2.451847 -3.59409 0.0 -7e-06 -0.0 -1.362709 2.240827 -0.746303 -21.334831 0.584987 3.008364 -13.821213 6.6e-05 -2e-06 -23.887268 -0.248918 -0.83958 -60.771614 2.785016 -1.37898 -0.294066 1.679722 0.833268 -14.218134 0.093242 1.300631 -34.21207 -0.287396 0.967129 -20.033266 0.964614 1.2128 -1e-06 1e-06 -0.0 -3.440429 0.788322 0.501697 -15.92808 -3.167328 2.999756 -6.338831 3.1e-05 7e-06 -18.123541 3.648318 -4.905719 -4e-06 -2e-06 -4e-06 23.421576 1.969225 16.509005 56.354843 8.479532 11.537658 -0.015565 19.197346 -0.047237 -4.494254 -3.011845 -6.262873 2.243441 -5.255059 -3.180324 14.282922 -0.826658 6.952472 2.2e-05 -12.690665 -2e-06 16.403814 -17.342566 2.437118 1.665659 -1.955919 -2.878289 4.727789 -4.170613 4.993926 11.0205 -1.5e-05 -1.6e-05 12.10907 -3.735778 -2.866841 -1e-06 1e-06 -0.0 1.29199 -1.928582 -1.49807 14.800067 0.567496 3.865598 14.242543 -1.341772 -6.660681 19.631962 0.143919 -0.648316 50.003586 -0.35918 -6.522547 0.353036 -1.511196 -0.031917 20.222704 3.684362 2.316626 18.78723 -1.9e-05 -3.1e-05 10.751624 -0.479872 1.397901 -3e-06 0.0 0.0 3.273776 0.305868 -0.580077 21.486734 11.830499 2.266159 8.162903 -1.1e-05 -9e-06 18.399092 -3.799021 -4.940655 2e-06 -0.0 -2e-06 -1.835333 0.127095 24.985611 -0.071571 0.010729 1.282751 2.159347 -6.890118 -17.031796 1.830413 -1.834156 -3.161852 -0.0 0.0 -4e-06 -1.453808 -10.821963 -31.109043 0.378021 0.300909 2.301395 4.917261 -2.381778 -5.584702 -1.378362 1.023278 -5.230111 -0.0 -1e-06 -0.0 
0.0 0.0 0.0 0.0 -0.0 0.0 -21.634731 92.882034 385.161926 1.953405 1.049485 -2.87811 -4.066718 -0.813395 1.487744 -1.427525 -2.875142 -4.295963 0.248191 -5.108009 11.046268 6.870794 0.17461 4.995111 -0.824327 0.255747 -3.585927 -0.131037 0.359317 -15.632454 7.6e-05 -2.3e-05 6e-06 -0.02088 -0.078213 0.096862 0.608647 -3.84011 -10.677461 -0.648966 3.690857 -10.67263 -3.331227 -9.668159 11.71118 -54.039497 -24.95001 1.92349 -0.733043 -39.698502 0.485065 3.425079 1.640896 -5.944818 -5.882021 9.861166 0.702939 -10.936644 -0.36033 7.156488 1e-05 8.774921 1.7e-05 -15.62045 18.328663 6.579918 -1.844054 2.498501 -2.507309 -10.163692 4.678988 4.621043 -20.976257 -4e-05 -5.5e-05 -21.226677 2.451683 -3.594155 0.0 -6e-06 -0.0 -1.362715 2.240871 -0.746348 -21.335081 0.584806 3.008252 -13.821359 -2.7e-05 -3.5e-05 -23.887671 -0.249166 -0.839606 -61.093685 2.875044 -1.346751 -0.294068 1.679783 0.833235 -14.218287 0.093088 1.30052 -34.21246 -0.287636 0.967102 -20.033457 0.964494 1.212844 -2e-06 3e-06 1e-06 -3.440513 0.788373 0.501567 -15.928183 -3.167506 2.999701 -6.33889 -6e-06 -1.4e-05 -18.123804 3.648149 -4.905832 -5e-06 -2e-06 -5e-06 24.35297 1.643504 16.618952 56.000343 8.074747 10.683823 -0.104912 17.063625 0.006146 -3.907573 -3.908143 -6.650856 2.243645 -5.254732 -3.179853 14.282707 -0.826803 6.952679 -2.3e-05 -12.690752 -1.2e-05 16.439116 -17.240322 2.371376 1.665685 -1.955924 -2.878328 4.727859 -4.17064 4.993885 11.020704 2.2e-05 2e-06 12.109364 -3.735772 -2.866884 0.0 -0.0 0.0 1.292014 -1.928641 -1.498125 14.8003 0.56758 3.865609 14.242794 -1.341733 -6.660734 19.632545 0.143957 -0.648299 49.989525 -0.062617 -6.314515 0.353066 -1.511272 -0.031978 20.223015 3.684498 2.31666 18.787582 4.1e-05 -1e-06 10.751796 -0.479853 1.397947 -3e-06 0.0 1e-06 3.273967 0.305786 -0.580196 21.486942 11.830668 2.266219 8.16305 1.8e-05 -1.1e-05 18.399542 -3.798941 -4.940703 5e-06 0.0 -1e-06 1.078215 0.924303 28.383495 0.031817 -0.401488 1.412052 1.564663 -8.461926 -15.899581 1.898977 -1.836467 -6.280506 -1e-06 1e-06 1e-06 0.292151 -11.492188 -31.060095 0.449506 0.39116 3.530079 4.98111 -1.911597 -6.567266 -1.375374 1.054692 -5.570965 -0.0 -0.0 3e-06 
0.0 0.0 0.0 0.0 -0.0 0.0 -23.20388 92.499634 391.65329 -0.509789 1.415165 -1.614087 -2.986589 -0.771264 0.222741 -1.309677 -3.356906 -4.69457 1.202026 -5.252719 10.851228 7.240303 -0.042219 4.719182 -0.870316 0.522996 -3.645453 0.144672 0.295617 -13.734745 7.7e-05 -2.2e-05 6e-06 -0.0265 -0.082068 0.100738 0.594451 -3.832744 -10.587375 -0.644475 3.674647 -10.571055 -4.811863 -9.712181 11.841423 -52.121685 -24.186798 1.875604 -0.781957 -40.732925 0.561628 2.724655 1.892473 -5.312947 -5.882073 9.861334 0.70253 -10.936849 -0.360557 7.156209 5e-06 8.774829 1e-06 -15.702745 18.332935 6.553741 -1.844031 2.498503 -2.507272 -10.163588 4.678933 4.6211 -20.976023 -1.3e-05 -2e-06 -21.22633 2.451685 -3.594022 -1e-06 -4e-06 1e-06 -1.362678 2.240788 -0.746317 -21.334896 0.584894 3.008315 -13.821209 -9e-06 2e-06 -23.887232 -0.249097 -0.839482 -61.024586 2.734368 -1.37569 -0.29402 1.679672 0.833259 -14.218197 0.093205 1.30057 -34.212063 -0.287581 0.967171 -20.033257 0.964533 1.212856 1e-06 -0.0 0.0 -3.440373 0.788216 0.501664 -15.928176 -3.167311 2.999695 -6.338825 -2e-06 1e-06 -18.123491 3.64816 -4.905693 -3e-06 -2e-06 -3e-06 26.613941 1.399754 16.158716 54.319462 6.820942 10.49273 -0.253251 15.356734 0.014254 -3.257625 -5.077075 -7.07753 2.243555 -5.255013 -3.180166 14.28288 -0.826623 6.952507 -1.3e-05 -12.690627 -4e-06 16.320894 -17.164572 2.398174 1.665661 -1.955921 -2.878299 4.727787 -4.170588 4.993919 11.02052 1.2e-05 3e-06 12.109067 -3.735719 -2.866811 -3e-06 -0.0 -1e-06 1.291973 -1.928553 -1.498087 14.800117 0.56749 3.865613 14.242555 -1.34173 -6.660658 19.632002 0.143959 -0.648236 50.152428 -0.046149 -6.072464 0.353014 -1.511157 -0.031939 20.22278 3.684339 2.316643 18.78727 1.7e-05 1.6e-05 10.751643 -0.479862 1.397929 -3e-06 0.0 0.0 3.273776 0.305945 -0.580104 21.486818 11.830411 2.266153 8.162929 8e-06 7e-06 18.39912 -3.798968 -4.940575 3e-06 0.0 -1e-06 6.502606 2.616738 29.024496 0.086171 -0.940375 5.030298 0.596014 -10.824243 -12.609866 1.985382 -1.80169 -12.21234 0.0 1e-06 4e-06 3.054464 -10.74964 -30.052515 0.408961 0.266628 5.619249 2.906878 -1.847674 -3.049324 -1.352694 1.166823 -6.457054 0.0 -0.0 -0.0 
0.0 0.0 0.0 0.0 -0.0 0.0 -24.925591 92.764809 398.372162 -4.694985 1.200729 -0.006288 -0.719212 -0.747518 -1.168224 -0.989384 -3.505632 -5.378967 3.068911 -5.318397 10.756639 6.84661 0.357799 3.759828 -1.064598 0.911529 -3.720236 0.158854 0.023314 -11.273613 7.7e-05 -2.2e-05 6e-06 -0.035315 -0.107786 0.052159 0.606943 -3.852422 -10.593114 -0.672058 3.644071 -10.593865 -8.792467 -9.07074 11.608932 -49.209934 -22.139704 1.512497 -1.131961 -41.971035 0.858828 2.254503 1.450638 -4.050644 -5.882124 9.861304 0.702545 -10.936872 -0.360608 7.156168 1.1e-05 8.774794 -5e-06 -16.050913 18.317095 6.307494 -1.844029 2.498503 -2.507271 -10.163571 4.678916 4.621111 -20.975973 -2.4e-05 2.3e-05 -21.226227 2.451651 -3.593943 1e-06 -3e-06 -0.0 -1.362667 2.240774 -0.74632 -21.334881 0.584913 3.008329 -13.821181 -2e-05 1.7e-05 -23.887131 -0.249118 -0.839416 -60.798622 2.495619 -1.278758 -0.294011 1.67966 0.833261 -14.218197 0.093235 1.300586 -34.211979 -0.287591 0.967207 -20.033203 0.96453 1.212882 0.0 -0.0 0.0 -3.440356 0.788185 0.501664 -15.928191 -3.16726 2.999694 -6.338812 -8e-06 3e-06 -18.123425 3.648131 -4.905638 -3e-06 -1e-06 -1e-06 29.528694 1.671258 15.601532 51.467373 5.30653 10.201303 -0.280332 14.008133 -0.043197 -2.287241 -6.197618 -5.51193 2.243547 -5.254956 -3.180024 14.28285 -0.826638 6.952575 -4e-06 -12.690629 -0.0 16.238369 -17.222313 2.405976 1.665668 -1.955923 -2.878308 4.72781 -4.170598 4.993909 11.020563 3e-06 -3e-06 12.109142 -3.735724 -2.866829 1e-06 2e-06 -0.0 1.291993 -1.928571 -1.498104 14.800149 0.567488 3.865602 14.242615 -1.341737 -6.660688 19.632126 0.143942 -0.64828 50.313858 -0.129125 -6.188896 0.353041 -1.511178 -0.031955 20.222816 3.684341 2.31663 18.787336 7e-06 -2e-06 10.751672 -0.479872 1.397924 -1e-06 0.0 0.0 3.27384 0.305904 -0.580139 21.486813 11.830423 2.266149 8.16295 1e-06 -1e-06 18.399195 -3.798975 -4.940617 3e-06 0.0 -1e-06 13.968918 4.600689 25.729069 -0.051627 -1.131833 14.846029 -0.028373 -13.144769 -6.58345 2.088985 -1.60276 -21.04896 0.0 0.0 1e-06 7.626511 -8.075121 -30.258955 0.245747 0.06414 8.745013 0.455575 -2.375504 6.380018 -1.354488 1.155096 -5.847059 0.0 -0.0 -1e-06 
0.0 0.0 0.0 0.0 -0.0 0.0 -26.462004 93.334541 404.995544 -7.675727 -0.04869 -0.029859 0.558784 -0.657239 -1.199028 -0.527439 -3.619129 -5.432359 4.883965 -4.91002 10.473164 5.992634 0.731852 3.533987 -1.056314 1.31719 -3.737295 0.086052 0.635675 -11.349798 7.7e-05 -2.2e-05 6e-06 -0.029036 -0.111265 0.033967 0.678091 -3.855028 -10.653666 -0.730761 3.637551 -10.664031 -9.399899 -8.409674 11.726746 -51.657627 -20.133347 0.453548 -0.962604 -42.080875 0.780723 2.664445 0.850381 -3.483163 -5.88207 9.861245 0.702789 -10.936739 -0.360456 7.156356 3.2e-05 8.774846 9e-06 -16.278021 18.065821 6.091288 -1.844039 2.498502 -2.507291 -10.163604 4.678909 4.621079 -20.97607 -8e-05 -5e-06 -21.226366 2.451594 -3.594002 -1e-06 -9e-06 0.0 -1.362671 2.240793 -0.746335 -21.334963 0.584836 3.008289 -13.821238 -5.1e-05 5e-06 -23.887299 -0.249213 -0.839444 -60.751781 2.424157 -1.204314 -0.294005 1.679676 0.833245 -14.218254 0.093172 1.300545 -34.212135 -0.287682 0.967206 -20.033287 0.964492 1.212898 -0.0 -5e-06 1e-06 -3.440373 0.788195 0.501619 -15.928225 -3.16733 2.999684 -6.338833 -2e-05 -1e-06 -18.123526 3.648074 -4.905695 -4e-06 2e-06 -4e-06 28.571255 2.583798 16.049334 52.109219 5.723154 11.078033 -0.274138 12.876094 -0.071096 -1.479103 -6.996578 -4.415333 2.243659 -5.254975 -3.179973 14.282823 -0.826638 6.952584 -3.3e-05 -12.690607 5e-06 16.212303 -17.491549 2.455303 1.66567 -1.95592 -2.878312 4.727811 -4.170579 4.99391 11.02059 2.7e-05 1.5e-05 12.10915 -3.735684 -2.866788 3e-06 -1e-06 -0.0 1.291982 -1.928548 -1.498105 14.8002 0.567491 3.865611 14.242641 -1.341704 -6.66066 19.632202 0.143965 -0.648208 50.341923 -0.146822 -6.313199 0.353024 -1.511145 -0.031956 20.222883 3.684337 2.316637 18.787382 3.3e-05 3.5e-05 10.751698 -0.479864 1.397944 0.0 -0.0 0.0 3.273841 0.305968 -0.580134 21.486879 11.830378 2.26613 8.162974 1.4e-05 8e-06 18.399246 -3.798937 -4.940556 3e-06 0.0 0.0 17.976463 4.852613 21.33742 -0.178304 -1.109229 28.140398 -0.585148 -13.087806 3.49576 2.138494 -1.453568 -25.916788 -0.0 -1e-06 1e-06 11.273098 -6.867127 -29.148508 0.155724 -0.048811 13.65331 0.172396 -2.07156 8.938351 -1.35499 1.090072 -4.233672 0.0 1e-06 -2e-06 
0.0 0.0 0.0 0.0 -0.0 0.0 -27.709988 94.064453 410.963684 -9.384042 -1.407129 -1.001585 1.27949 -0.468768 -0.403635 -0.109024 -3.293506 -5.249699 5.737598 -4.546687 10.348055 5.379399 0.850153 3.85324 -0.689736 1.368326 -3.767128 0.013396 1.103705 -12.33273 7.7e-05 -2.2e-05 9e-06 -0.014813 -0.038698 0.021305 0.718229 -3.763067 -10.664705 -0.745016 3.686944 -10.660682 -7.9198 -7.991339 12.394066 -56.293247 -19.207378 0.848801 0.00639 -40.389576 0.17832 2.884799 0.884048 -5.027082 -5.882037 9.861268 0.70267 -10.936774 -0.360456 7.156317 -1e-05 8.774875 1.3e-05 -16.022816 17.952444 6.200143 -1.844039 2.4985 -2.507291 -10.163642 4.678977 4.621077 -20.97611 3e-06 -4.3e-05 -21.226458 2.451716 -3.594113 -1e-06 -7e-06 -1e-06 -1.362707 2.240837 -0.746326 -21.334963 0.584876 3.008287 -13.821264 4e-06 -2.4e-05 -23.887383 -0.249092 -0.839586 -60.436668 2.371935 -1.204197 -0.29406 1.679744 0.833254 -14.218224 0.093146 1.30055 -34.212215 -0.287575 0.967099 -20.033323 0.964518 1.212823 -0.0 0.0 2e-06 -3.440469 0.788329 0.501625 -15.92815 -3.16743 2.999705 -6.338851 6e-06 -1.4e-05 -18.123619 3.648194 -4.905788 -3e-06 2e-06 -1e-06 25.71991 3.609285 16.694544 54.742954 7.027912 12.416841 -0.322876 13.272712 -0.04923 -1.087705 -7.27744 -4.254271 2.243617 -5.254947 -3.180222 14.282867 -0.826622 6.952442 -1.1e-05 -12.690639 -1.9e-05 16.235004 -17.672781 2.540236 1.665667 -1.955922 -2.878295 4.727801 -4.1706 4.993923 11.02056 1.3e-05 1.5e-05 12.109119 -3.735731 -2.866794 1e-06 1e-06 -0.0 1.291983 -1.928575 -1.498085 14.800161 0.567505 3.86563 14.242607 -1.341741 -6.660648 19.632124 0.143932 -0.648213 50.393253 -0.15201 -6.280612 0.353026 -1.511183 -0.031938 20.222834 3.684363 2.316673 18.787338 2e-05 2.2e-05 10.751674 -0.479856 1.397931 1e-06 -1e-06 1e-06 3.273822 0.305907 -0.580101 21.486856 11.830458 2.266196 8.162955 1.3e-05 2e-06 18.399206 -3.798964 -4.940581 3e-06 0.0 0.0 19.242008 3.921797 15.560336 -0.053362 -1.138946 42.68919 -3.43963 -11.693085 14.224568 1.997645 -1.665104 -15.251949 0.0 0.0 4e-06 13.460768 -7.229154 -25.678091 0.272749 -0.190771 16.54225 -0.665069 0.067898 8.421243 -1.371847 1.065427 -2.537473 0.0 -0.0 -2e-06 
0.0 0.0 0.0 0.0 -0.0 0.0 -28.874666 94.730919 416.744904 -10.802629 -1.588167 -1.955155 2.000927 -0.421969 0.394223 0.205969 -2.745036 -4.958711 6.120603 -4.497525 10.28071 5.199877 0.599482 4.070236 -0.514809 1.399461 -3.754223 0.125496 1.392855 -13.212599 7.7e-05 -2.2e-05 7e-06 -0.014271 -0.018809 0.025291 0.719629 -3.749184 -10.666676 -0.74693 3.71171 -10.64193 -7.549515 -7.571618 12.830033 -58.726406 -19.069687 3.251442 0.613456 -37.142094 -0.199877 2.115323 1.260905 -4.812038 -5.882085 9.861252 0.70268 -10.936791 -0.36045 7.156297 4e-06 8.77487 9e-06 -15.891007 17.802923 6.279955 -1.844036 2.4985 -2.507285 -10.163615 4.678954 4.621087 -20.976082 -2.6e-05 -8e-06 -21.226398 2.451691 -3.594051 0.0 -7e-06 -1e-06 -1.362686 2.240824 -0.746325 -21.334951 0.584848 3.0083 -13.821243 -1.9e-05 -3e-06 -23.887304 -0.249118 -0.839506 -60.20924 2.345705 -1.029919 -0.29403 1.679722 0.833257 -14.218228 0.093149 1.300553 -34.212151 -0.287607 0.967171 -20.033283 0.964517 1.212861 2e-06 3e-06 -1e-06 -3.440411 0.788278 0.50164 -15.928187 -3.167403 2.9997 -6.338841 -4e-06 -2e-06 -18.123554 3.648167 -4.905719 -3e-06 -0.0 -1e-06 24.09009 4.14863 16.991835 55.775028 8.219773 13.585711 -0.242212 15.148353 -0.126902 -1.889456 -6.164346 -5.089363 2.24361 -5.254981 -3.180108 14.282814 -0.826606 6.952517 -2.3e-05 -12.690602 -4e-06 16.425884 -17.678345 2.577012 1.665672 -1.955921 -2.878305 4.727815 -4.170584 4.993914 11.020594 2e-05 6e-06 12.109178 -3.735695 -2.866804 -0.0 2e-06 -0.0 1.291988 -1.928551 -1.4981 14.80019 0.567484 3.865612 14.242644 -1.341716 -6.660664 19.632204 0.143959 -0.648238 50.660198 -0.240169 -6.165742 0.353033 -1.511155 -0.031954 20.222874 3.684333 2.316643 18.787395 3.3e-05 9e-06 10.751701 -0.479856 1.397927 -2e-06 -1e-06 -1e-06 3.273849 0.305951 -0.58013 21.486868 11.830376 2.266146 8.162978 1.5e-05 -5e-06 18.399286 -3.798929 -4.940599 7e-06 0.0 -1e-06 19.989216 2.378148 8.559703 0.040682 -1.220364 55.482502 -6.420019 -10.399482 16.808615 1.976697 -1.902368 -5.649155 0.0 0.0 2e-06 15.196932 -7.810771 -21.449305 0.184253 -0.137192 17.909286 -1.840304 0.696698 4.688217 -1.38862 1.002165 -1.800015 0.0 1e-06 -4e-06 
0.0 0.0 0.0 0.0 -0.0 0.0 -29.869255 95.778061 422.546387 -10.96814 -1.08866 -2.867423 2.152614 -0.281221 0.871461 0.212363 -2.358339 -4.682518 5.927005 -4.362279 10.49662 5.375433 0.357415 4.280088 -0.467862 1.282937 -3.695663 0.14415 1.143115 -13.432663 7.7e-05 -2.2e-05 9e-06 -0.019273 -0.052489 0.033152 0.693473 -3.778553 -10.622817 -0.731394 3.675698 -10.609589 -8.482259 -7.149548 13.448769 -59.190407 -19.644606 6.508635 0.822301 -32.374134 -0.25029 0.891875 2.064782 -2.391251 -5.882147 9.861174 0.702853 -10.936759 -0.360507 7.15635 2.2e-05 8.774842 -1e-06 -15.852135 17.931215 6.262209 -1.844036 2.498503 -2.507289 -10.163627 4.678932 4.621078 -20.976133 -4.8e-05 1e-05 -21.226477 2.451646 -3.594018 2e-06 -4e-06 -1e-06 -1.362672 2.240801 -0.746344 -21.33499 0.58486 3.008311 -13.82128 -3.3e-05 1.2e-05 -23.88744 -0.249154 -0.83946 -60.150478 2.450746 -0.974299 -0.294015 1.679692 0.833232 -14.218258 0.093185 1.300565 -34.21225 -0.28763 0.967226 -20.033356 0.96452 1.212903 2e-06 -2e-06 -4e-06 -3.440397 0.788225 0.501612 -15.928218 -3.167336 2.999714 -6.338855 -1.7e-05 3e-06 -18.123621 3.648118 -4.905703 -1e-06 0.0 -4e-06 24.184122 4.204631 17.126341 54.921814 9.578467 13.66175 0.048431 17.169371 -0.161812 -4.078565 -4.764318 -5.324336 2.243605 -5.254949 -3.179859 14.282811 -0.82666 6.952662 -2.5e-05 -12.690625 1.1e-05 16.57115 -17.608067 2.54441 1.66567 -1.955921 -2.878319 4.727816 -4.170587 4.993899 11.020595 2e-05 5e-06 12.109179 -3.735693 -2.866826 -3e-06 -0.0 0.0 1.291984 -1.928553 -1.498115 14.800194 0.567496 3.865598 14.242651 -1.341707 -6.66069 19.632227 0.143971 -0.648254 50.667332 -0.322651 -6.074955 0.353031 -1.511157 -0.03197 20.222876 3.684349 2.316625 18.787399 2.7e-05 1.9e-05 10.751704 -0.479869 1.397939 0.0 -0.0 1e-06 3.273845 0.305946 -0.580162 21.486866 11.830414 2.266127 8.162979 9e-06 3e-06 18.399307 -3.798944 -4.940603 3e-06 0.0 0.0 19.0576 0.820606 1.130183 -0.046156 -0.921324 64.470917 -6.534266 -10.128883 11.320592 1.938441 -1.905914 -4.786827 1e-06 -0.0 1e-06 15.294033 -7.818858 -16.084045 0.049746 -0.132811 16.566374 -2.400021 0.096774 1.707008 -1.390719 0.958587 -1.494973 0.0 -0.0 -1e-06 
0.0 0.0 0.0 0.0 -0.0 0.0 -30.658081 96.970352 428.286926 -9.818317 -0.489083 -3.897358 1.868235 -0.093864 1.318989 0.010861 -1.957617 -4.413496 5.019284 -3.981372 10.699761 5.664649 0.200314 4.832304 -0.505333 1.099705 -3.646526 0.207629 0.491356 -13.443106 7.7e-05 -2.2e-05 6e-06 -0.019228 -0.073303 0.043609 0.666503 -3.794377 -10.581442 -0.704856 3.650461 -10.589549 -9.286621 -6.675278 13.953682 -59.836235 -19.681049 9.293323 0.685466 -28.113062 -0.140026 -0.172232 3.346702 0.918462 -5.882069 9.861309 0.702547 -10.936844 -0.360542 7.15622 -1.8e-05 8.774848 3e-06 -15.919249 18.009703 6.136939 -1.844039 2.498506 -2.507279 -10.163623 4.678977 4.621096 -20.976076 3e-05 -2.9e-05 -21.226421 2.451736 -3.594088 -2e-06 -5e-06 3e-06 -1.362707 2.240828 -0.746318 -21.334921 0.584915 3.008302 -13.821242 2e-05 -1.9e-05 -23.887331 -0.24905 -0.839578 -60.097313 2.54922 -0.991358 -0.294058 1.679724 0.833264 -14.21819 0.093193 1.300571 -34.212151 -0.287518 0.96711 -20.033293 0.964547 1.212811 1e-06 -0.0 0.0 -3.440448 0.788307 0.501654 -15.928135 -3.167372 2.999704 -6.338838 1e-05 -8e-06 -18.123568 3.648218 -4.905752 -6e-06 1e-06 -2e-06 23.944202 4.333074 17.190424 54.591671 11.183415 13.450119 0.329732 18.785799 -0.122588 -6.447465 -3.753469 -4.688821 2.243496 -5.254971 -3.180218 14.282884 -0.826603 6.952471 1.2e-05 -12.690632 -1.5e-05 16.528612 -17.503773 2.457931 1.665667 -1.955924 -2.878297 4.727801 -4.170607 4.993914 11.020536 -5e-06 -9e-06 12.109104 -3.735744 -2.86683 2e-06 0.0 1e-06 1.291996 -1.928582 -1.498089 14.800115 0.567485 3.86561 14.242586 -1.34176 -6.660679 19.632051 0.143922 -0.648295 50.322647 -0.395836 -6.057053 0.353045 -1.511193 -0.03194 20.222763 3.684339 2.316641 18.787279 -4e-06 -2.2e-05 10.751639 -0.479866 1.397908 -1e-06 -0.0 1e-06 3.273825 0.305877 -0.580117 21.486782 11.83044 2.266177 8.16293 0.0 -9e-06 18.399141 -3.798985 -4.940639 3e-06 -0.0 -2e-06 16.36042 -0.277436 -6.032414 -0.107917 -0.490207 69.080124 -5.419394 -9.450466 6.148817 1.873991 -1.908117 -4.938467 0.0 0.0 -0.0 13.886837 -7.439204 -9.798541 0.010893 -0.116872 13.405302 -2.682756 -1.144572 -0.560839 -1.392833 0.94508 -1.294097 0.0 -0.0 -5e-06 
0.0 0.0 0.0 0.0 -0.0 0.0 -31.231667 97.927925 433.811462 -7.986593 -0.230478 -4.842873 1.493428 0.145047 1.87655 -0.19991 -1.362262 -4.144156 3.742788 -3.381356 10.666555 5.544952 0.193382 5.415695 -0.580558 0.825488 -3.614454 0.444199 -0.334279 -13.603876 7.7e-05 -2.2e-05 7e-06 -0.012299 -0.056963 0.050455 0.657592 -3.776877 -10.582898 -0.683348 3.664008 -10.607541 -9.7459 -5.886995 14.236134 -61.077579 -18.437002 10.86803 0.543122 -26.066557 -0.07334 -0.505977 4.533753 3.230941 -5.882182 9.861118 0.702857 -10.936741 -0.360426 7.156351 1.9e-05 8.774884 -0.0 -16.022882 17.932587 5.983285 -1.844038 2.498502 -2.507294 -10.163649 4.678954 4.621075 -20.976183 -4.5e-05 2e-05 -21.22653 2.451679 -3.59403 2e-06 -4e-06 -1e-06 -1.36268 2.240838 -0.746343 -21.335033 0.584829 3.008316 -13.821314 -2.7e-05 1.7e-05 -23.887514 -0.249126 -0.839472 -60.068413 2.580259 -1.057391 -0.294024 1.679738 0.83324 -14.21828 0.093131 1.300566 -34.212337 -0.28762 0.96723 -20.0334 0.964528 1.212906 -4e-06 -0.0 -2e-06 -3.440433 0.788292 0.501607 -15.928224 -3.167421 2.999723 -6.338872 -1.4e-05 5e-06 -18.123688 3.64814 -4.90572 -5e-06 -0.0 2e-06 22.452375 4.867408 17.191633 55.48745 12.795966 13.479497 0.46846 20.333477 -0.079997 -7.712765 -3.044683 -3.713658 2.243605 -5.254897 -3.179991 14.282712 -0.826671 6.952601 -4.8e-05 -12.690641 -5e-06 16.344316 -17.41251 2.420712 1.665678 -1.95592 -2.878316 4.727831 -4.170588 4.993897 11.020642 4.2e-05 -7e-06 12.109242 -3.735668 -2.866835 -1e-06 -1e-06 1e-06 1.29199 -1.928565 -1.498114 14.800255 0.56752 3.8656 14.242714 -1.341689 -6.660693 19.632374 0.144015 -0.648251 49.842724 -0.530647 -6.142344 0.353034 -1.511173 -0.031968 20.222961 3.684389 2.316636 18.787474 7.5e-05 4e-06 10.751739 -0.479837 1.397937 1e-06 -0.0 -0.0 3.273884 0.305937 -0.580172 21.486942 11.830449 2.266155 8.163007 3.3e-05 -8e-06 18.39938 -3.798872 -4.940629 2e-06 0.0 0.0 12.77763 -0.74891 -12.487604 -0.064444 -0.071918 69.607407 -4.543959 -8.383265 2.885947 1.806974 -1.89361 -5.036496 0.0 0.0 -0.0 11.811669 -6.774534 -3.354756 0.006051 -0.073811 9.68843 -2.776145 -2.36765 -2.449353 -1.393882 0.927088 -1.14216 0.0 -0.0 -0.0 
0.0 0.0 0.0 0.0 -0.0 0.0 -31.630215 98.501793 439.159241 -5.926377 -0.535638 -5.420073 1.141255 0.36591 2.357079 -0.342973 -0.54915 -3.919975 2.46112 -2.617644 10.53248 4.809295 0.467738 5.704053 -0.654782 0.366894 -3.622052 0.733874 -1.114769 -13.829223 7.7e-05 -2.2e-05 6e-06 -0.009704 -0.053221 0.048923 0.647006 -3.775982 -10.602856 -0.669588 3.667583 -10.638129 -10.443482 -4.694784 14.362533 -62.094303 -15.883529 11.252714 0.534983 -26.478165 -0.082333 0.067104 5.162292 3.745254 -5.882145 9.86117 0.702643 -10.936751 -0.360512 7.156249 4e-06 8.774862 -1e-05 -16.094975 17.874043 5.924785 -1.844042 2.498505 -2.507281 -10.16366 4.67897 4.621079 -20.976183 -1.7e-05 -6e-06 -21.226543 2.451696 -3.594067 -2e-06 -5e-06 -0.0 -1.362701 2.240841 -0.74633 -21.335026 0.584868 3.008315 -13.821319 -1.8e-05 -9e-06 -23.887537 -0.249125 -0.839524 -60.231361 2.569416 -1.103204 -0.29405 1.679741 0.833246 -14.218261 0.093163 1.300574 -34.212334 -0.287597 0.967158 -20.033394 0.96451 1.212857 3e-06 2e-06 -0.0 -3.440475 0.788314 0.501621 -15.928185 -3.167398 2.999729 -6.338872 -6e-06 -6e-06 -18.123705 3.64816 -4.905754 -9e-06 -2e-06 0.0 20.33868 5.836561 17.135241 56.553761 14.27564 13.987245 0.569441 22.091921 -0.022596 -7.782598 -2.462143 -2.457082 2.24358 -5.254882 -3.180052 14.28283 -0.826764 6.952563 8e-06 -12.690724 -4e-06 16.143509 -17.339973 2.466422 1.665674 -1.95592 -2.87831 4.727831 -4.170633 4.993913 11.02061 -4e-06 3e-06 12.109219 -3.735804 -2.86684 -1e-06 -1e-06 0.0 1.29201 -1.928623 -1.498094 14.800196 0.567548 3.865613 14.242682 -1.341767 -6.660695 19.632257 0.1439 -0.648285 49.480755 -0.656569 -6.189577 0.35306 -1.511253 -0.031941 20.222878 3.684444 2.316649 18.787424 -7e-06 -1.2e-05 10.751708 -0.47987 1.397923 -2e-06 1e-06 0.0 3.273904 0.305803 -0.580134 21.486837 11.830619 2.266193 8.162987 0.0 -6e-06 18.39934 -3.799007 -4.94068 3e-06 -2e-06 0.0 9.023102 -0.745148 -18.017635 0.047016 0.220428 66.262001 -3.939718 -6.671629 0.621719 1.77774 -1.869992 -5.220527 -0.0 -1e-06 -3e-06 9.6013 -5.858598 2.52815 -0.010516 -0.060972 6.216204 -2.743538 -3.063359 -4.086432 -1.398406 0.889034 -1.110258 0.0 -0.0 -2e-06 
0.0 0.0 0.0 0.0 -0.0 0.0 -31.917 98.680183 444.49234 -3.897919 -1.468694 -5.583004 0.853683 0.52745 2.65234 -0.420616 0.438692 -3.78744 1.314517 -1.784071 10.459979 3.527955 0.984038 5.688512 -0.703365 -0.116126 -3.656863 0.96645 -1.838468 -14.169493 7.7e-05 -2.2e-05 8e-06 -0.007346 -0.050072 0.048027 0.630421 -3.778643 -10.598135 -0.650805 3.673709 -10.639917 -11.65582 -3.151574 14.456874 -62.385174 -12.643193 11.075628 0.682272 -28.276163 -0.146793 0.863783 5.267919 3.09327 -5.882077 9.861299 0.702537 -10.936872 -0.360563 7.156205 -1.9e-05 8.774847 -1e-06 -16.189219 17.933224 5.93531 -1.844032 2.498506 -2.507276 -10.163614 4.678978 4.621099 -20.976057 3.8e-05 -1.8e-05 -21.226402 2.451754 -3.594076 3e-06 -5e-06 -1e-06 -1.362703 2.240824 -0.746318 -21.334902 0.584925 3.008313 -13.821239 2.3e-05 -1.2e-05 -23.887318 -0.249036 -0.839558 -60.538269 2.595033 -1.109726 -0.294052 1.679722 0.833258 -14.218182 0.093201 1.300578 -34.212135 -0.287503 0.967123 -20.033293 0.964558 1.21282 -2e-06 2e-06 -0.0 -3.440432 0.788301 0.501661 -15.928127 -3.167358 2.999713 -6.338837 1.3e-05 -5e-06 -18.123552 3.648232 -4.905735 -4e-06 -0.0 0.0 18.256262 7.13679 17.150963 57.018707 15.805137 14.842497 0.642847 24.00873 0.012275 -7.254284 -2.135553 -1.104237 2.243527 -5.254937 -3.180033 14.282926 -0.826684 6.952581 4.2e-05 -12.690689 -1e-06 16.037382 -17.331411 2.539158 1.665666 -1.955924 -2.878304 4.727817 -4.170633 4.993908 11.020561 -3.3e-05 -2e-06 12.109169 -3.735818 -2.866857 1e-06 0.0 2e-06 1.292013 -1.928609 -1.498094 14.800115 0.567494 3.865614 14.242616 -1.341797 -6.660701 19.632093 0.14385 -0.648332 49.403259 -0.686249 -6.153859 0.353068 -1.511228 -0.031944 20.222763 3.68436 2.316641 18.787338 -5.3e-05 -1.4e-05 10.751674 -0.4799 1.397917 -1e-06 2e-06 2e-06 3.27387 0.305811 -0.580124 21.486731 11.830521 2.266186 8.162955 -2.5e-05 -3e-06 18.39925 -3.799078 -4.940687 2e-06 2e-06 -0.0 5.616112 -0.523604 -22.561104 0.131153 0.287189 59.327961 -3.457368 -4.335995 -0.723146 1.793934 -1.893776 -5.281705 0.0 0.0 -0.0 7.480083 -4.864356 7.485636 -0.041413 -0.032268 3.667556 -2.822437 -3.269085 -5.861379 -1.407916 0.834814 -1.11258 0.0 -0.0 -4e-06 
0.0 0.0 0.0 0.0 -0.0 0.0 -32.173103 98.443398 449.824188 -2.286935 -2.857627 -5.421878 0.786149 0.603711 2.722083 -0.449849 1.390834 -3.738309 0.445944 -0.886127 10.51003 1.897585 1.625438 5.535198 -0.706146 -0.480556 -3.694379 1.064485 -2.461186 -14.745482 7.7e-05 -2.2e-05 6e-06 0.002198 -0.018004 0.051063 0.614002 -3.752001 -10.556496 -0.618113 3.709939 -10.610445 -13.32446 -1.419176 14.461678 -62.029545 -9.379867 10.599905 0.880649 -29.98724 -0.217984 1.397925 5.078037 2.230169 -5.882093 9.861271 0.702671 -10.936903 -0.360552 7.156276 -1.9e-05 8.77485 1e-06 -16.273766 18.039507 5.924545 -1.844029 2.498506 -2.507277 -10.163591 4.678973 4.621098 -20.976019 3.7e-05 -2e-06 -21.226347 2.451761 -3.594084 0.0 -7e-06 -1e-06 -1.362689 2.240814 -0.746325 -21.334875 0.584917 3.008325 -13.821218 2.4e-05 5e-06 -23.887262 -0.249021 -0.839543 -60.70158 2.658108 -1.144409 -0.294034 1.679708 0.833256 -14.218168 0.093198 1.300581 -34.212063 -0.287492 0.967163 -20.033268 0.964583 1.212841 -0.0 -1e-06 1e-06 -3.44039 0.788282 0.501659 -15.928138 -3.16736 2.999718 -6.338828 1.1e-05 5e-06 -18.123512 3.648236 -4.905728 -5e-06 0.0 -4e-06 16.480228 8.540817 17.243221 56.702381 17.488701 15.748419 0.670336 25.971432 0.032872 -6.498097 -2.094921 0.092024 2.243541 -5.255019 -3.180122 14.282952 -0.826581 6.952509 3.3e-05 -12.690614 -0.0 16.054235 -17.389494 2.565319 1.665658 -1.955924 -2.878299 4.727805 -4.170606 4.99392 11.020528 -2.6e-05 7e-06 12.109102 -3.735775 -2.866814 0.0 0.0 1e-06 1.292002 -1.928569 -1.498093 14.800095 0.56745 3.865619 14.242574 -1.341779 -6.660673 19.632019 0.143854 -0.64829 49.504627 -0.655133 -6.121634 0.35305 -1.511175 -0.03194 20.222736 3.684293 2.316646 18.787287 -4.7e-05 -3e-06 10.751644 -0.479897 1.397911 2e-06 2e-06 2e-06 3.27383 0.305892 -0.580103 21.486725 11.830382 2.266155 8.162931 -2.1e-05 1e-06 18.399162 -3.799051 -4.940627 3e-06 -2e-06 -2e-06 3.23783 -0.111679 -25.890947 0.187536 0.233047 49.333881 -2.671492 -1.893917 -0.681265 1.783429 -1.940528 -5.102033 0.0 0.0 3e-06 5.752441 -4.029246 11.451801 -0.086468 0.033661 2.402284 -3.16106 -3.123257 -8.043679 -1.420675 0.806294 -0.951541 -0.0 -1e-06 2e-06 
0.0 0.0 0.0 0.0 -0.0 0.0 -32.412727 97.806984 455.211975 -1.268374 -4.401529 -5.072043 1.000028 0.65115 2.600841 -0.434286 2.084575 -3.759886 -0.107905 0.037758 10.633541 0.148338 2.289765 5.436522 -0.67126 -0.716566 -3.72728 1.061522 -2.931728 -15.501968 7.7e-05 -2.2e-05 7e-06 0.018054 0.028546 0.0604 0.60998 -3.714356 -10.524916 -0.585043 3.765742 -10.58546 -15.187351 0.314429 14.401545 -61.366287 -6.457257 9.763663 0.973074 -30.774586 -0.273549 1.796527 4.891861 1.668369 -5.88206 9.861374 0.702417 -10.936832 -0.3606 7.156165 1.1e-05 8.774796 1e-06 -16.258106 18.125916 5.94528 -1.844032 2.498498 -2.507268 -10.163573 4.678916 4.621105 -20.975981 -3.3e-05 -9e-06 -21.226269 2.451633 -3.593991 1e-06 -4e-06 2e-06 -1.362673 2.240766 -0.746314 -21.334881 0.584911 3.008301 -13.821185 -2.3e-05 -6e-06 -23.887157 -0.249148 -0.839472 -60.739269 2.688192 -1.201288 -0.294015 1.679642 0.833268 -14.218195 0.093242 1.300569 -34.211975 -0.287613 0.967163 -20.033194 0.964506 1.212854 -1e-06 2e-06 -0.0 -3.440361 0.788168 0.501671 -15.928187 -3.167251 2.999685 -6.338811 -9e-06 -3e-06 -18.123426 3.648122 -4.905671 -4e-06 -0.0 -1e-06 15.013577 9.837055 17.270754 55.871513 19.148232 16.427767 0.641544 27.843075 0.062147 -5.656116 -2.16935 0.849797 2.243521 -5.255041 -3.180173 14.282828 -0.826614 6.952541 -1.9e-05 -12.690612 2e-06 16.147379 -17.449255 2.55922 1.665671 -1.955921 -2.878299 4.727805 -4.170582 4.993913 11.020558 1.8e-05 -9e-06 12.109146 -3.735696 -2.866831 -0.0 -0.0 -1e-06 1.291983 -1.928546 -1.498091 14.800151 0.567483 3.865598 14.242613 -1.341715 -6.660684 19.632143 0.143982 -0.648271 49.691921 -0.626321 -6.104347 0.353022 -1.511142 -0.031943 20.222816 3.68433 2.316622 18.787319 3.2e-05 -1e-06 10.751665 -0.479859 1.397924 2e-06 4e-06 -3e-06 3.273802 0.305969 -0.58012 21.486835 11.830381 2.266132 8.162947 1.3e-05 -2e-06 18.399204 -3.798935 -4.940611 1e-06 -1e-06 -4e-06 2.015224 0.678862 -27.612402 0.236473 0.25896 36.508484 -1.377271 -0.172635 0.341358 1.74691 -1.957638 -4.615915 0.0 0.0 3e-06 4.484601 -3.53353 14.817769 -0.129622 0.06368 1.961926 -3.48386 -2.659042 -10.407588 -1.427288 0.840674 -0.783433 0.0 -0.0 -2e-06 
0.0 0.0 0.0 0.0 -0.0 0.0 -32.684425 96.812996 460.74823 -0.761672 -5.940359 -4.746776 1.427402 0.766995 2.465784 -0.378372 2.527738 -3.823744 -0.430106 0.794787 10.779839 -1.575628 3.00225 5.355669 -0.683639 -0.94887 -3.759486 1.128981 -3.198733 -16.301769 7.7e-05 -2.2e-05 7e-06 0.03477 0.070231 0.074261 0.618138 -3.692653 -10.542537 -0.562109 3.828601 -10.591083 -16.996592 1.966466 14.441962 -60.670521 -4.067353 8.38729 0.852979 -30.376188 -0.29362 2.216004 4.869829 1.174226 -5.882027 9.861347 0.702438 -10.936881 -0.360592 7.156155 -5e-06 8.774822 -3e-06 -16.118824 18.176861 6.083367 -1.844028 2.498501 -2.507269 -10.163566 4.67894 4.621104 -20.975958 -2e-06 -1.4e-05 -21.226244 2.451687 -3.594025 -4e-06 -8e-06 -1e-06 -1.362677 2.240788 -0.746311 -21.334843 0.584916 3.008313 -13.821168 -2e-06 -9e-06 -23.887108 -0.249088 -0.839508 -60.78257 2.696485 -1.132989 -0.294021 1.679674 0.833265 -14.218167 0.093225 1.300577 -34.211941 -0.287566 0.967141 -20.033182 0.964528 1.212834 0.0 -0.0 0.0 -3.440355 0.788219 0.501677 -15.928157 -3.167297 2.999696 -6.338806 -0.0 -4e-06 -18.123419 3.648177 -4.905693 -2e-06 0.0 -1e-06 13.762923 10.999289 17.258595 54.941097 20.781416 16.806911 0.475461 29.410666 0.010024 -4.883357 -2.311002 1.162333 2.243539 -5.255052 -3.180139 14.282896 -0.826563 6.952514 1.5e-05 -12.690595 2e-06 16.261795 -17.494366 2.55222 1.665664 -1.955923 -2.878296 4.727813 -4.170593 4.993915 11.020557 -1.3e-05 1e-06 12.109152 -3.735739 -2.866815 -0.0 2e-06 -2e-06 1.291996 -1.928548 -1.49809 14.800123 0.567444 3.865607 14.242611 -1.341757 -6.660673 19.632116 0.143892 -0.648291 50.005268 -0.626357 -6.094236 0.353048 -1.51115 -0.031947 20.22278 3.684279 2.316635 18.787331 -1.9e-05 -1.2e-05 10.75167 -0.479882 1.397908 3e-06 3e-06 0.0 3.273836 0.30594 -0.58011 21.486759 11.830331 2.266139 8.162947 -7e-06 -8e-06 18.399218 -3.798994 -4.940633 0.0 -2e-06 -3e-06 1.660593 1.773499 -27.841595 0.166261 0.298117 21.965126 -0.722059 0.77924 0.831268 1.72436 -1.999836 -3.973217 0.0 0.0 2e-06 3.452143 -3.399879 18.134748 -0.148469 0.038489 1.883663 -3.349843 -1.929726 -12.659264 -1.429259 0.870507 -1.101214 0.0 -0.0 -1e-06 
0.0 0.0 0.0 0.0 -0.0 0.0 -33.00914 95.594627 466.508636 -0.471738 -7.213439 -4.443309 1.795952 0.804825 2.261434 -0.301134 2.931966 -3.904931 -0.570938 1.151174 10.937598 -3.074192 3.723668 5.190247 -0.753769 -0.959168 -3.66169 1.128163 -3.346035 -17.156776 7.7e-05 -2.2e-05 6e-06 0.057237 0.156668 0.109692 0.622556 -3.635895 -10.554975 -0.52381 3.944928 -10.589598 -18.671951 3.364313 14.487243 -60.168358 -2.138898 6.511528 0.747111 -28.660543 -0.265719 2.475752 5.040848 0.188879 -5.882188 9.861218 0.702782 -10.936808 -0.360561 7.156295 1.2e-05 8.774822 -2e-06 -16.022011 18.26446 6.152191 -1.844035 2.498503 -2.507287 -10.163623 4.678931 4.621092 -20.97611 -2.6e-05 2.7e-05 -21.226437 2.451667 -3.593997 0.0 -6e-06 1e-06 -1.36268 2.240786 -0.746339 -21.334972 0.584899 3.008326 -13.821266 -1.5e-05 2e-05 -23.887375 -0.249105 -0.839451 -60.865509 2.618785 -1.148173 -0.294024 1.679672 0.833236 -14.218243 0.093214 1.300578 -34.212212 -0.287582 0.967223 -20.033335 0.964548 1.212894 1e-06 1e-06 -0.0 -3.440413 0.788207 0.501626 -15.928201 -3.167292 2.999713 -6.33885 -8e-06 7e-06 -18.123573 3.648142 -4.905678 -4e-06 -0.0 -1e-06 12.690104 12.012087 17.141609 54.118736 22.268654 16.892872 0.417962 30.546413 0.017777 -4.379983 -2.528664 1.273187 2.243599 -5.254944 -3.179977 14.282821 -0.826698 6.9526 -3.9e-05 -12.690641 5e-06 16.313999 -17.658092 2.599989 1.665666 -1.955915 -2.878315 4.727793 -4.170588 4.99391 11.020542 3.6e-05 4e-06 12.109076 -3.73568 -2.866809 -0.0 -0.0 -1e-06 1.291967 -1.928562 -1.498098 14.800164 0.567524 3.865606 14.242577 -1.341702 -6.660664 19.632053 0.144 -0.648219 50.383381 -0.81183 -6.255377 0.353005 -1.511172 -0.031951 20.222839 3.684395 2.316632 18.787302 4.6e-05 3.1e-05 10.751652 -0.479855 1.397941 2e-06 3e-06 -1e-06 3.27378 0.305942 -0.580132 21.486887 11.830473 2.266143 8.162944 1.8e-05 1e-05 18.399158 -3.798937 -4.940556 3e-06 -2e-06 -1e-06 1.588191 2.898572 -27.651426 -0.014912 0.183905 8.406955 -1.894432 1.577829 0.232111 1.609756 -2.205293 -3.97188 0.0 0.0 -0.0 2.143611 -3.941752 21.617695 -0.093918 -0.005479 1.821261 -2.737601 -0.745505 -14.449946 -1.443134 0.753195 -2.034725 0.0 1e-06 -4e-06 
0.0 0.0 0.0 0.0 -0.0 0.0 -33.247353 94.269409 472.47171 -0.426815 -8.030446 -4.21199 2.172865 0.748022 2.066582 -0.182344 3.236371 -3.982387 -0.535599 1.284766 11.189253 -4.415972 4.284843 4.893156 -0.750484 -1.055572 -3.635874 1.043722 -3.375299 -17.829359 7.8e-05 -2.2e-05 8e-06 0.047079 0.105713 0.126472 0.586563 -3.692473 -10.511659 -0.510285 3.899719 -10.527388 -19.998177 4.248196 14.255844 -60.094204 -0.592129 4.694464 0.775553 -25.586601 -0.276428 2.581872 5.230023 -1.61699 -5.882047 9.861188 0.702829 -10.936772 -0.360483 7.156357 4e-06 8.774859 2e-06 -15.951774 18.218754 6.216732 -1.844038 2.498506 -2.507294 -10.163622 4.678958 4.621068 -20.976093 -2.5e-05 -3e-05 -21.226425 2.451663 -3.594085 -2e-06 -5e-06 -0.0 -1.362691 2.240827 -0.746345 -21.334953 0.584868 3.008289 -13.821255 -1.6e-05 -1.3e-05 -23.887348 -0.249137 -0.839546 -60.957211 2.582228 -1.178758 -0.294037 1.679726 0.833233 -14.218225 0.093168 1.300555 -34.212166 -0.287603 0.967144 -20.033306 0.964517 1.212854 -1e-06 0.0 -0.0 -3.440424 0.788291 0.501598 -15.928179 -3.167381 2.999715 -6.338841 -5e-06 -6e-06 -18.123573 3.648144 -4.905756 -1e-06 0.0 -3e-06 11.876975 12.706707 17.062851 53.349098 23.65514 16.69886 0.394922 31.187822 0.071238 -4.27949 -2.640977 1.258424 2.243618 -5.254804 -3.17979 14.282898 -0.826597 6.952632 1.2e-05 -12.690632 -2.3e-05 16.20343 -17.775557 2.628374 1.665665 -1.955933 -2.878316 4.727812 -4.170613 4.993891 11.020576 -8e-06 1.1e-05 12.109173 -3.735755 -2.866858 0.0 0.0 1e-06 1.291989 -1.928587 -1.498129 14.800153 0.567478 3.865633 14.242626 -1.34176 -6.660705 19.632153 0.143893 -0.648283 50.384968 -0.744629 -6.394852 0.353042 -1.511201 -0.031988 20.22282 3.684328 2.316675 18.787373 -1.8e-05 2.2e-05 10.751695 -0.479888 1.397948 -0.0 -3e-06 -2e-06 3.273849 0.305869 -0.580177 21.486807 11.830412 2.266207 8.162974 -8e-06 1.4e-05 18.399284 -3.799007 -4.94062 4e-06 -1e-06 -5e-06 0.902343 4.856891 -28.92469 -0.113559 0.075219 1.080701 -4.673793 2.275982 -1.287134 1.461776 -2.289804 -4.306509 0.0 0.0 2e-06 0.730174 -4.79143 25.359245 -0.03075 -0.002281 1.671689 -1.603164 0.858498 -15.111644 -1.428201 0.677831 -3.348932 -0.0 -0.0 2e-06 
0.0 0.0 0.0 0.0 -0.0 0.0 -33.356625 92.922813 478.557098 -0.515934 -8.529174 -4.279334 2.558746 0.67125 1.995297 -0.081194 3.323502 -4.079016 -0.498326 1.372254 11.404877 -5.305149 4.670913 4.680673 -0.737905 -1.293284 -3.628386 0.99236 -3.234888 -18.295359 7.7e-05 -2.2e-05 4e-06 0.011468 -0.0014 0.097953 0.578761 -3.786948 -10.520059 -0.575474 3.781321 -10.52313 -20.309256 4.741603 14.441144 -60.905167 0.369888 3.066998 0.787745 -21.899975 -0.174167 2.700016 5.675532 -3.760332 -5.882099 9.861324 0.702353 -10.936891 -0.360565 7.15611 -6e-06 8.774837 -6e-06 -16.011446 17.946554 6.184942 -1.844029 2.498502 -2.507264 -10.163575 4.678949 4.621116 -20.975977 -1e-06 0.0 -21.226265 2.45171 -3.594022 -2e-06 -5e-06 -1e-06 -1.362678 2.240807 -0.7463 -21.334869 0.584899 3.00833 -13.821184 -0.0 -0.0 -23.887157 -0.249073 -0.839497 -60.958927 2.472562 -0.986658 -0.294023 1.679702 0.833283 -14.21818 0.093192 1.300586 -34.211983 -0.287562 0.967163 -20.033199 0.964529 1.212843 -2e-06 0.0 -0.0 -3.44037 0.788258 0.501698 -15.928165 -3.167355 2.999706 -6.338813 1e-06 -1e-06 -18.12344 3.648197 -4.905684 -2e-06 0.0 -2e-06 10.84671 13.234838 17.131294 53.539753 24.648119 16.23624 0.249435 31.758482 0.141174 -4.580524 -2.9474 1.096288 2.243489 -5.255106 -3.180277 14.282887 -0.826629 6.952482 2.3e-05 -12.690634 9e-06 16.339167 -17.658091 2.430254 1.665667 -1.955919 -2.878297 4.727815 -4.170609 4.993921 11.020549 -1.9e-05 -7e-06 12.109141 -3.735769 -2.866815 -1e-06 -0.0 -1e-06 1.292006 -1.928565 -1.498078 14.800112 0.567472 3.865594 14.242603 -1.341769 -6.660669 19.632071 0.143893 -0.648311 50.078461 -0.496851 -6.367925 0.353061 -1.511174 -0.031923 20.222763 3.684323 2.316617 18.787304 -2.7e-05 -3.7e-05 10.751649 -0.479878 1.39789 1e-06 -0.0 -0.0 3.273855 0.305894 -0.58009 21.486736 11.830431 2.266121 8.162935 -1.6e-05 -1.8e-05 18.399185 -3.799023 -4.940665 3e-06 3e-06 -0.0 -0.514384 7.39813 -30.550869 -0.139944 0.095723 0.463678 -7.639946 2.533225 -3.833686 1.450112 -2.204647 -4.460582 -1e-06 0.0 1e-06 -0.846298 -5.552098 29.524387 0.034102 -0.025632 1.508518 -0.262193 2.717498 -13.568537 -1.398426 0.652606 -5.874738 0.0 -0.0 -2e-06 
0.0 0.0 0.0 0.0 -0.0 0.0 -33.398067 91.881729 484.865631 -0.391498 -8.944846 -4.350208 2.582847 0.737675 1.690467 0.048461 3.483584 -4.320574 -0.541008 1.334969 11.361106 -5.456357 4.665523 4.782461 -0.822956 -1.335454 -3.572988 0.905111 -3.056556 -17.79277 7.7e-05 -2.2e-05 4e-06 0.010726 -0.00446 0.082227 0.605645 -3.793514 -10.558181 -0.602071 3.779692 -10.562082 -20.22216 4.848808 14.623076 -61.901123 1.850906 1.576142 0.601204 -18.840918 -0.039163 2.917071 6.200372 -5.46532 -5.8822 9.860938 0.703087 -10.936662 -0.360294 7.156476 2e-06 8.774973 -8e-06 -15.857536 17.968586 6.430675 -1.844051 2.49851 -2.507311 -10.163723 4.679026 4.621043 -20.976353 -2.1e-05 -4e-06 -21.226786 2.451757 -3.594172 0.0 -5e-06 -0.0 -1.362711 2.240927 -0.746361 -21.335142 0.584775 3.008313 -13.82142 -1.5e-05 -3e-06 -23.887829 -0.2491 -0.839582 -60.810062 2.356421 -0.870343 -0.294062 1.679857 0.833221 -14.218322 0.093023 1.300562 -34.212639 -0.2876 0.967184 -20.03356 0.964532 1.212892 0.0 -0.0 0.0 -3.440541 0.788477 0.501555 -15.9282 -3.167617 2.999766 -6.338917 -6e-06 -3e-06 -18.123899 3.64819 -4.905832 -8e-06 -0.0 -2e-06 10.613428 13.078096 17.465544 53.969456 24.826366 16.050346 -0.015061 32.382748 0.117696 -5.259539 -2.972429 0.247681 2.243554 -5.254669 -3.179652 14.282742 -0.826837 6.952781 2e-05 -12.690785 -4e-06 16.442753 -17.638109 2.478363 1.665684 -1.955926 -2.878339 4.727876 -4.170673 4.993872 11.020712 -1.8e-05 -1.1e-05 12.109407 -3.735852 -2.866943 -0.0 1e-06 -2e-06 1.292045 -1.928678 -1.498145 14.800276 0.567576 3.865595 14.242823 -1.34178 -6.660782 19.632574 0.14389 -0.648404 50.141354 -0.605885 -6.451822 0.353104 -1.511324 -0.031994 20.222967 3.6845 2.316643 18.78759 -1.6e-05 -4e-05 10.751791 -0.479882 1.397932 -0.0 -1e-06 -2e-06 3.274022 0.305692 -0.580236 21.486853 11.830729 2.266232 8.163052 -8e-06 -1.8e-05 18.39957 -3.799016 -4.940793 2e-06 -0.0 -2e-06 -1.636101 8.785736 -29.840393 -0.271461 0.032552 2.686064 -8.418525 1.609137 -4.856586 1.533975 -2.187275 -5.452157 -1e-06 0.0 -2e-06 -2.398171 -5.718837 33.404736 0.07218 0.042505 1.758704 0.403489 4.050826 -10.055322 -1.376787 0.65737 -10.51416 0.0 -0.0 -5e-06 
0.0 0.0 0.0 0.0 -0.0 0.0 -33.343849 91.79689 491.482361 1.535638 -9.106831 -3.47376 1.102901 0.833275 0.394923 -0.008926 3.602109 -4.928174 -0.808657 1.334176 11.360528 -5.232839 4.519101 4.332647 -0.86793 -1.111207 -3.611159 0.671946 -2.64589 -16.022942 7.7e-05 -2.2e-05 6e-06 0.020929 -0.016314 0.066203 0.60734 -3.807373 -10.572534 -0.57988 3.76895 -10.586282 -22.222401 4.613791 13.912766 -60.555721 4.119842 0.511095 0.250747 -16.25761 0.017549 2.755326 6.302166 -6.25676 -5.881965 9.861365 0.702516 -10.9369 -0.36062 7.156224 1e-06 8.774796 -1e-06 -15.899289 17.967262 6.516959 -1.844023 2.498502 -2.507271 -10.163531 4.678919 4.621099 -20.97588 -1.9e-05 -2e-05 -21.226147 2.451644 -3.594025 1e-06 -8e-06 1e-06 -1.362662 2.240764 -0.746321 -21.334782 0.584923 3.008302 -13.821117 -1e-05 -5e-06 -23.88699 -0.249124 -0.839492 -60.846981 2.218688 -0.707809 -0.294004 1.67964 0.833257 -14.218146 0.09325 1.300572 -34.2118 -0.287582 0.967157 -20.033113 0.96453 1.212851 -3e-06 1e-06 -0.0 -3.440299 0.788165 0.501665 -15.928165 -3.167246 2.999696 -6.338782 -3e-06 1e-06 -18.12331 3.648151 -4.905683 -7e-06 1e-06 -2e-06 13.289189 12.107301 17.657063 52.302711 23.378389 15.011742 0.053931 33.1367 0.148835 -6.343889 -2.357593 -0.590434 2.243561 -5.254986 -3.180132 14.28291 -0.826558 6.952505 2e-05 -12.690614 -1.9e-05 16.237549 -17.5954 2.75038 1.665664 -1.955926 -2.878296 4.727809 -4.170602 4.993914 11.020569 -1.2e-05 7e-06 12.109174 -3.735758 -2.866832 -0.0 2e-06 -0.0 1.29199 -1.92856 -1.498096 14.800123 0.567456 3.865625 14.242621 -1.341766 -6.660675 19.632154 0.143878 -0.648294 50.482029 -0.721213 -6.25821 0.353043 -1.511163 -0.031948 20.222786 3.684295 2.31666 18.787342 -1.9e-05 -3e-06 10.75168 -0.479877 1.397918 1e-06 -1e-06 -0.0 3.273827 0.305918 -0.580114 21.486776 11.830376 2.266181 8.162959 -7e-06 -4e-06 18.399271 -3.799006 -4.94065 1e-06 -3e-06 -3e-06 -4.032117 7.62425 -29.839027 -0.373237 -0.123155 6.965417 -4.678924 0.222696 0.392021 1.747042 -2.12849 -6.906817 0.0 0.0 3e-06 -6.163968 -5.915924 33.535603 0.13641 0.249189 6.163771 0.53208 6.220878 -4.34238 -1.41029 0.659197 -19.984995 0.0 -0.0 -2e-06 
0.0 0.0 0.0 0.0 -0.0 0.0 -33.408276 92.259552 498.354584 5.008576 -8.646216 -2.567092 -0.992653 0.777612 -0.849781 -0.404792 3.81066 -5.493665 -2.380898 1.175924 11.279594 -4.241654 4.162344 3.721725 -0.865543 -1.037404 -3.700527 0.676384 -2.378505 -15.055084 7.7e-05 -2.2e-05 6e-06 0.03203 -0.059983 0.012135 0.605018 -3.833592 -10.511046 -0.555388 3.705294 -10.548439 -23.37999 3.803016 12.896748 -59.222542 5.873179 0.51056 0.09363 -13.782092 0.050968 1.65675 6.699188 -6.555273 -5.882214 9.86128 0.702598 -10.936869 -0.360589 7.156193 0.0 8.774817 -5e-06 -16.235456 17.925287 6.338363 -1.844031 2.498503 -2.507273 -10.163614 4.678943 4.621113 -20.976082 6e-06 3.2e-05 -21.226397 2.451711 -3.593989 0.0 -5e-06 -1e-06 -1.362685 2.240791 -0.746318 -21.334948 0.584921 3.008341 -13.821259 5e-06 2e-05 -23.887362 -0.24906 -0.839464 -60.706921 2.268984 -0.661799 -0.294031 1.67968 0.833262 -14.218218 0.093222 1.300592 -34.212185 -0.287539 0.967211 -20.033312 0.964558 1.21287 -1e-06 -1e-06 0.0 -3.440415 0.788224 0.501674 -15.928174 -3.167292 2.999709 -6.338847 -0.0 9e-06 -18.123571 3.648178 -4.905669 -6e-06 0.0 -3e-06 17.317823 10.675959 17.644171 50.713806 21.410189 13.017134 0.355782 33.127464 0.432099 -7.757424 -1.135027 -0.524602 2.243471 -5.255057 -3.180114 14.282743 -0.82671 6.952613 -3e-05 -12.690645 2.2e-05 16.090921 -17.728064 2.893454 1.665678 -1.955913 -2.87831 4.727826 -4.170591 4.993905 11.020599 2.3e-05 -2.4e-05 12.109206 -3.735694 -2.866844 0.0 -0.0 0.0 1.292 -1.928554 -1.498091 14.800192 0.567512 3.865565 14.242668 -1.341701 -6.660704 19.632248 0.144011 -0.648312 50.713539 -0.643934 -6.122268 0.353046 -1.511166 -0.031941 20.222872 3.68438 2.31658 18.787378 5e-05 -3.5e-05 10.751688 -0.479846 1.397906 2e-06 3e-06 0.0 3.273864 0.305932 -0.580141 21.486851 11.830469 2.266095 8.162964 1.3e-05 -2.2e-05 18.399282 -3.798912 -4.940668 2e-06 0.0 2e-06 -7.684708 4.893373 -31.56781 -0.092879 -0.004064 13.01672 -0.628089 -0.855673 9.983773 1.79191 -2.037823 -4.860922 0.0 0.0 1e-06 -11.184211 -6.272846 29.453299 -0.0195 0.559457 16.269804 0.504405 7.824863 4.060042 -1.455244 0.622926 -30.447231 0.0 1e-06 -2e-06 
0.0 0.0 0.0 0.0 -0.0 0.0 -33.605118 92.780014 505.195374 7.24347 -7.533649 -3.36604 -1.940139 0.697453 -0.593952 -0.82506 3.653668 -5.297042 -3.806262 1.180093 10.971236 -3.229061 3.617081 3.753538 -1.040253 -1.484842 -3.633847 0.640977 -2.246998 -15.844723 7.7e-05 -2.2e-05 6e-06 0.041471 -0.033222 0.019414 0.630207 -3.781815 -10.418569 -0.562723 3.703282 -10.468966 -20.80022 2.596857 13.363635 -61.552334 5.357694 0.734731 0.166695 -12.448591 0.053932 0.725637 7.49581 -6.563478 -5.882297 9.861259 0.702716 -10.936847 -0.360502 7.156275 -3e-06 8.774856 3e-06 -16.017666 17.899145 6.389406 -1.844034 2.498503 -2.507281 -10.163655 4.678968 4.62111 -20.976187 2.7e-05 4.8e-05 -21.226562 2.451775 -3.59402 -3e-06 -5e-06 1e-06 -1.362696 2.240816 -0.74632 -21.335011 0.584904 3.008348 -13.821324 1.7e-05 2.8e-05 -23.88755 -0.249012 -0.839483 -60.169159 2.44387 -1.049221 -0.294047 1.679713 0.833263 -14.218246 0.093183 1.300583 -34.212387 -0.2875 0.967227 -20.033438 0.964589 1.21288 -3e-06 2e-06 -0.0 -3.440466 0.788277 0.501673 -15.928168 -3.167374 2.999708 -6.338881 7e-06 1.3e-05 -18.123709 3.648217 -4.905693 -3e-06 -1e-06 -3e-06 17.658812 9.618096 17.759777 53.628368 20.184479 11.466668 0.205007 31.457981 0.256343 -9.163771 -0.106272 -1.26141 2.243426 -5.255076 -3.180211 14.282707 -0.826742 6.952592 -4.8e-05 -12.690665 1.9e-05 16.12616 -17.719946 2.835058 1.66568 -1.955914 -2.878305 4.727814 -4.170588 4.993903 11.02056 4.1e-05 -3.8e-05 12.109133 -3.73568 -2.866851 -0.0 3e-06 -2e-06 1.291992 -1.928559 -1.498089 14.800183 0.567538 3.865555 14.242626 -1.341685 -6.660701 19.632151 0.144073 -0.648299 50.696453 -0.429915 -6.092845 0.353029 -1.511166 -0.031936 20.222868 3.684423 2.31657 18.787329 8.1e-05 -4.1e-05 10.751657 -0.479832 1.397901 0.0 1e-06 1e-06 3.273833 0.305941 -0.580141 21.486879 11.830513 2.266086 8.162935 2.6e-05 -2.3e-05 18.399164 -3.798876 -4.940643 4e-06 -1e-06 -2e-06 -9.9998 3.458576 -30.92877 0.005375 0.05438 20.4618 -0.127528 -2.204311 8.885934 1.711974 -2.035628 -3.050018 0.0 0.0 -0.0 -13.853177 -5.876265 23.664431 -0.148334 0.899674 30.953758 1.93384 7.321635 15.559166 -1.337975 0.582674 -27.505251 0.0 1e-06 -4e-06 
0.0 0.0 0.0 0.0 -0.0 0.0 -33.788769 93.352905 511.546051 8.770435 -6.857057 -4.604442 -2.718383 0.562833 0.065348 -1.139539 3.419356 -4.979827 -4.410393 0.966034 10.942223 -2.773611 3.695397 4.049712 -1.091679 -1.703773 -3.643445 0.574226 -2.386568 -16.216139 7.7e-05 -2.2e-05 6e-06 0.070492 0.074926 0.083886 0.660915 -3.667761 -10.412632 -0.537312 3.806482 -10.430318 -18.553257 1.491096 14.119985 -63.778538 3.875937 1.478338 0.183058 -12.985082 0.036436 0.117947 7.959377 -7.380286 -5.881905 9.861384 0.702416 -10.936868 -0.360668 7.156173 8e-06 8.774771 -2e-06 -16.129469 18.157156 6.280791 -1.844026 2.498503 -2.507267 -10.163528 4.678905 4.621095 -20.975872 -3.8e-05 -4.2e-05 -21.226124 2.45159 -3.594015 -1e-06 -6e-06 1e-06 -1.362664 2.240748 -0.746321 -21.334784 0.584935 3.008286 -13.82111 -2.6e-05 -1.9e-05 -23.886969 -0.249172 -0.839499 -60.28709 2.359547 -1.245848 -0.294004 1.679621 0.833252 -14.218145 0.093276 1.300569 -34.211765 -0.287626 0.967123 -20.033094 0.964494 1.212836 -1e-06 -0.0 -1e-06 -3.440296 0.788137 0.501655 -15.928172 -3.167202 2.999692 -6.338778 -7e-06 -8e-06 -18.123295 3.648112 -4.905688 -1e-06 -1e-06 -3e-06 17.233868 9.130307 17.801691 56.39893 19.681873 11.577248 0.065261 28.751635 0.112196 -8.890444 -0.513703 -2.006517 2.243592 -5.255104 -3.180242 14.282996 -0.826412 6.952376 -1e-06 -12.690495 -1.8e-05 16.327208 -17.449348 2.792931 1.665651 -1.955925 -2.87828 4.727764 -4.170554 4.993932 11.020452 4e-06 1.5e-05 12.108941 -3.735662 -2.866748 -0.0 1e-06 1e-06 1.291961 -1.928496 -1.49808 14.800047 0.567397 3.865637 14.242468 -1.341738 -6.660606 19.631802 0.143917 -0.64818 50.473957 -0.407568 -5.90603 0.353006 -1.511084 -0.031935 20.222683 3.684187 2.31666 18.787149 -5e-06 3.6e-05 10.751576 -0.479872 1.397917 0.0 -0.0 1e-06 3.273719 0.306039 -0.580072 21.486761 11.830156 2.26614 8.162883 -2e-06 1.8e-05 18.398956 -3.798972 -4.940488 3e-06 -0.0 -3e-06 -11.723642 3.450415 -27.237764 -0.025936 0.234396 23.394045 0.511488 -3.188424 5.964089 1.673741 -1.983904 -1.994648 1e-06 2e-06 -0.0 -15.050885 -4.471157 16.525881 -0.037772 0.79434 45.334187 4.310184 6.840986 25.181997 -0.999288 0.822009 -8.162367 0.0 -0.0 -0.0 
0.0 0.0 0.0 0.0 -0.0 0.0 -33.98962 94.277306 517.34668 10.424469 -6.754743 -5.783553 -3.683234 0.435435 0.67424 -1.481321 3.156056 -4.685598 -4.817129 0.600793 10.980392 -2.677209 3.789539 4.703159 -0.966296 -1.510365 -3.62143 0.398704 -2.017424 -17.012009 7.7e-05 -2.2e-05 6e-06 0.078024 0.102746 0.130418 0.684314 -3.659713 -10.467336 -0.545837 3.857967 -10.459144 -17.504314 0.88742 14.272682 -64.328972 2.041438 2.849506 -0.114018 -14.189835 0.10801 -0.360219 7.765987 -8.261323 -5.882334 9.860907 0.703034 -10.93678 -0.360346 7.156366 -8e-06 8.774969 -2e-05 -16.12286 18.425634 6.223392 -1.844042 2.498512 -2.507299 -10.163701 4.679029 4.621076 -20.976313 1.6e-05 5.1e-05 -21.226723 2.451831 -3.594117 -3e-06 -8e-06 -1e-06 -1.362703 2.24093 -0.746349 -21.335117 0.584798 3.008371 -13.82141 9e-06 3.1e-05 -23.887787 -0.248997 -0.839522 -60.460434 2.345782 -1.55449 -0.294055 1.67986 0.833234 -14.2183 0.093036 1.300601 -34.212593 -0.287523 0.967255 -20.033543 0.964582 1.212914 -3e-06 1e-06 -1e-06 -3.44052 0.788484 0.501598 -15.928196 -3.167622 2.999788 -6.338917 2e-06 1.3e-05 -18.123867 3.648254 -4.905768 -9e-06 -0.0 -1e-06 17.503366 8.854421 18.069691 57.845562 19.723364 13.233935 0.063729 25.810301 0.068483 -8.453955 -0.945171 -1.795028 2.243612 -5.25476 -3.179848 14.282747 -0.826866 6.952699 2e-06 -12.690793 2e-06 16.326 -17.425455 2.726193 1.665681 -1.955922 -2.878324 4.727864 -4.170657 4.993891 11.0207 -1e-06 3e-06 12.109371 -3.735832 -2.866885 0.0 0.0 3e-06 1.292026 -1.928662 -1.498113 14.800279 0.567589 3.865597 14.242796 -1.341766 -6.660736 19.63253 0.143899 -0.648326 50.273476 -0.431991 -5.968421 0.353082 -1.511305 -0.031961 20.22298 3.684521 2.316649 18.787575 3e-06 -1.6e-05 10.751788 -0.479868 1.397933 1e-06 -3e-06 -0.0 3.273991 0.305731 -0.580178 21.486883 11.830758 2.266208 8.163049 0.0 -1.2e-05 18.399557 -3.799007 -4.940744 3e-06 -1e-06 -1e-06 -13.567324 3.674356 -22.354809 0.050797 0.247841 23.569469 0.941636 -3.137543 2.07795 1.628527 -1.989955 -1.593926 -0.0 -1e-06 -3e-06 -16.667057 -3.68703 8.988567 0.040663 0.514437 57.310467 3.240417 7.385347 19.615637 -1.044141 0.867583 -5.326211 -1e-06 0.0 -5e-06 
0.0 0.0 0.0 0.0 -0.0 0.0 -34.265648 95.485092 522.839478 10.957579 -7.033288 -6.771402 -4.008562 0.334802 1.096843 -1.62616 2.736616 -4.477945 -4.808788 0.177268 11.231616 -2.772121 3.997263 5.466845 -0.902347 -1.21159 -3.585603 0.15459 -1.384212 -17.056904 7.7e-05 -2.2e-05 6e-06 0.071824 0.072973 0.147524 0.679845 -3.699509 -10.500154 -0.552524 3.841346 -10.496468 -17.527411 0.561889 14.23402 -63.523975 -0.464263 4.284313 -0.455978 -15.30238 0.170839 -0.329537 7.391475 -7.996932 -5.882079 9.861317 0.70265 -10.93681 -0.360573 7.156276 6e-06 8.774814 5e-06 -16.298195 18.459364 6.059331 -1.844034 2.4985 -2.50728 -10.16361 4.678935 4.621089 -20.976065 -1.6e-05 -1.1e-05 -21.226383 2.451664 -3.594029 3e-06 -6e-06 -2e-06 -1.362686 2.240779 -0.74633 -21.334929 0.584912 3.0083 -13.821238 -1e-05 -4e-06 -23.887314 -0.249119 -0.839505 -60.624268 2.342807 -1.532913 -0.294032 1.679664 0.833247 -14.218212 0.093225 1.300564 -34.212132 -0.287583 0.967159 -20.033276 0.96453 1.212853 2e-06 -0.0 -1e-06 -3.440402 0.788201 0.50164 -15.928174 -3.167279 2.999694 -6.338835 -4e-06 -2e-06 -18.123528 3.648144 -4.905709 -5e-06 0.0 -2e-06 18.136858 8.632124 18.514278 58.358299 19.822002 15.301181 0.204603 23.562414 -0.006854 -7.688012 -1.242576 -0.961606 2.243549 -5.255024 -3.180144 14.282859 -0.826554 6.952506 -2.6e-05 -12.69058 -1e-05 16.344839 -17.410637 2.631579 1.665663 -1.955924 -2.878296 4.727785 -4.170571 4.993909 11.020522 2.4e-05 -3e-06 12.109067 -3.73567 -2.866808 0.0 -0.0 0.0 1.291968 -1.928529 -1.498096 14.800122 0.567465 3.865611 14.242556 -1.341709 -6.660663 19.632021 0.14399 -0.648232 50.286377 -0.336266 -5.881154 0.353007 -1.51112 -0.031952 20.22279 3.684298 2.316634 18.787266 4e-05 1.7e-05 10.751637 -0.479855 1.397927 2e-06 -1e-06 -1e-06 3.273757 0.306003 -0.58012 21.486841 11.830315 2.266143 8.162924 1.6e-05 8e-06 18.399103 -3.798918 -4.940551 0.0 -3e-06 -2e-06 -14.116245 4.222703 -16.605806 0.057699 0.181412 21.400574 1.238849 -2.943489 -0.558872 1.613283 -2.030486 -1.357475 0.0 0.0 1e-06 -16.676968 -3.082407 1.453947 0.084588 0.259685 64.71035 0.215233 6.546993 11.49974 -1.130635 0.855647 -5.377226 1e-06 -0.0 1e-06 
0.0 0.0 0.0 0.0 -0.0 0.0 -34.62756 96.691872 528.135315 10.438237 -7.169327 -7.682246 -3.913113 0.20677 1.565171 -1.573874 2.133968 -4.252736 -4.359679 -0.477049 11.44685 -2.900329 4.212177 6.365518 -0.806131 -0.805538 -3.554829 -0.151668 -0.719984 -16.520018 7.8e-05 -2.2e-05 4e-06 0.060903 0.037555 0.144051 0.666113 -3.734332 -10.502464 -0.558408 3.807168 -10.510354 -17.195639 0.037783 14.193488 -62.848183 -3.4162 5.625314 -0.642302 -16.576454 0.190871 -0.254038 7.220419 -6.814755 -5.882009 9.861235 0.702707 -10.936846 -0.360522 7.156314 -6e-06 8.774858 -1e-06 -16.491358 18.484552 5.932296 -1.84403 2.498506 -2.507286 -10.163583 4.678959 4.621081 -20.976002 -5e-06 -2.5e-05 -21.22632 2.451698 -3.594083 2e-06 -5e-06 -0.0 -1.362682 2.240816 -0.746337 -21.334875 0.584887 3.008301 -13.821201 -3e-06 -9e-06 -23.887215 -0.249101 -0.839544 -60.73439 2.448865 -1.456652 -0.294027 1.679716 0.833243 -14.218183 0.09318 1.300566 -34.212048 -0.287567 0.967146 -20.033251 0.96454 1.21285 -0.0 0.0 1e-06 -3.44037 0.788279 0.501629 -15.928157 -3.16737 2.99972 -6.338818 2e-06 -3e-06 -18.123482 3.648183 -4.905743 -2e-06 1e-06 -2e-06 18.502481 8.234635 18.819141 58.735237 19.541666 17.626732 0.30429 22.333302 -0.050982 -6.093535 -1.593695 -0.073206 2.243564 -5.255021 -3.180033 14.282913 -0.826592 6.95256 9e-06 -12.690601 5e-06 16.380392 -17.371632 2.514372 1.66566 -1.955922 -2.878304 4.727803 -4.170592 4.993915 11.020542 -8e-06 8e-06 12.10911 -3.735731 -2.86681 1e-06 -0.0 -1e-06 1.291989 -1.928552 -1.498102 14.800118 0.567455 3.865614 14.242587 -1.341749 -6.660671 19.632072 0.143909 -0.648263 50.18549 -0.225582 -5.914136 0.353036 -1.511149 -0.031949 20.222773 3.684289 2.316637 18.787312 -2e-05 1e-05 10.75166 -0.479884 1.397924 3e-06 -0.0 2e-06 3.273812 0.305936 -0.580116 21.486769 11.830355 2.266136 8.162944 -9e-06 6e-06 18.399195 -3.799007 -4.940602 5e-06 0.0 0.0 -13.530505 4.379592 -10.212165 0.039278 0.056489 17.974957 1.544506 -2.43324 -2.545607 1.608673 -2.02542 -1.219971 0.0 0.0 1e-06 -15.145175 -2.479445 -5.612441 0.112333 0.075565 67.789726 -2.245544 5.259929 5.499815 -1.227316 0.835246 -5.556907 1e-06 -0.0 -4e-06 
0.0 0.0 0.0 0.0 -0.0 0.0 -35.078873 97.66423 533.3396 9.168886 -6.95624 -8.424003 -3.626064 0.054541 2.060272 -1.401008 1.412102 -4.031389 -3.64185 -1.31837 11.571244 -2.781584 4.213658 7.306648 -0.652646 -0.323444 -3.54397 -0.412961 -0.146408 -15.814159 7.7e-05 -2.2e-05 6e-06 0.049839 0.024264 0.131528 0.672571 -3.739929 -10.514085 -0.584295 3.786283 -10.531037 -16.21316 -0.771532 14.214814 -62.487106 -6.291263 6.327209 -0.65476 -18.70101 0.180439 -0.01109 6.928776 -5.732327 -5.882064 9.861253 0.702552 -10.936824 -0.360602 7.156197 4e-06 8.77482 -1.3e-05 -16.544115 18.429346 5.846015 -1.844033 2.498504 -2.507276 -10.163593 4.678938 4.62109 -20.976028 -2.7e-05 -1.2e-05 -21.226341 2.451648 -3.594033 -3e-06 -6e-06 -1e-06 -1.362682 2.240793 -0.746328 -21.334906 0.584905 3.008311 -13.821216 -1.9e-05 -6e-06 -23.887243 -0.249135 -0.8395 -60.820156 2.563168 -1.447605 -0.294027 1.679679 0.833246 -14.218205 0.093221 1.300583 -34.212051 -0.287607 0.967161 -20.033249 0.964509 1.212859 1e-06 1e-06 -0.0 -3.440383 0.788224 0.501637 -15.928183 -3.167298 2.999721 -6.338824 -8e-06 -2e-06 -18.123486 3.648136 -4.905708 -4e-06 0.0 -2e-06 18.738441 7.56259 18.875727 58.957066 18.576487 19.372189 0.323611 22.345198 -0.058679 -4.319036 -1.65024 0.058589 2.243582 -5.254969 -3.179994 14.282835 -0.826681 6.952606 -2e-05 -12.690648 8e-06 16.402096 -17.325102 2.429335 1.665667 -1.955918 -2.878312 4.727805 -4.170595 4.993902 11.020571 2e-05 5e-06 12.109148 -3.735717 -2.866823 1e-06 -0.0 -1e-06 1.291981 -1.928567 -1.498104 14.800164 0.56751 3.865598 14.242618 -1.341717 -6.660682 19.632164 0.143969 -0.64825 50.043381 -0.184053 -6.023481 0.353022 -1.511171 -0.031954 20.222843 3.684373 2.316636 18.787355 2.2e-05 1.8e-05 10.751684 -0.479867 1.39794 0.0 1e-06 0.0 3.273815 0.305929 -0.580135 21.486847 11.830459 2.26614 8.162957 8e-06 4e-06 18.399225 -3.798964 -4.940594 5e-06 1e-06 0.0 -12.18688 4.012145 -3.564462 0.033303 -0.074162 13.869763 1.783717 -1.75248 -4.12063 1.616655 -2.004882 -1.220183 -0.0 -1e-06 -0.0 -12.711098 -2.000904 -11.589431 0.096945 -0.049322 66.624466 -3.186149 4.448472 1.796462 -1.303638 0.804893 -5.65141 -0.0 -0.0 1e-06 
0.0 0.0 0.0 0.0 -0.0 0.0 -35.662228 98.313446 538.587646 7.445482 -6.335369 -8.741096 -3.267534 -0.089757 2.387007 -1.204276 0.643132 -3.900725 -2.734961 -2.203723 11.651338 -2.301577 3.952471 8.14536 -0.497408 0.129929 -3.583065 -0.583448 0.261664 -15.067034 7.7e-05 -2.2e-05 8e-06 0.042229 0.027083 0.116328 0.683651 -3.726697 -10.533652 -0.607842 3.778652 -10.547111 -14.873722 -1.859185 14.129635 -62.103107 -8.796803 6.504207 -0.555888 -21.610256 0.16134 0.557628 6.399778 -5.208221 -5.882047 9.861337 0.702542 -10.93691 -0.360632 7.156194 -7e-06 8.774799 -6e-06 -16.368971 18.359129 5.916781 -1.844025 2.498503 -2.507271 -10.16356 4.678934 4.621104 -20.975946 4e-06 -1e-06 -21.226244 2.451685 -3.594018 -4e-06 -7e-06 0.0 -1.362672 2.240773 -0.746319 -21.334831 0.584937 3.008323 -13.821171 3e-06 1e-06 -23.887136 -0.249079 -0.839499 -60.899273 2.640776 -1.43667 -0.294014 1.679653 0.833257 -14.218158 0.093249 1.300586 -34.211933 -0.287547 0.967165 -20.033192 0.964547 1.212847 -2e-06 1e-06 -0.0 -3.440337 0.788192 0.501671 -15.928155 -3.167259 2.999704 -6.338804 2e-06 2e-06 -18.123415 3.648179 -4.905684 -3e-06 -1e-06 -3e-06 19.161333 6.575278 18.728886 58.844288 16.99036 19.705488 0.28685 23.075916 -0.051265 -3.308735 -1.363316 -0.90211 2.243521 -5.255061 -3.18014 14.282949 -0.826504 6.952495 1.5e-05 -12.690563 -5e-06 16.407078 -17.361462 2.444277 1.665658 -1.955925 -2.878292 4.727789 -4.170582 4.993921 11.020506 -9e-06 0.0 12.109059 -3.73572 -2.866808 -1e-06 0.0 2e-06 1.291985 -1.928533 -1.498093 14.800079 0.56743 3.865616 14.242548 -1.34175 -6.66066 19.631983 0.143908 -0.648268 50.007027 -0.256625 -6.128707 0.353027 -1.511125 -0.031947 20.222717 3.684247 2.316645 18.787243 -2.2e-05 5e-06 10.751633 -0.479883 1.397918 -3e-06 -2e-06 -0.0 3.273772 0.305972 -0.580108 21.486746 11.830274 2.266144 8.162913 -9e-06 5e-06 18.399107 -3.799001 -4.940586 3e-06 2e-06 -3e-06 -10.419842 3.186602 2.775645 0.047294 -0.119216 9.577448 1.955957 -1.289394 -5.478229 1.635921 -1.990601 -1.238541 0.0 1e-06 1e-06 -9.942396 -1.798502 -16.352629 0.028264 -0.134724 61.503136 -2.801883 3.819448 -0.215041 -1.369499 0.80022 -5.713202 -0.0 -0.0 3e-06 
0.0 0.0 0.0 0.0 -0.0 0.0 -36.368423 98.550262 543.879089 5.772948 -5.26105 -8.495895 -3.061821 -0.213338 2.409371 -1.091295 -0.159162 -3.872876 -1.820416 -3.005808 11.680014 -1.349692 3.436248 8.752773 -0.433374 0.451954 -3.645371 -0.613784 0.418977 -14.436614 7.7e-05 -2.2e-05 6e-06 0.03454 0.02313 0.104547 0.67492 -3.722852 -10.543052 -0.612023 3.768081 -10.542004 -13.306049 -3.20547 13.929015 -61.466312 -11.204225 7.024387 -0.318087 -24.68111 0.107418 1.083572 5.865858 -5.238841 -5.882117 9.861197 0.702735 -10.93679 -0.360505 7.156295 1e-06 8.774859 -4e-06 -16.101543 18.351315 6.104193 -1.844036 2.498505 -2.507288 -10.163632 4.678962 4.621083 -20.976116 -1.2e-05 -5e-06 -21.226461 2.451698 -3.594061 -1e-06 -7e-06 -0.0 -1.362692 2.240831 -0.746336 -21.334976 0.584872 3.008312 -13.821271 -7e-06 -4e-06 -23.887386 -0.249098 -0.839524 -60.856865 2.706939 -1.387436 -0.294037 1.679727 0.833243 -14.218234 0.093168 1.300569 -34.212227 -0.287574 0.967167 -20.03334 0.964534 1.21286 1e-06 -0.0 0.0 -3.440436 0.788292 0.50162 -15.928181 -3.167385 2.999723 -6.338854 -2e-06 -2e-06 -18.123608 3.648173 -4.905736 -2e-06 0.0 -3e-06 19.89496 5.37751 18.414572 58.501034 15.058204 18.513067 0.224692 23.754416 -0.046759 -3.383892 -1.008595 -2.532995 2.243546 -5.254969 -3.180053 14.282791 -0.826643 6.952587 -2.8e-05 -12.690624 1e-06 16.388109 -17.424685 2.533226 1.665673 -1.95592 -2.87831 4.727814 -4.170588 4.993902 11.020578 2.5e-05 -7e-06 12.109158 -3.735687 -2.866834 1e-06 0.0 -0.0 1.291991 -1.928563 -1.498109 14.800185 0.567498 3.865595 14.242645 -1.341708 -6.660694 19.632215 0.143994 -0.648266 50.071831 -0.398964 -6.180911 0.353034 -1.511169 -0.03196 20.222866 3.684356 2.316623 18.787371 4.1e-05 -1e-06 10.75169 -0.479855 1.397931 -3e-06 1e-06 1e-06 3.273843 0.305932 -0.580151 21.486862 11.830418 2.266137 8.162964 1.7e-05 -1e-06 18.399242 -3.798921 -4.940615 6e-06 1e-06 -3e-06 -8.714494 2.129358 8.220909 0.054194 -0.053104 5.749107 2.136586 -1.355285 -6.848017 1.65902 -1.981763 -1.227417 0.0 1e-06 4e-06 -7.531759 -2.083369 -20.011314 -0.001403 -0.099503 52.842594 -1.69468 2.576321 -1.118575 -1.412989 0.838967 -5.695995 0.0 -0.0 -5e-06 
0.0 0.0 0.0 0.0 -0.0 0.0 -37.12524 98.37133 549.155884 4.539288 -3.74931 -7.846649 -3.120831 -0.335413 2.198294 -1.084038 -0.967351 -3.919446 -1.173302 -3.649271 11.677891 0.04534 2.654416 9.065689 -0.46865 0.539303 -3.685544 -0.513416 0.418506 -13.936308 7.7e-05 -2.2e-05 6e-06 0.020568 0.001913 0.101748 0.649857 -3.742578 -10.55841 -0.612993 3.747102 -10.546887 -11.544966 -4.686018 13.752962 -60.534538 -13.842127 8.059146 0.057501 -27.418034 0.014976 1.242961 5.36974 -5.087399 -5.882149 9.861279 0.7027 -10.936872 -0.360633 7.156221 2.5e-05 8.774775 -7e-06 -15.896075 18.40271 6.259637 -1.844025 2.4985 -2.507277 -10.163548 4.678885 4.621109 -20.975946 -5.6e-05 4.1e-05 -21.226181 2.451602 -3.593906 2e-06 -5e-06 2e-06 -1.362648 2.240743 -0.746333 -21.334867 0.584918 3.008341 -13.821164 -3.4e-05 3.7e-05 -23.887058 -0.249138 -0.839364 -60.704945 2.775244 -1.344979 -0.293985 1.679612 0.833243 -14.218204 0.093264 1.300585 -34.211948 -0.28762 0.967267 -20.033182 0.964528 1.212915 -1e-06 -1e-06 2e-06 -3.440303 0.788106 0.501656 -15.928222 -3.167189 2.999695 -6.338802 -1.7e-05 1.1e-05 -18.123367 3.648098 -4.905592 -5e-06 1e-06 -3e-06 20.80509 4.096441 17.959309 58.213573 13.13351 16.624943 0.105362 23.816439 -0.067934 -4.115244 -0.849191 -4.11557 2.243624 -5.255061 -3.17992 14.282823 -0.826618 6.952639 -5.6e-05 -12.69056 2.7e-05 16.41737 -17.461264 2.599815 1.665666 -1.955919 -2.878314 4.727789 -4.170548 4.993906 11.020545 4.6e-05 8e-06 12.109077 -3.735617 -2.866783 -1e-06 -0.0 0.0 1.291958 -1.928502 -1.498106 14.800161 0.56747 3.865591 14.242579 -1.341665 -6.660657 19.632097 0.144033 -0.648191 50.253433 -0.492267 -6.15783 0.352995 -1.511088 -0.031957 20.222845 3.684304 2.316608 18.787315 5.6e-05 4.9e-05 10.751665 -0.47986 1.39795 -1e-06 -1e-06 1e-06 3.273764 0.30606 -0.580132 21.486883 11.83029 2.26607 8.16295 2e-05 1.9e-05 18.399164 -3.7989 -4.940505 4e-06 0.0 0.0 -7.345219 1.109269 12.4693 0.021978 0.069493 3.137058 2.374782 -1.907591 -8.419966 1.680279 -1.988564 -1.19538 0.0 1e-06 1e-06 -5.963644 -2.892229 -22.324621 0.065141 0.0147 40.965481 -0.741112 0.622149 -0.819289 -1.432041 0.908073 -5.534801 0.0 -0.0 -4e-06 
0.0 0.0 0.0 0.0 -0.0 0.0 -37.913185 97.853539 554.466125 3.747259 -1.925139 -7.049077 -3.326636 -0.418866 1.948014 -1.141933 -1.650534 -4.043449 -0.857232 -4.176399 11.674683 1.634662 1.758241 9.09012 -0.534398 0.344477 -3.685212 -0.363147 0.257267 -13.501113 7.7e-05 -2.2e-05 6e-06 0.002097 -0.027813 0.098738 0.632163 -3.773895 -10.594958 -0.631128 3.720989 -10.58674 -9.630467 -6.172238 13.619103 -59.547039 -16.63513 9.045709 0.393632 -29.817867 -0.050087 1.02883 4.855792 -4.356832 -5.882132 9.861152 0.702904 -10.936782 -0.360492 7.156384 -2e-06 8.774868 -1e-06 -15.755528 18.479191 6.33008 -1.844038 2.498509 -2.507293 -10.163652 4.678977 4.621071 -20.976183 3e-06 -3e-06 -21.22657 2.451717 -3.594095 2e-06 -4e-06 -0.0 -1.362698 2.240836 -0.746348 -21.335009 0.584883 3.008308 -13.821322 2e-06 0.0 -23.887564 -0.249082 -0.839545 -60.624146 2.79626 -1.361214 -0.294047 1.679734 0.83323 -14.218243 0.093165 1.300569 -34.212345 -0.287551 0.96717 -20.033411 0.964553 1.212863 -2e-06 3e-06 1e-06 -3.440455 0.788307 0.5016 -15.928172 -3.167394 2.999734 -6.33887 2e-06 -2e-06 -18.123705 3.648183 -4.90577 -2e-06 1e-06 -2e-06 21.508453 2.931128 17.401096 58.322952 11.408403 14.886626 -0.079748 23.01832 -0.074031 -4.57864 -1.024269 -5.182609 2.243553 -5.254971 -3.179971 14.282904 -0.826676 6.952609 1e-06 -12.690644 1.3e-05 16.463493 -17.542591 2.649839 1.665662 -1.95592 -2.87831 4.727794 -4.1706 4.99391 11.020529 -1e-06 3e-06 12.109082 -3.735738 -2.866823 2e-06 0.0 -0.0 1.291984 -1.928571 -1.498098 14.800117 0.567497 3.865605 14.242568 -1.341746 -6.660681 19.632025 0.143931 -0.648264 50.655018 -0.518941 -6.070592 0.353029 -1.511183 -0.031947 20.222773 3.684353 2.316635 18.787287 -1.2e-05 1.5e-05 10.751648 -0.479884 1.397932 -1e-06 1e-06 2e-06 3.273803 0.305901 -0.580123 21.486786 11.830461 2.266142 8.162933 -7e-06 1.2e-05 18.399149 -3.799024 -4.940594 7e-06 0.0 1e-06 -6.190091 0.300754 15.697479 -0.010208 0.167972 2.07755 2.571932 -2.701324 -10.343392 1.695785 -2.018095 -1.202055 0.0 0.0 2e-06 -5.164938 -3.915679 -23.218924 0.160612 0.04192 26.691555 0.056121 -0.82138 0.173044 -1.432052 0.984632 -5.267155 0.0 -0.0 -0.0 
0.0 0.0 0.0 0.0 -0.0 0.0 -38.760525 97.006775 559.838318 3.372212 -0.02554 -6.191062 -3.65085 -0.427067 1.726784 -1.271995 -2.156488 -4.207373 -0.7814 -4.625874 11.624982 3.334872 1.020425 8.881084 -0.638039 -0.108438 -3.696726 -0.231689 -0.139147 -13.149833 7.7e-05 -2.2e-05 6e-06 -0.004354 -0.010798 0.082025 0.641448 -3.755449 -10.649858 -0.652811 3.738958 -10.654434 -7.60617 -7.575689 13.325931 -58.652264 -19.116909 9.855729 0.620545 -32.339073 -0.11009 0.58199 4.315902 -3.303032 -5.882102 9.861341 0.702491 -10.936967 -0.360716 7.156119 -6e-06 8.77477 -1.2e-05 -15.679543 18.600758 6.403913 -1.844019 2.498506 -2.507258 -10.163524 4.678915 4.621118 -20.975874 1.1e-05 1.7e-05 -21.226126 2.451674 -3.593973 3e-06 -6e-06 -1e-06 -1.36266 2.240749 -0.746315 -21.334778 0.584969 3.008345 -13.82112 8e-06 1.5e-05 -23.886978 -0.249067 -0.839447 -60.571301 2.762107 -1.504048 -0.294 1.679623 0.833257 -14.218138 0.093291 1.300611 -34.211811 -0.287527 0.967199 -20.033117 0.964557 1.212857 -2e-06 2e-06 -2e-06 -3.440298 0.788145 0.501686 -15.928165 -3.167193 2.999715 -6.338785 1e-06 1.1e-05 -18.123306 3.648173 -4.905634 -4e-06 0.0 -2e-06 22.036499 2.033001 16.756083 58.66589 9.81641 13.42756 -0.117011 21.476629 -0.042659 -4.231804 -1.517622 -5.170224 2.243569 -5.255145 -3.180225 14.282969 -0.826461 6.952422 -1.2e-05 -12.690512 -1e-06 16.42845 -17.618862 2.682544 1.665652 -1.955922 -2.878285 4.72776 -4.170548 4.993935 11.020454 1.1e-05 1.5e-05 12.108952 -3.735653 -2.866741 1e-06 1e-06 -1e-06 1.291956 -1.928491 -1.498079 14.80005 0.567412 3.865623 14.242465 -1.341719 -6.660612 19.631809 0.143946 -0.648182 50.977741 -0.522737 -6.092153 0.352993 -1.511069 -0.031931 20.222691 3.68421 2.316638 18.787157 4e-06 3.8e-05 10.751588 -0.479874 1.397927 -1e-06 -1e-06 -0.0 3.273697 0.306063 -0.580069 21.486765 11.830172 2.266109 8.162883 0.0 1.9e-05 18.398977 -3.798969 -4.940491 5e-06 1e-06 0.0 -5.06712 0.015754 18.526003 -0.014489 0.141795 1.751262 2.760282 -4.071399 -12.527864 1.71639 -2.000963 -1.421854 0.0 0.0 6e-06 -4.889723 -4.992053 -23.645235 0.276591 -0.041249 12.831433 1.525347 -1.371471 0.17175 -1.388424 1.045381 -5.279612 0.0 1e-06 6e-06 
0.0 0.0 0.0 0.0 -0.0 0.0 -39.740547 95.920998 565.301697 2.956462 1.632212 -5.202912 -3.841923 -0.502389 1.458419 -1.36797 -2.482418 -4.359789 -0.723571 -4.855519 11.564836 4.953389 0.336895 8.404994 -0.83339 -0.446537 -3.751468 -0.151478 -0.670311 -12.920494 7.7e-05 -2.2e-05 5e-06 0.003893 -0.003559 0.04903 0.657198 -3.7467 -10.696935 -0.651668 3.747095 -10.72075 -5.880382 -8.713184 12.618283 -57.689705 -20.852428 10.052488 0.501655 -35.161957 0.008567 0.26051 3.735152 -2.267661 -5.882077 9.861255 0.702681 -10.936906 -0.360606 7.156245 -2.4e-05 8.774823 -5e-06 -15.6266 18.660524 6.427249 -1.844031 2.498512 -2.507279 -10.163592 4.678971 4.621097 -20.975994 4e-05 -1.4e-05 -21.226303 2.451739 -3.594076 -2e-06 -7e-06 1e-06 -1.362696 2.240813 -0.746331 -21.334858 0.584941 3.008322 -13.821195 2.8e-05 -6e-06 -23.88718 -0.249032 -0.839558 -60.543331 2.752516 -1.660886 -0.294043 1.679705 0.833246 -14.218159 0.093228 1.300587 -34.211994 -0.287489 0.967128 -20.033209 0.964571 1.212817 2e-06 -1e-06 2e-06 -3.440407 0.788281 0.501643 -15.928129 -3.167327 2.999725 -6.338816 1e-05 0.0 -18.123463 3.648225 -4.905732 -4e-06 2e-06 1e-06 22.827539 1.461491 16.209579 58.584827 8.521445 12.330856 -0.099129 19.519852 -0.030305 -3.050097 -2.558967 -4.275078 2.243497 -5.254997 -3.18013 14.282904 -0.826553 6.952483 4e-06 -12.690588 -1.3e-05 16.273979 -17.56152 2.649223 1.665662 -1.955925 -2.878299 4.727789 -4.170588 4.993915 11.020502 1e-06 -8e-06 12.109047 -3.73571 -2.866819 1e-06 1e-06 1e-06 1.291982 -1.928554 -1.498097 14.800088 0.567462 3.865608 14.242538 -1.341741 -6.660666 19.631952 0.143945 -0.64827 50.731537 -0.587232 -6.291442 0.353024 -1.511157 -0.03195 20.222738 3.684294 2.316637 18.78723 6e-06 -9e-06 10.751617 -0.479865 1.397913 1e-06 -0.0 -0.0 3.27378 0.305937 -0.580122 21.486784 11.830359 2.266158 8.162908 3e-06 -0.0 18.399069 -3.79897 -4.940595 3e-06 -0.0 -2e-06 -3.461951 0.072643 21.186222 -0.016843 0.119218 1.530454 2.663629 -5.895438 -14.638161 1.777013 -1.871197 -1.817753 -0.0 -1e-06 -0.0 -4.146648 -6.281192 -25.209377 0.239282 0.021439 3.187225 3.461406 -2.230623 -0.87711 -1.333264 1.089787 -5.03947 1e-06 -0.0 3e-06 
0.0 0.0 0.0 0.0 -0.0 0.0 -40.756737 94.777473 570.837097 2.480479 2.751314 -4.413246 -3.935581 -0.626155 1.321134 -1.467883 -2.706984 -4.445034 -0.550784 -4.866094 11.509709 6.177437 -0.122973 7.851446 -0.923716 -0.568367 -3.704361 -0.150721 -0.853247 -13.197844 7.7e-05 -2.3e-05 6e-06 0.006758 -0.044831 0.054172 0.654718 -3.783931 -10.704212 -0.642205 3.703456 -10.715032 -4.695383 -9.361549 12.117668 -56.644016 -22.087944 9.038678 -0.115291 -37.962017 0.233422 0.510328 3.164971 -1.09419 -5.882061 9.861323 0.702458 -10.936885 -0.360645 7.156145 -1e-06 8.774795 -9e-06 -15.58257 18.694283 6.471418 -1.844025 2.498506 -2.507267 -10.163568 4.678929 4.621104 -20.975965 -1.2e-05 -1e-06 -21.226248 2.451663 -3.594001 1e-06 -7e-06 -1e-06 -1.362674 2.240773 -0.746317 -21.334846 0.584934 3.008323 -13.821171 -6e-06 0.0 -23.887121 -0.249103 -0.83948 -60.648262 2.712328 -1.491092 -0.294019 1.679661 0.833257 -14.218175 0.093249 1.300588 -34.211956 -0.287576 0.967163 -20.033188 0.964528 1.212849 2e-06 -3e-06 3e-06 -3.440358 0.788199 0.501668 -15.92817 -3.167256 2.999708 -6.338809 -4e-06 -1e-06 -18.123423 3.648157 -4.905677 -3e-06 1e-06 -2e-06 23.589138 1.269621 16.032349 58.39695 7.960595 11.311109 0.007121 17.327785 -0.056932 -1.852505 -3.898229 -3.103282 2.243508 -5.255033 -3.180207 14.282895 -0.826539 6.952466 -2e-06 -12.69058 -1.3e-05 16.212076 -17.373966 2.554976 1.665663 -1.955924 -2.878293 4.727786 -4.170581 4.99392 11.020509 5e-06 -5e-06 12.109053 -3.7357 -2.866809 3e-06 -2e-06 -0.0 1.29198 -1.928543 -1.498087 14.800097 0.567456 3.865613 14.242543 -1.341736 -6.66066 19.631966 0.143952 -0.648257 50.385437 -0.456693 -6.444524 0.353022 -1.511142 -0.031943 20.22275 3.684287 2.31664 18.787243 1e-05 -2e-06 10.751625 -0.479863 1.397915 1e-06 -0.0 -0.0 3.273776 0.305961 -0.580109 21.486786 11.830324 2.266151 8.162909 4e-06 -0.0 18.399073 -3.798959 -4.940581 5e-06 0.0 -1e-06 -1.4946 0.564593 24.048347 -0.057921 -0.029317 1.227392 1.983098 -7.483871 -15.811106 1.820314 -1.790272 -2.698455 0.0 0.0 4e-06 -2.420914 -8.397757 -28.177511 0.253935 0.255886 0.765732 5.248901 -2.763211 -2.699975 -1.333052 1.054238 -5.041128 0.0 1e-06 1e-06 
0.0 0.0 0.0 0.0 -0.0 0.0 -41.794441 93.761261 576.640198 2.087222 3.425226 -3.777546 -4.050391 -0.773879 1.11564 -1.527015 -2.857133 -4.513051 -0.381442 -4.885399 11.362382 7.004775 -0.446373 7.487878 -1.021322 -0.515565 -3.581475 -0.14054 -0.905045 -13.586957 7.7e-05 -2.3e-05 7e-06 0.001763 -0.073377 0.07189 0.650062 -3.816326 -10.701224 -0.646278 3.677387 -10.693853 -3.695082 -9.745844 12.058514 -56.279419 -22.474405 7.523433 -0.632476 -40.424309 0.372594 1.385005 2.592804 -0.358933 -5.882051 9.861209 0.702588 -10.936813 -0.360561 7.156225 -1.7e-05 8.774861 -1.2e-05 -15.606649 18.669651 6.470579 -1.84404 2.498512 -2.507277 -10.163628 4.678985 4.621078 -20.976091 2.3e-05 -4e-05 -21.226448 2.451728 -3.59413 3e-06 1e-06 3e-06 -1.362706 2.240841 -0.746329 -21.334934 0.584906 3.008307 -13.821253 8e-06 -2.5e-05 -23.887369 -0.249075 -0.839599 -61.023335 2.746245 -1.404013 -0.294057 1.679742 0.833247 -14.218201 0.09318 1.300581 -34.21217 -0.287549 0.967101 -20.033308 0.964532 1.21282 0.0 1e-06 -1e-06 -3.440452 0.788326 0.501628 -15.928142 -3.167389 2.999739 -6.338843 6e-06 -9e-06 -18.123598 3.648211 -4.905783 -1e-06 3e-06 -4e-06 23.897327 1.236829 16.235855 58.595325 7.845231 10.490198 -0.10902 15.40342 -0.081049 -1.058661 -5.103023 -2.294123 2.243574 -5.254906 -3.18001 14.282853 -0.826711 6.952587 -6e-06 -12.690685 -4e-06 16.375864 -17.28573 2.476192 1.665668 -1.955922 -2.878311 4.727809 -4.170613 4.993906 11.020571 7e-06 4e-06 12.10916 -3.735753 -2.866838 -2e-06 -0.0 0.0 1.291989 -1.928596 -1.498103 14.800164 0.567527 3.865612 14.242625 -1.341743 -6.660689 19.632154 0.143941 -0.648269 50.265057 -0.204751 -6.433149 0.353032 -1.511213 -0.031951 20.222834 3.684404 2.316648 18.787354 8e-06 9e-06 10.751681 -0.47987 1.397935 2e-06 1e-06 1e-06 3.273837 0.305864 -0.580136 21.486834 11.830531 2.266175 8.162962 4e-06 5e-06 18.399235 -3.79899 -4.940622 3e-06 0.0 -1e-06 0.472727 1.207368 27.156139 -0.042702 -0.269296 0.850651 1.316654 -8.806771 -15.364199 1.853777 -1.764391 -4.782897 -0.0 0.0 -3e-06 -0.549931 -10.518269 -29.781313 0.376568 0.427251 1.657181 5.760136 -2.729255 -3.910882 -1.364897 1.018862 -5.127472 0.0 -0.0 -6e-06 
0.0 0.0 0.0 0.0 -0.0 0.0 -42.993076 92.966774 583.019592 1.41377 3.673044 -3.050665 -3.914463 -0.849195 0.487641 -1.534646 -3.023709 -4.621648 -0.134028 -4.885607 11.062835 7.285089 -0.611837 7.442056 -1.03277 -0.756566 -3.581063 0.067311 -0.833014 -13.240115 7.7e-05 -2.2e-05 5e-06 -0.017089 -0.102523 0.089977 0.624988 -3.855919 -10.663218 -0.655836 3.654945 -10.655728 -3.803327 -9.868086 12.285614 -55.990303 -21.431614 6.246972 -0.492304 -42.705154 0.145885 2.254971 2.254265 -0.88168 -5.882085 9.861243 0.70266 -10.936809 -0.360546 7.156263 4e-06 8.774837 1e-06 -15.601221 18.596886 6.568591 -1.844035 2.498505 -2.507281 -10.163611 4.678943 4.621088 -20.976076 -2e-05 -1.1e-05 -21.22641 2.451671 -3.594046 -3e-06 -5e-06 -3e-06 -1.362687 2.240802 -0.746331 -21.33493 0.584889 3.00831 -13.82124 -1.3e-05 -5e-06 -23.887329 -0.249117 -0.839504 -61.30859 2.794577 -1.39056 -0.294031 1.679697 0.833247 -14.218212 0.093198 1.300568 -34.212135 -0.287589 0.96716 -20.033285 0.964529 1.212858 0.0 -0.0 0.0 -3.440399 0.788243 0.501633 -15.928179 -3.167328 2.999712 -6.338841 -3e-06 -0.0 -18.123549 3.648154 -4.905721 -2e-06 1e-06 -4e-06 24.144087 1.110914 16.281391 58.59473 7.564172 10.201126 -0.183346 14.060886 -0.037294 -0.746969 -5.819275 -2.155407 2.243579 -5.25495 -3.179996 14.28283 -0.8267 6.952606 -1.4e-05 -12.690663 6e-06 16.406301 -17.291384 2.498446 1.665671 -1.95592 -2.878312 4.727813 -4.170603 4.993908 11.020583 1.1e-05 0.0 12.109163 -3.735734 -2.866831 0.0 -1e-06 0.0 1.291991 -1.928579 -1.498102 14.800179 0.567515 3.865603 14.242635 -1.341729 -6.660686 19.632183 0.143954 -0.648265 50.406013 -0.069548 -6.184763 0.353035 -1.51119 -0.031951 20.222851 3.684385 2.31663 18.787369 1.5e-05 6e-06 10.751688 -0.479868 1.397931 -0.0 -1e-06 1e-06 3.273851 0.305897 -0.580138 21.486843 11.830498 2.266149 8.162969 6e-06 1e-06 18.399269 -3.798974 -4.940624 5e-06 0.0 -1e-06 3.166081 2.555129 29.551682 0.103691 -0.670515 1.754054 0.813356 -10.361336 -13.337706 1.926684 -1.777674 -9.214587 -0.0 -1e-06 4e-06 0.983657 -11.176273 -29.257519 0.444883 0.383272 3.987768 4.304555 -2.391951 -4.5086 -1.368568 1.088797 -5.685379 0.0 1e-06 -0.0 
0.0 0.0 0.0 0.0 -0.0 0.0 -44.432175 92.771866 589.702148 -1.078185 3.49795 -1.512231 -2.234317 -0.741705 -0.950178 -1.418678 -3.23042 -5.087389 0.401568 -4.9017 10.888322 7.331444 -0.478659 6.904253 -1.196258 -0.794525 -3.620375 0.125849 -1.189354 -11.205463 7.7e-05 -2.3e-05 6e-06 -0.024828 -0.137577 0.106095 0.596918 -3.879822 -10.556318 -0.641833 3.60739 -10.550924 -7.267671 -9.457669 12.085228 -53.349216 -18.48386 4.429544 -0.624288 -44.939884 0.138868 2.997306 1.792707 -2.07488 -5.881954 9.86117 0.702923 -10.936622 -0.360304 7.156497 3e-06 8.774927 2e-05 -15.750546 18.487564 6.473073 -1.844056 2.498505 -2.507311 -10.163691 4.678997 4.621035 -20.976225 -3.5e-05 -8.5e-05 -21.226616 2.451675 -3.594189 -2e-06 -3e-06 1e-06 -1.362724 2.240887 -0.746352 -21.335062 0.584803 3.008232 -13.821332 -2.7e-05 -5.1e-05 -23.887581 -0.249192 -0.839645 -60.903255 2.619649 -1.455015 -0.294076 1.679805 0.833235 -14.218275 0.093074 1.300506 -34.212391 -0.287648 0.967057 -20.033413 0.964477 1.212821 2e-06 2e-06 4e-06 -3.440533 0.788415 0.501553 -15.928167 -3.167533 2.999701 -6.338881 -2e-06 -2.3e-05 -18.123747 3.648143 -4.905866 -4e-06 2e-06 0.0 26.574116 0.97081 15.635206 56.154381 6.397735 10.026528 -0.303943 13.595709 -0.05205 -0.517267 -6.782716 -1.430636 2.243712 -5.254635 -3.179803 14.282755 -0.826872 6.952678 1e-06 -12.690818 -1.6e-05 16.31093 -17.317116 2.550439 1.665681 -1.955924 -2.878329 4.727866 -4.17067 4.993889 11.02073 4e-06 1.9e-05 12.109407 -3.735845 -2.866887 -0.0 2e-06 -0.0 1.292019 -1.928684 -1.498122 14.800311 0.567609 3.86563 14.242822 -1.341773 -6.660733 19.632607 0.143879 -0.648299 50.471786 -0.130007 -6.18056 0.353076 -1.51133 -0.031971 20.22303 3.684548 2.316693 18.787645 3e-06 1.3e-05 10.751828 -0.479873 1.397958 3e-06 -0.0 -0.0 3.274002 0.305696 -0.580186 21.486933 11.830801 2.266269 8.163081 6e-06 -5e-06 18.399643 -3.799013 -4.940731 4e-06 -1e-06 -1e-06 8.804 4.934201 28.923273 0.09145 -1.041757 6.59176 0.056573 -13.01814 -9.064257 2.03881 -1.715586 -16.382463 -0.0 0.0 -3e-06 3.840841 -9.176661 -28.705915 0.365853 0.188529 6.323779 0.476162 -1.994192 0.336471 -1.347758 1.20151 -6.471993 0.0 -0.0 -1e-06 
0.0 0.0 0.0 0.0 -0.0 0.0 -45.965271 92.934952 596.234741 -4.855082 2.634676 -0.232593 0.001909 -0.647924 -2.110298 -1.027711 -3.340888 -5.652914 1.907488 -4.903351 10.621187 6.678254 0.039628 6.255012 -1.470731 -0.490775 -3.690143 0.024289 -1.587897 -9.26035 7.7e-05 -2.2e-05 6e-06 -0.025975 -0.152216 0.072723 0.614364 -3.894777 -10.568024 -0.659677 3.593226 -10.57444 -12.382491 -8.465833 11.979341 -50.726734 -14.52601 1.581014 -1.137403 -45.880524 0.476722 4.265741 0.567145 -3.953536 -5.882075 9.861131 0.702828 -10.936781 -0.360461 7.156361 -2.5e-05 8.774899 -3e-06 -16.222715 18.275171 6.131663 -1.844042 2.498513 -2.507291 -10.16367 4.679012 4.621069 -20.976187 4.3e-05 -3.1e-05 -21.226589 2.451777 -3.594164 1e-06 -7e-06 -1e-06 -1.362722 2.24088 -0.746346 -21.335005 0.584878 3.008303 -13.821323 2.2e-05 -2.3e-05 -23.887577 -0.249038 -0.839631 -60.593948 2.394178 -1.370567 -0.294075 1.679788 0.833239 -14.218229 0.093132 1.300569 -34.212372 -0.28751 0.967108 -20.033415 0.964561 1.212823 -0.0 -1e-06 1e-06 -3.440509 0.788407 0.501593 -15.928135 -3.167479 2.999747 -6.338877 1.2e-05 -1e-05 -18.123737 3.648237 -4.905827 -2e-06 -2e-06 -3e-06 28.681458 1.22882 15.210068 53.541912 5.537056 9.809746 -0.63552 13.29458 -0.144995 -0.467021 -7.545026 0.579883 2.243561 -5.254856 -3.18005 14.282848 -0.826745 6.952572 8e-06 -12.690723 -9e-06 16.224501 -17.318899 2.557931 1.66567 -1.955922 -2.878309 4.727819 -4.170635 4.993905 11.02059 -2e-06 -2e-06 12.109187 -3.7358 -2.866863 -0.0 2e-06 -0.0 1.292001 -1.928625 -1.498098 14.80017 0.567548 3.865614 14.242651 -1.341766 -6.660702 19.632196 0.143916 -0.648297 50.413704 -0.1636 -6.299347 0.35305 -1.511249 -0.031947 20.222836 3.684436 2.316657 18.787373 -5e-06 -5e-06 10.751688 -0.479871 1.397928 -1e-06 -1e-06 1e-06 3.273867 0.305806 -0.580137 21.486824 11.830619 2.266206 8.162968 -1e-06 -3e-06 18.399271 -3.799012 -4.940667 2e-06 -1e-06 -1e-06 15.479179 6.925034 25.664909 -0.08291 -1.163535 16.393143 -0.055354 -15.222118 -1.509217 2.156132 -1.504889 -25.703207 0.0 1e-06 -1e-06 7.978245 -5.403911 -29.40489 0.140447 -0.059634 11.103613 -2.299625 -2.561236 8.238838 -1.358029 1.224155 -5.234098 0.0 -0.0 -0.0 
0.0 0.0 0.0 0.0 -0.0 0.0 -47.254951 93.392685 602.408691 -7.425951 1.279411 -0.674563 1.052166 -0.650185 -1.758307 -0.520788 -3.579732 -5.536887 3.549365 -4.614861 10.238415 5.674573 0.596704 6.071688 -1.446038 -0.400678 -3.701439 -0.178988 -1.076955 -10.011874 7.7e-05 -2.2e-05 6e-06 -0.010518 -0.103994 0.055531 0.698612 -3.84685 -10.65075 -0.713805 3.640356 -10.667068 -13.010857 -7.687636 12.268309 -54.10733 -12.01273 -1.517863 -1.046547 -43.235336 0.540208 5.184911 -0.049912 -5.261551 -5.882166 9.861211 0.702782 -10.936814 -0.360548 7.156305 1.3e-05 8.774832 -3e-06 -16.408813 17.997986 5.913151 -1.844032 2.498505 -2.507287 -10.16362 4.678935 4.621092 -20.976116 -2.8e-05 1.8e-05 -21.226452 2.451664 -3.594013 2e-06 -5e-06 -1e-06 -1.362674 2.240796 -0.746338 -21.334965 0.584888 3.008325 -13.821271 -1.4e-05 1.6e-05 -23.887417 -0.249112 -0.839459 -60.453453 2.324364 -1.301764 -0.294019 1.679682 0.833238 -14.218236 0.093199 1.300579 -34.212227 -0.287584 0.96723 -20.033356 0.964545 1.212897 2e-06 3e-06 3e-06 -3.440395 0.788219 0.501626 -15.928201 -3.167311 2.999719 -6.338857 -7e-06 9e-06 -18.123608 3.648141 -4.905698 -3e-06 0.0 -2e-06 26.923052 2.063032 15.817528 54.453682 6.368756 10.056133 -0.897 13.585542 -0.199429 -0.956813 -7.889728 1.102228 2.243543 -5.25499 -3.180043 14.282839 -0.826638 6.952579 -1.4e-05 -12.690626 3e-06 16.230207 -17.402798 2.511624 1.66567 -1.955921 -2.878306 4.727809 -4.170592 4.993907 11.020571 1.2e-05 -1e-06 12.109152 -3.735714 -2.866827 1e-06 1e-06 -0.0 1.291988 -1.928556 -1.498101 14.800156 0.567488 3.865598 14.242618 -1.341724 -6.660684 19.632149 0.143962 -0.648267 50.250317 -0.122261 -6.357241 0.353033 -1.51116 -0.03195 20.222828 3.68434 2.316624 18.787342 2e-05 5e-06 10.751678 -0.479865 1.397928 0.0 1e-06 1e-06 3.273826 0.305936 -0.580135 21.486828 11.830408 2.266138 8.162955 8e-06 -2e-06 18.399225 -3.798952 -4.940609 3e-06 0.0 -1e-06 18.632074 6.626978 21.603432 -0.193983 -1.098632 29.099525 -0.008395 -14.536501 8.781792 2.140056 -1.380025 -27.612301 0.0 0.0 2e-06 11.3454 -3.770586 -28.614468 0.028632 -0.0855 17.857891 -2.587466 -2.835546 7.836711 -1.364297 1.179503 -3.669355 0.0 -0.0 -4e-06 
0.0 0.0 0.0 0.0 -0.0 0.0 -48.325497 93.848732 608.342163 -9.013823 0.200108 -1.914139 1.681018 -0.5667 -0.65734 -0.140377 -3.336205 -5.257075 4.449957 -4.60278 10.150403 4.980834 0.651067 6.08107 -1.112075 -0.55648 -3.767052 -0.341299 -0.510446 -11.581412 7.7e-05 -2.3e-05 5e-06 -0.005199 -0.057924 0.024285 0.738076 -3.779734 -10.662318 -0.745504 3.663019 -10.658866 -10.791245 -7.408884 13.201315 -59.64555 -12.00153 -2.304333 -0.193138 -36.989677 0.219716 5.343015 0.923269 -6.710268 -5.882088 9.861307 0.702547 -10.936829 -0.360593 7.156204 1.7e-05 8.774797 -3e-06 -16.080526 17.810392 6.057557 -1.844033 2.498503 -2.507276 -10.163581 4.678914 4.621099 -20.976007 -3.9e-05 8e-06 -21.226292 2.451628 -3.593976 -3e-06 -3e-06 -2e-06 -1.362669 2.240769 -0.746325 -21.334904 0.584907 3.008313 -13.821198 -2.6e-05 9e-06 -23.887184 -0.24914 -0.839432 -60.026741 2.239971 -1.194619 -0.294013 1.679655 0.833252 -14.218212 0.093234 1.300572 -34.212032 -0.287627 0.967194 -20.033236 0.964509 1.212875 0.0 2e-06 -3e-06 -3.440363 0.788172 0.501652 -15.928201 -3.167253 2.999697 -6.338822 -1e-05 2e-06 -18.123459 3.64812 -4.905659 -5e-06 1e-06 0.0 23.362953 3.036617 16.370434 57.133991 7.764843 10.730197 -0.739747 15.132509 -0.155242 -1.578294 -7.264256 0.487611 2.243613 -5.255021 -3.180167 14.282812 -0.826545 6.952487 -3.4e-05 -12.690569 -1e-05 16.206387 -17.455536 2.559708 1.665669 -1.955922 -2.878295 4.727808 -4.170567 4.993914 11.020584 2.8e-05 7e-06 12.109154 -3.735663 -2.866791 1e-06 0.0 -0.0 1.291977 -1.928522 -1.498098 14.800188 0.56746 3.865615 14.242635 -1.341698 -6.660654 19.632215 0.143981 -0.64822 50.300426 -0.130925 -6.205649 0.353018 -1.511113 -0.031953 20.222872 3.684294 2.316642 18.787373 5e-05 2e-05 10.751696 -0.479849 1.397932 -3e-06 0.0 0.0 3.273817 0.306013 -0.580123 21.486883 11.830286 2.266139 8.16297 2.4e-05 -1e-06 18.399273 -3.798892 -4.940576 2e-06 -0.0 -1e-06 19.362148 4.860081 16.04318 0.016526 -1.184467 42.843025 -2.505343 -11.746243 19.935282 1.981827 -1.724998 -12.153934 -0.0 0.0 -4e-06 13.637608 -4.260859 -25.215776 0.121541 -0.248885 21.493124 -3.725268 -0.956219 4.988186 -1.378872 1.104118 -1.890223 -0.0 -0.0 1e-06 
0.0 0.0 0.0 0.0 -0.0 0.0 -49.346684 94.305054 613.837646 -10.399041 0.15958 -2.915452 2.31857 -0.545975 0.283732 0.194221 -2.900544 -4.928397 4.92226 -4.846655 10.155519 4.733581 0.310378 6.023304 -0.899115 -0.36983 -3.740933 -0.384554 -0.293272 -12.969236 7.7e-05 -2.2e-05 6e-06 -0.006134 -0.049613 0.023021 0.738007 -3.779346 -10.656858 -0.748533 3.677295 -10.635002 -9.784986 -7.326216 13.790544 -62.220512 -12.576389 0.538541 0.509958 -29.576324 -0.02994 3.452196 2.481247 -4.463229 -5.882145 9.861205 0.702737 -10.936732 -0.360467 7.156329 1.6e-05 8.774864 4e-06 -16.062162 17.646082 6.038643 -1.84404 2.498499 -2.50729 -10.16366 4.678957 4.621076 -20.976202 -3.4e-05 3e-06 -21.226583 2.451681 -3.594055 4e-06 -7e-06 -0.0 -1.362693 2.240821 -0.746337 -21.335033 0.584857 3.008304 -13.821325 -2.5e-05 1e-06 -23.887568 -0.249134 -0.839505 -60.016724 2.254162 -1.017939 -0.294039 1.679717 0.833242 -14.218271 0.093157 1.30056 -34.212368 -0.287617 0.967193 -20.033421 0.964522 1.212886 -1e-06 -0.0 -2e-06 -3.440452 0.78827 0.501618 -15.928203 -3.167385 2.999711 -6.338873 -1.2e-05 -2e-06 -18.123705 3.648138 -4.905736 -3e-06 1e-06 -5e-06 21.797474 3.541678 16.581348 57.439713 9.129391 11.786547 -0.466771 17.503046 -0.202704 -2.26062 -6.064394 -0.554043 2.243604 -5.254941 -3.179986 14.282841 -0.82671 6.952606 -7e-06 -12.690676 6e-06 16.358259 -17.47464 2.55426 1.66567 -1.95592 -2.878311 4.727816 -4.170608 4.993912 11.020594 7e-06 9e-06 12.109185 -3.735749 -2.866828 0.0 -0.0 0.0 1.291991 -1.928582 -1.4981 14.800181 0.567517 3.865608 14.242648 -1.341737 -6.660685 19.63221 0.143931 -0.648267 50.520866 -0.24296 -6.089186 0.353038 -1.511196 -0.031949 20.222857 3.684393 2.316642 18.787392 5e-06 1.5e-05 10.751698 -0.479874 1.397935 -0.0 0.0 -1e-06 3.273855 0.305888 -0.58013 21.486837 11.830511 2.266156 8.162976 2e-06 2e-06 18.399282 -3.79899 -4.940626 8e-06 0.0 -2e-06 19.936007 3.066138 9.085308 0.079944 -1.256518 55.263523 -3.957041 -9.637237 20.703928 1.972619 -1.903536 -5.007982 0.0 0.0 4e-06 15.588217 -5.401829 -20.817514 0.029263 -0.303898 22.548481 -4.790099 -0.260746 0.960435 -1.383058 1.017972 -0.833621 -0.0 -1e-06 3e-06 
0.0 0.0 0.0 0.0 -0.0 0.0 -50.153114 95.273087 619.382202 -10.506869 0.319433 -3.690205 2.392967 -0.46863 0.802094 0.207609 -2.542205 -4.695488 4.856654 -4.732655 10.541223 4.96313 -0.013354 6.147178 -0.878704 -0.37097 -3.722877 -0.386214 -0.756812 -13.477554 7.7e-05 -2.3e-05 6e-06 -0.015759 -0.104539 0.030166 0.706043 -3.833739 -10.626812 -0.735668 3.621593 -10.613974 -10.291109 -6.983756 14.278727 -62.620453 -12.725824 4.783064 0.61755 -23.869596 -0.069742 0.603269 3.819965 -0.107898 -5.882077 9.861325 0.702628 -10.936949 -0.360589 7.15624 -2.7e-05 8.774835 1e-06 -16.432922 17.824173 5.869332 -1.844022 2.498507 -2.507275 -10.163579 4.678974 4.621109 -20.975988 5.6e-05 -4e-06 -21.226326 2.451772 -3.594077 3e-06 -6e-06 -0.0 -1.362688 2.240805 -0.746319 -21.334831 0.584948 3.008328 -13.821197 3.9e-05 3e-06 -23.887203 -0.248991 -0.839553 -60.378845 2.447648 -0.990025 -0.29404 1.6797 0.833262 -14.218142 0.093222 1.300583 -34.212013 -0.287458 0.967146 -20.033241 0.964593 1.212825 1e-06 -0.0 0.0 -3.440379 0.788273 0.501677 -15.928112 -3.167332 2.999711 -6.338821 2e-05 5e-06 -18.123491 3.648262 -4.905728 -2e-06 1e-06 -1e-06 22.32535 3.765614 16.741055 55.674767 10.796092 11.752862 -0.073846 19.253235 -0.186106 -4.047192 -4.797316 -0.337173 2.243453 -5.255167 -3.180362 14.282994 -0.826532 6.952404 2.9e-05 -12.690575 2e-06 16.530626 -17.521271 2.462287 1.665653 -1.955921 -2.878279 4.72777 -4.170584 4.993937 11.020436 -2.3e-05 -8e-06 12.108952 -3.735737 -2.866787 2e-06 0.0 1e-06 1.291983 -1.928537 -1.498067 14.800013 0.567431 3.865607 14.242467 -1.341771 -6.660643 19.631773 0.143896 -0.648284 50.523861 -0.334238 -6.073688 0.353026 -1.511135 -0.031914 20.222626 3.684251 2.316625 18.787117 -4e-05 -1.6e-05 10.751559 -0.479885 1.397892 -2e-06 0.0 0.0 3.27374 0.305947 -0.580054 21.486683 11.830319 2.26612 8.162866 -1.8e-05 -0.0 18.398924 -3.799035 -4.940588 3e-06 -0.0 -3e-06 19.045753 1.87374 1.808872 -0.011097 -0.848143 64.113243 -2.69029 -8.669126 13.889649 1.919053 -1.920638 -4.594734 0.0 0.0 4e-06 15.897827 -5.929168 -15.25935 -0.057801 -0.324466 20.419111 -5.350892 -0.232386 -1.549226 -1.384672 0.976999 -0.29994 0.0 -0.0 -2e-06 
0.0 0.0 0.0 0.0 -0.0 0.0 -50.734158 96.423294 624.844177 -9.359202 0.129026 -4.44043 2.140111 -0.273757 1.280252 -0.008323 -1.983882 -4.48358 4.104539 -4.171627 10.820088 5.467091 -0.188401 6.785967 -1.012471 -0.644918 -3.70826 -0.214194 -1.50607 -13.641514 7.7e-05 -2.2e-05 6e-06 -0.021813 -0.146296 0.041271 0.661033 -3.86184 -10.568601 -0.702945 3.56677 -10.563678 -10.644906 -6.236372 14.527343 -63.478043 -11.698226 7.211743 0.303649 -21.059509 0.026577 -1.273829 4.384689 3.003983 -5.882127 9.861245 0.702677 -10.936817 -0.360564 7.156246 2.3e-05 8.774812 -3e-06 -16.630121 17.974476 5.723482 -1.844032 2.498501 -2.507282 -10.163582 4.678909 4.621095 -20.976021 -5.7e-05 2e-05 -21.226301 2.45162 -3.593967 1e-06 -6e-06 -4e-06 -1.362658 2.240775 -0.746336 -21.334917 0.584881 3.008324 -13.821208 -3.5e-05 2e-05 -23.887205 -0.249157 -0.839422 -60.473484 2.556808 -1.047821 -0.294 1.679658 0.833245 -14.218225 0.093214 1.300575 -34.212051 -0.287635 0.967233 -20.033249 0.96451 1.212898 -2e-06 2e-06 2e-06 -3.440348 0.788176 0.501636 -15.928224 -3.167281 2.999703 -6.338825 -1.7e-05 7e-06 -18.123463 3.648107 -4.905652 -3e-06 -0.0 -1e-06 22.296644 4.27485 16.882345 54.991817 12.736077 11.158329 0.217331 19.869976 -0.158888 -6.244602 -3.672305 0.644492 2.243567 -5.255071 -3.180091 14.282873 -0.826519 6.952521 -2.5e-05 -12.690535 1e-06 16.545115 -17.575125 2.407551 1.665664 -1.955923 -2.878301 4.727786 -4.170556 4.993917 11.020516 2.2e-05 0.0 12.109049 -3.735648 -2.866791 -0.0 -0.0 -1e-06 1.291968 -1.928508 -1.498101 14.80012 0.567438 3.865606 14.242548 -1.341699 -6.660652 19.631989 0.143985 -0.648226 50.092319 -0.441643 -6.217278 0.353008 -1.511091 -0.031952 20.222782 3.684251 2.31662 18.787252 3.3e-05 2e-05 10.751633 -0.479862 1.397925 1e-06 -1e-06 -0.0 3.273764 0.306042 -0.580122 21.486822 11.830234 2.266107 8.162921 1.2e-05 8e-06 18.39909 -3.798926 -4.940546 0.0 -0.0 0.0 16.527958 1.600907 -5.347828 -0.034531 -0.366076 69.181236 -1.068716 -7.93918 7.682174 1.881607 -1.927232 -4.539516 0.0 0.0 4e-06 14.790491 -5.720656 -8.702341 -0.073234 -0.281366 16.174582 -5.65483 -0.716333 -3.112203 -1.389123 0.968288 -0.101846 -0.0 -0.0 2e-06 
0.0 0.0 0.0 0.0 -0.0 0.0 -51.184029 97.489067 630.1745 -7.241789 -0.631823 -4.99508 1.70654 0.059506 1.852623 -0.264151 -1.12752 -4.288367 2.795487 -3.233019 10.704871 5.847231 -0.239306 7.647377 -1.187281 -1.033121 -3.682891 0.084235 -2.212298 -13.613711 7.7e-05 -2.2e-05 5e-06 -0.019469 -0.154548 0.044316 0.629237 -3.862729 -10.571625 -0.667639 3.550245 -10.575148 -10.572789 -5.123651 14.586356 -65.043228 -9.728923 7.315372 0.054171 -20.384993 0.123093 -1.953392 4.834673 3.510384 -5.882152 9.861087 0.702935 -10.936807 -0.360431 7.156374 -2.8e-05 8.774919 -8e-06 -16.597586 18.038797 5.693882 -1.844042 2.498512 -2.5073 -10.16368 4.679026 4.621071 -20.976223 5e-05 -9e-06 -21.226639 2.45182 -3.594157 0.0 -8e-06 -2e-06 -1.362718 2.240894 -0.746344 -21.33502 0.584867 3.008322 -13.821342 3.4e-05 -1e-05 -23.887615 -0.248992 -0.83962 -60.564457 2.586974 -1.217959 -0.294075 1.679813 0.833236 -14.218237 0.093109 1.300575 -34.212402 -0.287481 0.967142 -20.033432 0.964581 1.212835 -1e-06 0.0 -0.0 -3.440515 0.788435 0.501602 -15.928133 -3.167516 2.999752 -6.338882 1.5e-05 -0.0 -18.12377 3.648269 -4.905803 -3e-06 0.0 -2e-06 20.845753 5.250827 16.847878 56.018929 14.530855 10.88908 0.422094 20.062738 -0.132589 -7.519279 -2.818139 1.822045 2.243547 -5.254807 -3.179791 14.282811 -0.826842 6.95274 1.3e-05 -12.690768 1.3e-05 16.381618 -17.604195 2.42803 1.665676 -1.95592 -2.87833 4.727841 -4.170651 4.993889 11.020638 -1e-05 -7e-06 12.10928 -3.73582 -2.866894 -0.0 1e-06 -1e-06 1.29202 -1.928648 -1.498119 14.800213 0.567568 3.865592 14.242724 -1.341766 -6.660748 19.632372 0.143908 -0.648347 49.507484 -0.57626 -6.43033 0.353074 -1.511283 -0.031966 20.222891 3.684478 2.316633 18.787472 -2.2e-05 -1.4e-05 10.751739 -0.479887 1.39794 1e-06 -1e-06 -1e-06 3.273934 0.305749 -0.58018 21.486822 11.830703 2.266184 8.163011 -9e-06 -4e-06 18.399429 -3.799035 -4.940716 4e-06 0.0 0.0 12.655152 2.143049 -11.942159 0.018785 0.026608 69.938683 0.023263 -7.447602 3.718942 1.847312 -1.92493 -4.455717 -0.0 0.0 -2e-06 12.633059 -4.943523 -1.757512 -0.067755 -0.266242 10.585713 -5.639297 -1.174311 -3.893648 -1.399001 0.932586 -0.19198 0.0 -0.0 -2e-06 
0.0 0.0 0.0 0.0 -0.0 0.0 -51.537251 98.274208 635.610657 -4.715534 -1.931785 -5.07429 1.186472 0.425666 2.323124 -0.446499 -0.079758 -4.122988 1.357619 -2.133084 10.288863 5.711711 -0.06443 8.326555 -1.225635 -1.424035 -3.683415 0.255957 -2.510836 -13.459355 7.7e-05 -2.2e-05 6e-06 -0.017247 -0.166723 0.04202 0.616314 -3.882323 -10.62972 -0.652114 3.54333 -10.63819 -10.470698 -3.800903 14.649916 -66.56601 -7.405555 6.654448 0.021526 -20.90456 0.179593 -2.357857 5.593292 2.04224 -5.882263 9.860991 0.703016 -10.93672 -0.360377 7.156392 4e-06 8.774933 -1.4e-05 -16.621891 18.062735 5.75175 -1.844045 2.498508 -2.507298 -10.163699 4.678998 4.621065 -20.976301 -1.7e-05 2.9e-05 -21.226707 2.451755 -3.594097 3e-06 -7e-06 -0.0 -1.3627 2.240889 -0.746352 -21.335114 0.584808 3.008338 -13.821394 -1.3e-05 1.6e-05 -23.887737 -0.249078 -0.839517 -61.013165 2.599341 -1.359427 -0.294048 1.679807 0.833229 -14.218308 0.093073 1.30058 -34.212547 -0.287583 0.967225 -20.033514 0.964546 1.212904 1e-06 -0.0 -1e-06 -3.440509 0.788401 0.501585 -15.928211 -3.167536 2.999761 -6.338908 -7e-06 5e-06 -18.123835 3.648193 -4.905767 -7e-06 -0.0 -2e-06 18.364956 6.618383 16.631067 57.735336 15.901722 11.836493 0.552769 21.000683 -0.08969 -7.388984 -2.227377 2.946044 2.243598 -5.254748 -3.179765 14.282753 -0.82676 6.952707 -2.2e-05 -12.690711 -8e-06 16.244339 -17.566572 2.490766 1.66568 -1.955925 -2.878325 4.727839 -4.170627 4.993884 11.02064 2.1e-05 -6e-06 12.109261 -3.735747 -2.866885 -1e-06 0.0 2e-06 1.292 -1.928621 -1.49813 14.800245 0.567556 3.865602 14.242715 -1.341726 -6.660734 19.632368 0.143969 -0.6483 49.240395 -0.649468 -6.499696 0.353048 -1.511244 -0.031983 20.222944 3.684455 2.316648 18.787468 3.6e-05 6e-06 10.751734 -0.479864 1.397953 -2e-06 -1e-06 -0.0 3.273909 0.305824 -0.580205 21.486908 11.830597 2.266201 8.163011 1.5e-05 3e-06 18.399387 -3.798946 -4.940661 -2e-06 -0.0 -0.0 8.251657 3.154891 -17.924429 0.108628 0.247169 66.470505 0.5824 -6.741797 0.878551 1.83272 -1.904253 -4.47525 -0.0 0.0 -3e-06 10.019435 -3.744927 4.558335 -0.050546 -0.307177 4.860393 -5.316315 -1.443355 -4.267341 -1.406527 0.862383 -0.336507 0.0 -0.0 -0.0 
0.0 0.0 0.0 0.0 -0.0 0.0 -51.760078 98.60527 641.147522 -2.365111 -3.49199 -4.770306 0.682423 0.700647 2.488089 -0.492031 0.925249 -4.006433 0.183018 -1.234468 9.996149 4.732808 0.232705 8.574887 -1.035431 -1.362178 -3.697105 0.189941 -2.62405 -13.273477 7.7e-05 -2.2e-05 6e-06 -0.016252 -0.162222 0.038273 0.592871 -3.89126 -10.641164 -0.628674 3.558152 -10.653275 -11.161366 -2.407878 14.736767 -67.025291 -5.173833 5.975831 0.092126 -21.676546 0.196853 -2.760326 6.32872 0.42246 -5.882096 9.86129 0.702561 -10.93686 -0.360586 7.156208 1e-06 8.774818 -4e-06 -16.739225 18.277021 5.845181 -1.84403 2.498503 -2.507276 -10.163587 4.678937 4.621101 -20.976019 -1.1e-05 3e-06 -21.226324 2.451678 -3.59401 -3e-06 -6e-06 -1e-06 -1.362678 2.24079 -0.746323 -21.33489 0.584909 3.008319 -13.821209 -6e-06 3e-06 -23.887226 -0.249096 -0.839485 -61.493313 2.781503 -1.470622 -0.294021 1.679676 0.833254 -14.218197 0.093218 1.300579 -34.212051 -0.287573 0.96718 -20.033251 0.964538 1.212861 1e-06 -0.0 -1e-06 -3.440376 0.788221 0.501657 -15.928174 -3.167301 2.999709 -6.338827 -3e-06 2e-06 -18.123503 3.648165 -4.905692 -6e-06 -0.0 -2e-06 16.094749 7.918511 16.576754 58.541592 17.140009 13.659379 0.53576 23.377274 -0.11763 -6.592487 -1.935153 2.862315 2.243565 -5.254923 -3.179942 14.282804 -0.826686 6.952648 -1.8e-05 -12.69066 4e-06 16.178253 -17.553211 2.522862 1.665671 -1.955923 -2.878311 4.727821 -4.170604 4.993894 11.020609 1.8e-05 -2e-06 12.109223 -3.735725 -2.866854 -0.0 -0.0 -1e-06 1.291994 -1.928571 -1.498111 14.800194 0.567509 3.865596 14.242674 -1.34172 -6.660709 19.632296 0.143963 -0.648286 49.435658 -0.566039 -6.383644 0.353037 -1.511181 -0.031964 20.222876 3.684374 2.316628 18.787409 2.2e-05 7e-06 10.751713 -0.479866 1.397938 1e-06 -1e-06 -2e-06 3.273852 0.30591 -0.580157 21.48686 11.83047 2.266151 8.162985 1e-05 4e-06 18.39933 -3.798953 -4.940637 3e-06 1e-06 1e-06 4.357366 3.851461 -22.85078 0.146309 0.228556 58.984272 0.362408 -5.823864 -0.773994 1.853769 -1.901989 -4.566696 -0.0 0.0 -1e-06 7.530157 -2.471331 9.001145 -0.041084 -0.287383 1.653991 -4.869918 -1.77422 -5.294245 -1.411979 0.821296 -0.310298 0.0 -0.0 -2e-06 
0.0 0.0 0.0 0.0 -0.0 0.0 -51.850189 98.47612 646.345703 -0.647624 -5.008262 -4.242509 0.433066 0.750623 2.263049 -0.433151 1.661261 -3.996673 -0.561318 -0.450811 10.02622 3.148793 0.687048 8.468293 -0.719427 -1.034979 -3.720201 0.120151 -2.748903 -13.017107 7.7e-05 -2.2e-05 5e-06 -0.011799 -0.103849 0.037932 0.551798 -3.841249 -10.620224 -0.580389 3.623546 -10.636527 -12.503815 -1.229005 14.595346 -66.906693 -3.00876 5.041066 0.19789 -21.930456 0.149283 -2.440272 6.422234 -0.238447 -5.882102 9.861398 0.702578 -10.936866 -0.360647 7.156236 1.7e-05 8.774764 6e-06 -16.792606 18.517727 5.842252 -1.844026 2.498498 -2.507274 -10.163566 4.678893 4.621112 -20.975988 -3.2e-05 2.1e-05 -21.226269 2.451623 -3.593936 -2e-06 -6e-06 -0.0 -1.362663 2.240725 -0.746323 -21.334869 0.584945 3.008312 -13.821192 -1.8e-05 1.7e-05 -23.887184 -0.249127 -0.83942 -61.623947 3.048514 -1.675568 -0.294004 1.679593 0.833252 -14.218192 0.093288 1.300573 -34.212013 -0.287586 0.967214 -20.033236 0.964545 1.21288 -1e-06 1e-06 -0.0 -3.440328 0.788087 0.501674 -15.928189 -3.167163 2.999671 -6.338818 -9e-06 1e-05 -18.123455 3.648115 -4.905635 -8e-06 1e-06 -1e-06 14.482166 8.805783 16.491545 58.293938 18.258135 15.441996 0.427522 26.559946 -0.131423 -6.155829 -1.790189 2.985667 2.243511 -5.25518 -3.180323 14.282821 -0.826554 6.952464 -6e-05 -12.690539 1.6e-05 16.177832 -17.782986 2.540364 1.665664 -1.955915 -2.878288 4.727771 -4.170539 4.993928 11.020495 4.9e-05 -1.1e-05 12.109011 -3.735601 -2.86677 0.0 -1e-06 0.0 1.291952 -1.928485 -1.498074 14.800117 0.567463 3.865592 14.242525 -1.341665 -6.660635 19.631969 0.144068 -0.648197 49.816032 -0.520306 -6.307858 0.352985 -1.511066 -0.031927 20.222786 3.684283 2.316598 18.787216 8.2e-05 1.4e-05 10.751615 -0.479835 1.397918 -0.0 -3e-06 -2e-06 3.273715 0.30609 -0.580082 21.486858 11.830256 2.26607 8.162898 2.9e-05 -2e-06 18.399035 -3.79886 -4.940517 3e-06 1e-06 -3e-06 1.752204 4.355127 -25.787107 0.173468 0.161909 47.544006 -0.206277 -5.324844 -0.102372 1.865669 -1.917489 -4.750371 0.0 0.0 1e-06 5.628999 -1.4906 11.921206 -0.085843 -0.212977 1.078227 -4.617632 -2.036873 -7.108116 -1.423199 0.846119 -0.128791 -0.0 -0.0 1e-06 
