HIERARCHY
ROOT Root
{
  OFFSET 0.0 0.0 0.0
  CHANNELS 6 Xposition Yposition Zposition Zrotation Yrotation Xrotation
  JOINT Hips
  {
    OFFSET 0.0 100.0 0.0
    CHANNELS 6 Xposition Yposition Zposition Zrotation Yrotation Xrotation
    JOINT Spine1
    {
      OFFSET 5.003913 -0.037094 -0.013727
      CHANNELS 3 Zrotation Yrotation Xrotation
      JOINT Spine2
      {
        OFFSET 7.125363 -1e-06 0.0
        CHANNELS 3 Zrotation Yrotation Xrotation
        JOINT Chest
        {
          OFFSET 7.594027 1e-06 0.0
          CHANNELS 3 Zrotation Yrotation Xrotation
          JOINT Neck1
          {
            OFFSET 26.313086 -0.460272 -0.181672
            CHANNELS 3 Zrotation Yrotation Xrotation
            JOINT Neck2
            {
              OFFSET 8.04591 0.0 0.0
              CHANNELS 3 Zrotation Yrotation Xrotation
              JOINT Head
              {
                OFFSET 6.432777 0.0 0.0
                CHANNELS 3 Zrotation Yrotation Xrotation
                JOINT HeadEnd
                {
                  OFFSET 16.169769 0.06451 0.00362
                  CHANNELS 3 Zrotation Yrotation Xrotation
                }
                JOINT Jaw
                {
                  OFFSET 0.108738 3.12938 0.002639
                  CHANNELS 3 Zrotation Yrotation Xrotation
                }
                JOINT LeftEye
                {
                  OFFSET 4.451729 8.166359 3.206392
                  CHANNELS 3 Zrotation Yrotation Xrotation
                }
                JOINT RightEye
                {
                  OFFSET 4.43689 8.135758 -3.222429
                  CHANNELS 3 Zrotation Yrotation Xrotation
                }
              }
            }
          }
          JOINT LeftShoulder
          {
            OFFSET 23.218927 5.195579 1.621656
            CHANNELS 3 Zrotation Yrotation Xrotation
            JOINT LeftArm
            {
              OFFSET 15.902122 2e-06 -2e-06
              CHANNELS 3 Zrotation Yrotation Xrotation
              JOINT LeftForeArm
              {
                OFFSET 28.739304 0.0 -1e-06
                CHANNELS 3 Zrotation Yrotation Xrotation
                JOINT LeftHand
                {
                  OFFSET 27.093979 -4e-06 0.0
                  CHANNELS 3 Zrotation Yrotation Xrotation
                  JOINT LeftHandThumb1
                  {
                    OFFSET 2.276787 3.380274 0.83384
                    CHANNELS 3 Zrotation Yrotation Xrotation
                    JOINT LeftHandThumb2
                    {
                      OFFSET 4.705307 -2e-06 -1e-06
                      CHANNELS 3 Zrotation Yrotation Xrotation
                      JOINT LeftHandThumb3
                      {
                        OFFSET 2.798515 0.0 3e-06
                        CHANNELS 3 Zrotation Yrotation Xrotation
                        JOINT LeftHandThumbEnd
                        {
                          OFFSET 3.180786 5e-06 -4e-06
                          CHANNELS 3 Zrotation Yrotation Xrotation
                        }
                      }
                    }
                  }
                  JOINT LeftHandIndex1
                  {
                    OFFSET 3.24778 2.352677 0.137192
                    CHANNELS 3 Zrotation Yrotation Xrotation
                    JOINT LeftHandIndex2
                    {
                      OFFSET 6.367104 1e-06 0.0
                      CHANNELS 3 Zrotation Yrotation Xrotation
                      JOINT LeftHandIndex3
                      {
                        OFFSET 3.662361 0.0 0.0
                        CHANNELS 3 Zrotation Yrotation Xrotation
                        JOINT LeftHandIndex4
                        {
                          OFFSET 2.329239 4e-06 -4e-06
                          CHANNELS 3 Zrotation Yrotation Xrotation
                          JOINT LeftHandIndexEnd
                          {
                            OFFSET 2.767822 0.0 0.0
                            CHANNELS 3 Zrotation Yrotation Xrotation
                          }
                        }
                      }
                    }
                  }
                  JOINT LeftHandMiddle1
                  {
                    OFFSET 3.163612 0.945023 -0.406112
                    CHANNELS 3 Zrotation Yrotation Xrotation
                    JOINT LeftHandMiddle2
                    {
                      OFFSET 6.276794 3e-06 0.0
                      CHANNELS 3 Zrotation Yrotation Xrotation
                      JOINT LeftHandMiddle3
                      {
                        OFFSET 4.356522 -1e-06 4e-06
                        CHANNELS 3 Zrotation Yrotation Xrotation
                        JOINT LeftHandMiddle4
                        {
                          OFFSET 2.996872 0.0 8e-06
                          CHANNELS 3 Zrotation Yrotation Xrotation
                          JOINT LeftHandMiddleEnd
                          {
                            OFFSET 2.323257 3e-06 -4e-06
                            CHANNELS 3 Zrotation Yrotation Xrotation
                          }
                        }
                      }
                    }
                  }
                  JOINT LeftHandRing1
                  {
                    OFFSET 2.882607 -0.309162 0.107445
                    CHANNELS 3 Zrotation Yrotation Xrotation
                    JOINT LeftHandRing2
                    {
                      OFFSET 6.033195 0.0 4e-06
                      CHANNELS 3 Zrotation Yrotation Xrotation
                      JOINT LeftHandRing3
                      {
                        OFFSET 4.350578 3e-06 0.0
                        CHANNELS 3 Zrotation Yrotation Xrotation
                        JOINT LeftHandRing4
                        {
                          OFFSET 2.651321 1e-06 -7e-06
                          CHANNELS 3 Zrotation Yrotation Xrotation
                          JOINT LeftHandRingEnd
                          {
                            OFFSET 1.937668 1e-06 -4e-06
                            CHANNELS 3 Zrotation Yrotation Xrotation
                          }
                        }
                      }
                    }
                  }
                  JOINT LeftHandPinky1
                  {
                    OFFSET 2.865311 -1.525436 0.575687
                    CHANNELS 3 Zrotation Yrotation Xrotation
                    JOINT LeftHandPinky2
                    {
                      OFFSET 5.549362 1e-06 -8e-06
                      CHANNELS 3 Zrotation Yrotation Xrotation
                      JOINT LeftHandPinky3
                      {
                        OFFSET 3.070969 0.0 -4e-06
                        CHANNELS 3 Zrotation Yrotation Xrotation
                        JOINT LeftHandPinky4
                        {
                          OFFSET 1.549675 1e-06 0.0
                          CHANNELS 3 Zrotation Yrotation Xrotation
                          JOINT LeftHandPinkyEnd
                          {
                            OFFSET 1.952118 0.0 0.0
                            CHANNELS 3 Zrotation Yrotation Xrotation
                          }
                        }
                      }
                    }
                  }
                }
              }
            }
          }
          JOINT RightShoulder
          {
            OFFSET 23.161718 5.296122 -1.380114
            CHANNELS 3 Zrotation Yrotation Xrotation
            JOINT RightArm
            {
              OFFSET -16.027195 -2e-06 1.1e-05
              CHANNELS 3 Zrotation Yrotation Xrotation
              JOINT RightForeArm
              {
                OFFSET -28.736641 4e-06 2e-06
                CHANNELS 3 Zrotation Yrotation Xrotation
                JOINT RightHand
                {
                  OFFSET -27.133617 6e-06 0.0
                  CHANNELS 3 Zrotation Yrotation Xrotation
                  JOINT RightHandThumb1
                  {
                    OFFSET -2.274328 -3.351035 -0.83067
                    CHANNELS 3 Zrotation Yrotation Xrotation
                    JOINT RightHandThumb2
                    {
                      OFFSET -4.703592 -3e-06 2e-06
                      CHANNELS 3 Zrotation Yrotation Xrotation
                      JOINT RightHandThumb3
                      {
                        OFFSET -2.794937 -4e-06 -3e-06
                        CHANNELS 3 Zrotation Yrotation Xrotation
                        JOINT RightHandThumbEnd
                        {
                          OFFSET -3.183853 4e-06 1e-06
                          CHANNELS 3 Zrotation Yrotation Xrotation
                        }
                      }
                    }
                  }
                  JOINT RightHandIndex1
                  {
                    OFFSET -3.253498 -2.33755 -0.127667
                    CHANNELS 3 Zrotation Yrotation Xrotation
                    JOINT RightHandIndex2
                    {
                      OFFSET -6.344433 0.0 0.0
                      CHANNELS 3 Zrotation Yrotation Xrotation
                      JOINT RightHandIndex3
                      {
                        OFFSET -3.654869 0.0 -8e-06
                        CHANNELS 3 Zrotation Yrotation Xrotation
                        JOINT RightHandIndex4
                        {
                          OFFSET -2.327587 -1e-06 0.0
                          CHANNELS 3 Zrotation Yrotation Xrotation
                          JOINT RightHandIndexEnd
                          {
                            OFFSET -2.770004 3e-06 8e-06
                            CHANNELS 3 Zrotation Yrotation Xrotation
                          }
                        }
                      }
                    }
                  }
                  JOINT RightHandMiddle1
                  {
                    OFFSET -3.168224 -0.944764 0.411762
                    CHANNELS 3 Zrotation Yrotation Xrotation
                    JOINT RightHandMiddle2
                    {
                      OFFSET -6.266689 -1e-06 -4e-06
                      CHANNELS 3 Zrotation Yrotation Xrotation
                      JOINT RightHandMiddle3
                      {
                        OFFSET -4.348904 0.0 0.0
                        CHANNELS 3 Zrotation Yrotation Xrotation
                        JOINT RightHandMiddle4
                        {
                          OFFSET -3.000237 2e-06 -4e-06
                          CHANNELS 3 Zrotation Yrotation Xrotation
                          JOINT RightHandMiddleEnd
                          {
                            OFFSET -2.32148 -4e-06 -4e-06
                            CHANNELS 3 Zrotation Yrotation Xrotation
                          }
                        }
                      }
                    }
                  }
                  JOINT RightHandRing1
                  {
                    OFFSET -2.885654 0.293261 -0.119232
                    CHANNELS 3 Zrotation Yrotation Xrotation
                    JOINT RightHandRing2
                    {
                      OFFSET -6.032833 -1e-06 -4e-06
                      CHANNELS 3 Zrotation Yrotation Xrotation
                      JOINT RightHandRing3
                      {
                        OFFSET -4.33881 0.0 -4e-06
                        CHANNELS 3 Zrotation Yrotation Xrotation
                        JOINT RightHandRing4
                        {
                          OFFSET -2.654903 -4e-06 -4e-06
                          CHANNELS 3 Zrotation Yrotation Xrotation
                          JOINT RightHandRingEnd
                          {
                            OFFSET -1.935123 0.0 4e-06
                            CHANNELS 3 Zrotation Yrotation Xrotation
                          }
                        }
                      }
                    }
                  }
                  JOINT RightHandPinky1
                  {
                    OFFSET -2.866241 1.503903 -0.60527
                    CHANNELS 3 Zrotation Yrotation Xrotation
                    JOINT RightHandPinky2
                    {
                      OFFSET -5.553177 -1e-06 0.0
                      CHANNELS 3 Zrotation Yrotation Xrotation
                      JOINT RightHandPinky3
                      {
                        OFFSET -3.062664 -1e-06 -4e-06
                        CHANNELS 3 Zrotation Yrotation Xrotation
                        JOINT RightHandPinky4
                        {
                          OFFSET -1.546532 2e-06 4e-06
                          CHANNELS 3 Zrotation Yrotation Xrotation
                          JOINT RightHandPinkyEnd
                          {
                            OFFSET -1.952339 0.0 -4e-06
                            CHANNELS 3 Zrotation Yrotation Xrotation
                          }
                        }
                      }
                    }
                  }
                }
              }
            }
          }
        }
      }
    }
    JOINT LeftLeg
    {
      OFFSET -8.443107 2.567604 10.043214
      CHANNELS 3 Zrotation Yrotation Xrotation
      JOINT LeftShin
      {
        OFFSET 43.229202 1e-06 -1e-06
        CHANNELS 3 Zrotation Yrotation Xrotation
        JOINT LeftFoot
        {
          OFFSET 42.298607 1e-06 1e-06
          CHANNELS 3 Zrotation Yrotation Xrotation
          JOINT LeftToeBase
          {
            OFFSET 14.165863 1e-06 0.0
            CHANNELS 3 Zrotation Yrotation Xrotation
            JOINT LeftToeEnd
            {
              OFFSET 6.714096 -0.234461 0.0
              CHANNELS 3 Zrotation Yrotation Xrotation
            }
          }
        }
      }
    }
    JOINT RightLeg
    {
      OFFSET -8.303924 2.592729 -10.047277
      CHANNELS 3 Zrotation Yrotation Xrotation
      JOINT RightShin
      {
        OFFSET -43.369686 0.0 0.0
        CHANNELS 3 Zrotation Yrotation Xrotation
        JOINT RightFoot
        {
          OFFSET -42.260784 4e-06 3e-06
          CHANNELS 3 Zrotation Yrotation Xrotation
          JOINT RightToeBase
          {
            OFFSET -14.222237 -2e-06 -2e-06
            CHANNELS 3 Zrotation Yrotation Xrotation
            JOINT RightToeEnd
            {
              OFFSET -6.660072 0.232574 -1e-06
              CHANNELS 3 Zrotation Yrotation Xrotation
            }
          }
        }
      }
    }
  }
}
MOTION
Frames: 120
Frame Time: 0.03333333333333333
0.0 0.0 0.0 0.0 -0.0 0.0 0.64609 100.29744 -0.65662 91.294525 0.665839 89.998535 -1.835849 -0.465302 -0.068999 -11.38798 -0.652755 0.612443 16.928055 -1.267554 -1.928744 16.222422 3.066466 2.620347 -2.536687 -0.81655 -2.29601 -34.570835 -1.781613 -2.191897 9e-06 -0.0 -0.0 0.031108 -0.003426 -0.068305 0.100637 -0.028916 -0.074623 0.091796 0.022882 -0.055601 -118.324738 -71.670868 133.979797 46.656494 -57.84301 6.021582 23.727558 0.524683 0.120345 -5.317815 4.697302 5.35361 17.6366 -26.32263 52.411091 -19.46653 -14.395531 29.410273 2.2e-05 -8.774798 -1.4e-05 16.284964 -17.902817 5.849139 -0.60978 -1.795648 -3.889316 -4.807103 -11.046776 -2.937839 -3.9e-05 -20.975924 -3e-06 -5.019986 -25.033482 -4.031921 5e-06 -1e-06 -0.0 -10.634525 -5.686975 -3.565577 10.573203 -17.922861 -3.113876 -2.4e-05 -13.821155 -5e-06 -0.501813 -31.181395 -4.027053 -11.314816 -59.470695 7.039893 -13.9827 -7.150203 -2.875031 13.772674 -8.401431 -3.218215 0.347661 -34.211395 0.77165 -0.963048 -17.733313 2.620993 1e-06 -2e-06 2e-06 -17.346426 -20.095192 -4.201761 21.757513 -1.638328 3.866447 -1.2e-05 -6.3388 -0.0 -1.697632 -22.591698 -6.194026 0.0 -3e-06 -2e-06 38.402832 -71.050522 160.261658 49.529148 -51.783886 -17.268862 28.388641 -1.307305 -0.195592 -4.355634 8.730794 7.834987 22.182138 -20.375933 49.933334 -16.701752 -16.743555 28.476517 2.1e-05 -12.690626 -4e-06 15.842875 -17.433437 2.900491 -0.105923 -1.513851 -4.275876 -5.039055 -5.612873 -2.953553 -1.4e-05 -11.020538 1.2e-05 -6.111351 -15.895395 -3.840477 0.0 2e-06 -2e-06 -10.283385 -5.680294 -4.341833 11.028285 -11.302386 -2.372614 -1.384301 -14.238593 -6.32012 -0.625491 -26.924267 -3.827598 -3.958352 -49.400063 -3.923382 -13.708543 -7.363484 -3.720932 18.141146 -14.052709 -3.242651 -2.8e-05 -18.787304 1.8e-05 -0.429727 -8.456082 2.555518 0.0 -0.0 3e-06 -15.923584 -20.094482 -5.473558 30.419245 -7.190781 1.735956 -1.1e-05 -8.162941 8e-06 -1.861952 -22.861561 -6.167958 -1e-06 -3e-06 -4e-06 -177.574493 -1.95126 2.795146 5.533864 -0.048351 -0.035491 -77.085197 2.160716 -4.310277 -5.869556 1.694194 2.160348 -0.999997 0.0 -0.0 2.445853 -4.501646 -9.00578 5.601051 -0.000723 0.054482 -76.475876 2.773821 -4.449504 -5.564398 0.651326 1.648827 -1.000002 -0.0 -0.0 
0.0 0.0 0.0 0.0 -0.0 0.0 0.735979 100.338783 -0.721513 91.296455 0.712069 89.861237 -1.80215 -0.469641 -0.112051 -11.354603 -0.608795 0.676966 16.921112 -1.216808 -1.935934 16.150351 3.305799 2.619758 -2.523605 -0.773718 -2.559197 -34.600182 -2.031907 -2.374649 6e-06 0.0 -0.0 0.023116 -0.007893 -0.069288 0.113847 -0.03504 -0.072407 0.103252 0.020313 -0.0618 -117.800575 -71.817642 133.349136 46.912273 -58.093128 5.641356 23.765829 0.517289 0.048657 -5.064415 4.96515 5.557774 17.636591 -26.322716 52.411213 -19.466688 -14.395616 29.41046 4e-06 -8.774845 4e-06 16.270866 -17.914919 5.789672 -0.609777 -1.795654 -3.889331 -4.807102 -11.046827 -2.937858 -1e-05 -20.976076 -9e-06 -5.019991 -25.033707 -4.031929 6e-06 1e-06 -3e-06 -10.634535 -5.686979 -3.565585 10.573272 -17.922968 -3.113914 -6e-06 -13.821251 -6e-06 -0.501768 -31.181709 -4.027074 -11.369184 -59.391125 6.995914 -13.982716 -7.150208 -2.875041 13.772738 -8.401495 -3.218255 0.347721 -34.211678 0.771643 -0.96304 -17.733486 2.621026 -0.0 1e-06 2e-06 -17.34643 -20.095234 -4.201777 21.757586 -1.638359 3.866426 -2e-06 -6.338843 -2e-06 -1.697596 -22.591892 -6.194075 2e-06 -5e-06 -5e-06 37.187973 -71.371483 161.345108 50.852936 -48.965229 -20.00654 31.577 -1.108938 -0.324593 -5.262038 9.77359 6.608074 22.182089 -20.375818 49.933155 -16.701752 -16.743484 28.476416 -4e-06 -12.690575 -6e-06 15.831037 -17.566526 2.930518 -0.105919 -1.513852 -4.275869 -5.039032 -5.612854 -2.953544 7e-06 -11.020498 0.0 -6.11128 -15.895304 -3.840473 -2e-06 0.0 0.0 -10.283353 -5.680276 -4.341824 11.028268 -11.30237 -2.372618 -1.384268 -14.238543 -6.320104 -0.62542 -26.924147 -3.827594 -3.996921 -49.610378 -3.894661 -13.708504 -7.363461 -3.720926 18.141109 -14.052698 -3.242657 1.2e-05 -18.787222 -1e-06 -0.429702 -8.456031 2.555502 3e-06 -3e-06 -0.0 -15.923509 -20.094433 -5.473567 30.419146 -7.190809 1.735938 2e-06 -8.162904 2e-06 -1.861884 -22.861437 -6.167933 -1e-06 -4e-06 -3e-06 -177.532516 -1.880956 2.555806 5.524565 -0.04743 0.020503 -77.178734 2.088913 -4.299554 -5.94824 1.734003 2.170707 -0.999997 -0.0 0.0 2.416384 -4.558646 -8.788176 5.67109 -0.003051 0.085799 -76.448532 2.826301 -4.50261 -5.547683 0.647069 1.653356 -0.999998 -0.0 0.0 
0.0 0.0 0.0 0.0 -0.0 0.0 0.833619 100.350151 -0.798091 91.315208 0.728159 89.802155 -1.814453 -0.511177 -0.141776 -11.36761 -0.584091 0.738221 17.010958 -1.095487 -1.91792 16.103704 3.590524 2.64615 -2.559311 -0.762861 -2.949671 -34.531891 -2.410351 -2.68843 6e-06 0.0 -0.0 0.022615 -0.011229 -0.084511 0.105979 -0.0439 -0.084108 0.096977 0.022163 -0.082624 -117.268585 -72.040977 132.70372 47.082272 -58.337753 5.407044 23.952597 0.467089 -0.032868 -4.959017 5.097719 5.461405 17.636829 -26.322943 52.411579 -19.466967 -14.395747 29.410709 -2e-06 -8.774961 -8e-06 16.238531 -17.940256 5.768744 -0.60978 -1.795677 -3.889361 -4.80715 -11.046962 -2.937888 2.1e-05 -20.976377 -2.8e-05 -5.020032 -25.034098 -4.03199 5e-06 1e-06 2e-06 -10.634649 -5.687037 -3.565612 10.573426 -17.923193 -3.113962 1.4e-05 -13.821431 -1.9e-05 -0.501724 -31.182175 -4.027151 -11.413439 -59.327747 6.96558 -13.982866 -7.15028 -2.875057 13.772911 -8.401606 -3.218288 0.34779 -34.212166 0.771603 -0.963009 -17.733723 2.621042 -2e-06 1e-06 -0.0 -17.346621 -20.095455 -4.201806 21.757845 -1.638399 3.866475 5e-06 -6.338922 -1.3e-05 -1.697589 -22.592213 -6.19417 -1e-06 -3e-06 -3e-06 35.50547 -71.667168 162.734909 52.105259 -45.792686 -23.315756 35.045753 -0.859192 -0.362021 -6.511443 11.766785 5.668161 22.182226 -20.375994 49.93364 -16.702032 -16.743687 28.476799 -1.4e-05 -12.690735 1e-05 15.73644 -17.683571 2.997803 -0.105911 -1.513869 -4.275914 -5.039082 -5.612926 -2.953581 1.5e-05 -11.020645 -1.9e-05 -6.111339 -15.895555 -3.840537 -3e-06 -0.0 -1e-06 -10.283446 -5.680336 -4.341858 11.0284 -11.302505 -2.372678 -1.384266 -14.238738 -6.3202 -0.625379 -26.92458 -3.827693 -4.072671 -49.688671 -3.809805 -13.708629 -7.36354 -3.720953 18.141331 -14.052862 -3.242743 2.9e-05 -18.787464 -3.2e-05 -0.429703 -8.456147 2.555522 2e-06 -4e-06 1e-06 -15.923668 -20.094652 -5.473611 30.419498 -7.190887 1.735908 8e-06 -8.163002 -1.3e-05 -1.861879 -22.861763 -6.168058 1e-06 -3e-06 -1e-06 -177.572586 -1.784266 2.439386 5.578627 -0.054289 0.050791 -77.248405 2.041035 -4.195962 -5.923351 1.737783 2.174025 -1.000006 0.0 0.0 2.333084 -4.661651 -8.669028 5.801557 -0.003164 0.101282 -76.433632 2.962842 -4.58129 -5.513454 0.66197 1.660442 -1.000006 0.0 0.0 
0.0 0.0 0.0 0.0 -0.0 0.0 0.931347 100.337265 -0.878013 91.340355 0.720531 89.780624 -1.840899 -0.573115 -0.152483 -11.411573 -0.56137 0.818781 17.129284 -0.928164 -1.899279 16.092081 3.844577 2.651026 -2.584281 -0.75269 -3.362998 -34.491146 -2.809707 -3.017879 6e-06 -0.0 0.0 0.021691 -0.013472 -0.097812 0.082975 -0.051596 -0.095068 0.080969 0.024413 -0.100311 -116.558517 -72.273933 131.879822 47.334595 -58.564133 5.459014 24.124229 0.479207 -0.096508 -4.947603 5.073682 5.468877 17.636677 -26.322664 52.411015 -19.466681 -14.395587 29.410313 -1e-05 -8.774828 -8e-06 16.178185 -17.925913 5.783281 -0.609775 -1.795653 -3.889322 -4.807077 -11.046799 -2.937844 3.9e-05 -20.976015 -8e-06 -5.019931 -25.033571 -4.031881 5e-06 -0.0 1e-06 -10.63453 -5.68696 -3.565579 10.573297 -17.922962 -3.113903 2.3e-05 -13.821218 0.0 -0.501725 -31.181576 -4.027022 -11.464074 -59.329544 7.000032 -13.982709 -7.150182 -2.875036 13.772738 -8.401505 -3.218236 0.347798 -34.211563 0.771636 -0.962999 -17.733404 2.621031 -1e-06 -1e-06 0.0 -17.346401 -20.095196 -4.201775 21.757559 -1.638403 3.866424 1.3e-05 -6.338824 -2e-06 -1.697543 -22.59177 -6.194023 2e-06 -4e-06 -3e-06 33.540504 -71.972015 164.355789 53.513573 -42.358547 -27.511702 38.72488 -0.598146 -0.23833 -7.723338 14.834602 4.68993 22.18203 -20.375868 49.933285 -16.701872 -16.743557 28.47658 -1.9e-05 -12.69061 2.5e-05 15.51445 -17.736444 3.07127 -0.105915 -1.51386 -4.275882 -5.039032 -5.612883 -2.953553 1.2e-05 -11.02056 -8e-06 -6.111277 -15.895408 -3.840472 1e-06 -1e-06 -0.0 -10.283363 -5.680292 -4.341828 11.028303 -11.302431 -2.372658 -1.384251 -14.238628 -6.320135 -0.625394 -26.924343 -3.82763 -4.152939 -49.65295 -3.682205 -13.708517 -7.363479 -3.720926 18.141165 -14.052772 -3.242713 2.1e-05 -18.787331 -1.4e-05 -0.429706 -8.456087 2.555507 2e-06 -1e-06 -0.0 -15.923524 -20.094505 -5.473568 30.419231 -7.190833 1.735873 3e-06 -8.16295 -8e-06 -1.861877 -22.861588 -6.167972 -2e-06 -5e-06 0.0 -177.670319 -1.676706 2.385494 5.659452 -0.065772 0.072872 -77.274284 1.994906 -4.089252 -5.882741 1.732048 2.173347 -0.999999 -0.0 -0.0 2.239887 -4.775 -8.592007 5.886806 -0.005798 0.101362 -76.413292 3.100273 -4.685953 -5.5691 0.671152 1.659602 -1.000005 -0.0 -0.0 
0.0 0.0 0.0 0.0 -0.0 0.0 1.025204 100.313103 -0.955443 91.36129 0.676221 89.810997 -1.884336 -0.628908 -0.126307 -11.451015 -0.543232 0.895611 17.211054 -0.749755 -1.869815 16.058498 4.070797 2.634245 -2.585345 -0.731059 -3.81754 -34.481792 -3.220444 -3.348795 6e-06 -0.0 -0.0 0.023526 -0.009498 -0.090996 0.073297 -0.049464 -0.086246 0.077042 0.029276 -0.097921 -115.682274 -72.480095 130.898178 47.715008 -58.774857 5.595895 24.202065 0.549219 -0.123319 -5.059234 4.962766 5.554685 17.636429 -26.322483 52.410919 -19.466412 -14.395444 29.41017 1.4e-05 -8.774718 -2e-06 16.081646 -17.897081 5.840082 -0.609777 -1.795636 -3.889301 -4.807057 -11.046699 -2.937835 -2.8e-05 -20.975752 -1.1e-05 -5.019906 -25.033245 -4.031882 7e-06 3e-06 0.0 -10.634449 -5.686937 -3.565573 10.573125 -17.922733 -3.113864 -1.8e-05 -13.821043 -3e-06 -0.501781 -31.181105 -4.027015 -11.556387 -59.349808 7.110689 -13.982599 -7.150156 -2.875034 13.772564 -8.401381 -3.218204 0.347675 -34.211098 0.771645 -0.963044 -17.733158 2.620982 -2e-06 3e-06 0.0 -17.346285 -20.095062 -4.201774 21.757332 -1.638318 3.866407 -9e-06 -6.33875 2e-06 -1.697591 -22.591471 -6.19397 0.0 -3e-06 -2e-06 31.377653 -72.336548 166.078506 55.187752 -38.703339 -32.640575 42.492611 -0.470731 0.025646 -8.889184 18.689625 3.690249 22.182034 -20.375811 49.93293 -16.701643 -16.743448 28.476269 -5e-06 -12.690521 -4e-06 15.254552 -17.692759 3.141003 -0.10592 -1.513841 -4.27585 -5.03901 -5.612822 -2.953526 1.1e-05 -11.020441 1.5e-05 -6.111246 -15.895206 -3.840426 -4e-06 -1e-06 0.0 -10.283318 -5.680239 -4.341803 11.028227 -11.302323 -2.372594 -1.384266 -14.238462 -6.320049 -0.625439 -26.923988 -3.827522 -4.222939 -49.702976 -3.493262 -13.708454 -7.363414 -3.72091 18.141043 -14.05264 -3.242622 5e-06 -18.78714 3e-05 -0.429712 -8.456002 2.555506 -0.0 1e-06 -1e-06 -15.923454 -20.09432 -5.473523 30.419041 -7.190785 1.735935 3e-06 -8.162872 1.2e-05 -1.861903 -22.861332 -6.16786 0.0 -3e-06 -1e-06 -177.798706 -1.581015 2.413854 5.707584 -0.080786 0.090024 -77.292091 1.958594 -3.999049 -5.835356 1.726167 2.171092 -0.999999 0.0 0.0 2.153844 -4.860304 -8.564699 5.881372 -0.010828 0.107301 -76.344933 3.188419 -4.786017 -5.656403 0.664093 1.650585 -1.000005 0.0 -0.0 
0.0 0.0 0.0 0.0 -0.0 0.0 1.093676 100.291649 -1.016024 91.37838 0.580241 89.935387 -1.938874 -0.677407 -0.067937 -11.480192 -0.527299 0.964155 17.208521 -0.602496 -1.815331 15.989022 4.304873 2.614392 -2.573502 -0.722361 -4.313613 -34.461674 -3.616961 -3.787357 6e-06 0.0 0.0 0.028439 6.1e-05 -0.066797 0.074714 -0.038847 -0.061739 0.083416 0.036826 -0.076746 -114.794746 -72.623398 129.911865 48.162682 -58.95126 5.607135 24.178904 0.637455 -0.125218 -5.254847 4.850422 5.648934 17.63669 -26.322836 52.411324 -19.466726 -14.395637 29.410494 1.8e-05 -8.774876 -4e-06 16.007984 -17.899611 5.915245 -0.60978 -1.795662 -3.889336 -4.807134 -11.046891 -2.937853 -4.6e-05 -20.97621 1.1e-05 -5.020074 -25.033892 -4.031923 9e-06 3e-06 0.0 -10.634581 -5.687013 -3.565589 10.573292 -17.923058 -3.113902 -2.8e-05 -13.821342 2e-06 -0.501833 -31.181955 -4.027087 -11.745029 -59.42091 7.316933 -13.982776 -7.150249 -2.875039 13.772778 -8.401522 -3.21825 0.34766 -34.211899 0.771671 -0.963069 -17.733599 2.621032 0.0 1e-06 -1e-06 -17.346525 -20.095339 -4.201761 21.757669 -1.638343 3.866454 -1e-05 -6.338881 -1e-06 -1.697644 -22.592045 -6.194081 1e-06 -8e-06 0.0 29.231167 -72.799049 167.667938 57.082733 -35.044861 -38.400463 46.105133 -0.540612 0.363584 -10.035286 23.053179 2.371204 22.182152 -20.375948 49.933388 -16.701881 -16.743635 28.476622 -5e-06 -12.690683 1.1e-05 15.022117 -17.559999 3.236783 -0.105915 -1.513858 -4.275894 -5.039062 -5.612889 -2.953557 6e-06 -11.020572 -1e-06 -6.111334 -15.895433 -3.840491 -1e-06 -0.0 0.0 -10.283405 -5.680304 -4.341835 11.02835 -11.302437 -2.37265 -1.384274 -14.238642 -6.320141 -0.625425 -26.924368 -3.827619 -4.307078 -49.839451 -3.30197 -13.70857 -7.363496 -3.72093 18.141237 -14.052776 -3.242695 6e-06 -18.787359 3e-06 -0.429716 -8.456104 2.555522 1e-06 1e-06 1e-06 -15.923608 -20.094534 -5.473567 30.419365 -7.190839 1.735914 3e-06 -8.162961 -1e-06 -1.86192 -22.861631 -6.167978 1e-06 -4e-06 -1e-06 -177.96347 -1.504205 2.519738 5.708975 -0.093641 0.088976 -77.300514 1.978864 -3.894303 -5.773386 1.715297 2.167484 -1.0 -0.0 0.0 2.059526 -4.909382 -8.607971 5.831207 -0.016025 0.131427 -76.259163 3.163055 -4.861323 -5.720738 0.649114 1.640006 -1.000005 -0.0 -0.0 
0.0 0.0 0.0 0.0 -0.0 0.0 1.135773 100.284767 -1.055527 91.39357 0.457805 90.174377 -2.004041 -0.724124 0.005696 -11.503286 -0.50065 1.067125 17.154385 -0.512373 -1.743317 15.883592 4.534818 2.612209 -2.571334 -0.733751 -4.907619 -34.455662 -3.98496 -4.346773 9e-06 -0.0 0.0 0.032597 0.012376 -0.034301 0.07037 -0.027034 -0.030838 0.086166 0.048484 -0.045527 -113.922417 -72.736389 128.953339 48.599674 -59.10709 5.433221 24.209911 0.711834 -0.121618 -5.467036 4.823153 5.813439 17.636543 -26.322607 52.411083 -19.466547 -14.395544 29.410316 3.5e-05 -8.774811 -1e-06 15.971586 -17.921709 6.002773 -0.609782 -1.795653 -3.889317 -4.807124 -11.046812 -2.937839 -7.8e-05 -20.975986 -1.1e-05 -5.020042 -25.033592 -4.031944 5e-06 2e-06 -0.0 -10.634532 -5.686996 -3.565571 10.573188 -17.922886 -3.113884 -4.6e-05 -13.821199 -1.1e-05 -0.50185 -31.181553 -4.027102 -11.958165 -59.54007 7.590038 -13.982712 -7.150231 -2.875027 13.772675 -8.401428 -3.218228 0.3476 -34.211502 0.77164 -0.963072 -17.733383 2.620971 2e-06 1e-06 0.0 -17.34646 -20.095245 -4.201743 21.757538 -1.638291 3.866438 -2.2e-05 -6.33882 -4e-06 -1.69767 -22.591789 -6.194061 -2e-06 -3e-06 -1e-06 27.184216 -73.401619 169.10289 59.263481 -31.486898 -44.532982 49.176342 -0.709351 0.717666 -11.163411 28.374163 0.000305 22.182028 -20.375858 49.932972 -16.701738 -16.743559 28.476364 -1.4e-05 -12.690582 1.5e-05 14.827697 -17.382748 3.312778 -0.105913 -1.513845 -4.275859 -5.039021 -5.61284 -2.953521 1.3e-05 -11.02049 2.2e-05 -6.111277 -15.895267 -3.840405 2e-06 -1e-06 1e-06 -10.283343 -5.680251 -4.341794 11.02828 -11.302366 -2.372616 -1.384264 -14.23852 -6.320052 -0.625449 -26.924116 -3.827506 -4.403337 -49.804871 -3.176025 -13.708493 -7.363426 -3.72089 18.141129 -14.052692 -3.242657 2e-06 -18.787216 3.8e-05 -0.429711 -8.456038 2.555514 1e-06 -0.0 2e-06 -15.923507 -20.094372 -5.473494 30.419174 -7.190809 1.735894 2e-06 -8.162907 1.1e-05 -1.861918 -22.861433 -6.167869 1e-06 -2e-06 -1e-06 -178.135605 -1.449231 2.689058 5.660407 -0.101597 0.091464 -77.270493 2.053707 -3.810494 -5.717348 1.691548 2.161393 -0.999999 0.0 0.0 1.972919 -4.934954 -8.709133 5.773681 -0.018278 0.165666 -76.166489 3.037458 -4.909235 -5.761837 0.635266 1.629541 -1.000004 -0.0 -0.0 
0.0 0.0 0.0 0.0 -0.0 0.0 1.157909 100.296532 -1.0719 91.410049 0.325669 90.582779 -2.085811 -0.768185 0.088619 -11.523951 -0.471721 1.22166 17.081701 -0.482919 -1.656178 15.705604 4.775117 2.614124 -2.570729 -0.754164 -5.599579 -34.41087 -4.375482 -5.056419 8e-06 -0.0 0.0 0.035358 0.021317 -0.009292 0.055313 -0.02252 -0.008952 0.075964 0.060775 -0.020004 -112.964493 -72.861107 127.949509 49.052616 -59.239639 4.96007 24.377705 0.710938 -0.120162 -5.626125 4.820517 6.134264 17.636637 -26.322704 52.411053 -19.466581 -14.395568 29.410282 1e-05 -8.774815 -9e-06 15.975796 -17.948507 6.054729 -0.609778 -1.795651 -3.889312 -4.807098 -11.046804 -2.937838 -2.5e-05 -20.976025 2.5e-05 -5.020009 -25.033615 -4.031862 6e-06 -0.0 2e-06 -10.634531 -5.686973 -3.565576 10.573239 -17.922932 -3.113872 -1.5e-05 -13.821218 1.4e-05 -0.501822 -31.181604 -4.026992 -12.091145 -59.6418 7.82217 -13.982708 -7.150203 -2.875027 13.772708 -8.401473 -3.21822 0.347678 -34.211594 0.771698 -0.96305 -17.733435 2.621033 0.0 -1e-06 0.0 -17.346432 -20.095209 -4.201749 21.757542 -1.638352 3.866438 -5e-06 -6.338831 5e-06 -1.697617 -22.591822 -6.194001 -0.0 -3e-06 1e-06 25.289511 -74.172501 170.309082 61.695892 -27.987053 -50.877525 51.53273 -0.87908 1.004907 -12.832522 34.845768 -3.873584 22.182013 -20.375788 49.933159 -16.701799 -16.743526 28.47648 -4e-06 -12.690585 1.1e-05 14.717048 -17.261139 3.288107 -0.105914 -1.513855 -4.275872 -5.039032 -5.612864 -2.953548 2e-06 -11.020507 -1.3e-05 -6.111281 -15.895332 -3.840487 -1e-06 0.0 -0.0 -10.283355 -5.680279 -4.341815 11.028279 -11.302376 -2.372645 -1.384263 -14.238558 -6.32012 -0.625403 -26.92417 -3.827633 -4.460898 -49.568466 -3.169884 -13.708506 -7.363464 -3.720912 18.141129 -14.052697 -3.242691 9e-06 -18.787237 -1.9e-05 -0.429709 -8.456037 2.555495 1e-06 0.0 1e-06 -15.923521 -20.094446 -5.473552 30.419184 -7.190795 1.735899 2e-06 -8.162906 -9e-06 -1.861881 -22.861443 -6.167962 -0.0 -6e-06 0.0 -178.314301 -1.41619 2.973351 5.586121 -0.100185 0.107031 -77.195892 2.1512 -3.782285 -5.654007 1.653956 2.154093 -1.0 0.0 0.0 1.912997 -4.942733 -8.90039 5.730589 -0.021845 0.203499 -76.131943 2.812993 -4.965049 -5.773345 0.618997 1.620468 -1.000002 0.0 -0.0 
0.0 0.0 0.0 0.0 -0.0 0.0 1.150988 100.315002 -1.059247 91.412155 0.202101 91.183281 -2.168375 -0.813176 0.168785 -11.55266 -0.443794 1.411107 17.002535 -0.476358 -1.544753 15.462978 4.975693 2.600789 -2.565156 -0.757872 -6.324614 -34.340233 -4.823547 -5.919464 6e-06 -0.0 1e-06 0.030643 0.025808 0.005859 0.031875 -0.025329 0.003829 0.054072 0.071843 -0.004895 -111.861382 -72.998253 126.845688 49.588726 -59.339939 4.331899 24.61272 0.623361 -0.123128 -5.714101 4.782326 6.828479 17.636686 -26.322786 52.411228 -19.466772 -14.395656 29.410463 -1.1e-05 -8.774867 0.0 16.029791 -17.992239 6.070956 -0.609774 -1.795659 -3.889336 -4.807095 -11.046851 -2.937855 3.1e-05 -20.976139 -1e-06 -5.019975 -25.033741 -4.031894 4e-06 -3e-06 0.0 -10.634559 -5.68698 -3.565587 10.573339 -17.92304 -3.113921 2.1e-05 -13.821287 2e-06 -0.501739 -31.181778 -4.027029 -12.176064 -59.764423 8.066804 -13.982748 -7.150208 -2.875037 13.772792 -8.401543 -3.218259 0.347788 -34.211792 0.77165 -0.96301 -17.733532 2.621052 0.0 1e-06 -0.0 -17.346455 -20.095266 -4.201778 21.757641 -1.638402 3.866426 8e-06 -6.338862 -0.0 -1.697569 -22.591942 -6.19405 1e-06 -6e-06 0.0 23.484489 -75.138336 171.300568 64.192047 -24.485209 -57.082226 53.30621 -0.884514 1.15108 -15.872893 42.383739 -9.62033 22.182247 -20.375999 49.933617 -16.70188 -16.743589 28.476692 -4e-06 -12.690679 -1.2e-05 14.568167 -16.98724 3.214556 -0.105925 -1.513858 -4.275899 -5.039069 -5.612886 -2.953581 8e-06 -11.020571 -9e-06 -6.111326 -15.895436 -3.840542 -1e-06 1e-06 -0.0 -10.283416 -5.680304 -4.341869 11.028344 -11.302431 -2.372638 -1.384271 -14.238631 -6.320181 -0.625396 -26.924349 -3.827662 -4.444545 -49.258701 -3.154887 -13.708583 -7.363501 -3.720971 18.141233 -14.052777 -3.242678 1.5e-05 -18.78735 -1e-06 -0.429712 -8.456099 2.555536 0.0 0.0 -0.0 -15.923606 -20.094547 -5.473635 30.419344 -7.190861 1.735961 5e-06 -8.162961 8e-06 -1.861894 -22.861616 -6.167997 0.0 -3e-06 -1e-06 -178.500793 -1.416948 3.384632 5.519554 -0.089778 0.144389 -77.090904 2.257142 -3.809378 -5.586462 1.610548 2.145106 -1.000003 0.0 0.0 1.914435 -4.915493 -9.170202 5.693373 -0.0271 0.230887 -76.177742 2.459893 -5.057617 -5.721136 0.59451 1.613596 -1.000006 -0.0 -0.0 
0.0 0.0 0.0 0.0 -0.0 0.0 1.116604 100.328972 -1.012892 91.434135 0.074688 91.962715 -2.240768 -0.870609 0.238454 -11.58018 -0.427232 1.591195 16.891298 -0.482798 -1.389524 15.147418 5.097281 2.53314 -2.562628 -0.762182 -6.983466 -34.260563 -5.281884 -6.852083 4e-06 0.0 -0.0 0.019069 0.025686 0.010575 0.014273 -0.032317 0.008288 0.035785 0.077961 -0.002376 -110.834564 -73.107796 125.846962 50.191563 -59.359924 3.726766 24.771427 0.42394 -0.146934 -5.752325 4.769709 7.84328 17.636581 -26.322647 52.41103 -19.466534 -14.395541 29.410242 2.6e-05 -8.7748 -7e-06 16.094378 -18.022379 6.087577 -0.609779 -1.795648 -3.889317 -4.807107 -11.046796 -2.937834 -6e-05 -20.975971 1.8e-05 -5.020034 -25.033545 -4.031882 6e-06 -3e-06 -0.0 -10.634527 -5.68698 -3.565572 10.573197 -17.92289 -3.113866 -3.6e-05 -13.821189 1e-06 -0.501858 -31.181501 -4.027037 -12.239387 -59.900665 8.319006 -13.982702 -7.150211 -2.875027 13.772676 -8.401442 -3.218215 0.347626 -34.211502 0.771673 -0.963064 -17.733381 2.620995 2e-06 0.0 -0.0 -17.346434 -20.095211 -4.201745 21.757517 -1.638317 3.866434 -1.5e-05 -6.338814 0.0 -1.697661 -22.591755 -6.194006 2e-06 -5e-06 -1e-06 21.715918 -76.288147 172.149002 66.369713 -21.090855 -62.740082 54.813618 -0.842805 1.087852 -20.182365 50.310452 -17.473354 22.181913 -20.375845 49.933216 -16.701836 -16.743578 28.476559 -1.6e-05 -12.690583 4.5e-05 14.529475 -16.357727 3.06184 -0.10591 -1.513849 -4.275879 -5.03902 -5.612864 -2.953543 9e-06 -11.020512 -1.1e-05 -6.111269 -15.89533 -3.840461 0.0 1e-06 0.0 -10.283336 -5.680283 -4.341814 11.02828 -11.302382 -2.372667 -1.384242 -14.238569 -6.320119 -0.625384 -26.924196 -3.827632 -4.319912 -48.679226 -3.078355 -13.708484 -7.363461 -3.72091 18.141134 -14.052709 -3.242729 9e-06 -18.787252 -1.7e-05 -0.429712 -8.456044 2.555492 -1e-06 1e-06 0.0 -15.923489 -20.094448 -5.473545 30.41918 -7.190787 1.73583 -3e-06 -8.162911 -8e-06 -1.861882 -22.861454 -6.167949 0.0 -3e-06 -1e-06 -178.71553 -1.409888 3.887486 5.481345 -0.073494 0.187681 -76.948959 2.403434 -3.813706 -5.558452 1.578105 2.135498 -1.0 -1e-06 -0.0 1.979692 -4.897755 -9.585753 5.640098 -0.024304 0.253791 -76.291084 2.022345 -5.157099 -5.645873 0.568959 1.607783 -0.999997 -0.0 -0.0 
0.0 0.0 0.0 0.0 -0.0 0.0 1.075099 100.329277 -0.918732 91.470734 -0.088775 92.907089 -2.323564 -0.909833 0.333852 -11.588835 -0.417541 1.735469 16.750505 -0.541362 -1.17169 14.729744 5.174284 2.413585 -2.553098 -0.820414 -7.620515 -34.218498 -5.67422 -7.820728 6e-06 -0.0 -0.0 0.012534 0.019002 0.00652 0.01227 -0.047525 0.002085 0.031886 0.079285 -0.006531 -110.065002 -73.104942 125.072937 50.763184 -59.305634 3.136237 24.779381 0.122523 -0.177237 -5.711932 4.952998 9.014727 17.636791 -26.323101 52.411877 -19.467024 -14.395829 29.410887 -6e-06 -8.774988 1e-05 16.162794 -18.065367 6.08596 -0.60978 -1.795677 -3.889373 -4.807158 -11.046984 -2.937897 2.2e-05 -20.976427 -2e-05 -5.02005 -25.034157 -4.031991 4e-06 -0.0 1e-06 -10.634663 -5.687045 -3.565618 10.573458 -17.923237 -3.113986 1.1e-05 -13.821468 -9e-06 -0.501733 -31.18228 -4.027145 -12.350811 -59.995583 8.464775 -13.982885 -7.150292 -2.875065 13.772947 -8.401625 -3.218313 0.347769 -34.21228 0.771636 -0.963037 -17.733789 2.621075 1e-06 0.0 -1e-06 -17.346651 -20.095493 -4.201815 21.757898 -1.638402 3.866461 5e-06 -6.338942 -5e-06 -1.697591 -22.592291 -6.194182 2e-06 -4e-06 -0.0 19.814837 -77.564056 173.164108 67.778053 -17.678736 -66.968102 56.510899 -0.843416 1.196693 -23.752199 57.446072 -24.830992 22.18236 -20.376219 49.933884 -16.70203 -16.743767 28.476906 -2.1e-05 -12.690788 9e-06 15.10567 -15.996334 2.680524 -0.105918 -1.513866 -4.275927 -5.039099 -5.612923 -2.953589 1.8e-05 -11.020671 5e-06 -6.111378 -15.895575 -3.840533 -1e-06 -2e-06 2e-06 -10.28348 -5.680333 -4.341882 11.028444 -11.302535 -2.37266 -1.384267 -14.238756 -6.320206 -0.625412 -26.92465 -3.827638 -4.080127 -48.19384 -3.15557 -13.708673 -7.363535 -3.720975 18.141401 -14.052907 -3.242718 1.7e-05 -18.787529 2.5e-05 -0.429713 -8.456186 2.555569 -1e-06 1e-06 -0.0 -15.923709 -20.09466 -5.473637 30.419607 -7.190932 1.735933 9e-06 -8.163038 1.3e-05 -1.861921 -22.861843 -6.168001 1e-06 -2e-06 -1e-06 -178.994904 -1.389381 4.458399 5.498111 -0.069949 0.21661 -76.809021 2.684514 -3.781365 -5.562404 1.572717 2.129337 -1.000006 -0.0 0.0 2.058379 -4.894467 -10.205752 5.599853 -0.017087 0.288169 -76.47583 1.583138 -5.265402 -5.583027 0.555212 1.603935 -1.00001 -0.0 -0.0 
0.0 0.0 0.0 0.0 -0.0 0.0 1.024566 100.315498 -0.779279 91.502205 -0.261587 93.962181 -2.392876 -0.906165 0.432128 -11.578962 -0.37611 1.86834 16.626831 -0.694206 -0.958904 14.257687 5.256354 2.316394 -2.527005 -0.89871 -8.296708 -34.373611 -5.928371 -8.705854 6e-06 0.0 0.0 0.013037 0.016091 0.015207 0.014636 -0.062455 0.006256 0.029848 0.088176 0.005312 -109.767189 -72.926773 124.690407 50.977993 -59.287949 2.577883 24.723326 -0.113938 -0.15129 -5.488577 5.410401 9.783838 17.636583 -26.322687 52.411148 -19.466537 -14.395556 29.410307 6e-06 -8.774792 -6e-06 16.198681 -18.130169 6.058425 -0.609776 -1.795645 -3.889318 -4.807079 -11.046753 -2.937844 -4e-06 -20.975897 1.2e-05 -5.019949 -25.033421 -4.031879 4e-06 -2e-06 1e-06 -10.634507 -5.686953 -3.565585 10.573223 -17.922855 -3.113874 -6e-06 -13.821141 1.2e-05 -0.501799 -31.181355 -4.026987 -12.402015 -59.976227 8.412788 -13.982678 -7.150176 -2.875043 13.772674 -8.401441 -3.21822 0.347692 -34.211361 0.771692 -0.96305 -17.733295 2.621031 3e-06 -3e-06 -2e-06 -17.346376 -20.095142 -4.201781 21.757488 -1.638358 3.86643 -3e-06 -6.338792 8e-06 -1.6976 -22.591635 -6.193984 1e-06 -3e-06 -2e-06 18.052467 -78.679001 174.315582 68.123482 -14.199775 -68.279724 58.963646 -1.040112 1.510707 -23.286329 62.687164 -25.133694 22.182045 -20.375843 49.933323 -16.701832 -16.74353 28.47658 1.3e-05 -12.690618 1.2e-05 15.966534 -16.060507 2.299846 -0.105918 -1.513859 -4.275881 -5.039047 -5.612893 -2.953559 -1e-05 -11.020562 -1.5e-05 -6.111331 -15.895453 -3.840499 1e-06 -2e-06 -3e-06 -10.283368 -5.680305 -4.341832 11.028279 -11.302415 -2.372645 -1.384284 -14.238637 -6.320151 -0.625441 -26.92436 -3.827679 -3.933873 -48.464504 -3.203928 -13.708519 -7.363497 -3.720931 18.141138 -14.05274 -3.242696 -1.2e-05 -18.787334 -2.9e-05 -0.429723 -8.456091 2.555502 1e-06 -0.0 1e-06 -15.923547 -20.094528 -5.473577 30.419214 -7.190786 1.735916 -1e-05 -8.162951 -1.3e-05 -1.861911 -22.861622 -6.168029 -4e-06 -3e-06 -1e-06 -179.277664 -1.375974 5.059088 5.551399 -0.081757 0.210193 -76.732811 3.075365 -3.75078 -5.539482 1.580188 2.129161 -1.000003 -0.0 -0.0 2.148921 -4.872539 -10.80384 5.604757 -0.011852 0.326719 -76.689606 1.008608 -5.380325 -5.522508 0.576947 1.610489 -0.999998 -0.0 0.0 
0.0 0.0 0.0 0.0 -0.0 0.0 0.958553 100.292206 -0.60368 91.532303 -0.407884 95.053284 -2.407042 -0.879349 0.499856 -11.552382 -0.306888 2.013205 16.522135 -0.901683 -0.798035 13.798225 5.394488 2.267644 -2.509708 -0.959836 -8.996837 -34.790127 -6.058012 -9.458504 5e-06 -0.0 -0.0 0.0135 0.018604 0.027913 0.0078 -0.069797 0.016554 0.021936 0.100173 0.019474 -109.890884 -72.620499 124.629066 50.647358 -59.382053 2.162575 24.726234 -0.257767 -0.093537 -5.115925 5.931334 10.025628 17.636703 -26.322805 52.411297 -19.466713 -14.395639 29.41045 -6e-06 -8.774856 -6e-06 16.208868 -18.174162 6.024724 -0.609778 -1.795659 -3.889337 -4.807098 -11.046829 -2.937854 2.4e-05 -20.97608 7e-06 -5.019969 -25.033655 -4.03189 7e-06 1e-06 -1e-06 -10.634566 -5.686979 -3.565592 10.573322 -17.923 -3.113909 1.6e-05 -13.821254 9e-06 -0.501749 -31.181665 -4.027007 -12.325277 -59.934944 8.26137 -13.982754 -7.150206 -2.875045 13.772776 -8.401518 -3.218247 0.347761 -34.21167 0.771673 -0.963023 -17.733456 2.62106 1e-06 0.0 -1e-06 -17.346472 -20.095257 -4.201789 21.757624 -1.638394 3.866443 5e-06 -6.338843 5e-06 -1.697578 -22.591841 -6.19403 1e-06 -3e-06 -3e-06 16.494926 -79.538017 175.621063 67.509064 -10.519827 -66.583488 62.208817 -1.689061 1.615503 -16.298746 65.941391 -15.662761 22.18224 -20.376022 49.93351 -16.701895 -16.743589 28.476652 -1.7e-05 -12.690664 -7e-06 16.699532 -16.208536 2.066274 -0.105919 -1.513862 -4.275897 -5.03906 -5.612885 -2.953571 2.3e-05 -11.020576 -2e-06 -6.111299 -15.895428 -3.840511 -1e-06 -0.0 0.0 -10.283408 -5.6803 -4.341856 11.028348 -11.302453 -2.372637 -1.384255 -14.238651 -6.320158 -0.625399 -26.924393 -3.827617 -3.966012 -49.321823 -3.052575 -13.708573 -7.363489 -3.720957 18.141245 -14.052814 -3.242683 3e-05 -18.787384 7e-06 -0.429701 -8.456116 2.555539 0.0 -1e-06 -0.0 -15.923586 -20.094534 -5.473611 30.419334 -7.190894 1.735943 1.1e-05 -8.162974 7e-06 -1.861869 -22.861643 -6.16797 -1e-06 -3e-06 -1e-06 -179.507401 -1.379287 5.67181 5.613796 -0.092461 0.163679 -76.697571 3.538628 -3.728426 -5.478176 1.573781 2.132369 -1.000004 -0.0 -0.0 2.290564 -4.822577 -11.327128 5.626431 -0.01725 0.362537 -76.892067 0.320193 -5.460953 -5.454647 0.620462 1.625384 -1.000004 -0.0 -0.0 
0.0 0.0 0.0 0.0 -0.0 0.0 0.884934 100.276329 -0.402594 91.575417 -0.551577 96.06115 -2.383772 -0.841732 0.542527 -11.544894 -0.242863 2.170286 16.437241 -1.153815 -0.690981 13.391299 5.632279 2.2528 -2.481626 -0.999644 -9.682088 -35.336151 -6.122685 -10.054145 4e-06 0.0 -1e-06 0.019266 0.023326 0.039333 0.013549 -0.069891 0.028014 0.032609 0.108626 0.029022 -110.2015 -72.267593 124.554031 49.705227 -59.656601 2.276964 24.764658 -0.350561 -0.070099 -4.725639 6.298086 9.774326 17.636688 -26.322874 52.411476 -19.4667 -14.39565 29.410532 1.4e-05 -8.774871 -3e-06 16.249294 -18.153021 5.922931 -0.609781 -1.795656 -3.88934 -4.807126 -11.046861 -2.93786 -3.2e-05 -20.976133 1.3e-05 -5.020042 -25.033766 -4.03193 5e-06 -3e-06 3e-06 -10.634579 -5.686997 -3.565603 10.573293 -17.923006 -3.113899 -2e-05 -13.821282 1e-05 -0.501828 -31.18177 -4.027061 -12.053981 -59.898636 7.932932 -13.982769 -7.150236 -2.875053 13.772776 -8.401509 -3.218246 0.347672 -34.211784 0.771692 -0.963069 -17.733538 2.62105 -1e-06 2e-06 3e-06 -17.346506 -20.095304 -4.201797 21.757652 -1.638355 3.866457 -9e-06 -6.33886 8e-06 -1.697634 -22.59194 -6.194064 -0.0 -3e-06 -1e-06 15.119805 -80.035454 177.083054 66.034286 -6.335204 -62.075054 65.611496 -2.372159 1.716695 -2.541231 65.394218 3.676641 22.182219 -20.376022 49.933582 -16.701916 -16.743626 28.476713 0.0 -12.690698 0.0 16.836721 -16.575108 2.123512 -0.105919 -1.513864 -4.275906 -5.039072 -5.61291 -2.953574 3e-06 -11.020624 -0.0 -6.111357 -15.895522 -3.840517 3e-06 1e-06 -1e-06 -10.28342 -5.680321 -4.341859 11.028361 -11.302478 -2.37265 -1.38428 -14.238709 -6.320179 -0.625436 -26.924528 -3.827652 -4.175387 -50.215279 -2.825873 -13.708595 -7.363518 -3.720956 18.14126 -14.052822 -3.242694 6e-06 -18.787437 -3e-06 -0.429719 -8.456141 2.555536 -2e-06 -1e-06 -0.0 -15.923627 -20.094599 -5.473606 30.419399 -7.190859 1.735937 -2e-06 -8.163 0.0 -1.861914 -22.861769 -6.168023 0.0 -3e-06 -1e-06 -179.701645 -1.386766 6.249885 5.644478 -0.090698 0.092937 -76.64946 4.066602 -3.72941 -5.362693 1.569352 2.143549 -0.999996 -0.0 0.0 2.451922 -4.777087 -11.853608 5.623504 -0.027379 0.383011 -77.042557 -0.265107 -5.47839 -5.384241 0.655306 1.640976 -1.000004 0.0 -0.0 
0.0 0.0 0.0 0.0 -0.0 0.0 0.82178 100.265144 -0.194874 91.612854 -0.750779 96.976562 -2.376059 -0.803138 0.587857 -11.575121 -0.191969 2.298047 16.326426 -1.427264 -0.665088 13.09619 5.906056 2.233663 -2.423898 -1.010465 -10.188774 -35.81786 -6.212169 -10.557688 5e-06 0.0 -0.0 0.037973 0.02935 0.052442 0.033377 -0.060426 0.039638 0.05486 0.110083 0.041744 -110.659943 -71.870255 124.452835 48.276863 -60.085651 3.069489 24.642504 -0.359569 -0.106328 -4.395808 6.504957 9.284692 17.636635 -26.32267 52.411049 -19.466566 -14.395531 29.410273 -5e-06 -8.774784 -9e-06 16.357368 -18.121248 5.780232 -0.609776 -1.795647 -3.889314 -4.807068 -11.046763 -2.937845 1.9e-05 -20.975935 1.1e-05 -5.019924 -25.033457 -4.031866 9e-06 -1e-06 -2e-06 -10.634503 -5.68695 -3.565586 10.573236 -17.922884 -3.113872 1.1e-05 -13.821157 1.3e-05 -0.501763 -31.181402 -4.026968 -11.852833 -59.97467 7.682703 -13.982677 -7.150169 -2.875041 13.772679 -8.401466 -3.218215 0.347748 -34.211414 0.771681 -0.963025 -17.73333 2.621044 -1e-06 2e-06 1e-06 -17.346359 -20.095139 -4.201783 21.757473 -1.638383 3.866432 6e-06 -6.338798 3e-06 -1.697558 -22.591654 -6.19398 0.0 -5e-06 -1e-06 14.395602 -80.165665 178.049927 64.279755 -1.422998 -55.948078 68.153053 -2.590006 2.154529 9.323963 60.446136 24.299574 22.18223 -20.375967 49.933308 -16.701832 -16.743513 28.476505 -2.1e-05 -12.690616 -2.5e-05 16.352547 -17.2871 2.547181 -0.105921 -1.513856 -4.275876 -5.039042 -5.612874 -2.953559 2.5e-05 -11.020572 1.2e-05 -6.111278 -15.895414 -3.840474 0.0 1e-06 0.0 -10.28338 -5.680278 -4.341843 11.028319 -11.302447 -2.372612 -1.384255 -14.238622 -6.32012 -0.625403 -26.924353 -3.827563 -4.52992 -50.557758 -2.778966 -13.708538 -7.363468 -3.720947 18.141193 -14.052804 -3.242646 4e-05 -18.787359 2.3e-05 -0.429694 -8.456111 2.555539 -2e-06 -0.0 -1e-06 -15.923539 -20.094482 -5.473588 30.419231 -7.190898 1.73596 1.9e-05 -8.162963 6e-06 -1.861857 -22.861622 -6.167933 1e-06 -3e-06 -2e-06 -179.943893 -1.399744 6.73575 5.661081 -0.077 0.019778 -76.585541 4.688636 -3.719475 -5.231625 1.595551 2.157321 -1.0 0.0 0.0 2.559447 -4.751653 -12.456835 5.585467 -0.029434 0.376672 -77.173759 -0.610681 -5.507187 -5.384199 0.67195 1.650768 -1.000007 0.0 -0.0 
0.0 0.0 0.0 0.0 -0.0 0.0 0.768447 100.237511 0.00815 91.64518 -0.972415 97.881294 -2.371777 -0.761556 0.630513 -11.591906 -0.131093 2.410784 16.163509 -1.706409 -0.675941 12.983073 6.129947 2.160501 -2.400415 -0.969286 -10.458289 -36.247429 -6.351359 -11.059045 7e-06 1e-06 -0.0 0.05403 0.032336 0.056804 0.054274 -0.045148 0.042674 0.071263 0.100167 0.045339 -111.171524 -71.518333 124.612854 46.99966 -60.468021 3.726196 24.283169 -0.269556 -0.127375 -4.155525 6.654044 8.447659 17.63665 -26.322699 52.411129 -19.466629 -14.395611 29.410347 1.4e-05 -8.774847 -6e-06 16.440958 -18.100822 5.706728 -0.609778 -1.795653 -3.889321 -4.807114 -11.046817 -2.937843 -2.5e-05 -20.97604 5e-06 -5.020022 -25.033644 -4.031912 5e-06 2e-06 1e-06 -10.634554 -5.686983 -3.565575 10.573266 -17.922943 -3.11389 -1.5e-05 -13.821228 2e-06 -0.501817 -31.181637 -4.02705 -11.842938 -60.095032 7.686625 -13.982738 -7.150215 -2.875027 13.772742 -8.401476 -3.218235 0.347688 -34.211613 0.77166 -0.963043 -17.73344 2.621017 -1e-06 -1e-06 1e-06 -17.346474 -20.095234 -4.201753 21.757608 -1.63835 3.866439 -8e-06 -6.33883 1e-06 -1.697629 -22.591816 -6.194038 -1e-06 -3e-06 -1e-06 14.946708 -80.390579 177.624222 63.141438 3.678979 -50.858494 69.461914 -2.414625 2.812008 13.884454 54.875423 37.803341 22.182121 -20.375927 49.933392 -16.701857 -16.743578 28.476624 5e-06 -12.690654 8e-06 16.513222 -17.812775 2.746595 -0.10592 -1.513859 -4.275888 -5.039054 -5.612893 -2.953563 -1e-06 -11.020584 -4e-06 -6.111334 -15.895471 -3.8405 2e-06 2e-06 -2e-06 -10.283389 -5.680308 -4.341844 11.028314 -11.302437 -2.372639 -1.384281 -14.238659 -6.320148 -0.625445 -26.924425 -3.827642 -4.952965 -51.090103 -2.84717 -13.708547 -7.363499 -3.720936 18.14119 -14.052772 -3.242687 -7e-06 -18.787384 -6e-06 -0.429718 -8.456119 2.555518 -2e-06 1e-06 -0.0 -15.923569 -20.094538 -5.473584 30.419287 -7.190825 1.735929 -4e-06 -8.162968 -5e-06 -1.861914 -22.861671 -6.168005 0.0 -5e-06 -1e-06 179.777649 -1.393351 7.136358 5.692043 -0.068026 -0.028853 -76.512703 5.335954 -3.701561 -5.106604 1.64485 2.172071 -0.999997 -0.0 0.0 2.64077 -4.747843 -13.133718 5.569688 -0.027157 0.350049 -77.390221 -0.770564 -5.653764 -5.422758 0.672207 1.651646 -1.000003 0.0 -0.0 
0.0 0.0 0.0 0.0 -0.0 0.0 0.718953 100.216934 0.206344 91.685936 -1.198104 98.789696 -2.385307 -0.717045 0.654749 -11.603264 -0.061807 2.535504 16.019625 -2.051163 -0.62627 13.002768 6.420729 2.0705 -2.417209 -0.947751 -10.675255 -36.56356 -6.354438 -11.557202 7e-06 0.0 1e-06 0.051934 0.035448 0.057129 0.064712 -0.039711 0.042437 0.079052 0.100906 0.044679 -111.684731 -71.277939 125.024376 45.975342 -60.67857 4.096478 23.857172 -0.11645 -0.120625 -4.120714 6.822604 7.842032 17.636673 -26.322771 52.411247 -19.46677 -14.395626 29.410477 -2.7e-05 -8.774845 -2e-06 16.437523 -18.116762 5.703804 -0.609773 -1.795662 -3.889334 -4.807067 -11.04682 -2.937868 7.6e-05 -20.976084 -1.5e-05 -5.019893 -25.033663 -4.031893 6e-06 3e-06 -0.0 -10.634535 -5.686962 -3.565598 10.573339 -17.92301 -3.113927 4.6e-05 -13.821249 1e-06 -0.501677 -31.181652 -4.027004 -11.728948 -60.056343 7.638124 -13.982717 -7.150184 -2.875055 13.772771 -8.401544 -3.218258 0.347851 -34.211681 0.771644 -0.962988 -17.733473 2.621069 -3e-06 2e-06 2e-06 -17.346392 -20.095217 -4.201812 21.757586 -1.638429 3.866426 2.1e-05 -6.338841 -0.0 -1.697506 -22.591831 -6.194035 0.0 -3e-06 -3e-06 16.056007 -80.831894 176.497574 62.636765 7.986557 -48.542126 69.968643 -1.843397 3.542127 14.308115 52.4786 45.15715 22.182184 -20.375942 49.933327 -16.701862 -16.743557 28.476559 -2.5e-05 -12.690634 -4e-06 17.055273 -17.918409 2.789017 -0.10592 -1.513856 -4.275883 -5.039042 -5.612875 -2.95356 2.7e-05 -11.020557 1e-06 -6.11128 -15.895401 -3.840483 2e-06 -1e-06 0.0 -10.283386 -5.680283 -4.341842 11.028333 -11.302437 -2.372633 -1.384247 -14.238612 -6.320133 -0.625389 -26.924328 -3.827587 -5.252519 -51.999123 -2.821123 -13.708543 -7.363469 -3.720944 18.141207 -14.052792 -3.242676 4.1e-05 -18.787334 7e-06 -0.429696 -8.456092 2.555529 1e-06 3e-06 -2e-06 -15.92355 -20.094484 -5.473584 30.419271 -7.190881 1.735926 1.4e-05 -8.162953 2e-06 -1.861864 -22.861589 -6.167949 0.0 -4e-06 -1e-06 179.508224 -1.34836 7.571226 5.694596 -0.072805 -0.035796 -76.447388 5.892026 -3.643436 -5.037457 1.673244 2.181103 -1.000002 -0.0 -0.0 2.702215 -4.748378 -13.785986 5.58433 -0.028003 0.319231 -77.644646 -1.005935 -5.835244 -5.445384 0.664801 1.64835 -1.000004 0.0 -0.0 
0.0 0.0 0.0 0.0 -0.0 0.0 0.662475 100.20356 0.400028 91.73587 -1.395136 99.740456 -2.4073 -0.6887 0.64777 -11.617538 0.006252 2.667386 15.909273 -2.430381 -0.492807 13.12222 6.6759 1.999149 -2.427083 -0.942972 -10.956 -36.786465 -6.140813 -12.067327 6e-06 -0.0 1e-06 0.030983 0.032996 0.041271 0.068696 -0.049337 0.030065 0.086704 0.10571 0.023747 -112.248764 -71.070335 125.640556 45.023369 -60.6908 4.328736 23.613699 0.048167 -0.113609 -4.357556 7.0078 7.734856 17.636608 -26.322683 52.411201 -19.466702 -14.395582 29.410437 -2.2e-05 -8.774815 -1e-06 16.343834 -18.078053 5.745318 -0.609776 -1.795653 -3.889326 -4.807062 -11.046784 -2.937868 6.7e-05 -20.975998 -3.6e-05 -5.019858 -25.033554 -4.031918 6e-06 -2e-06 2e-06 -10.634513 -5.686952 -3.565592 10.573294 -17.922939 -3.113922 4e-05 -13.821193 -1e-05 -0.501654 -31.181507 -4.027037 -11.519323 -59.94315 7.514685 -13.982687 -7.150174 -2.875055 13.772726 -8.401506 -3.218251 0.347841 -34.211533 0.771615 -0.962984 -17.733395 2.621044 0.0 -0.0 1e-06 -17.346359 -20.095169 -4.201812 21.757526 -1.638412 3.866422 1.7e-05 -6.338817 -4e-06 -1.697493 -22.591749 -6.194051 1e-06 -6e-06 -4e-06 16.859282 -81.371193 175.564194 62.43396 11.043056 -49.257488 70.267563 -0.826708 4.005826 13.0767 54.45015 48.904243 22.182186 -20.375919 49.933338 -16.70186 -16.743589 28.476572 -1.5e-05 -12.690661 -8e-06 17.15583 -17.977968 3.225471 -0.105918 -1.513856 -4.275883 -5.039054 -5.612875 -2.95356 2e-05 -11.020561 -3e-06 -6.111312 -15.89541 -3.840491 1e-06 -0.0 1e-06 -10.283394 -5.680287 -4.341837 11.02834 -11.302429 -2.372636 -1.384261 -14.238617 -6.320136 -0.625402 -26.924341 -3.827604 -5.396383 -52.81765 -2.706746 -13.708553 -7.363474 -3.720938 18.141222 -14.052774 -3.242674 2.2e-05 -18.787344 1.1e-05 -0.429704 -8.456101 2.55553 1e-06 2e-06 0.0 -15.923571 -20.094486 -5.473586 30.419321 -7.190866 1.735934 1.2e-05 -8.162953 5e-06 -1.861885 -22.861599 -6.167959 -0.0 -3e-06 1e-06 179.288345 -1.280285 8.116583 5.666745 -0.083816 -0.014966 -76.347458 6.316805 -3.570842 -4.949241 1.656066 2.182986 -0.999999 -0.0 0.0 2.797076 -4.743474 -14.371707 5.622257 -0.029686 0.27686 -77.897919 -1.387944 -6.019423 -5.371179 0.630001 1.642089 -1.000003 0.0 -0.0 
0.0 0.0 0.0 0.0 -0.0 0.0 0.59693 100.190445 0.589008 91.790581 -1.551679 100.685959 -2.435929 -0.661908 0.643667 -11.594256 0.065279 2.80843 15.778089 -2.764181 -0.273884 13.249365 6.694972 1.949139 -2.433918 -0.889412 -11.211025 -36.827866 -5.849407 -12.591709 4e-06 0.0 0.0 0.00356 0.019515 0.002716 0.075461 -0.076525 0.001032 0.099463 0.106202 -0.025804 -113.101379 -70.796432 126.692154 44.116928 -60.39978 4.230175 23.629467 -0.011206 -0.125831 -4.774696 7.233389 7.981208 17.636732 -26.322714 52.411083 -19.466776 -14.39566 29.410395 -3e-06 -8.774885 -9e-06 16.277527 -18.003189 5.83824 -0.609777 -1.795662 -3.889328 -4.807111 -11.046865 -2.937851 2.1e-05 -20.976154 -7e-06 -5.019998 -25.033775 -4.031905 7e-06 -3e-06 1e-06 -10.634578 -5.68699 -3.565573 10.573344 -17.923044 -3.113921 1.5e-05 -13.821293 -8e-06 -0.501749 -31.181784 -4.027051 -11.463236 -59.924194 7.5212 -13.982775 -7.15022 -2.875025 13.772812 -8.401538 -3.218257 0.347773 -34.211807 0.771627 -0.963005 -17.733536 2.621029 -0.0 -1e-06 1e-06 -17.346506 -20.095289 -4.201754 21.757687 -1.638392 3.866434 7e-06 -6.338861 -6e-06 -1.697585 -22.591944 -6.194061 -1e-06 -2e-06 -1e-06 17.344908 -81.897247 174.890533 62.886112 13.112309 -52.378902 70.185844 0.551928 4.387986 10.391354 60.666115 48.085548 22.182251 -20.376028 49.933353 -16.701893 -16.743654 28.476591 -1e-05 -12.690697 3e-06 16.691614 -18.052374 3.893285 -0.105919 -1.513858 -4.275891 -5.039068 -5.612894 -2.953552 9e-06 -11.020603 1.9e-05 -6.111346 -15.895466 -3.840457 -0.0 -2e-06 3e-06 -10.283422 -5.680301 -4.341835 11.028369 -11.302472 -2.372629 -1.384279 -14.238676 -6.320121 -0.625465 -26.924463 -3.82756 -5.305007 -52.669109 -2.680559 -13.708594 -7.363495 -3.720929 18.14127 -14.052828 -3.242672 2e-06 -18.787428 3.1e-05 -0.429713 -8.456138 2.555536 -1e-06 2e-06 2e-06 -15.92363 -20.094551 -5.473553 30.419403 -7.190877 1.735935 3e-06 -8.162994 5e-06 -1.861928 -22.861717 -6.167953 -0.0 -5e-06 -0.0 179.118332 -1.212783 8.748878 5.640059 -0.079221 0.035238 -76.228157 6.647027 -3.484089 -4.890121 1.606788 2.177511 -0.999999 0.0 0.0 2.923348 -4.735492 -14.899727 5.703393 -0.027346 0.222909 -78.167175 -1.795156 -6.249301 -5.197013 0.593008 1.638268 -1.000001 -0.0 -0.0 
0.0 0.0 0.0 0.0 -0.0 0.0 0.537174 100.18325 0.76414 91.835258 -1.692412 101.534523 -2.500217 -0.617913 0.697321 -11.549067 0.116904 2.948685 15.644291 -3.037803 -0.000425 13.341122 6.570957 1.918827 -2.437454 -0.844173 -11.400196 -36.578098 -5.529205 -13.14395 6e-06 1e-06 1e-06 -0.002491 -0.000979 -0.031644 0.098083 -0.11205 -0.03048 0.130574 0.101122 -0.063164 -113.947273 -70.43261 127.726616 43.366917 -59.997105 3.906226 23.74987 -0.246475 -0.155198 -5.144294 7.538117 8.134193 17.63662 -26.322649 52.411133 -19.466557 -14.395546 29.410311 -6e-06 -8.774788 -1.2e-05 16.264038 -17.941431 5.914609 -0.609776 -1.795643 -3.889321 -4.807065 -11.046735 -2.937852 3.1e-05 -20.975859 -6e-06 -5.019891 -25.033342 -4.031897 6e-06 -6e-06 1e-06 -10.634504 -5.686941 -3.565589 10.57324 -17.922838 -3.113881 1.9e-05 -13.821107 8e-06 -0.501734 -31.181242 -4.026982 -11.518013 -59.934296 7.503333 -13.982675 -7.150163 -2.875052 13.772684 -8.401451 -3.21822 0.347769 -34.211296 0.771666 -0.963018 -17.733255 2.621046 0.0 -3e-06 1e-06 -17.346354 -20.095112 -4.201806 21.757477 -1.638387 3.866434 7e-06 -6.338778 6e-06 -1.69755 -22.591568 -6.193988 0.0 -4e-06 -2e-06 17.386179 -82.434158 174.496109 63.695934 14.474779 -55.876598 68.932915 2.232499 4.724751 5.795777 65.886497 41.014584 22.182104 -20.375835 49.933208 -16.701799 -16.7435 28.476465 -1.5e-05 -12.690583 -1e-06 16.176977 -17.606398 4.140555 -0.105917 -1.513856 -4.275875 -5.039032 -5.612864 -2.953551 1.7e-05 -11.02052 -9e-06 -6.111271 -15.895343 -3.840475 -2e-06 -1e-06 -0.0 -10.28336 -5.680279 -4.341831 11.028286 -11.302391 -2.372629 -1.384258 -14.238567 -6.320115 -0.625399 -26.924204 -3.827601 -4.893614 -51.103241 -2.713593 -13.70851 -7.363466 -3.720932 18.141134 -14.052728 -3.242669 2.5e-05 -18.787258 -1e-05 -0.429699 -8.456051 2.555505 -2e-06 -1e-06 -1e-06 -15.923514 -20.094454 -5.473582 30.419174 -7.190831 1.735926 9e-06 -8.162917 -5e-06 -1.861864 -22.861479 -6.167948 1e-06 -1e-06 -4e-06 178.962296 -1.166997 9.338197 5.647712 -0.077673 0.096951 -76.180443 6.978181 -3.410274 -4.921634 1.558791 2.168288 -0.999999 0.0 0.0 3.02794 -4.734573 -15.356034 5.789826 -0.017563 0.203948 -78.406067 -2.087324 -6.498489 -5.030538 0.581694 1.642214 -0.999997 -0.0 -0.0 
0.0 0.0 0.0 0.0 -0.0 0.0 0.494504 100.175583 0.924223 91.854317 -1.781633 102.168121 -2.587411 -0.546835 0.743214 -11.529284 0.175971 3.068916 15.587381 -3.285988 0.250532 13.403981 6.549757 1.890414 -2.432174 -0.826522 -11.487516 -36.306187 -5.233338 -13.595156 5e-06 0.0 0.0 0.010331 -0.004232 -0.019953 0.120694 -0.121655 -0.024758 0.160284 0.104746 -0.044122 -114.491348 -70.07473 128.292496 42.390644 -59.840652 3.87815 23.97718 -0.308523 -0.179858 -5.336811 7.958374 7.970144 17.63653 -26.322668 52.411148 -19.466541 -14.395557 29.41033 5e-06 -8.774786 3e-06 16.283199 -17.900736 5.929821 -0.609778 -1.795642 -3.889319 -4.807075 -11.046754 -2.937844 -5e-06 -20.975904 3e-06 -5.019948 -25.033451 -4.031882 6e-06 -0.0 0.0 -10.634497 -5.686946 -3.565586 10.573215 -17.922846 -3.11388 -7e-06 -13.821136 1.1e-05 -0.501792 -31.181347 -4.026994 -11.465154 -59.934856 7.289181 -13.982664 -7.15017 -2.875042 13.772668 -8.401439 -3.218229 0.347695 -34.211357 0.771684 -0.963051 -17.733301 2.621031 0.0 1e-06 2e-06 -17.346355 -20.095123 -4.201784 21.757469 -1.638356 3.866415 -2e-06 -6.338792 7e-06 -1.697586 -22.591644 -6.193991 -0.0 -3e-06 -2e-06 17.098835 -82.914314 174.490707 64.373665 15.479236 -57.58654 66.594925 3.609752 4.61418 0.213492 66.916588 32.045788 22.182013 -20.375734 49.93325 -16.701769 -16.743448 28.476477 -6e-06 -12.69055 -7e-06 15.864054 -17.101154 4.027805 -0.105921 -1.513854 -4.275872 -5.039022 -5.612852 -2.953563 7e-06 -11.020472 -2.9e-05 -6.111242 -15.895287 -3.84053 -2e-06 1e-06 1e-06 -10.283338 -5.680276 -4.341838 11.02825 -11.302344 -2.372638 -1.384247 -14.238518 -6.320145 -0.62535 -26.924074 -3.827671 -4.54061 -49.607288 -2.763085 -13.708478 -7.363461 -3.720942 18.141079 -14.052658 -3.242678 3e-05 -18.787157 -3.5e-05 -0.429697 -8.455998 2.555492 0.0 0.0 -2e-06 -15.923478 -20.094418 -5.473606 30.419092 -7.190787 1.735929 8e-06 -8.162874 -8e-06 -1.861842 -22.861341 -6.167969 -2e-06 -3e-06 -2e-06 178.871719 -1.170729 9.787376 5.664797 -0.083261 0.137897 -76.257347 7.248074 -3.371053 -4.964898 1.538459 2.160656 -0.999998 -0.0 -0.0 3.140459 -4.698142 -15.557081 5.832072 -0.000366 0.21488 -78.575378 -2.48263 -6.73902 -4.933942 0.602351 1.652165 -1.000001 -0.0 -0.0 
0.0 0.0 0.0 0.0 -0.0 0.0 0.446692 100.160767 1.086125 91.841591 -1.787204 102.483223 -2.64845 -0.42452 0.73876 -11.530664 0.252654 3.192092 15.585969 -3.503451 0.4309 13.459992 6.616747 1.861997 -2.44314 -0.812972 -11.462922 -36.238487 -4.930009 -13.854939 6e-06 -0.0 1e-06 0.018814 0.003753 0.008784 0.122464 -0.115868 -0.000948 0.165694 0.115232 -0.009286 -114.767303 -69.696007 128.555527 41.243324 -59.832962 4.107898 24.200945 -0.261207 -0.177337 -5.327216 8.358791 7.331063 17.63658 -26.32268 52.411102 -19.466633 -14.395542 29.410351 -1.8e-05 -8.774784 -1e-06 16.286156 -17.86816 5.94207 -0.609772 -1.795649 -3.889321 -4.807052 -11.046774 -2.937854 4.4e-05 -20.975973 -5e-06 -5.019888 -25.033524 -4.031867 6e-06 1e-06 0.0 -10.634488 -5.686946 -3.565587 10.573255 -17.922922 -3.113899 2.8e-05 -13.821187 2e-06 -0.501709 -31.181488 -4.026983 -11.345365 -59.909634 7.062993 -13.982654 -7.150166 -2.875049 13.772683 -8.401492 -3.218235 0.347796 -34.211498 0.77165 -0.963006 -17.733383 2.621045 0.0 -2e-06 -0.0 -17.346319 -20.095142 -4.201797 21.757458 -1.638397 3.866411 1.4e-05 -6.33881 2e-06 -1.697517 -22.591722 -6.194 -2e-06 -3e-06 -1e-06 16.441126 -83.299339 175.108826 64.984512 16.311081 -57.007915 63.51115 3.906815 4.14044 -5.330595 65.341835 23.645901 22.182041 -20.37579 49.933193 -16.701817 -16.743526 28.476501 -7e-06 -12.690586 1.3e-05 15.625416 -16.878414 3.741297 -0.105918 -1.513852 -4.275877 -5.039032 -5.61286 -2.953549 6e-06 -11.020508 -1.3e-05 -6.111282 -15.895338 -3.840488 2e-06 0.0 1e-06 -10.283355 -5.680279 -4.341825 11.028284 -11.302377 -2.372646 -1.384258 -14.238564 -6.320127 -0.625394 -26.924196 -3.827637 -4.352561 -48.605236 -2.919914 -13.708508 -7.363461 -3.720924 18.14114 -14.052706 -3.242696 1.4e-05 -18.787239 -2.1e-05 -0.429708 -8.456045 2.555495 0.0 3e-06 3e-06 -15.923512 -20.09444 -5.473574 30.419189 -7.190804 1.735897 4e-06 -8.162908 -1e-05 -1.861887 -22.861464 -6.167968 2e-06 -0.0 0.0 178.899017 -1.230493 10.072125 5.686539 -0.086839 0.141632 -76.412819 7.377514 -3.370154 -4.966874 1.514478 2.151628 -0.999996 -1e-06 -0.0 3.269856 -4.604458 -15.399506 5.830969 0.011442 0.246082 -78.64035 -2.992199 -6.902406 -4.895743 0.640653 1.663935 -1.000002 -0.0 0.0 
0.0 0.0 0.0 0.0 -0.0 0.0 0.394942 100.152275 1.246999 91.802849 -1.782593 102.450424 -2.694179 -0.252107 0.739596 -11.551953 0.336662 3.306393 15.596825 -3.695083 0.534142 13.437371 6.74289 1.889149 -2.452226 -0.809572 -11.491802 -36.412575 -4.574357 -13.90101 5e-06 0.0 1e-06 0.02724 0.007921 0.023115 0.099498 -0.119548 0.011655 0.15028 0.12674 0.008146 -114.910889 -69.240616 128.639404 40.015648 -59.878693 4.638167 24.218281 -0.201962 -0.178947 -5.186969 8.588521 6.325709 17.636637 -26.322813 52.411381 -19.466618 -14.395594 29.410458 1.9e-05 -8.774836 -6e-06 16.250256 -17.829988 5.95726 -0.609784 -1.795654 -3.889333 -4.807118 -11.04683 -2.937853 -4.3e-05 -20.976057 1.3e-05 -5.020026 -25.033669 -4.031919 6e-06 1e-06 0.0 -10.634558 -5.686995 -3.565598 10.573245 -17.922953 -3.113883 -2.7e-05 -13.821241 6e-06 -0.501835 -31.181654 -4.027049 -11.180689 -59.823299 6.887437 -13.982738 -7.150228 -2.875051 13.772724 -8.401475 -3.218232 0.347642 -34.211655 0.771696 -0.963076 -17.733469 2.621035 1e-06 0.0 -0.0 -17.346474 -20.095266 -4.201787 21.75758 -1.638336 3.866457 -1.1e-05 -6.338838 6e-06 -1.697636 -22.591841 -6.194042 0.0 -5e-06 -3e-06 15.628717 -83.519981 176.182587 65.484924 17.409121 -53.469635 59.958885 3.096135 3.321862 -8.073366 62.149284 21.395763 22.182161 -20.376074 49.933617 -16.701914 -16.743559 28.476736 -1.7e-05 -12.690642 6e-06 15.347963 -16.95022 3.482006 -0.105918 -1.513865 -4.275902 -5.039045 -5.612908 -2.95358 1.3e-05 -11.020626 2e-06 -6.111289 -15.895517 -3.840501 1e-06 2e-06 1e-06 -10.283388 -5.680312 -4.341864 11.028328 -11.302494 -2.372647 -1.384245 -14.238708 -6.320172 -0.625403 -26.924555 -3.827638 -4.395248 -48.067883 -3.112773 -13.708543 -7.36351 -3.720965 18.141197 -14.052854 -3.242699 1.9e-05 -18.787447 6e-06 -0.429714 -8.456145 2.555539 -3e-06 -3e-06 0.0 -15.923553 -20.094591 -5.473617 30.41927 -7.190878 1.735905 6e-06 -8.163005 0.0 -1.861864 -22.861771 -6.167996 1e-06 -2e-06 -3e-06 178.999802 -1.323823 10.199099 5.661362 -0.087044 0.102747 -76.545799 7.339137 -3.380597 -4.965384 1.495217 2.150119 -1.000003 -0.0 0.0 3.344065 -4.489747 -15.112316 5.78859 0.011026 0.288232 -78.563766 -3.362086 -6.89805 -4.895034 0.649788 1.668532 -1.000003 -0.0 -0.0 
0.0 0.0 0.0 0.0 -0.0 0.0 0.368388 100.160744 1.385263 91.752808 -1.869796 102.162949 -2.738532 -0.102252 0.808277 -11.58252 0.408167 3.40476 15.559853 -3.790542 0.496089 13.223694 6.875491 1.943535 -2.445463 -0.771597 -11.545426 -36.755985 -4.348558 -13.882049 6e-06 -0.0 0.0 0.049471 0.002729 0.020055 0.0707 -0.122811 0.009502 0.130488 0.117903 0.00419 -115.016533 -68.831322 128.624985 38.83955 -60.032219 5.450113 23.859127 -0.202215 -0.196415 -5.113058 8.552633 5.277854 17.636698 -26.322872 52.41153 -19.466772 -14.395682 29.410622 1.1e-05 -8.774899 -3e-06 16.198631 -17.877895 5.984086 -0.609783 -1.79566 -3.889346 -4.807135 -11.046885 -2.937872 -1.9e-05 -20.9762 -6e-06 -5.020034 -25.033873 -4.031965 6e-06 -2e-06 1e-06 -10.634595 -5.687008 -3.565605 10.573325 -17.92305 -3.113924 -1.2e-05 -13.821327 -4e-06 -0.501789 -31.181911 -4.027106 -11.134988 -59.836288 6.98524 -13.982795 -7.150246 -2.875055 13.772809 -8.401525 -3.218262 0.347695 -34.211884 0.771661 -0.96306 -17.733591 2.621051 0.0 -2e-06 -0.0 -17.346539 -20.095331 -4.201801 21.757708 -1.638359 3.866465 -5e-06 -6.338881 -0.0 -1.697623 -22.592047 -6.194117 -0.0 -3e-06 -2e-06 16.304739 -83.548706 175.903732 65.73909 19.181215 -46.10569 56.454128 1.657412 2.517789 -3.503881 56.317978 34.061245 22.182013 -20.37591 49.933376 -16.701855 -16.743544 28.476622 7e-06 -12.690596 3e-05 16.220467 -17.159674 2.569495 -0.105918 -1.513861 -4.27589 -5.039037 -5.612899 -2.953558 -9e-06 -11.020576 -8e-06 -6.111302 -15.895459 -3.840481 -1e-06 -2e-06 -2e-06 -10.283364 -5.680311 -4.341837 11.028278 -11.30243 -2.372658 -1.38427 -14.238656 -6.320147 -0.625437 -26.924381 -3.827668 -4.593226 -48.394424 -3.452225 -13.708519 -7.363506 -3.720932 18.141136 -14.052763 -3.242711 -1.5e-05 -18.787363 -2.7e-05 -0.429725 -8.456097 2.555497 -0.0 -1e-06 -0.0 -15.923539 -20.094549 -5.473572 30.419197 -7.190786 1.735879 -1e-05 -8.162958 -1.5e-05 -1.861896 -22.861622 -6.168014 -0.0 -3e-06 0.0 179.043869 -1.400247 10.187264 5.579217 -0.088391 0.032709 -76.571426 7.194714 -3.415338 -4.97276 1.505406 2.147099 -1.000002 0.0 0.0 3.295099 -4.435 -14.945148 5.713052 -0.005581 0.304769 -78.490425 -3.261443 -6.741941 -4.901867 0.635401 1.665678 -1.000001 -0.0 -0.0 
0.0 0.0 0.0 0.0 -0.0 0.0 0.370004 100.160744 1.489364 91.728134 -2.013129 101.856834 -2.732301 -0.013201 0.857899 -11.585956 0.440719 3.463943 15.47501 -3.817979 0.377096 12.922513 7.123529 1.904152 -2.4554 -0.701941 -11.21655 -37.324032 -4.537887 -13.986611 8e-06 -0.0 2e-06 0.080508 0.011671 0.051201 0.058024 -0.091944 0.020521 0.116051 0.103877 0.054103 -115.078674 -68.704308 128.593018 37.957996 -60.427723 5.929967 23.219704 -0.152049 -0.129418 -5.140497 8.198642 4.078979 17.636641 -26.322641 52.411026 -19.466661 -14.395607 29.410316 1e-06 -8.774838 -6e-06 16.179811 -17.991631 6.055052 -0.609773 -1.795657 -3.889318 -4.807096 -11.046808 -2.937844 8e-06 -20.976023 -8e-06 -5.01997 -25.033596 -4.031898 6e-06 -2e-06 0.0 -10.634544 -5.686975 -3.565571 10.573282 -17.922945 -3.113904 6e-06 -13.821213 -6e-06 -0.501761 -31.181559 -4.027034 -11.477141 -60.128021 7.411209 -13.982728 -7.1502 -2.875022 13.772744 -8.401487 -3.218241 0.347747 -34.211559 0.771633 -0.963015 -17.7334 2.621018 0.0 -3e-06 1e-06 -17.346449 -20.095219 -4.201753 21.757587 -1.638372 3.866424 2e-06 -6.338825 -4e-06 -1.697587 -22.591778 -6.194026 1e-06 -7e-06 -2e-06 18.130646 -83.469437 174.626266 65.64991 22.063175 -35.716885 53.669785 0.767095 1.93798 9.201549 43.061184 63.295441 22.182087 -20.375809 49.933094 -16.701786 -16.743446 28.476408 -1.9e-05 -12.690549 -5e-06 18.683228 -16.714491 0.751426 -0.10592 -1.513856 -4.275867 -5.039017 -5.612862 -2.953547 1.9e-05 -11.020515 -4e-06 -6.111244 -15.895322 -3.840461 0.0 -1e-06 0.0 -10.283338 -5.680273 -4.341826 11.028264 -11.302403 -2.372622 -1.384245 -14.23856 -6.3201 -0.625394 -26.924181 -3.827584 -4.830611 -50.211494 -3.460614 -13.708479 -7.363454 -3.72093 18.141096 -14.052741 -3.242662 3.4e-05 -18.787254 -9e-06 -0.429697 -8.456049 2.555502 -1e-06 -2e-06 -0.0 -15.923473 -20.094448 -5.473568 30.419092 -7.190845 1.735921 1.6e-05 -8.162918 -6e-06 -1.86184 -22.861471 -6.167935 -0.0 -5e-06 -2e-06 178.988312 -1.418309 9.961503 5.546891 -0.087358 -0.005361 -76.529182 7.153379 -3.450032 -4.921424 1.562671 2.138085 -1.000003 -0.0 1e-06 3.19908 -4.441759 -14.850926 5.590812 -0.028344 0.308418 -78.487885 -2.939324 -6.489205 -4.903415 0.647316 1.659256 -1.000001 -0.0 -1e-06 
0.0 0.0 0.0 0.0 -0.0 0.0 0.364307 100.144852 1.532417 91.771202 -2.230371 101.728264 -2.715418 0.000763 0.752443 -11.584458 0.459851 3.538164 15.507057 -3.923221 0.348405 12.524261 7.602169 1.824318 -2.577046 -0.758106 -10.855597 -38.003025 -4.794738 -14.097229 5e-06 0.0 2e-06 0.069342 0.024133 0.064213 0.050862 -0.0614 0.021193 0.094145 0.09865 0.078901 -115.304466 -68.846008 128.780746 37.40617 -60.791267 6.108974 22.675762 -0.072393 -0.056404 -4.831037 7.576993 2.671472 17.636713 -26.322781 52.411343 -19.466757 -14.395676 29.410536 1.1e-05 -8.774897 -6e-06 16.345968 -18.176491 5.973006 -0.609781 -1.795661 -3.889339 -4.807134 -11.046873 -2.937865 -1.1e-05 -20.976166 -1.2e-05 -5.020025 -25.033821 -4.031961 6e-06 -3e-06 -0.0 -10.634594 -5.687004 -3.565593 10.573327 -17.923027 -3.113921 -8e-06 -13.821298 -7e-06 -0.501782 -31.181818 -4.0271 -11.529832 -60.331348 7.39159 -13.982796 -7.150241 -2.875042 13.772813 -8.401517 -3.218259 0.347714 -34.211811 0.771643 -0.963044 -17.733547 2.621038 0.0 -2e-06 0.0 -17.34654 -20.095314 -4.201781 21.757706 -1.638362 3.866458 -4e-06 -6.338864 -2e-06 -1.697618 -22.591969 -6.1941 1e-06 -2e-06 -1e-06 16.695219 -83.514603 176.662277 65.293152 23.744076 -29.317122 54.167828 0.717396 2.567133 16.675575 34.637135 77.79821 22.182146 -20.375895 49.933388 -16.70196 -16.743582 28.476656 -2.7e-05 -12.690659 1.3e-05 19.744501 -17.64386 0.990065 -0.105913 -1.513866 -4.275891 -5.039047 -5.612898 -2.953568 2.4e-05 -11.020599 -1.6e-05 -6.111288 -15.895473 -3.840499 1e-06 0.0 -1e-06 -10.283391 -5.680306 -4.341844 11.028347 -11.302469 -2.372664 -1.384244 -14.238674 -6.320164 -0.625361 -26.924448 -3.827656 -5.581181 -53.495857 -2.790991 -13.708551 -7.363496 -3.720944 18.141239 -14.052826 -3.242722 4.4e-05 -18.78738 -2.6e-05 -0.429694 -8.456111 2.555514 -0.0 -3e-06 1e-06 -15.923562 -20.094559 -5.4736 30.419321 -7.190888 1.735895 1.6e-05 -8.162972 -1.5e-05 -1.861843 -22.861671 -6.168016 -0.0 -3e-06 -3e-06 178.789398 -1.340411 9.862939 5.570634 -0.112372 0.024668 -76.538177 7.181463 -3.384631 -4.717205 1.587656 2.133605 -1.0 0.0 -0.0 2.994718 -4.489482 -14.780172 5.540576 -0.021485 0.25667 -78.507713 -2.96638 -6.20692 -4.93847 0.686441 1.658969 -1.000005 0.0 -0.0 
0.0 0.0 0.0 0.0 -0.0 0.0 0.293528 100.163689 1.499486 91.731522 -2.443125 101.75106 -2.598815 0.018746 0.731543 -11.659698 0.471134 3.560017 15.665925 -4.007374 0.343632 12.011251 7.926991 1.804767 -2.578785 -0.80643 -10.850677 -39.191551 -4.916481 -13.925691 4e-06 0.0 -0.0 0.043662 0.022938 0.034527 0.049704 -0.056703 0.000973 0.078746 0.092546 0.03632 -115.723679 -68.892632 129.233566 37.468361 -60.938362 5.683914 22.659929 -0.069105 -0.101984 -4.363042 7.370771 1.868922 17.636641 -26.322678 52.41106 -19.4667 -14.395615 29.410372 0.0 -8.774848 -4e-06 16.170403 -18.078516 5.920447 -0.609775 -1.795657 -3.889323 -4.8071 -11.046829 -2.937848 7e-06 -20.976076 -1.3e-05 -5.019974 -25.03368 -4.031913 6e-06 3e-06 -0.0 -10.634545 -5.686979 -3.565573 10.573291 -17.922979 -3.11391 6e-06 -13.821247 -1e-05 -0.501751 -31.181671 -4.027059 -10.970749 -60.035542 7.020825 -13.98273 -7.150208 -2.875024 13.772752 -8.401502 -3.218249 0.347752 -34.211655 0.771622 -0.963013 -17.733454 2.621017 -0.0 -1e-06 0.0 -17.346453 -20.095243 -4.201754 21.757601 -1.638372 3.866425 2e-06 -6.33884 -6e-06 -1.697582 -22.591862 -6.194053 0.0 -3e-06 -2e-06 13.186238 -83.79174 -179.935776 64.843224 21.820997 -34.031761 56.889816 1.905426 3.744171 19.405954 39.504021 79.517372 22.182194 -20.37591 49.933369 -16.701885 -16.743555 28.476601 -1e-05 -12.69066 -7e-06 18.647234 -17.441582 1.472105 -0.105917 -1.51386 -4.275885 -5.039054 -5.612891 -2.953566 1.2e-05 -11.020587 -7e-06 -6.111313 -15.895468 -3.840509 0.0 -0.0 0.0 -10.283392 -5.680298 -4.341845 11.028332 -11.302447 -2.372639 -1.384264 -14.238654 -6.320156 -0.625401 -26.924414 -3.827639 -5.180634 -52.70985 -3.132505 -13.708551 -7.363488 -3.720947 18.141211 -14.052798 -3.242684 2.4e-05 -18.787382 -1e-05 -0.429703 -8.456116 2.555525 0.0 3e-06 1e-06 -15.923563 -20.094522 -5.473596 30.419292 -7.19087 1.735938 1.1e-05 -8.162968 -3e-06 -1.86187 -22.861662 -6.168003 0.0 -4e-06 -2e-06 178.48996 -1.343489 9.961168 5.586922 -0.128821 -0.030272 -76.367081 7.028954 -3.509183 -4.587905 1.531531 2.13109 -1.0 -0.0 0.0 2.711327 -4.41476 -14.538645 5.567115 -0.054776 0.192069 -78.535782 -3.235124 -6.250865 -4.891592 0.668007 1.655717 -0.999997 -0.0 0.0 
0.0 0.0 0.0 0.0 -0.0 0.0 0.185852 100.151062 1.412988 91.682152 -2.653697 102.064819 -2.514389 0.011922 0.739241 -11.661575 0.480212 3.62849 15.721465 -3.979286 0.404509 11.618771 7.631729 1.82197 -2.52047 -0.807246 -10.968177 -39.91164 -4.855503 -14.025552 8e-06 -0.0 1e-06 0.013498 0.022218 0.021013 0.042867 -0.082275 -0.004429 0.080876 0.115876 0.010595 -116.822342 -68.884193 130.492004 38.135441 -60.888275 4.651824 22.615366 -0.003788 -0.088076 -4.397567 7.243732 2.307034 17.636637 -26.322613 52.411045 -19.466688 -14.395638 29.410364 1e-06 -8.774857 -3e-06 16.035551 -17.975069 6.042112 -0.609775 -1.795653 -3.889323 -4.807101 -11.046804 -2.937849 1.7e-05 -20.976015 -2.3e-05 -5.019964 -25.033592 -4.031928 6e-06 -2e-06 -0.0 -10.634551 -5.686975 -3.565571 10.573302 -17.92293 -3.113919 9e-06 -13.821205 -1.2e-05 -0.501745 -31.181549 -4.027061 -11.15697 -60.030144 7.20697 -13.982739 -7.1502 -2.875023 13.772765 -8.401483 -3.218254 0.347763 -34.211536 0.771616 -0.96301 -17.733391 2.621015 0.0 3e-06 1e-06 -17.346457 -20.095211 -4.201762 21.757616 -1.638374 3.866423 4e-06 -6.33882 -4e-06 -1.697582 -22.59177 -6.194047 -0.0 -6e-06 -2e-06 10.152013 -84.550438 -177.670258 64.96347 17.599213 -43.52438 60.594986 3.457655 4.949213 16.776587 52.706024 69.087814 22.182163 -20.375914 49.933258 -16.701862 -16.74354 28.476538 -9e-06 -12.690629 -1e-06 17.323282 -17.550858 2.124405 -0.105919 -1.51386 -4.27588 -5.039045 -5.612889 -2.953555 1.3e-05 -11.020585 1e-06 -6.1113 -15.895451 -3.840476 -0.0 -2e-06 0.0 -10.283381 -5.680298 -4.341834 11.028315 -11.302449 -2.372633 -1.384265 -14.238658 -6.320129 -0.625422 -26.924404 -3.827608 -4.814272 -51.381443 -3.715717 -13.708538 -7.363489 -3.720932 18.141182 -14.052797 -3.242678 2.1e-05 -18.787376 -5e-06 -0.429703 -8.456109 2.555516 0.0 1e-06 0.0 -15.923554 -20.094532 -5.473567 30.419249 -7.190857 1.735927 9e-06 -8.162966 -7e-06 -1.861872 -22.861643 -6.167981 -1e-06 -3e-06 -1e-06 178.147186 -1.403422 10.16757 5.595102 -0.092578 -0.012921 -76.295021 6.994698 -3.547134 -4.472336 1.479441 2.138915 -1.000002 -0.0 0.0 2.477082 -4.350694 -14.508008 5.63425 -0.066175 0.14243 -78.727264 -3.548908 -6.411034 -4.670611 0.575123 1.644594 -1.000002 0.0 0.0 
0.0 0.0 0.0 0.0 -0.0 0.0 0.11588 100.123154 1.386936 91.693626 -2.859842 102.3871 -2.464428 -0.041506 0.809672 -11.593252 0.454131 3.612034 15.682966 -3.902961 0.730076 11.257652 7.124499 1.825015 -2.57853 -0.818442 -11.226294 -39.813507 -4.455161 -14.179794 5e-06 0.0 1e-06 0.007477 -0.0143 -0.024412 0.074129 -0.147887 -0.03867 0.128871 0.108385 -0.043955 -117.881966 -68.879326 131.894196 39.162971 -60.642895 2.805236 22.553301 -0.201234 -0.089931 -4.366504 7.404986 2.685808 17.636675 -26.322819 52.411407 -19.466692 -14.395682 29.410505 7e-06 -8.774874 -3e-06 15.868164 -17.892199 6.192022 -0.609781 -1.795654 -3.889339 -4.807118 -11.046821 -2.937857 -3e-06 -20.97604 3e-06 -5.020003 -25.033617 -4.031926 6e-06 1e-06 0.0 -10.634578 -5.686985 -3.565595 10.573313 -17.922962 -3.113907 -4e-06 -13.821231 8e-06 -0.501797 -31.181604 -4.027037 -11.46613 -59.956562 7.196554 -13.982773 -7.150215 -2.875046 13.772789 -8.40149 -3.218254 0.34771 -34.21162 0.771684 -0.963052 -17.733435 2.621052 0.0 -2e-06 -0.0 -17.346506 -20.095251 -4.20179 21.757669 -1.638371 3.866447 -4e-06 -6.338833 6e-06 -1.697618 -22.591812 -6.194046 -0.0 -3e-06 -3e-06 10.509022 -85.611664 -178.964859 66.089523 13.668085 -52.647018 63.302864 5.248231 6.181847 3.622635 65.507866 48.079552 22.182159 -20.376064 49.933514 -16.70187 -16.743578 28.476662 -9e-06 -12.690637 1.1e-05 16.098835 -17.272736 3.707235 -0.105921 -1.513859 -4.275898 -5.03905 -5.6129 -2.953567 8e-06 -11.020607 9e-06 -6.111309 -15.895479 -3.840482 0.0 0.0 2e-06 -10.283386 -5.680307 -4.341853 11.028325 -11.302469 -2.372638 -1.384265 -14.238677 -6.320147 -0.625444 -26.924465 -3.827604 -4.86664 -50.553593 -3.2521 -13.708549 -7.363503 -3.720951 18.141195 -14.052823 -3.242684 4e-06 -18.78742 2e-05 -0.429719 -8.456141 2.555535 1e-06 1e-06 -2e-06 -15.923567 -20.094566 -5.473588 30.419279 -7.190856 1.735918 0.0 -8.162994 4e-06 -1.861902 -22.861723 -6.167974 2e-06 -1e-06 -1e-06 177.839691 -1.422535 10.375768 5.619058 -0.062778 0.063094 -76.159187 7.216842 -3.628116 -4.602234 1.453015 2.136769 -1.000005 -0.0 0.0 2.318326 -4.372958 -14.706767 5.619572 -0.01065 0.210426 -78.736992 -3.705871 -6.672976 -4.606041 0.517123 1.636199 -1.000004 0.0 0.0 
0.0 0.0 0.0 0.0 -0.0 0.0 0.098339 100.118103 1.402171 91.723923 -3.001313 102.504379 -2.511387 -0.056125 0.872411 -11.502934 0.426073 3.521591 15.701051 -3.881226 0.974584 11.003241 6.85933 1.8132 -2.628287 -0.849789 -11.345801 -39.439724 -4.125602 -14.289922 5e-06 -0.0 0.0 0.017894 -0.041204 -0.039551 0.081887 -0.196571 -0.063246 0.143942 0.104313 -0.04592 -118.104301 -69.030647 132.317215 39.470325 -60.716972 1.779174 22.752159 -0.394676 -0.16007 -4.195227 7.670471 2.286047 17.636671 -26.322662 52.411003 -19.466784 -14.395628 29.410389 -6e-06 -8.774869 -2e-06 15.885754 -17.83898 6.141583 -0.609773 -1.795662 -3.889324 -4.807101 -11.046867 -2.93785 2.1e-05 -20.976179 -1.8e-05 -5.019988 -25.033836 -4.031907 6e-06 -0.0 0.0 -10.634552 -5.68699 -3.565571 10.573325 -17.92305 -3.113929 1.5e-05 -13.821316 -1.6e-05 -0.501731 -31.181877 -4.027073 -11.178985 -59.736 6.654213 -13.982741 -7.150218 -2.875022 13.772784 -8.40154 -3.218259 0.347785 -34.211842 0.771599 -0.962998 -17.733568 2.621019 0.0 1e-06 0.0 -17.346458 -20.095285 -4.201751 21.757639 -1.638386 3.866422 7e-06 -6.33887 -1e-05 -1.697566 -22.592001 -6.194077 -0.0 -4e-06 -2e-06 12.33707 -85.871231 178.59436 67.122185 12.028568 -56.358074 63.426693 5.903352 6.082522 -8.829871 67.806602 31.073578 22.182205 -20.375938 49.933216 -16.701832 -16.743616 28.476484 -1.5e-05 -12.690675 -8e-06 15.352075 -16.36265 4.1596 -0.105917 -1.51385 -4.275877 -5.039055 -5.612867 -2.953544 2e-05 -11.020549 1.1e-05 -6.111337 -15.895379 -3.840461 -2e-06 -2e-06 -0.0 -10.283403 -5.680275 -4.341823 11.028353 -11.302418 -2.372623 -1.384276 -14.238593 -6.320101 -0.625434 -26.924295 -3.827552 -4.604288 -48.916225 -3.002377 -13.708566 -7.36346 -3.72092 18.141239 -14.052761 -3.24266 1.7e-05 -18.787317 2.5e-05 -0.429699 -8.456087 2.555527 -2e-06 -1e-06 -0.0 -15.923586 -20.094458 -5.473545 30.419352 -7.190865 1.735942 1e-05 -8.162949 6e-06 -1.861913 -22.86157 -6.167935 0.0 -2e-06 0.0 177.729172 -1.401841 10.543211 5.5305 -0.094575 0.105689 -76.062195 7.285542 -3.598366 -4.849652 1.507266 2.13259 -1.000003 0.0 1e-06 2.228307 -4.383616 -14.878353 5.541427 0.033576 0.302094 -78.608177 -3.872051 -6.827057 -4.722308 0.558347 1.6362 -1.000002 -0.0 -0.0 
0.0 0.0 0.0 0.0 -0.0 0.0 0.035333 100.162354 1.458063 91.71627 -2.973584 102.299797 -2.516142 0.006679 0.853583 -11.490099 0.42964 3.44659 15.806813 -3.870495 0.803739 10.997247 6.959138 1.891843 -2.532766 -0.83791 -11.307864 -40.003872 -4.110618 -13.89825 6e-06 -0.0 0.0 0.035413 -0.028958 -0.013295 0.069652 -0.199151 -0.042781 0.130056 0.131365 -0.012921 -117.034294 -69.094147 131.149384 38.999035 -61.089554 2.862556 22.989803 -0.415799 -0.179028 -3.962939 6.916998 1.861316 17.636675 -26.32279 52.411316 -19.466818 -14.395633 29.41054 -2e-05 -8.774863 -2e-06 16.006113 -17.799305 6.137914 -0.609775 -1.795661 -3.889339 -4.807083 -11.046859 -2.937875 5.6e-05 -20.976168 -2.5e-05 -5.019923 -25.0338 -4.03192 6e-06 3e-06 -0.0 -10.634547 -5.686981 -3.5656 10.573343 -17.923056 -3.11394 3.6e-05 -13.821303 -1e-05 -0.501678 -31.181835 -4.027062 -11.005511 -59.911442 6.660758 -13.982729 -7.150206 -2.875056 13.772782 -8.401556 -3.218267 0.347831 -34.211826 0.771616 -0.962994 -17.733559 2.621055 1e-06 -1e-06 0.0 -17.346422 -20.095268 -4.20181 21.75762 -1.638415 3.866432 1.5e-05 -6.338867 -5e-06 -1.697517 -22.59198 -6.194088 -1e-06 -3e-06 -2e-06 13.829193 -84.9543 177.646942 67.547966 13.784098 -51.72636 61.512165 4.510253 4.085532 -5.411534 60.905193 34.238632 22.182138 -20.375847 49.933304 -16.701868 -16.743563 28.476549 -2.3e-05 -12.690634 -1e-06 15.151643 -16.947311 3.787102 -0.105918 -1.513856 -4.27588 -5.039044 -5.612866 -2.953561 2.6e-05 -11.020528 -1.5e-05 -6.111276 -15.895348 -3.840505 1e-06 -1e-06 1e-06 -10.283383 -5.68028 -4.341836 11.028332 -11.302404 -2.372646 -1.384244 -14.238574 -6.320138 -0.625348 -26.924221 -3.827628 -4.707961 -48.652363 -3.180713 -13.708545 -7.363465 -3.720938 18.141207 -14.052747 -3.242694 4.7e-05 -18.787268 -1.3e-05 -0.429692 -8.456055 2.555514 -1e-06 -2e-06 0.0 -15.92355 -20.09446 -5.473593 30.419283 -7.190857 1.735914 1.6e-05 -8.162919 -5e-06 -1.861855 -22.861483 -6.167964 -2e-06 -4e-06 1e-06 177.857666 -1.482959 10.349942 5.406232 -0.104342 0.083354 -76.07991 7.262852 -3.664117 -4.819149 1.499161 2.131295 -1.000001 -0.0 -0.0 2.262978 -4.285401 -14.644423 5.42078 0.011782 0.353308 -78.395111 -4.1416 -6.808279 -4.670235 0.612686 1.64441 -1.000002 0.0 -0.0 
0.0 0.0 0.0 0.0 -0.0 0.0 -0.027865 100.209114 1.517273 91.651505 -2.977151 101.91214 -2.520461 0.053413 0.865884 -11.51378 0.418707 3.447526 15.731671 -3.732454 0.439049 11.287724 7.075972 2.025964 -2.450934 -0.776256 -11.16495 -40.571384 -4.433485 -13.415238 7e-06 -0.0 1e-06 0.077543 -0.013589 0.010913 0.089915 -0.180612 -0.028312 0.148307 0.141683 0.020862 -115.534294 -69.20018 129.355652 38.713348 -61.413845 4.922726 22.358471 -0.491121 -0.207767 -3.926304 5.065652 2.379832 17.63678 -26.323034 52.411713 -19.466839 -14.395737 29.410709 5e-06 -8.774931 -4e-06 16.05085 -17.840073 6.161085 -0.609783 -1.795667 -3.889359 -4.807144 -11.04692 -2.937876 -1e-05 -20.97629 1.7e-05 -5.020065 -25.033978 -4.031941 6e-06 -3e-06 1e-06 -10.634625 -5.687019 -3.565616 10.573373 -17.923124 -3.113923 -8e-06 -13.821383 1.4e-05 -0.50181 -31.182043 -4.027065 -11.132215 -60.22419 7.067458 -13.982834 -7.15026 -2.875065 13.772863 -8.401567 -3.218268 0.347699 -34.212048 0.771708 -0.963072 -17.733679 2.62109 -1e-06 -0.0 -0.0 -17.346582 -20.09539 -4.201807 21.757774 -1.638382 3.866475 -3e-06 -6.338904 8e-06 -1.697628 -22.592115 -6.1941 0.0 -3e-06 -2e-06 16.33012 -83.607147 175.931793 67.868874 18.011736 -41.47641 57.886845 2.60776 2.146004 5.800403 43.381432 54.530937 22.182219 -20.376028 49.933552 -16.701931 -16.743593 28.476698 -1.5e-05 -12.690666 -2e-06 16.71769 -16.733986 2.136123 -0.105919 -1.513868 -4.275903 -5.039062 -5.61291 -2.953575 1.5e-05 -11.020617 -5e-06 -6.11131 -15.895503 -3.840513 -1e-06 1e-06 2e-06 -10.283411 -5.680318 -4.341859 11.028351 -11.302488 -2.372649 -1.384256 -14.238701 -6.320176 -0.6254 -26.924503 -3.827649 -4.602271 -48.254677 -3.646675 -13.708578 -7.363513 -3.720958 18.141243 -14.052845 -3.242696 2.6e-05 -18.787437 -7e-06 -0.429707 -8.456142 2.555533 -0.0 -1e-06 -0.0 -15.923595 -20.094603 -5.473608 30.41934 -7.190885 1.735926 1e-05 -8.162993 -4e-06 -1.861868 -22.861721 -6.16801 1e-06 -1e-06 -1e-06 177.963379 -1.59352 9.891274 5.329316 -0.105135 0.028519 -76.117813 7.121841 -3.712343 -4.750162 1.49166 2.128762 -1.000005 -0.0 0.0 2.226985 -4.183044 -14.561649 5.339038 -0.030825 0.317022 -78.39576 -3.878798 -6.598053 -4.698729 0.613253 1.644143 -1.000004 -0.0 -0.0 
0.0 0.0 0.0 0.0 -0.0 0.0 -0.053145 100.191437 1.57785 91.637383 -3.000921 101.537979 -2.497354 0.065589 0.773339 -11.483849 0.393444 3.444963 15.584657 -3.62549 0.256252 11.514892 7.284691 1.995561 -2.519563 -0.754386 -10.618663 -40.473282 -4.969585 -13.229713 6e-06 -0.0 1e-06 0.094808 -0.003619 0.020084 0.107612 -0.143623 -0.030176 0.152479 0.124404 0.042037 -114.499626 -69.489021 128.257889 39.199203 -61.458328 5.982238 21.202738 -0.402874 -0.109733 -4.105578 4.148514 3.065948 17.636555 -26.322502 52.410862 -19.466539 -14.395533 29.410204 1e-05 -8.774786 -8e-06 16.271057 -18.018896 6.154114 -0.609775 -1.795645 -3.889307 -4.807082 -11.046749 -2.937835 -8e-06 -20.975882 -1.6e-05 -5.019949 -25.033419 -4.031906 6e-06 -1e-06 0.0 -10.6345 -5.686952 -3.565564 10.573214 -17.922831 -3.113887 -4e-06 -13.821124 -1e-05 -0.50177 -31.181334 -4.027037 -11.745514 -60.616169 7.644865 -13.982671 -7.150176 -2.875021 13.772667 -8.40143 -3.218225 0.347719 -34.211311 0.771623 -0.963021 -17.733263 2.620989 0.0 -1e-06 -0.0 -17.346376 -20.095129 -4.201753 21.757481 -1.638348 3.866415 -4e-06 -6.338785 -5e-06 -1.697592 -22.591631 -6.194008 0.0 -4e-06 -1e-06 17.422077 -82.751755 175.733795 68.07267 23.002098 -29.483759 56.403744 1.115707 1.940732 11.064235 28.776199 71.095192 22.181881 -20.375813 49.933105 -16.701784 -16.743502 28.47648 -2e-05 -12.690528 4.4e-05 17.956396 -16.789312 1.960017 -0.105911 -1.513849 -4.275869 -5.039001 -5.61285 -2.95354 1.4e-05 -11.020495 -6e-06 -6.111228 -15.895307 -3.84044 1e-06 3e-06 1e-06 -10.283305 -5.68026 -4.341812 11.028237 -11.302368 -2.372653 -1.384233 -14.238534 -6.320096 -0.625387 -26.924139 -3.827599 -4.994506 -50.442261 -3.216682 -13.708438 -7.363442 -3.720911 18.14106 -14.052691 -3.242704 1.2e-05 -18.78721 -6e-06 -0.429713 -8.456031 2.555489 1e-06 -0.0 4e-06 -15.923424 -20.0944 -5.473547 30.419046 -7.190782 1.735834 -0.0 -8.162902 -6e-06 -1.861869 -22.861422 -6.167915 0.0 -5e-06 -2e-06 178.004959 -1.621668 9.59571 5.359948 -0.115938 0.017475 -76.154083 6.909379 -3.626337 -4.61473 1.542596 2.124613 -1.0 0.0 -0.0 2.159377 -4.175684 -14.525072 5.373158 -0.03831 0.287019 -78.416061 -3.506159 -6.386964 -4.838961 0.610311 1.632407 -1.000001 -0.0 0.0 
0.0 0.0 0.0 0.0 -0.0 0.0 -0.11769 100.191025 1.624518 91.64006 -3.103412 101.282906 -2.514362 0.064707 0.687134 -11.518316 0.380807 3.460996 15.638444 -3.67363 0.166807 11.546431 7.600388 2.032441 -2.648045 -0.883226 -10.41187 -40.352219 -5.166046 -13.079469 8e-06 -0.0 1e-06 0.066478 -0.015319 -0.008243 0.095242 -0.135197 -0.055066 0.133371 0.092675 0.010302 -113.931648 -69.795692 127.754784 39.510189 -61.254509 5.456818 20.845343 -0.260876 -0.06726 -4.035826 4.860766 3.279809 17.636681 -26.322662 52.411186 -19.466599 -14.395638 29.410351 2.9e-05 -8.77487 -1.3e-05 16.330803 -18.122351 6.096467 -0.609782 -1.795651 -3.889327 -4.80714 -11.046802 -2.937844 -4.4e-05 -20.975971 -4e-06 -5.020043 -25.033543 -4.031953 6e-06 1e-06 -0.0 -10.634585 -5.68699 -3.56558 10.573271 -17.922894 -3.113889 -2.8e-05 -13.821186 -3e-06 -0.501841 -31.181498 -4.027075 -11.503222 -60.460953 7.380698 -13.982783 -7.150225 -2.875031 13.77277 -8.401445 -3.218235 0.347655 -34.211498 0.77166 -0.963057 -17.733372 2.62101 1e-06 1e-06 -0.0 -17.34654 -20.09524 -4.20176 21.757662 -1.638328 3.86646 -1.3e-05 -6.338814 1e-06 -1.697667 -22.59174 -6.19405 1e-06 -4e-06 -2e-06 17.342777 -82.577087 176.609833 67.772659 25.347286 -24.787828 58.320034 1.033365 2.968389 13.837767 25.325571 77.120567 22.181971 -20.375854 49.93325 -16.701921 -16.743547 28.476601 -5.2e-05 -12.690577 3.7e-05 18.843809 -17.443142 2.415351 -0.105907 -1.513862 -4.275883 -5.039013 -5.612861 -2.953555 3.9e-05 -11.020535 -2.4e-05 -6.111207 -15.89535 -3.840478 0.0 -3e-06 -1e-06 -10.283336 -5.680271 -4.34183 11.028303 -11.302427 -2.372674 -1.384199 -14.238585 -6.320135 -0.6253 -26.924255 -3.827635 -5.637841 -53.442474 -2.560178 -13.708478 -7.363452 -3.720929 18.141165 -14.052778 -3.242742 6.9e-05 -18.787287 -2.7e-05 -0.429687 -8.456061 2.555497 -2e-06 0.0 -0.0 -15.923448 -20.09445 -5.473586 30.41918 -7.190876 1.735817 2.7e-05 -8.162922 -1.3e-05 -1.861797 -22.861494 -6.167958 -1e-06 -2e-06 2e-06 177.903702 -1.62882 9.547571 5.429633 -0.126201 0.04804 -76.250946 6.704952 -3.482829 -4.543251 1.565243 2.121471 -1.000003 -0.0 0.0 1.956109 -4.159338 -14.560515 5.491777 -0.030453 0.263578 -78.42498 -3.446151 -6.028094 -4.974245 0.623776 1.626272 -1.000004 -0.0 -1e-06 
0.0 0.0 0.0 0.0 -0.0 0.0 -0.223522 100.19426 1.618241 91.573235 -3.231607 101.24366 -2.456999 0.002765 0.669365 -11.592887 0.356231 3.350276 15.680789 -3.686388 0.161362 11.46949 7.666007 2.057176 -2.614753 -0.986138 -10.54527 -40.611618 -5.384848 -12.846854 7e-06 -0.0 0.0 0.045439 -0.017089 -0.033015 0.084874 -0.132092 -0.076497 0.101571 0.086728 -0.021519 -113.712173 -69.937317 127.528702 39.421715 -60.895824 4.771374 21.759897 -0.127849 -0.092049 -3.387154 6.171245 3.491577 17.636766 -26.322771 52.411274 -19.466812 -14.395725 29.410511 1.1e-05 -8.774934 -7e-06 16.226767 -18.066618 5.979264 -0.609778 -1.795665 -3.889339 -4.80715 -11.046894 -2.937857 -1e-05 -20.976217 -1.1e-05 -5.020059 -25.033884 -4.031957 6e-06 1e-06 -0.0 -10.634624 -5.687016 -3.565583 10.573369 -17.923071 -3.11393 -4e-06 -13.821343 -1.1e-05 -0.501782 -31.181963 -4.027113 -11.021769 -60.181877 6.940089 -13.982834 -7.150253 -2.875028 13.772863 -8.401538 -3.218266 0.347729 -34.211926 0.771628 -0.963028 -17.733608 2.621029 0.0 -1e-06 1e-06 -17.3466 -20.095354 -4.201757 21.75779 -1.638369 3.866459 -2e-06 -6.338883 -6e-06 -1.697631 -22.592054 -6.194111 0.0 -5e-06 -2e-06 18.055346 -82.711128 176.01535 66.917366 23.935396 -28.853489 61.846764 1.609135 4.128619 15.572963 29.151506 80.429291 22.182209 -20.375895 49.933525 -16.702061 -16.743593 28.476759 -3.3e-05 -12.690694 1e-06 18.73089 -17.288054 2.448658 -0.105917 -1.513877 -4.275907 -5.039062 -5.612925 -2.953584 2.8e-05 -11.02065 -3.4e-05 -6.1113 -15.895556 -3.840542 1e-06 -2e-06 1e-06 -10.283417 -5.680331 -4.341863 11.028384 -11.302527 -2.372685 -1.384237 -14.238751 -6.320204 -0.625329 -26.924608 -3.827713 -5.64647 -53.486095 -2.443595 -13.708588 -7.363527 -3.720961 18.141298 -14.052896 -3.24275 7e-05 -18.787479 -6.1e-05 -0.429685 -8.456154 2.555509 0.0 2e-06 1e-06 -15.923594 -20.094646 -5.473637 30.419405 -7.190931 1.735895 2.3e-05 -8.163002 -2.7e-05 -1.861799 -22.861765 -6.168087 -0.0 -3e-06 -3e-06 177.677872 -1.682773 9.713056 5.535455 -0.139656 0.060059 -76.284798 6.457024 -3.543396 -4.39316 1.507751 2.119435 -1.000002 0.0 0.0 1.71733 -4.041726 -14.55823 5.596066 -0.035355 0.223043 -78.523918 -3.572032 -5.863491 -4.904008 0.63658 1.634981 -1.000005 0.0 -0.0 
0.0 0.0 0.0 0.0 -0.0 0.0 -0.343972 100.189224 1.557604 91.481537 -3.378879 101.458084 -2.394637 -0.080797 0.684416 -11.639668 0.31803 3.241182 15.688141 -3.620139 0.191569 11.235345 7.389571 2.120129 -2.5244 -1.075205 -10.939804 -40.716423 -5.645178 -12.858603 9e-06 -0.0 0.0 0.027586 -0.001573 -0.019226 0.06095 -0.141489 -0.060958 0.068957 0.126887 -0.012498 -114.394569 -69.956612 128.064392 39.167721 -60.300354 4.471506 23.103765 -0.045799 -0.112558 -2.736667 7.250144 3.474067 17.636442 -26.322634 52.411121 -19.466364 -14.395451 29.410221 9e-06 -8.774708 -2e-06 16.04814 -18.057083 5.995457 -0.609779 -1.795628 -3.889308 -4.807048 -11.04668 -2.937833 -2.4e-05 -20.975742 2.5e-05 -5.019912 -25.033236 -4.031847 6e-06 1e-06 -1e-06 -10.63444 -5.68692 -3.565589 10.573118 -17.92272 -3.113839 -1.8e-05 -13.821041 2.4e-05 -0.501819 -31.181087 -4.026939 -11.054599 -59.969627 6.947377 -13.982589 -7.150136 -2.875054 13.772555 -8.401379 -3.218195 0.347646 -34.211086 0.771733 -0.963078 -17.733166 2.621038 0.0 1e-06 3e-06 -17.346252 -20.095016 -4.201799 21.757307 -1.638336 3.866416 -7e-06 -6.33875 1.6e-05 -1.697587 -22.591465 -6.193935 0.0 -3e-06 -1e-06 18.475008 -83.008888 175.171631 65.894569 20.171501 -36.798985 65.635506 2.382456 4.851555 16.547798 37.642807 77.61113 22.181787 -20.375898 49.933113 -16.701651 -16.743431 28.476408 -1.8e-05 -12.690442 4.4e-05 17.78886 -16.875059 2.363837 -0.105914 -1.51384 -4.275863 -5.038969 -5.612819 -2.953532 1e-05 -11.020433 1.5e-05 -6.111187 -15.895191 -3.840404 0.0 -4e-06 -0.0 -10.283254 -5.680231 -4.341813 11.028173 -11.302317 -2.372621 -1.384225 -14.238455 -6.320055 -0.625429 -26.923964 -3.82752 -5.093218 -51.367268 -3.143101 -13.708369 -7.363402 -3.720915 18.140951 -14.052628 -3.242667 -9e-06 -18.787128 3.9e-05 -0.429728 -8.455992 2.555507 0.0 0.0 -2e-06 -15.923338 -20.094303 -5.473543 30.418877 -7.190745 1.735833 -9e-06 -8.162868 1.6e-05 -1.861902 -22.861311 -6.167819 1e-06 -2e-06 -0.0 177.359863 -1.766928 9.875033 5.676718 -0.128777 0.052379 -76.335571 6.304742 -3.629465 -4.275703 1.488396 2.145086 -0.999996 -0.0 1e-06 1.49555 -3.902361 -14.629889 5.687184 -0.057769 0.193289 -78.730743 -3.771023 -5.780775 -4.762288 0.604535 1.643114 -1.000003 1e-06 -0.0 
0.0 0.0 0.0 0.0 -0.0 0.0 -0.426566 100.196838 1.514169 91.483521 -3.567097 101.811104 -2.341273 -0.20404 0.715967 -11.658736 0.280035 3.226286 15.65478 -3.5578 0.227497 10.885384 6.96013 2.168577 -2.470542 -1.173272 -11.341724 -40.422962 -5.816705 -13.129992 7e-06 1e-06 1e-06 0.022022 -0.004771 -0.024393 0.067704 -0.163479 -0.054565 0.071051 0.142692 -0.028718 -115.439377 -69.94931 129.058945 39.339836 -59.571831 3.837275 24.121677 -0.003068 -0.138595 -2.303374 8.000034 3.536791 17.636681 -26.322868 52.411404 -19.466784 -14.395688 29.410563 -7e-06 -8.77488 3e-06 15.884782 -18.070971 6.093151 -0.609776 -1.79566 -3.889341 -4.807105 -11.046867 -2.937862 1.6e-05 -20.976175 7e-06 -5.020002 -25.033812 -4.031896 6e-06 -2e-06 -0.0 -10.634572 -5.686989 -3.565595 10.573339 -17.923056 -3.113925 8e-06 -13.821312 9e-06 -0.501773 -31.181852 -4.027024 -11.234425 -59.833359 7.115504 -13.982765 -7.150219 -2.875046 13.772803 -8.401545 -3.218269 0.347747 -34.211857 0.771678 -0.963042 -17.733583 2.621068 1e-06 0.0 -2e-06 -17.346481 -20.095293 -4.201788 21.757664 -1.638393 3.866432 3e-06 -6.33887 4e-06 -1.697584 -22.591972 -6.194053 -1e-06 -2e-06 -3e-06 19.473738 -83.306694 173.3647 64.986465 15.871821 -44.973511 68.818634 2.989988 5.224994 15.567229 48.679951 67.971336 22.182205 -20.375931 49.933453 -16.70186 -16.743608 28.47661 1.3e-05 -12.690675 -4e-06 16.705965 -17.173685 2.908545 -0.105921 -1.51386 -4.275891 -5.039072 -5.612893 -2.953563 -7e-06 -11.020564 -3e-06 -6.111358 -15.895427 -3.840505 1e-06 3e-06 -0.0 -10.28342 -5.680314 -4.341844 11.028334 -11.302421 -2.372639 -1.384296 -14.238631 -6.320148 -0.625455 -26.924322 -3.827644 -4.944572 -50.141315 -3.503765 -13.708591 -7.363511 -3.720941 18.14122 -14.052762 -3.242682 -1.3e-05 -18.787352 -7e-06 -0.429721 -8.45609 2.555519 1e-06 1e-06 0.0 -15.923632 -20.094559 -5.473588 30.419353 -7.19082 1.73595 -6e-06 -8.162949 -0.0 -1.861936 -22.861584 -6.167997 0.0 -4e-06 -0.0 177.052521 -1.757063 9.995964 5.685966 -0.098915 0.063505 -76.283653 6.373776 -3.626795 -4.290022 1.499529 2.169235 -1.000001 0.0 0.0 1.327367 -3.876325 -14.792192 5.722247 -0.077285 0.201464 -78.917137 -3.973706 -5.759812 -4.695276 0.537164 1.64146 -1.000003 0.0 0.0 
0.0 0.0 0.0 0.0 -0.0 0.0 -0.469548 100.209137 1.522653 91.553436 -3.738804 102.076096 -2.354542 -0.282814 0.771568 -11.624801 0.242605 3.217907 15.578838 -3.481468 0.335575 10.716146 6.345478 2.128799 -2.452737 -1.16183 -11.59301 -39.76123 -5.871016 -13.426383 7e-06 0.0 1e-06 0.022756 -0.014804 -0.029924 0.099584 -0.182933 -0.044015 0.103211 0.14271 -0.04707 -116.34465 -70.039314 130.034088 40.033211 -59.053905 2.513406 24.345263 -0.07072 -0.195462 -2.245925 8.35086 4.012103 17.636673 -26.322718 52.411175 -19.466745 -14.395621 29.410433 -1.2e-05 -8.774848 -3e-06 15.824433 -18.093306 6.147423 -0.609772 -1.795658 -3.88933 -4.807087 -11.046832 -2.93786 4e-05 -20.976091 -1.7e-05 -5.019934 -25.033689 -4.031906 6e-06 -2e-06 -1e-06 -10.634548 -5.686974 -3.565588 10.573318 -17.922998 -3.113924 2.6e-05 -13.821253 -7e-06 -0.501709 -31.181671 -4.02704 -11.32082 -59.793346 7.170909 -13.982734 -7.150199 -2.875041 13.772768 -8.401522 -3.218255 0.3478 -34.211689 0.771627 -0.963003 -17.733471 2.621044 0.0 -1e-06 -1e-06 -17.346436 -20.095242 -4.201785 21.757605 -1.638398 3.86643 1.2e-05 -6.338842 -4e-06 -1.697541 -22.591852 -6.194051 0.0 -7e-06 -2e-06 21.783371 -83.738152 170.104645 64.480782 12.26381 -51.142567 70.684967 3.632369 5.213576 12.141214 60.105194 57.084099 22.182163 -20.375933 49.933319 -16.701828 -16.743608 28.476561 1.3e-05 -12.690664 4e-06 16.037609 -17.481682 3.789442 -0.105918 -1.513855 -4.275883 -5.039064 -5.612889 -2.953552 -1e-05 -11.020573 1e-05 -6.111362 -15.89544 -3.840478 0.0 0.0 -0.0 -10.283404 -5.680303 -4.341829 11.028319 -11.302423 -2.372631 -1.384298 -14.238633 -6.320126 -0.625476 -26.924353 -3.827615 -5.08165 -50.456268 -3.206134 -13.708573 -7.363497 -3.720925 18.141209 -14.05276 -3.242674 -2.3e-05 -18.787367 1.1e-05 -0.429726 -8.456109 2.555522 0.0 3e-06 0.0 -15.923612 -20.09453 -5.473549 30.419334 -7.190814 1.73594 -1e-05 -8.162964 2e-06 -1.861946 -22.861647 -6.167984 -1e-06 -4e-06 -1e-06 176.882431 -1.699638 10.272769 5.555316 -0.08185 0.100005 -76.149727 6.394082 -3.660161 -4.421837 1.534737 2.171455 -1.000003 0.0 0.0 1.227951 -3.930377 -15.054176 5.692105 -0.075011 0.252691 -78.95356 -4.022002 -5.818172 -4.71671 0.506347 1.636515 -1.000004 -0.0 -1e-06 
0.0 0.0 0.0 0.0 -0.0 0.0 -0.477096 100.19857 1.532899 91.590347 -3.824551 102.086899 -2.407007 -0.237151 0.818539 -11.561429 0.229203 3.214559 15.504185 -3.291822 0.536034 10.778743 5.720402 2.043695 -2.517079 -1.158496 -11.598357 -39.014263 -5.835404 -13.496076 8e-06 -0.0 1e-06 0.007177 -0.033186 -0.044934 0.104648 -0.200287 -0.05702 0.10852 0.124031 -0.061716 -116.662704 -70.107323 130.66774 41.230656 -58.777916 0.127385 23.999027 -0.428372 -0.239577 -2.202051 8.351792 4.346785 17.636599 -26.322681 52.411053 -19.46656 -14.395527 29.410263 0.0 -8.774781 -8e-06 15.784011 -18.096788 6.189242 -0.609777 -1.795649 -3.889317 -4.807069 -11.046775 -2.937837 2e-06 -20.97596 1.4e-05 -5.019952 -25.03351 -4.031854 6e-06 3e-06 0.0 -10.634501 -5.686954 -3.565582 10.573224 -17.922897 -3.113875 1e-06 -13.821177 1.1e-05 -0.501782 -31.181473 -4.026978 -11.287096 -59.726482 7.028652 -13.982669 -7.150177 -2.875039 13.77267 -8.401466 -3.218219 0.347719 -34.211464 0.771679 -0.963035 -17.73336 2.621032 -0.0 -2e-06 0.0 -17.346359 -20.095156 -4.201773 21.757467 -1.63837 3.866423 1e-06 -6.33881 5e-06 -1.697578 -22.591724 -6.193981 0.0 -2e-06 -1e-06 23.516586 -84.515236 167.622025 64.610779 9.883551 -56.229614 71.123734 3.901477 4.903332 4.967471 69.697548 42.181225 22.182102 -20.375763 49.933258 -16.701832 -16.743481 28.476507 -1.9e-05 -12.690581 -8e-06 15.847289 -16.720768 4.081647 -0.105919 -1.513859 -4.275877 -5.039033 -5.612857 -2.953562 2.4e-05 -11.020496 -2.9e-05 -6.11125 -15.895307 -3.84052 1e-06 -0.0 -0.0 -10.283361 -5.68028 -4.341843 11.02829 -11.302379 -2.372642 -1.38424 -14.238544 -6.320145 -0.625338 -26.924133 -3.827662 -4.808714 -49.804207 -2.851928 -13.708515 -7.363463 -3.720947 18.141146 -14.052714 -3.242688 5e-05 -18.787207 -4e-05 -0.429686 -8.456017 2.555496 1e-06 2e-06 -0.0 -15.923511 -20.09445 -5.473609 30.419176 -7.190835 1.735925 1.5e-05 -8.162891 -1.1e-05 -1.861832 -22.861385 -6.167977 0.0 -1e-06 0.0 176.864578 -1.678288 10.238929 5.40535 -0.095081 0.154222 -75.994659 6.597786 -3.594974 -4.67895 1.555865 2.15367 -0.999998 0.0 0.0 1.160063 -3.972934 -15.264915 5.656811 -0.051599 0.302905 -78.82711 -3.80735 -5.826155 -4.813216 0.527049 1.627732 -1.000002 0.0 -0.0 
0.0 0.0 0.0 0.0 -0.0 0.0 -0.497391 100.197044 1.558571 91.592834 -3.81701 101.81385 -2.469623 -0.115121 0.839059 -11.509464 0.248051 3.202915 15.463402 -3.07292 0.562072 10.961973 5.540603 1.974587 -2.531862 -1.186892 -11.3274 -38.657871 -5.829542 -13.290783 5e-06 -0.0 0.0 0.002948 -0.032586 -0.031469 0.079575 -0.195016 -0.054533 0.086548 0.120371 -0.036908 -116.196396 -70.129883 130.416595 41.941868 -58.959156 -1.506573 23.652758 -0.666825 -0.23356 -2.331519 8.11094 4.890828 17.636497 -26.322531 52.410873 -19.466303 -14.3955 29.410082 2.7e-05 -8.774745 -1e-05 15.87283 -18.001081 6.150618 -0.609779 -1.795629 -3.889295 -4.807079 -11.046662 -2.937808 -5.7e-05 -20.975691 4.3e-05 -5.019994 -25.033163 -4.031847 5e-06 -0.0 0.0 -10.634469 -5.686918 -3.565559 10.573125 -17.92267 -3.113815 -4e-05 -13.821005 3e-05 -0.501905 -31.181 -4.026923 -11.069161 -59.687542 6.808283 -13.98263 -7.150136 -2.875021 13.772593 -8.401343 -3.218182 0.347589 -34.210999 0.771755 -0.963093 -17.733116 2.621023 0.0 3e-06 0.0 -17.346331 -20.094995 -4.201742 21.757391 -1.638314 3.866422 -1.6e-05 -6.338736 1.8e-05 -1.697668 -22.59141 -6.193906 -0.0 -6e-06 -3e-06 22.385508 -84.855362 168.563248 64.991943 9.724654 -57.788044 69.911819 3.167932 4.058644 -0.054276 72.231316 29.741304 22.181913 -20.375843 49.93317 -16.701626 -16.743382 28.476391 2.5e-05 -12.690484 5e-06 15.977961 -16.253908 3.855947 -0.105925 -1.513848 -4.275865 -5.039009 -5.612856 -2.953539 -2e-05 -11.020492 1e-05 -6.111274 -15.895322 -3.840449 0.0 1e-06 0.0 -10.283295 -5.680278 -4.341824 11.028167 -11.302335 -2.372597 -1.384283 -14.238542 -6.320096 -0.625505 -26.924145 -3.827595 -4.400927 -48.627537 -2.768521 -13.708421 -7.363465 -3.720929 18.140947 -14.052649 -3.242632 -4.4e-05 -18.78722 1.3e-05 -0.429735 -8.456039 2.555497 2e-06 3e-06 2e-06 -15.923433 -20.094421 -5.473555 30.418917 -7.190708 1.735929 -2e-05 -8.162904 -1e-06 -1.861927 -22.861464 -6.167935 -1e-06 -3e-06 -0.0 176.966736 -1.722032 9.974745 5.305105 -0.122212 0.179543 -75.972183 6.729229 -3.567012 -4.80296 1.584318 2.149211 -0.999996 -0.0 0.0 1.167081 -3.964557 -15.274728 5.569184 -0.041366 0.359342 -78.688393 -3.569609 -5.815531 -4.832673 0.577076 1.625347 -1.000005 0.0 -1e-06 
0.0 0.0 0.0 0.0 -0.0 0.0 -0.539271 100.209518 1.583225 91.55703 -3.727922 101.382828 -2.479868 0.009829 0.785492 -11.487162 0.292978 3.101667 15.443745 -2.868399 0.548034 11.175726 5.818704 1.979909 -2.512269 -1.162907 -11.128411 -38.667419 -5.841578 -12.840204 5e-06 -0.0 1e-06 0.006436 -0.018967 -0.006243 0.04275 -0.183272 -0.032391 0.047748 0.136235 -0.009095 -115.333405 -70.035736 129.50029 41.848946 -59.44986 -1.839056 23.616814 -0.755505 -0.215922 -2.419724 7.565282 5.50072 17.636675 -26.322851 52.411362 -19.466803 -14.395616 29.410549 -3.3e-05 -8.774841 -2e-06 15.986521 -17.850967 6.108373 -0.609774 -1.795661 -3.889341 -4.807057 -11.046842 -2.937876 8.1e-05 -20.976152 -1e-05 -5.019884 -25.033756 -4.031885 6e-06 2e-06 -0.0 -10.634525 -5.686963 -3.56561 10.573339 -17.923054 -3.113929 4.9e-05 -13.821291 6e-06 -0.501662 -31.181795 -4.027001 -11.001409 -59.734634 6.793775 -13.982703 -7.150187 -2.875067 13.772765 -8.401567 -3.218261 0.347858 -34.2118 0.771649 -0.962993 -17.733543 2.621086 -0.0 -1e-06 -1e-06 -17.346365 -20.095232 -4.201828 21.757566 -1.63844 3.866426 2.5e-05 -6.338861 2e-06 -1.697484 -22.591936 -6.194053 -1e-06 -5e-06 -1e-06 19.873638 -84.615883 171.574524 65.214058 11.674652 -54.491631 67.150696 1.503722 2.945918 0.393672 68.96032 27.653019 22.182154 -20.375847 49.933353 -16.701862 -16.743536 28.476574 -1.9e-05 -12.69062 -5e-06 15.760187 -16.659836 3.563279 -0.105919 -1.513859 -4.275887 -5.03904 -5.612865 -2.953563 2.3e-05 -11.020517 -2.1e-05 -6.111269 -15.895345 -3.84052 -2e-06 -0.0 1e-06 -10.283381 -5.680285 -4.341846 11.028316 -11.302402 -2.372648 -1.384243 -14.238575 -6.320153 -0.625344 -26.924208 -3.827662 -4.426515 -48.719376 -2.837213 -13.708543 -7.363471 -3.720948 18.141184 -14.052744 -3.242691 4.4e-05 -18.787256 -2.3e-05 -0.429695 -8.456049 2.555512 1e-06 -3e-06 -3e-06 -15.923538 -20.094475 -5.473617 30.419252 -7.190859 1.735922 1.5e-05 -8.162921 -5e-06 -1.861846 -22.861483 -6.167977 -0.0 -3e-06 2e-06 177.126678 -1.834938 9.528391 5.277084 -0.128789 0.168971 -76.045891 6.711896 -3.684991 -4.718122 1.55735 2.150603 -0.999998 -0.0 -0.0 1.188023 -3.885845 -14.947338 5.503609 -0.044212 0.400597 -78.543137 -3.512252 -5.816 -4.778019 0.619883 1.63321 -1.000002 -0.0 0.0 
0.0 0.0 0.0 0.0 -0.0 0.0 -0.589184 100.227676 1.57204 91.512352 -3.731519 100.852127 -2.505157 0.120213 0.780305 -11.552586 0.31158 3.06275 15.392797 -2.664321 0.396394 11.425123 6.311741 2.099276 -2.471328 -1.116013 -11.014594 -38.719692 -5.867484 -12.329363 7e-06 -0.0 -0.0 0.033741 -0.007659 0.008992 0.028836 -0.172724 -0.023338 0.037441 0.147305 0.011212 -114.635612 -69.862419 128.390991 40.998531 -60.105972 -0.644384 23.614075 -0.561534 -0.263871 -2.61965 6.91749 5.47172 17.636688 -26.322832 52.411381 -19.466747 -14.395671 29.410524 4e-06 -8.77488 -3e-06 16.060366 -17.772947 6.02709 -0.609779 -1.79566 -3.88934 -4.807117 -11.046861 -2.937862 -2e-06 -20.976147 1e-06 -5.020014 -25.033773 -4.031924 6e-06 2e-06 -0.0 -10.634577 -5.686991 -3.565596 10.573319 -17.923023 -3.113915 -3e-06 -13.821287 2e-06 -0.501788 -31.181787 -4.027057 -10.941505 -59.849049 6.775265 -13.982771 -7.150226 -2.875046 13.772795 -8.401522 -3.218258 0.347719 -34.211781 0.771666 -0.963046 -17.733528 2.62105 1e-06 -3e-06 -0.0 -17.346498 -20.095297 -4.201787 21.757669 -1.638375 3.866445 -2e-06 -6.338862 1e-06 -1.697607 -22.591951 -6.194071 -0.0 -7e-06 -3e-06 18.826138 -83.79702 173.399048 65.592903 15.464149 -46.523926 62.799576 0.617192 2.238798 6.637977 56.78896 40.604542 22.182198 -20.375996 49.933453 -16.701912 -16.743595 28.47665 -5e-06 -12.690665 4e-06 16.1772 -17.363253 3.058988 -0.10592 -1.513863 -4.275898 -5.039059 -5.612909 -2.953566 9e-06 -11.020621 5e-06 -6.111328 -15.895514 -3.840486 3e-06 2e-06 -0.0 -10.283406 -5.680316 -4.34185 11.028344 -11.302482 -2.372639 -1.384272 -14.238707 -6.320149 -0.625435 -26.924524 -3.827631 -4.885801 -49.475567 -3.148929 -13.708574 -7.363509 -3.720945 18.14123 -14.052836 -3.242692 1.3e-05 -18.787447 -5e-06 -0.429709 -8.456141 2.555525 -1e-06 -3e-06 0.0 -15.923599 -20.094589 -5.473586 30.419334 -7.190869 1.735928 6e-06 -8.162997 -6e-06 -1.861888 -22.861744 -6.168004 1e-06 -3e-06 -3e-06 177.196503 -1.940625 9.129214 5.246512 -0.11232 0.104688 -76.124176 6.498853 -3.825974 -4.613305 1.569548 2.168441 -1.000003 0.0 -1e-06 1.091023 -3.828401 -14.670094 5.453827 -0.0475 0.384289 -78.491959 -3.308166 -5.690685 -4.761748 0.61196 1.632382 -1.000003 -0.0 0.0 
0.0 0.0 0.0 0.0 -0.0 0.0 -0.619445 100.229523 1.546061 91.449059 -3.799151 100.416847 -2.500395 0.217376 0.792858 -11.551348 0.310008 3.046264 15.251213 -2.42165 0.248032 11.45089 6.790878 2.140084 -2.499388 -1.043084 -10.682611 -38.500153 -6.004281 -12.108204 7e-06 -0.0 -0.0 0.073306 0.00075 0.026415 0.038739 -0.151374 -0.020204 0.048357 0.14183 0.043398 -114.271744 -69.776352 127.762215 40.588165 -60.643883 -0.001975 23.346285 -0.373531 -0.236772 -2.912747 6.613942 5.18521 17.636736 -26.322712 52.411102 -19.466757 -14.395676 29.410412 1.1e-05 -8.774899 -6e-06 16.141354 -17.856739 6.041264 -0.609777 -1.795664 -3.88933 -4.807136 -11.046876 -2.937847 -1.6e-05 -20.976171 -4e-06 -5.02006 -25.033819 -4.031932 6e-06 1e-06 0.0 -10.634594 -5.687006 -3.565573 10.573335 -17.92304 -3.113917 -8e-06 -13.821309 -8e-06 -0.501804 -31.181852 -4.027079 -11.323485 -60.163818 7.17159 -13.982795 -7.150239 -2.875021 13.772822 -8.401524 -3.218256 0.347717 -34.211838 0.771633 -0.963033 -17.733555 2.621022 -1e-06 2e-06 -1e-06 -17.346544 -20.095324 -4.201743 21.757723 -1.638364 3.866447 -3e-06 -6.338868 -6e-06 -1.697639 -22.591974 -6.194077 -1e-06 -3e-06 -2e-06 18.802767 -83.043083 173.966568 66.64521 19.656334 -37.041557 58.552124 0.750114 2.417695 10.463008 40.84446 55.821789 22.182417 -20.375994 49.933525 -16.702017 -16.743614 28.476696 -9e-06 -12.69075 -2.9e-05 18.053991 -16.91691 1.943455 -0.105925 -1.513873 -4.275899 -5.039094 -5.612941 -2.953581 1.3e-05 -11.020697 -6e-06 -6.111377 -15.89565 -3.840529 0.0 -1e-06 -0.0 -10.283465 -5.680342 -4.341863 11.028408 -11.30255 -2.372642 -1.384285 -14.238801 -6.320191 -0.625423 -26.924747 -3.82767 -5.076095 -50.862 -3.231486 -13.70865 -7.363548 -3.720964 18.14134 -14.052927 -3.242685 3.7e-05 -18.787567 -2.8e-05 -0.429692 -8.456207 2.555532 0.0 -0.0 0.0 -15.923692 -20.09469 -5.473613 30.419508 -7.190946 1.735989 2.1e-05 -8.163049 -1.9e-05 -1.861861 -22.861917 -6.168089 2e-06 -3e-06 -1e-06 177.139511 -2.027947 8.79697 5.287341 -0.10403 0.045107 -76.072044 6.300169 -3.920722 -4.517329 1.628277 2.181242 -1.000002 0.0 -0.0 0.920807 -3.791537 -14.549417 5.454459 -0.060317 0.354191 -78.478523 -2.812011 -5.545564 -4.867561 0.599748 1.626356 -1.000007 -0.0 0.0 
0.0 0.0 0.0 0.0 -0.0 0.0 -0.649866 100.227081 1.492989 91.426857 -3.888476 100.07943 -2.454463 0.2738 0.735138 -11.513091 0.305739 3.083921 15.16431 -2.241952 0.224001 11.329224 7.315696 2.064089 -2.580721 -1.035414 -10.262297 -38.377872 -6.049197 -12.067763 8e-06 -0.0 0.0 0.084799 0.011238 0.050547 0.058506 -0.119502 0.008105 0.075213 0.13035 0.065311 -113.63562 -69.819046 127.071426 40.928692 -61.056522 -0.327314 23.154823 -0.242912 -0.145337 -3.243448 6.626258 5.2214 17.636658 -26.32279 52.41119 -19.466753 -14.395648 29.410458 -2e-05 -8.77485 2e-06 16.218069 -17.984066 6.020684 -0.609773 -1.795655 -3.889331 -4.807074 -11.046827 -2.937852 4.7e-05 -20.976093 6e-06 -5.019948 -25.033669 -4.031865 6e-06 0.0 -0.0 -10.634538 -5.686965 -3.565585 10.573335 -17.923019 -3.113918 2.7e-05 -13.821266 1e-05 -0.501735 -31.181702 -4.026986 -11.519807 -60.219627 7.343799 -13.982719 -7.150187 -2.875041 13.772773 -8.401538 -3.21826 0.347799 -34.21172 0.77167 -0.963016 -17.733492 2.621068 0.0 3e-06 -0.0 -17.346409 -20.095224 -4.201781 21.757599 -1.638416 3.866416 1.5e-05 -6.338847 3e-06 -1.697545 -22.591862 -6.194018 0.0 -3e-06 -3e-06 16.794846 -82.902924 176.328003 67.524734 21.959402 -30.39229 57.583767 1.507383 3.171482 11.683085 33.654156 63.196987 22.182253 -20.37582 49.933327 -16.701799 -16.743498 28.476477 4e-06 -12.690625 -3.3e-05 18.82736 -17.165857 1.983269 -0.105926 -1.51386 -4.275878 -5.039061 -5.612868 -2.953566 6e-06 -11.02052 -1.3e-05 -6.111305 -15.89536 -3.840523 -1e-06 -2e-06 -0.0 -10.283401 -5.680296 -4.341848 11.028306 -11.30239 -2.372619 -1.384279 -14.238571 -6.320144 -0.625402 -26.924204 -3.827641 -5.455317 -53.011017 -2.875821 -13.708568 -7.363485 -3.720955 18.141178 -14.052723 -3.242647 2.5e-05 -18.787262 -1.9e-05 -0.429695 -8.456054 2.555514 -0.0 1e-06 1e-06 -15.923589 -20.09449 -5.473612 30.419256 -7.190844 1.735995 9e-06 -8.162917 -2e-06 -1.861871 -22.861469 -6.167986 1e-06 -3e-06 -3e-06 177.00853 -2.072417 8.589145 5.368313 -0.091759 0.064645 -76.004074 6.118997 -3.876952 -4.46541 1.666121 2.182373 -1.000002 0.0 -0.0 0.690649 -3.797041 -14.52102 5.527877 -0.057781 0.327886 -78.419975 -2.386538 -5.286163 -4.995882 0.597899 1.621284 -1.000003 -0.0 1e-06 
0.0 0.0 0.0 0.0 -0.0 0.0 -0.707022 100.260567 1.375961 91.399544 -3.943316 99.855225 -2.285902 0.267691 0.707393 -11.497262 0.301775 3.096372 15.165356 -2.118957 0.18352 11.075754 7.869582 1.999377 -2.634087 -1.060762 -10.104413 -38.654324 -5.9384 -12.035212 5e-06 0.0 0.0 0.063996 0.00313 0.015723 0.070205 -0.092746 -0.016545 0.079238 0.088032 0.018326 -112.811279 -69.871132 126.154991 41.402554 -61.329582 -0.860333 23.458954 -0.236768 -0.136483 -3.191192 6.625864 5.635044 17.636637 -26.322737 52.411232 -19.46661 -14.395643 29.410393 9e-06 -8.774847 -5e-06 16.258135 -18.033144 5.93694 -0.609779 -1.795647 -3.889328 -4.807109 -11.046789 -2.937841 -1.4e-05 -20.975986 1.6e-05 -5.020006 -25.033558 -4.031898 6e-06 1e-06 0.0 -10.634552 -5.686966 -3.565583 10.573272 -17.922901 -3.113884 -1.1e-05 -13.821191 1.4e-05 -0.501822 -31.181501 -4.027 -11.246243 -60.175312 7.191407 -13.982738 -7.150195 -2.875036 13.772751 -8.401464 -3.218237 0.347689 -34.211529 0.771703 -0.963057 -17.7334 2.621048 0.0 3e-06 -3e-06 -17.346464 -20.095188 -4.201771 21.757607 -1.63836 3.866436 -4e-06 -6.33882 8e-06 -1.697624 -22.591764 -6.19401 0.0 -3e-06 -1e-06 14.55431 -83.100273 178.625427 67.523415 21.812443 -30.74403 60.300526 1.482914 3.862758 16.271835 33.382946 68.682686 22.182074 -20.375931 49.933346 -16.701843 -16.743513 28.476576 -1.7e-05 -12.69059 7e-06 18.946989 -17.339108 2.292557 -0.105917 -1.513857 -4.275884 -5.039034 -5.612879 -2.95356 1.6e-05 -11.020573 -3e-06 -6.11127 -15.895425 -3.840481 -1e-06 3e-06 1e-06 -10.283352 -5.680288 -4.341843 11.028289 -11.302435 -2.372637 -1.384244 -14.238626 -6.320136 -0.625403 -26.924353 -3.827611 -5.747851 -54.077568 -2.470913 -13.708501 -7.363475 -3.720943 18.141142 -14.052782 -3.242684 2.4e-05 -18.78734 2e-06 -0.429708 -8.456099 2.555521 1e-06 3e-06 -3e-06 -15.9235 -20.0945 -5.473589 30.41917 -7.190851 1.735904 6e-06 -8.162953 0.0 -1.861862 -22.861614 -6.167961 0.0 -3e-06 -3e-06 176.858383 -2.11791 8.49067 5.421433 -0.091272 0.084644 -75.867027 5.95442 -3.890484 -4.339382 1.627658 2.166542 -0.999999 0.0 0.0 0.480489 -3.759427 -14.556861 5.58357 -0.054036 0.273352 -78.385757 -2.162866 -5.164454 -4.905352 0.623265 1.626554 -1.000003 0.0 -0.0 
0.0 0.0 0.0 0.0 -0.0 0.0 -0.781512 100.279091 1.199942 91.370033 -3.999826 99.85302 -2.099309 0.257139 0.693924 -11.50724 0.268871 3.052928 15.217191 -2.036306 0.244564 10.723186 8.225368 1.921972 -2.578074 -1.045151 -10.151312 -39.071396 -5.916819 -12.238332 6e-06 -0.0 1e-06 0.030619 -0.003919 -0.026862 0.077343 -0.098516 -0.056001 0.075255 0.080859 -0.031049 -112.591454 -69.956192 125.822891 41.876011 -61.290771 -1.208969 24.156992 -0.375284 -0.168742 -2.839478 6.441175 6.519394 17.636515 -26.322569 52.41095 -19.466608 -14.395522 29.410273 -1.9e-05 -8.774765 3e-06 16.280779 -18.012169 5.829842 -0.609771 -1.795645 -3.889313 -4.807038 -11.046743 -2.937847 5.3e-05 -20.975901 -2.1e-05 -5.019862 -25.033419 -4.031866 6e-06 -0.0 0.0 -10.634464 -5.686933 -3.565578 10.573235 -17.922871 -3.113902 3.1e-05 -13.821136 -5e-06 -0.501689 -31.181358 -4.02699 -11.060113 -60.085201 7.072776 -13.982623 -7.150147 -2.875039 13.772652 -8.401471 -3.218237 0.347813 -34.211357 0.77162 -0.96299 -17.733303 2.62102 2e-06 -3e-06 -0.0 -17.346279 -20.095097 -4.201786 21.75742 -1.638396 3.866391 1.3e-05 -6.33879 -3e-06 -1.69751 -22.591642 -6.193992 0.0 -8e-06 -2e-06 12.227823 -83.653564 -179.557251 66.865669 19.70575 -35.680073 63.874401 1.124933 4.153013 21.179684 37.577435 71.700386 22.181963 -20.375763 49.933109 -16.701647 -16.743423 28.476366 1.5e-05 -12.690503 4e-06 18.349712 -17.429127 2.489078 -0.105921 -1.513843 -4.275861 -5.039016 -5.612835 -2.953543 -1.2e-05 -11.020441 -4e-06 -6.11126 -15.895241 -3.840475 1e-06 2e-06 -1e-06 -10.283317 -5.680258 -4.341818 11.028201 -11.3023 -2.372613 -1.384271 -14.238472 -6.320096 -0.625436 -26.923979 -3.827617 -5.639637 -53.175755 -2.653873 -13.708448 -7.36344 -3.720924 18.140999 -14.052603 -3.242645 -1.9e-05 -18.787119 -4e-06 -0.429723 -8.455981 2.555491 -0.0 3e-06 2e-06 -15.923457 -20.094355 -5.473561 30.418995 -7.190729 1.735927 -1.1e-05 -8.16286 5e-06 -1.861911 -22.861301 -6.167914 -1e-06 -4e-06 2e-06 176.627838 -2.156524 8.558523 5.490247 -0.111987 0.113547 -75.725029 5.880132 -3.992257 -4.201382 1.563489 2.156796 -0.999999 -0.0 -1e-06 0.28564 -3.707093 -14.606627 5.641909 -0.052485 0.197296 -78.463707 -2.104516 -5.178354 -4.803308 0.633259 1.637205 -1.000004 -0.0 0.0 
0.0 0.0 0.0 0.0 -0.0 0.0 -0.867791 100.28933 0.992125 91.352692 -4.052737 100.102165 -1.964231 0.266472 0.696804 -11.487311 0.249637 3.080552 15.258579 -2.010261 0.309912 10.368474 8.239268 1.873087 -2.514485 -0.988703 -10.351891 -39.270527 -5.700286 -12.671066 6e-06 0.0 -0.0 0.013447 -0.00518 -0.040912 0.050848 -0.124425 -0.068603 0.057273 0.104348 -0.048884 -113.311073 -69.969398 126.490341 42.420685 -60.872482 -1.30871 24.83952 -0.429969 -0.158063 -2.628769 6.464992 7.052542 17.636673 -26.322668 52.411144 -19.466751 -14.395648 29.410429 9e-06 -8.774879 -5e-06 16.105122 -17.993307 5.888603 -0.609776 -1.795664 -3.889333 -4.807125 -11.046861 -2.937856 -6e-06 -20.97612 -2.8e-05 -5.020011 -25.033752 -4.031954 6e-06 -3e-06 -0.0 -10.634579 -5.687006 -3.565578 10.573318 -17.923018 -3.11393 0.0 -13.82128 -2e-05 -0.501759 -31.18177 -4.027107 -11.127728 -59.925396 7.080078 -13.982776 -7.150238 -2.875027 13.772793 -8.401511 -3.218261 0.347741 -34.211754 0.771597 -0.963016 -17.733501 2.621005 2e-06 -1e-06 -2e-06 -17.346521 -20.095312 -4.201759 21.757681 -1.63836 3.86644 -1e-06 -6.338854 -9e-06 -1.697602 -22.591928 -6.194095 -0.0 -2e-06 -3e-06 10.805749 -84.596115 -179.096649 66.171783 16.492798 -42.382797 65.610512 1.141104 4.217535 20.396603 47.110287 66.388199 22.182251 -20.375963 49.933361 -16.701942 -16.743572 28.476616 0.0 -12.690687 -9e-06 17.017677 -17.558367 2.881474 -0.105919 -1.51387 -4.275889 -5.039071 -5.612933 -2.953563 -2e-06 -11.020676 3e-06 -6.111366 -15.895613 -3.84049 0.0 -2e-06 0.0 -10.283418 -5.680332 -4.341843 11.028354 -11.302524 -2.372641 -1.38429 -14.238782 -6.320161 -0.625466 -26.924686 -3.827653 -5.210241 -51.03479 -3.182472 -13.708587 -7.363533 -3.720939 18.141249 -14.052887 -3.242688 8e-06 -18.787531 -2.1e-05 -0.42971 -8.456187 2.55552 0.0 3e-06 -0.0 -15.923627 -20.09465 -5.473567 30.419371 -7.190885 1.735951 7e-06 -8.16303 -1.9e-05 -1.861884 -22.861895 -6.168073 1e-06 -3e-06 -1e-06 176.397797 -2.190989 8.885491 5.481068 -0.091408 0.108475 -75.592621 5.807005 -4.129263 -4.251663 1.553618 2.175272 -1.000002 -0.0 0.0 0.152533 -3.658062 -14.593505 5.694576 -0.060638 0.163478 -78.544304 -2.175288 -5.215236 -4.755407 0.585889 1.63972 -1.000003 -0.0 -0.0 
0.0 0.0 0.0 0.0 -0.0 0.0 -0.946303 100.29229 0.838495 91.425308 -4.082624 100.383926 -1.921986 0.287395 0.711331 -11.423706 0.278 3.11494 15.257512 -2.132315 0.514111 10.093827 7.893264 1.902158 -2.50372 -0.952333 -10.79568 -38.88723 -5.249825 -13.181716 8e-06 -0.0 -0.0 0.027268 -0.027031 -0.074767 0.073034 -0.158691 -0.084888 0.091742 0.095407 -0.096745 -115.018311 -69.825172 128.324036 42.681717 -60.121479 -1.246689 25.325399 -0.327494 -0.168928 -2.677734 7.172688 7.227542 17.636681 -26.322763 52.411213 -19.466719 -14.39563 29.410446 2e-06 -8.774863 -5e-06 15.878368 -17.910395 6.064726 -0.609776 -1.795659 -3.88933 -4.807106 -11.046849 -2.937854 2e-06 -20.976128 1e-06 -5.019999 -25.033752 -4.03191 6e-06 -1e-06 1e-06 -10.634557 -5.686985 -3.565588 10.573302 -17.92301 -3.113907 1e-06 -13.821279 1e-06 -0.501779 -31.181761 -4.027042 -11.203266 -59.769646 7.094245 -13.982744 -7.150218 -2.875041 13.772768 -8.401518 -3.218247 0.347733 -34.211758 0.771657 -0.963036 -17.733519 2.621043 0.0 1e-06 -0.0 -17.346462 -20.09527 -4.201773 21.757624 -1.638375 3.866441 2e-06 -6.338854 -0.0 -1.697598 -22.591919 -6.194054 0.0 -3e-06 -1e-06 15.269704 -85.839714 175.522705 65.827705 13.341462 -47.723312 65.142776 1.571619 4.242666 7.326721 59.371803 47.65472 22.182184 -20.375952 49.933296 -16.701832 -16.743538 28.476526 -7e-06 -12.69062 -3e-06 15.979723 -17.737942 3.491951 -0.105921 -1.513858 -4.275882 -5.039049 -5.612882 -2.953555 1.4e-05 -11.02057 5e-06 -6.111301 -15.895418 -3.840474 -1e-06 0.0 3e-06 -10.283384 -5.680292 -4.341836 11.028307 -11.302441 -2.372623 -1.384264 -14.238634 -6.320121 -0.625437 -26.92437 -3.827591 -4.973786 -50.341156 -3.280617 -13.708537 -7.36348 -3.720937 18.141178 -14.052788 -3.242661 1.1e-05 -18.787361 9e-06 -0.429707 -8.456104 2.555523 -1e-06 2e-06 -0.0 -15.923554 -20.094511 -5.473571 30.419245 -7.190863 1.735938 6e-06 -8.162962 2e-06 -1.861887 -22.861626 -6.167963 1e-06 -1e-06 -0.0 176.314789 -2.156878 9.307327 5.335903 -0.047115 0.130921 -75.4552 5.772857 -4.361436 -4.462492 1.563523 2.18953 -0.999997 0.0 0.0 0.091661 -3.708955 -14.548944 5.725654 -0.037214 0.207804 -78.52578 -2.364937 -5.268756 -4.864267 0.529348 1.638628 -0.999997 0.0 -0.0 
0.0 0.0 0.0 0.0 -0.0 0.0 -0.99464 100.279999 0.757659 91.507614 -4.08413 100.488548 -1.956284 0.347272 0.771126 -11.332353 0.306105 3.096506 15.242911 -2.217236 0.77942 10.008188 7.28135 1.981538 -2.569576 -0.9943 -11.122676 -38.236675 -4.909785 -13.608832 5e-06 -0.0 0.0 0.021626 -0.04933 -0.072741 0.063129 -0.190104 -0.08152 0.083778 0.082633 -0.090944 -116.511337 -69.587029 130.260773 43.26862 -59.460949 -2.573297 25.105045 -0.501105 -0.185087 -2.808302 7.890252 7.337753 17.636768 -26.322905 52.411533 -19.466841 -14.395792 29.410648 3.1e-05 -8.774978 -3e-06 15.706943 -17.872164 6.183191 -0.609783 -1.795669 -3.889353 -4.807189 -11.046936 -2.937862 -5.9e-05 -20.976284 0.0 -5.020149 -25.033997 -4.031992 6e-06 1e-06 -0.0 -10.634662 -5.687043 -3.565589 10.573377 -17.923103 -3.113934 -3.5e-05 -13.821382 -1e-05 -0.501863 -31.18206 -4.027147 -11.178093 -59.504589 6.852451 -13.982884 -7.150291 -2.875031 13.772902 -8.401531 -3.218278 0.347634 -34.212013 0.77166 -0.963078 -17.733652 2.621027 0.0 -1e-06 0.0 -17.346685 -20.095436 -4.201755 21.757875 -1.638334 3.866472 -2e-05 -6.338902 -3e-06 -1.697703 -22.592136 -6.194137 0.0 -7e-06 -2e-06 21.534191 -86.820908 168.786835 65.653519 11.12621 -51.280994 64.255348 1.420118 3.964697 -14.831018 68.038025 20.674351 22.182211 -20.37616 49.933567 -16.701881 -16.743689 28.476711 1.5e-05 -12.690716 1.7e-05 15.485476 -16.947287 3.776021 -0.105918 -1.513858 -4.275902 -5.03908 -5.612921 -2.953561 -1.8e-05 -11.02065 2.9e-05 -6.111402 -15.895553 -3.84046 3e-06 -3e-06 0.0 -10.283428 -5.680325 -4.341842 11.028356 -11.302488 -2.372633 -1.38431 -14.23874 -6.320145 -0.625527 -26.924601 -3.827595 -4.688042 -49.717018 -3.103979 -13.708607 -7.363525 -3.720933 18.141258 -14.052838 -3.242685 -4.3e-05 -18.787502 3.3e-05 -0.429742 -8.456175 2.555543 -0.0 -2e-06 2e-06 -15.923662 -20.094624 -5.473547 30.419418 -7.190829 1.735929 -1.8e-05 -8.163026 7e-06 -1.862002 -22.861839 -6.167984 2e-06 -3e-06 -1e-06 176.285309 -2.083947 9.438026 5.246325 -0.063658 0.180858 -75.210022 5.984446 -4.29739 -4.793998 1.596672 2.182402 -1.000003 0.0 -0.0 0.037375 -3.771157 -14.587212 5.751848 -0.006023 0.29257 -78.362701 -2.52972 -5.272201 -5.070299 0.485608 1.623029 -1.000002 0.0 -0.0 
0.0 0.0 0.0 0.0 -0.0 0.0 -1.065129 100.279724 0.687606 91.506989 -4.031166 100.474052 -1.942172 0.464772 0.815191 -11.288007 0.324649 3.091944 15.29913 -2.201198 0.70182 9.990067 6.753313 1.988728 -2.54119 -0.960477 -10.976223 -38.162815 -4.889035 -13.670366 7e-06 -0.0 -0.0 0.014782 -0.040713 -0.03212 0.044134 -0.169226 -0.045663 0.073641 0.078392 -0.043619 -116.787941 -69.380028 130.789505 43.462738 -59.466778 -3.286123 24.691175 -0.476403 -0.203038 -3.090479 7.760735 7.492835 17.636602 -26.322771 52.411251 -19.46661 -14.395541 29.410389 0.0 -8.774793 -4e-06 15.873273 -17.850929 6.135979 -0.609776 -1.795649 -3.889327 -4.807076 -11.046803 -2.93785 -3e-06 -20.976017 1.3e-05 -5.019953 -25.033594 -4.031874 5e-06 3e-06 0.0 -10.634507 -5.686964 -3.565593 10.573232 -17.922934 -3.113884 -3e-06 -13.821209 1.1e-05 -0.501785 -31.181553 -4.026997 -11.0339 -59.57259 6.651922 -13.98268 -7.150195 -2.875052 13.772683 -8.401486 -3.218227 0.347709 -34.211578 0.771687 -0.96305 -17.733412 2.621045 0.0 2e-06 -1e-06 -17.346371 -20.0952 -4.201796 21.757483 -1.638367 3.866433 1e-06 -6.338827 6e-06 -1.697574 -22.591789 -6.194012 -1e-06 -5e-06 -2e-06 21.44915 -86.697556 169.065857 65.590584 11.0217 -51.68248 64.3022 0.199841 3.209807 -15.876068 69.759972 16.117935 22.182074 -20.375854 49.933266 -16.701797 -16.743448 28.476498 -2e-05 -12.690553 -3e-06 15.491183 -16.761236 3.740953 -0.105924 -1.513855 -4.275876 -5.039018 -5.612861 -2.953562 2.1e-05 -11.020518 -1.3e-05 -6.111226 -15.895348 -3.840498 -0.0 1e-06 -3e-06 -10.283337 -5.680273 -4.341846 11.028265 -11.302401 -2.372631 -1.384239 -14.238569 -6.320132 -0.625362 -26.924217 -3.827624 -4.615207 -49.459072 -3.015212 -13.70848 -7.363454 -3.720947 18.141092 -14.052731 -3.24267 3.9e-05 -18.787252 -1.7e-05 -0.429694 -8.456051 2.555506 -2e-06 0.0 2e-06 -15.923463 -20.094437 -5.473603 30.419088 -7.190838 1.735916 1.4e-05 -8.162915 -6e-06 -1.861832 -22.861467 -6.167949 -2e-06 -2e-06 -1e-06 176.271698 -2.122971 9.44382 5.266981 -0.083552 0.166513 -75.136734 6.111289 -4.174656 -4.781192 1.633509 2.181617 -0.999995 -1e-06 -1e-06 0.046065 -3.69645 -14.417888 5.701438 -0.027591 0.365715 -78.149773 -2.841992 -5.223531 -4.975075 0.507466 1.621229 -1.0 -0.0 0.0 
0.0 0.0 0.0 0.0 -0.0 0.0 -1.140893 100.281433 0.642201 91.461426 -3.991904 100.382149 -1.917592 0.599246 0.845657 -11.306225 0.34727 3.042584 15.335077 -2.148833 0.592629 10.142097 6.374585 1.975578 -2.475888 -0.881473 -10.884719 -38.464382 -5.050386 -13.519845 7e-06 0.0 1e-06 0.026601 -0.031876 -0.013802 0.043732 -0.148776 -0.029683 0.081386 0.074321 -0.023978 -116.495941 -69.102341 130.439972 42.931007 -59.905773 -3.202118 24.478712 -0.437941 -0.209569 -3.40358 7.261515 7.374244 17.636787 -26.322914 52.411427 -19.466887 -14.395703 29.410597 -5e-06 -8.774924 -7e-06 15.998034 -17.861412 6.10364 -0.609778 -1.795671 -3.889349 -4.807129 -11.046938 -2.93787 1.6e-05 -20.976332 0.0 -5.020035 -25.034037 -4.031923 7e-06 2e-06 -2e-06 -10.634612 -5.687019 -3.565601 10.573385 -17.923164 -3.113937 1.3e-05 -13.821408 -4e-06 -0.501759 -31.182112 -4.027077 -11.0468 -59.706665 6.73777 -13.982815 -7.150259 -2.875048 13.772861 -8.401593 -3.218271 0.347766 -34.21212 0.771648 -0.963025 -17.733711 2.621061 1e-06 -4e-06 -0.0 -17.346552 -20.0954 -4.201786 21.757761 -1.6384 3.866459 7e-06 -6.338915 -3e-06 -1.697587 -22.592186 -6.194112 0.0 -2e-06 -3e-06 17.334927 -85.949089 173.797089 65.41066 12.608577 -48.573616 64.189354 -0.842149 2.579416 -2.659612 65.689369 31.151731 22.182369 -20.376135 49.933624 -16.701963 -16.743671 28.476749 -1.4e-05 -12.69074 -1.3e-05 15.89838 -17.387747 3.363621 -0.105918 -1.513863 -4.275908 -5.039087 -5.612914 -2.953583 1.9e-05 -11.020655 9e-06 -6.111355 -15.895559 -3.840513 0.0 -0.0 -0.0 -10.283449 -5.680316 -4.341867 11.028407 -11.30252 -2.372638 -1.384274 -14.238729 -6.320173 -0.625425 -26.924585 -3.827616 -4.863383 -50.066708 -3.106547 -13.70863 -7.363513 -3.720965 18.141333 -14.052887 -3.242683 2.4e-05 -18.787502 2.2e-05 -0.42971 -8.456177 2.555559 1e-06 1e-06 -3e-06 -15.92366 -20.094614 -5.473611 30.419487 -7.190936 1.735958 1.3e-05 -8.163028 8e-06 -1.861896 -22.861828 -6.168003 -2e-06 -4e-06 -0.0 176.212433 -2.224581 9.319927 5.367528 -0.078423 0.118336 -75.23877 6.241153 -4.22551 -4.658967 1.631417 2.179838 -0.999993 -0.0 0.0 0.011612 -3.583046 -14.187525 5.667129 -0.043928 0.402739 -78.039413 -3.032779 -5.122241 -4.824623 0.569477 1.634616 -0.999998 0.0 -0.0 
0.0 0.0 0.0 0.0 -0.0 0.0 -1.202214 100.266693 0.580095 91.397789 -4.021984 100.347748 -1.925841 0.734752 0.85637 -11.357824 0.371701 3.069459 15.328899 -2.130887 0.402644 10.359493 6.232255 1.988438 -2.388415 -0.867103 -10.852795 -38.775345 -5.369567 -13.536501 5e-06 -0.0 1e-06 0.057644 -0.014602 0.018561 0.078696 -0.120132 -0.009428 0.120581 0.078913 0.01922 -116.490517 -68.858276 130.028931 41.533237 -60.557579 -2.104204 24.329445 -0.332217 -0.220278 -3.702053 6.964962 6.578978 17.63661 -26.322653 52.411018 -19.466606 -14.39555 29.410282 2e-06 -8.774803 -6e-06 16.08527 -17.899588 6.125659 -0.609776 -1.795651 -3.889317 -4.807083 -11.046796 -2.937839 -5e-06 -20.976006 8e-06 -5.019969 -25.033592 -4.031866 6e-06 -2e-06 -0.0 -10.634517 -5.686966 -3.565575 10.573241 -17.922924 -3.113883 -1e-06 -13.821204 3e-06 -0.501782 -31.181555 -4.027006 -11.270465 -59.996956 7.086676 -13.982693 -7.150192 -2.87503 13.772695 -8.401478 -3.218228 0.347719 -34.211555 0.771659 -0.96303 -17.733412 2.621026 0.0 2e-06 1e-06 -17.346399 -20.095196 -4.20176 21.757515 -1.638362 3.866426 1e-06 -6.338823 -1e-06 -1.697585 -22.591787 -6.194006 -1e-06 -3e-06 -2e-06 15.156425 -84.683853 176.596741 64.989578 15.701468 -42.99794 63.166649 -0.916492 2.423566 10.408551 52.634022 52.825794 22.181953 -20.375822 49.933094 -16.701689 -16.743423 28.476374 5e-06 -12.690493 1.3e-05 17.501759 -17.51226 2.174774 -0.105919 -1.513849 -4.275863 -5.039006 -5.612852 -2.953537 -4e-06 -11.020477 5e-06 -6.11125 -15.895278 -3.840432 1e-06 -1e-06 2e-06 -10.28331 -5.680271 -4.341818 11.028206 -11.30235 -2.372618 -1.384263 -14.238521 -6.320075 -0.625459 -26.924082 -3.827568 -5.136846 -51.111988 -3.271733 -13.708444 -7.363454 -3.720919 18.141008 -14.052673 -3.242656 -1.2e-05 -18.787203 4e-06 -0.429721 -8.456016 2.55549 -1e-06 0.0 0.0 -15.923448 -20.094419 -5.473546 30.418985 -7.190756 1.7359 -7e-06 -8.16289 -1e-06 -1.861896 -22.861393 -6.167906 -3e-06 -2e-06 -1e-06 176.064941 -2.309764 9.219387 5.502345 -0.084523 0.068743 -75.341675 6.369253 -4.249034 -4.612219 1.661668 2.176429 -1.000004 -0.0 0.0 -0.073401 -3.486749 -14.144124 5.638918 -0.053203 0.370758 -78.087822 -2.971945 -4.999292 -4.841386 0.598475 1.636303 -0.999999 -0.0 -0.0 
0.0 0.0 0.0 0.0 -0.0 0.0 -1.250353 100.252274 0.522756 91.378586 -4.038782 100.45446 -1.881942 0.77638 0.794926 -11.355818 0.391233 3.103628 15.276082 -2.158058 0.285598 10.487977 6.352705 1.940827 -2.435528 -0.874016 -10.744166 -39.058842 -5.661346 -13.628654 7e-06 -0.0 0.0 0.068146 0.00025 0.04134 0.100104 -0.097995 0.005769 0.136945 0.086306 0.049605 -116.356728 -68.829163 129.790344 40.453949 -61.080593 -1.268764 24.185663 -0.219106 -0.16261 -3.859947 6.843703 5.692757 17.6366 -26.322714 52.411209 -19.466684 -14.395623 29.410437 1e-06 -8.774847 1e-06 16.210407 -17.974457 6.125447 -0.609775 -1.795653 -3.889328 -4.807097 -11.04682 -2.937854 5e-06 -20.976074 -7e-06 -5.019985 -25.033701 -4.031915 6e-06 0.0 -0.0 -10.634534 -5.686971 -3.565585 10.573281 -17.92296 -3.11391 2e-06 -13.821244 -2e-06 -0.501762 -31.181679 -4.027049 -11.410153 -60.225243 7.346157 -13.982714 -7.150197 -2.875038 13.772741 -8.401493 -3.218252 0.347731 -34.211655 0.771654 -0.963038 -17.733473 2.621038 1e-06 -0.0 0.0 -17.34642 -20.095213 -4.201779 21.757586 -1.638371 3.866426 2e-06 -6.338841 -1e-06 -1.697586 -22.591885 -6.194056 -0.0 -3e-06 -1e-06 15.286723 -83.904327 176.981918 64.530525 18.285114 -38.926437 63.389805 -0.465586 3.014125 14.831192 42.94873 64.293198 22.181927 -20.375799 49.933117 -16.701694 -16.743435 28.4764 -5e-06 -12.690495 1.9e-05 18.161955 -17.265221 1.9107 -0.105917 -1.513847 -4.275864 -5.039003 -5.61284 -2.953541 3e-06 -11.020457 -3e-06 -6.111228 -15.895248 -3.840451 -0.0 1e-06 -0.0 -10.283305 -5.680261 -4.341819 11.028209 -11.302334 -2.372623 -1.384252 -14.238503 -6.320089 -0.625415 -26.924059 -3.827593 -5.165948 -51.704353 -3.165011 -13.708436 -7.363442 -3.720922 18.14101 -14.052649 -3.242664 1e-06 -18.787161 -1e-06 -0.429716 -8.456006 2.555494 -1e-06 1e-06 -0.0 -15.923429 -20.094383 -5.473558 30.418985 -7.190755 1.73589 -4e-06 -8.162879 2e-06 -1.861881 -22.861351 -6.167904 0.0 -4e-06 -1e-06 175.921509 -2.335145 9.285366 5.644387 -0.089056 0.050367 -75.380592 6.46416 -4.175908 -4.5517 1.674782 2.174093 -0.999998 -0.0 -0.0 -0.099591 -3.422372 -14.178834 5.615194 -0.056783 0.302406 -78.125488 -2.987202 -4.893887 -4.907142 0.609476 1.633114 -0.999997 -0.0 0.0 
0.0 0.0 0.0 0.0 -0.0 0.0 -1.317957 100.263527 0.484698 91.391602 -4.017942 100.633179 -1.796128 0.729647 0.742263 -11.370461 0.392897 3.070026 15.2895 -2.266976 0.220812 10.546314 6.719685 1.872282 -2.499444 -0.924673 -10.71417 -39.504829 -5.722244 -13.640665 8e-06 -1e-06 1e-06 0.060986 0.00663 0.037166 0.089647 -0.085335 -0.00061 0.121642 0.086886 0.046466 -116.106621 -68.929504 129.674164 39.665096 -61.314877 -0.654709 24.199423 -0.180355 -0.133228 -3.749805 6.737653 5.015696 17.636673 -26.322819 52.411316 -19.466757 -14.395611 29.410515 -1.1e-05 -8.774856 -5e-06 16.170479 -17.936958 6.090872 -0.609777 -1.795657 -3.889335 -4.807088 -11.046855 -2.937866 2.8e-05 -20.976179 -4e-06 -5.019959 -25.033836 -4.031907 5e-06 -1e-06 -0.0 -10.634541 -5.686977 -3.5656 10.573311 -17.923046 -3.113917 1.7e-05 -13.821313 2e-06 -0.50173 -31.181881 -4.027043 -11.221914 -60.112873 7.306687 -13.982721 -7.150206 -2.875055 13.77276 -8.401541 -3.21825 0.347772 -34.211842 0.771659 -0.963025 -17.73358 2.621065 1e-06 -0.0 1e-06 -17.346422 -20.095259 -4.201802 21.757603 -1.638398 3.866442 9e-06 -6.338874 0.0 -1.697548 -22.592012 -6.194076 -0.0 -5e-06 -2e-06 16.499491 -83.516449 176.085632 63.880978 19.283606 -38.901005 65.053741 0.284966 3.587394 16.530865 39.85371 69.206238 22.182102 -20.375952 49.933407 -16.701828 -16.743549 28.476599 -1.1e-05 -12.690614 8e-06 17.965084 -17.28484 2.374573 -0.105919 -1.513855 -4.275888 -5.03904 -5.612873 -2.953564 1.1e-05 -11.020554 -3e-06 -6.11129 -15.895403 -3.840497 0.0 -1e-06 -0.0 -10.283364 -5.680284 -4.341847 11.028302 -11.302413 -2.372636 -1.384257 -14.238606 -6.320145 -0.625408 -26.924313 -3.827625 -5.160168 -51.918598 -3.022837 -13.708514 -7.36347 -3.720948 18.141163 -14.052758 -3.242683 1.2e-05 -18.787323 4e-06 -0.429716 -8.456089 2.555525 1e-06 2e-06 1e-06 -15.923519 -20.094475 -5.473596 30.419214 -7.190836 1.735914 4e-06 -8.162946 5e-06 -1.861888 -22.86158 -6.167962 0.0 -4e-06 -2e-06 175.830261 -2.3296 9.451514 5.728464 -0.094132 0.032622 -75.324928 6.524733 -4.110941 -4.45872 1.629036 2.167377 -1.0 -0.0 0.0 -0.066167 -3.376215 -14.159057 5.597811 -0.054649 0.24869 -78.172844 -3.196038 -4.907692 -4.896731 0.618634 1.634488 -1.000001 -0.0 -0.0 
0.0 0.0 0.0 0.0 -0.0 0.0 -1.396649 100.289795 0.449977 91.424515 -3.972096 100.924286 -1.752808 0.631665 0.711053 -11.37488 0.380298 3.02982 15.376402 -2.418036 0.130923 10.43405 7.006202 1.864879 -2.487433 -0.958165 -10.77309 -40.011581 -5.691097 -13.688321 4e-06 -0.0 1e-06 0.051975 0.013032 0.028137 0.075745 -0.088539 -0.014666 0.10131 0.103721 0.039886 -116.201653 -69.012878 129.917435 38.83548 -61.18586 0.338573 24.385897 -0.200207 -0.135998 -3.5739 6.504941 4.793524 17.636538 -26.322577 52.410908 -19.466436 -14.395494 29.410143 -4e-06 -8.774739 -1e-05 16.105167 -17.876648 6.033288 -0.609774 -1.795635 -3.889302 -4.807044 -11.046688 -2.937825 1.4e-05 -20.975765 2.4e-05 -5.019899 -25.033226 -4.031821 6e-06 2e-06 -0.0 -10.634461 -5.686914 -3.565572 10.573181 -17.922766 -3.113846 5e-06 -13.821055 2.4e-05 -0.501784 -31.181118 -4.026908 -11.117865 -59.963776 7.245857 -13.982619 -7.150129 -2.875034 13.772611 -8.401411 -3.218199 0.347723 -34.211132 0.771712 -0.963036 -17.733183 2.621044 0.0 2e-06 -0.0 -17.346287 -20.095024 -4.20177 21.757374 -1.638375 3.86641 4e-06 -6.338753 1.2e-05 -1.697565 -22.591457 -6.193913 -1e-06 -3e-06 -2e-06 18.222153 -83.30687 174.337555 63.079182 18.720068 -42.098755 67.330818 1.191267 3.998642 17.789108 40.481659 71.292236 22.181858 -20.375759 49.93309 -16.701603 -16.743351 28.476343 -0.0 -12.690418 1.6e-05 17.521404 -17.318171 2.801198 -0.105923 -1.513842 -4.275857 -5.038982 -5.612813 -2.953542 0.0 -11.020391 -7e-06 -6.111186 -15.895136 -3.840461 -0.0 -2e-06 0.0 -10.283273 -5.680243 -4.341821 11.028152 -11.302278 -2.372612 -1.384244 -14.238406 -6.32008 -0.625404 -26.923822 -3.827592 -5.059605 -51.674 -3.093728 -13.70839 -7.363419 -3.720928 18.140915 -14.052575 -3.242644 -7e-06 -18.787039 3e-06 -0.429722 -8.45594 2.555487 -2e-06 4e-06 -0.0 -15.923368 -20.094311 -5.473572 30.418835 -7.190715 1.735895 -7e-06 -8.162827 9e-06 -1.861878 -22.861166 -6.167858 -1e-06 -3e-06 -1e-06 175.802628 -2.306479 9.642299 5.716658 -0.1046 0.038966 -75.219246 6.563623 -4.091547 -4.382999 1.567251 2.163598 -1.000001 0.0 0.0 0.024929 -3.360119 -14.136283 5.587237 -0.057613 0.193029 -78.287735 -3.434123 -5.059778 -4.829457 0.598749 1.634427 -1.000007 -0.0 -1e-06 
0.0 0.0 0.0 0.0 -0.0 0.0 -1.464829 100.298393 0.419953 91.468918 -3.889909 101.310844 -1.740548 0.538664 0.698196 -11.37469 0.363109 3.062441 15.474075 -2.55973 0.018697 10.275202 7.00055 1.913055 -2.447123 -0.996608 -10.890453 -40.410088 -5.576932 -13.859232 5e-06 0.0 1e-06 0.039852 0.017573 0.021952 0.077663 -0.099687 -0.020973 0.100404 0.12475 0.031482 -116.908798 -69.02137 130.752304 37.86816 -60.693436 1.780593 24.691029 -0.266225 -0.161725 -3.438398 6.2466 4.903474 17.636717 -26.322884 52.411514 -19.466747 -14.395713 29.41058 2e-05 -8.774911 -3e-06 16.103159 -17.827896 5.992044 -0.609783 -1.79566 -3.889346 -4.807151 -11.046884 -2.937861 -4e-05 -20.976183 6e-06 -5.020085 -25.03385 -4.031953 6e-06 1e-06 -1e-06 -10.634615 -5.687014 -3.565597 10.573328 -17.923033 -3.113915 -2.6e-05 -13.821314 1e-06 -0.50184 -31.18186 -4.027094 -11.162237 -59.99704 7.305563 -13.982821 -7.150253 -2.875044 13.772827 -8.401512 -3.218261 0.347656 -34.211842 0.77168 -0.963074 -17.733559 2.62104 -0.0 0.0 0.0 -17.346588 -20.095346 -4.20178 21.757751 -1.638348 3.866464 -1.3e-05 -6.338872 3e-06 -1.697662 -22.591993 -6.194092 1e-06 -4e-06 -2e-06 20.464342 -83.340477 171.741425 62.516819 16.794964 -47.078918 69.608826 2.441218 4.372336 18.009632 45.160976 70.292969 22.182142 -20.375973 49.933464 -16.701914 -16.743574 28.476671 3e-06 -12.690654 9e-06 16.900074 -17.428875 3.1991 -0.105919 -1.513865 -4.275896 -5.039058 -5.612913 -2.953568 -1e-06 -11.020622 -7e-06 -6.111333 -15.895535 -3.840503 -1e-06 -2e-06 -1e-06 -10.283395 -5.680322 -4.341848 11.028324 -11.302474 -2.372652 -1.384273 -14.238709 -6.320169 -0.625433 -26.924513 -3.827671 -4.894149 -51.127636 -3.34517 -13.708557 -7.363519 -3.720944 18.141207 -14.052825 -3.242705 2e-06 -18.787434 -2.2e-05 -0.429717 -8.456139 2.555515 -0.0 3e-06 -0.0 -15.923582 -20.094606 -5.473588 30.419304 -7.190842 1.735912 -2e-06 -8.162992 -1.3e-05 -1.861889 -22.861746 -6.168042 1e-06 0.0 -0.0 175.844131 -2.291732 9.840037 5.644923 -0.106106 0.075586 -75.115936 6.680136 -4.100484 -4.36236 1.515983 2.162254 -0.999999 0.0 -0.0 0.196034 -3.362213 -14.163221 5.566047 -0.065181 0.145164 -78.409546 -3.679297 -5.280879 -4.793664 0.550482 1.631587 -1.000003 -0.0 0.0 
0.0 0.0 0.0 0.0 -0.0 0.0 -1.521385 100.295914 0.420522 91.532738 -3.712919 101.662949 -1.733988 0.486033 0.709025 -11.349611 0.354909 3.142729 15.544196 -2.694748 0.014453 10.242528 6.696251 1.958743 -2.427116 -1.037951 -11.00826 -40.563782 -5.392137 -13.977181 6e-06 -0.0 1e-06 0.026295 0.012427 0.013948 0.087621 -0.1202 -0.019681 0.113688 0.135339 0.013585 -117.980087 -69.045166 132.09169 37.311207 -60.031662 2.615853 24.720772 -0.338691 -0.216893 -3.163468 6.215303 5.330132 17.636463 -26.322449 52.410786 -19.46644 -14.395455 29.410112 2e-06 -8.774725 -4e-06 16.131409 -17.797102 6.015483 -0.609774 -1.795637 -3.889297 -4.807045 -11.04669 -2.93783 5e-06 -20.975754 -1.2e-05 -5.019884 -25.033228 -4.031869 5e-06 -2e-06 0.0 -10.634447 -5.686924 -3.565565 10.573153 -17.922747 -3.113867 2e-06 -13.82104 -4e-06 -0.501753 -31.181084 -4.026984 -11.226369 -60.147228 7.338282 -13.982598 -7.150139 -2.875027 13.772586 -8.401398 -3.218208 0.347732 -34.211098 0.771632 -0.963013 -17.733158 2.620991 0.0 2e-06 2e-06 -17.346266 -20.095036 -4.201765 21.757343 -1.638349 3.866398 0.0 -6.338748 -0.0 -1.697558 -22.591459 -6.19396 -0.0 -3e-06 -2e-06 24.306633 -83.916557 167.24704 62.859432 13.572865 -53.301384 71.706642 3.826267 5.045042 14.858214 55.001438 63.746742 22.181898 -20.375759 49.933056 -16.701664 -16.743345 28.476351 -1.3e-05 -12.690445 7e-06 16.017405 -17.526148 3.925665 -0.105923 -1.513847 -4.275859 -5.038983 -5.612829 -2.953544 1.1e-05 -11.020441 -1.1e-05 -6.111191 -15.895224 -3.840465 -1e-06 -3e-06 -0.0 -10.283275 -5.680249 -4.341824 11.028172 -11.302322 -2.372615 -1.384233 -14.238472 -6.320088 -0.625389 -26.923992 -3.827594 -4.735822 -50.412075 -3.503049 -13.708394 -7.363425 -3.720932 18.140949 -14.052642 -3.242649 1.9e-05 -18.787128 -9e-06 -0.429707 -8.455992 2.555488 1e-06 -0.0 1e-06 -15.923368 -20.094339 -5.473575 30.418873 -7.190767 1.7359 5e-06 -8.162868 0.0 -1.86184 -22.861322 -6.167899 1e-06 -3e-06 -2e-06 176.0513 -2.318469 10.138183 5.503337 -0.085861 0.152094 -75.032669 6.811899 -4.200208 -4.400078 1.477327 2.156008 -1.000001 -0.0 0.0 0.49143 -3.349732 -14.236886 5.546237 -0.050454 0.137565 -78.456047 -3.943893 -5.473791 -4.789806 0.505086 1.630842 -1.000003 0.0 -0.0 
0.0 0.0 0.0 0.0 -0.0 0.0 -1.554006 100.266777 0.46001 91.61261 -3.498435 101.840797 -1.779623 0.475084 0.793775 -11.271486 0.334968 3.05266 15.569247 -2.80559 0.330309 10.359526 6.186561 1.959595 -2.515662 -1.101456 -11.19499 -40.163212 -5.019959 -13.919142 8e-06 0.0 2e-06 0.018756 -0.016918 -0.011557 0.078127 -0.173971 -0.047949 0.108623 0.130551 -0.007354 -118.619774 -69.068169 133.308594 37.910816 -59.396393 1.622745 24.141708 -0.595418 -0.277834 -2.850236 6.574959 5.45006 17.636536 -26.322634 52.410984 -19.466526 -14.395525 29.410248 1e-06 -8.774771 -2e-06 15.95124 -17.773998 6.146954 -0.609774 -1.795644 -3.88931 -4.807063 -11.046748 -2.937833 -4e-06 -20.975908 1.8e-05 -5.019949 -25.033445 -4.031849 7e-06 1e-06 -0.0 -10.634477 -5.686941 -3.565574 10.573203 -17.922852 -3.113871 -4e-06 -13.821143 1.4e-05 -0.501798 -31.181385 -4.026966 -11.12969 -59.893375 7.023028 -13.982639 -7.15016 -2.875034 13.772645 -8.401444 -3.218218 0.347702 -34.21138 0.771692 -0.963047 -17.73332 2.621035 0.0 -2e-06 -0.0 -17.346315 -20.09511 -4.201766 21.757427 -1.638362 3.866411 -1e-06 -6.338794 7e-06 -1.697588 -22.591648 -6.193965 0.0 -3e-06 -2e-06 29.451569 -84.756935 161.547318 64.050591 10.477426 -59.593681 72.780846 4.745581 5.476768 6.228144 65.156975 50.187576 22.181997 -20.375694 49.933117 -16.70175 -16.743416 28.476402 -1.1e-05 -12.690529 -4e-06 15.487268 -16.518234 4.273602 -0.105919 -1.513855 -4.275865 -5.039018 -5.612842 -2.953554 1.4e-05 -11.020463 -2.5e-05 -6.111232 -15.895271 -3.840502 1e-06 -1e-06 -1e-06 -10.283319 -5.680264 -4.341828 11.028236 -11.302339 -2.372634 -1.384245 -14.238502 -6.320121 -0.625358 -26.924051 -3.827652 -4.243428 -48.51577 -3.433994 -13.708462 -7.363445 -3.720937 18.141058 -14.052659 -3.242671 3.5e-05 -18.787148 -3.4e-05 -0.429698 -8.455997 2.555488 1e-06 2e-06 -1e-06 -15.923449 -20.094385 -5.473593 30.419046 -7.190794 1.735915 9e-06 -8.16287 -5e-06 -1.861838 -22.86133 -6.167957 0.0 -3e-06 0.0 176.355682 -2.346709 10.230919 5.384421 -0.080825 0.22679 -75.031494 7.171774 -4.245343 -4.70093 1.462508 2.143761 -1.0 0.0 -0.0 0.793773 -3.366338 -14.297137 5.580363 0.004926 0.22236 -78.414452 -4.122759 -5.618969 -4.875275 0.494413 1.626771 -1.000006 0.0 -0.0 
0.0 0.0 0.0 0.0 -0.0 0.0 -1.566205 100.25177 0.476723 91.638062 -3.282397 101.829964 -1.892764 0.468985 0.843334 -11.242237 0.328337 2.951309 15.626877 -2.798949 0.392134 10.497938 5.809884 1.991471 -2.520952 -1.031199 -11.174728 -39.831062 -4.88788 -13.636824 9e-06 -0.0 0.0 0.029216 -0.011023 0.020945 0.054936 -0.178918 -0.020596 0.0916 0.14738 0.033426 -118.557114 -69.088646 133.421265 37.995831 -59.385178 1.511301 23.484053 -0.478059 -0.256014 -3.044317 6.71824 5.009183 17.636723 -26.32284 52.411343 -19.466806 -14.395662 29.410545 0.0 -8.774888 -4e-06 15.98301 -17.788027 6.123428 -0.609778 -1.795664 -3.889342 -4.80712 -11.046897 -2.937865 4e-06 -20.976231 -8e-06 -5.020014 -25.033892 -4.03193 6e-06 1e-06 0.0 -10.634587 -5.687008 -3.565596 10.573339 -17.92309 -3.113927 2e-06 -13.821345 -6e-06 -0.501762 -31.181959 -4.027082 -10.909634 -59.626869 6.675649 -13.982785 -7.150244 -2.875046 13.77281 -8.401554 -3.218262 0.347745 -34.211945 0.771637 -0.963029 -17.733618 2.621044 0.0 0.0 -0.0 -17.346518 -20.095346 -4.20178 21.757689 -1.63838 3.866448 2e-06 -6.338886 -4e-06 -1.69759 -22.592056 -6.194094 1e-06 -5e-06 -1e-06 29.203995 -84.539192 161.906311 64.540329 9.652979 -60.071884 72.788048 4.190492 4.904586 1.601885 66.427399 42.260254 22.182301 -20.376131 49.933517 -16.701916 -16.74367 28.476679 -6e-06 -12.690721 -7e-06 15.334024 -16.226688 4.217376 -0.105918 -1.513859 -4.275899 -5.039073 -5.612908 -2.953562 1.2e-05 -11.020639 2.3e-05 -6.111366 -15.895526 -3.840469 0.0 1e-06 1e-06 -10.283435 -5.680308 -4.341848 11.028387 -11.302503 -2.372632 -1.384279 -14.238721 -6.320141 -0.62547 -26.924576 -3.827569 -4.124482 -47.854618 -3.397084 -13.708609 -7.363504 -3.720944 18.141304 -14.052868 -3.242673 4e-06 -18.787495 3.9e-05 -0.42972 -8.456178 2.555556 1e-06 -3e-06 1e-06 -15.923638 -20.094584 -5.473574 30.419447 -7.190902 1.735946 2e-06 -8.163026 9e-06 -1.861931 -22.861832 -6.167976 2e-06 1e-06 3e-06 176.695526 -2.431557 10.328433 5.26386 -0.09539 0.21334 -75.253334 7.197847 -4.294797 -4.816733 1.521496 2.144595 -1.000004 -0.0 0.0 1.059856 -3.31345 -14.141841 5.588809 -0.001979 0.314931 -78.360649 -4.347018 -5.643827 -4.79214 0.522157 1.628526 -1.000003 -0.0 -0.0 
0.0 0.0 0.0 0.0 -0.0 0.0 -1.558159 100.262093 0.49326 91.600334 -3.112877 101.623444 -2.037772 0.490948 0.88926 -11.327153 0.312118 2.84323 15.725375 -2.685005 0.21234 10.755561 5.717462 2.121109 -2.417042 -0.956544 -11.113784 -39.93988 -5.166421 -13.339108 7e-06 0.0 0.0 0.065748 0.01319 0.071866 0.059458 -0.144122 0.031968 0.099044 0.16024 0.084755 -118.04348 -68.944923 132.524506 37.446335 -59.822491 2.717696 22.964268 -0.22221 -0.165663 -3.433227 6.469385 4.180185 17.636553 -26.322668 52.411007 -19.466595 -14.395494 29.410295 -1.9e-05 -8.774755 -2e-06 15.871692 -17.835876 6.13027 -0.609771 -1.795648 -3.889315 -4.807035 -11.046765 -2.937848 4.1e-05 -20.975964 2e-06 -5.019876 -25.033512 -4.031844 6e-06 -2e-06 -0.0 -10.634462 -5.686936 -3.565587 10.573224 -17.922913 -3.113887 2.5e-05 -13.821177 8e-06 -0.501714 -31.181477 -4.026967 -11.019607 -59.442692 6.86553 -13.982617 -7.150154 -2.875048 13.772642 -8.401487 -3.218225 0.347786 -34.211472 0.771662 -0.963012 -17.73337 2.621046 -0.0 0.0 0.0 -17.346272 -20.095119 -4.201791 21.757397 -1.638399 3.866405 1.2e-05 -6.33881 5e-06 -1.697512 -22.591715 -6.193986 0.0 -3e-06 -1e-06 25.51265 -83.201393 166.509979 64.149841 11.56787 -53.648479 71.433449 3.473632 3.842525 6.352633 56.800762 49.374882 22.182009 -20.375698 49.933174 -16.701778 -16.743456 28.47645 -2e-05 -12.690539 1e-06 15.829803 -17.172812 4.014643 -0.105921 -1.513852 -4.275869 -5.039016 -5.612835 -2.953557 2.4e-05 -11.020445 -3.3e-05 -6.11122 -15.895239 -3.84052 1e-06 1e-06 1e-06 -10.283329 -5.680258 -4.34183 11.028253 -11.302327 -2.372642 -1.384228 -14.238474 -6.320128 -0.62532 -26.923992 -3.827659 -4.833062 -49.834389 -3.141636 -13.708472 -7.363435 -3.720938 18.141087 -14.052653 -3.242686 4.7e-05 -18.787121 -3.2e-05 -0.42969 -8.45598 2.555489 -0.0 1e-06 2e-06 -15.923457 -20.094362 -5.473608 30.419092 -7.190807 1.735905 1.6e-05 -8.162859 -7e-06 -1.861825 -22.86129 -6.167946 0.0 -4e-06 -1e-06 176.904663 -2.543262 9.957332 5.275422 -0.089541 0.149422 -75.575867 7.310857 -4.372369 -4.821547 1.569797 2.140724 -0.999999 0.0 0.0 1.206832 -3.248366 -13.904465 5.563568 -0.032649 0.379644 -78.348557 -4.339228 -5.396186 -4.651237 0.567356 1.639728 -1.0 -0.0 -0.0 
0.0 0.0 0.0 0.0 -0.0 0.0 -1.478162 100.210617 0.462913 91.601646 -3.031705 101.438843 -2.116505 0.498086 0.795766 -11.417491 0.307531 2.891695 15.688269 -2.639245 -0.016146 11.051337 5.945384 2.063843 -2.394285 -1.007413 -10.828828 -39.971092 -5.595276 -13.183881 7e-06 1e-06 1e-06 0.085671 0.044386 0.108568 0.096885 -0.070345 0.064563 0.11693 0.148621 0.125574 -117.723091 -68.826508 131.706711 36.931362 -60.241032 4.147864 22.367428 -0.045546 -0.088003 -3.463505 5.987543 3.666362 17.636749 -26.322786 52.411251 -19.466845 -14.395684 29.410522 7e-06 -8.77492 -6e-06 16.164854 -18.012865 6.008929 -0.609777 -1.795668 -3.889338 -4.80714 -11.046921 -2.937862 -7e-06 -20.976282 -1.7e-05 -5.020046 -25.033991 -4.031953 5e-06 3e-06 0.0 -10.634608 -5.687021 -3.565584 10.573359 -17.92312 -3.113936 -1e-06 -13.821386 -1.8e-05 -0.501763 -31.182089 -4.027126 -11.408795 -59.886196 7.257463 -13.98281 -7.150258 -2.875031 13.772841 -8.401556 -3.218268 0.347739 -34.212009 0.771609 -0.963021 -17.733652 2.621021 -0.0 0.0 0.0 -17.346567 -20.095381 -4.201759 21.757751 -1.638369 3.866454 -2e-06 -6.3389 -1.2e-05 -1.697611 -22.592131 -6.194126 0.0 -3e-06 -1e-06 23.163454 -82.00029 169.528625 63.749489 13.923814 -47.107838 70.530479 2.410027 3.937639 13.164331 44.166237 58.789829 22.182293 -20.376028 49.933395 -16.70192 -16.743616 28.476614 -4e-06 -12.690706 -9e-06 17.295774 -17.396233 2.854473 -0.10592 -1.513864 -4.275893 -5.039073 -5.612915 -2.953556 6e-06 -11.020646 1.5e-05 -6.111366 -15.895551 -3.840469 1e-06 3e-06 1e-06 -10.283428 -5.680319 -4.341845 11.028369 -11.30251 -2.372628 -1.384288 -14.238737 -6.320139 -0.625475 -26.92461 -3.827588 -5.199191 -51.778061 -3.128266 -13.7086 -7.363516 -3.720941 18.141275 -14.052872 -3.242672 6e-06 -18.7875 1.2e-05 -0.429711 -8.456174 2.555536 -1e-06 2e-06 1e-06 -15.923635 -20.094614 -5.473571 30.419409 -7.1909 1.735955 9e-06 -8.163022 -4e-06 -1.861909 -22.86183 -6.168005 -1e-06 -3e-06 -1e-06 176.966995 -2.515169 9.560236 5.385668 -0.103437 0.107267 -75.721535 7.446686 -4.338651 -4.647391 1.65181 2.146833 -0.999998 0.0 1e-06 1.249778 -3.286114 -13.776433 5.569684 -0.043791 0.281115 -78.491814 -4.09167 -5.249446 -4.796749 0.578376 1.633222 -1.000001 1e-06 -1e-06 
0.0 0.0 0.0 0.0 -0.0 0.0 -1.414591 100.221786 0.405241 91.555176 -2.988494 101.269493 -2.115007 0.602772 0.750138 -11.515334 0.324419 2.974515 15.694064 -2.681207 -0.081038 11.203112 6.157284 1.960057 -2.449525 -1.097018 -10.569979 -40.189289 -5.622014 -13.041383 8e-06 0.0 1e-06 0.060285 0.044058 0.08519 0.126208 -0.059655 0.0537 0.129495 0.13767 0.087575 -117.542915 -68.751854 131.583054 37.241585 -60.332134 4.018352 22.288765 0.018455 -0.102919 -3.253357 5.941953 3.467736 17.636585 -26.322672 52.411079 -19.4666 -14.395539 29.410313 -1e-06 -8.77479 -5e-06 16.123423 -18.045916 5.952876 -0.609777 -1.79565 -3.889319 -4.807073 -11.046787 -2.937845 6e-06 -20.975975 0.0 -5.019939 -25.033524 -4.031876 6e-06 2e-06 -1e-06 -10.634503 -5.686962 -3.565582 10.573234 -17.922913 -3.113887 3e-06 -13.821184 2e-06 -0.501765 -31.18148 -4.027004 -11.266697 -59.826591 7.260266 -13.982677 -7.150187 -2.875038 13.77268 -8.401474 -3.21823 0.347734 -34.211502 0.771655 -0.963026 -17.73337 2.621024 0.0 -1e-06 0.0 -17.346369 -20.095182 -4.201774 21.757484 -1.63837 3.86642 1e-06 -6.338815 -0.0 -1.697568 -22.591738 -6.194007 0.0 -4e-06 -2e-06 21.932384 -82.078857 171.060181 64.080803 13.681738 -47.278881 71.753853 2.940063 4.430473 16.787649 43.07309 63.62516 22.182205 -20.375898 49.933289 -16.701859 -16.743572 28.476536 -1.5e-05 -12.690659 -9e-06 16.955845 -17.268009 3.170723 -0.105919 -1.513856 -4.275879 -5.039056 -5.612876 -2.953556 1.8e-05 -11.020562 -3e-06 -6.111315 -15.895412 -3.84049 1e-06 1e-06 -1e-06 -10.283395 -5.680285 -4.341835 11.028338 -11.302424 -2.372633 -1.384263 -14.238615 -6.320132 -0.625403 -26.924334 -3.8276 -5.087407 -51.469997 -3.221323 -13.708557 -7.363472 -3.720939 18.141224 -14.052775 -3.242672 2.9e-05 -18.787334 5e-06 -0.4297 -8.4561 2.555529 -0.0 -0.0 -0.0 -15.923571 -20.094482 -5.473582 30.419313 -7.190874 1.735945 1.3e-05 -8.162952 3e-06 -1.861878 -22.861597 -6.167966 -1e-06 -2e-06 -2e-06 176.928146 -2.515409 9.472463 5.492639 -0.112415 0.081071 -75.752113 7.311995 -4.243032 -4.606215 1.592235 2.139792 -0.999999 -0.0 0.0 1.220493 -3.24885 -13.475904 5.594376 -0.069764 0.188235 -78.431541 -4.131687 -5.314432 -4.917752 0.567423 1.626535 -1.000003 0.0 -0.0 
0.0 0.0 0.0 0.0 -0.0 0.0 -1.408736 100.254166 0.323373 91.519218 -2.950311 101.241829 -2.152077 0.655037 0.747441 -11.507371 0.349799 3.064535 15.642241 -2.686077 0.019869 11.286894 5.975779 1.922848 -2.453917 -1.126992 -10.520725 -40.276062 -5.516126 -12.969873 7e-06 -0.0 0.0 0.022923 0.023251 0.036207 0.11535 -0.103506 0.013265 0.125031 0.139386 0.026855 -117.968681 -68.813637 132.27092 37.699619 -60.229504 3.159442 22.654257 0.032818 -0.116033 -3.013254 6.335039 4.056783 17.636658 -26.322817 52.411411 -19.466616 -14.395623 29.410463 1.2e-05 -8.774847 -9e-06 15.955348 -17.945425 6.037023 -0.609782 -1.795648 -3.889336 -4.807111 -11.046804 -2.937855 -1.9e-05 -20.976025 1.7e-05 -5.020008 -25.033617 -4.031917 6e-06 1e-06 -0.0 -10.634553 -5.686972 -3.565601 10.573269 -17.922928 -3.113884 -1.5e-05 -13.821219 1.6e-05 -0.50182 -31.181604 -4.02702 -11.211888 -59.773247 7.243354 -13.982737 -7.150202 -2.875059 13.772742 -8.401472 -3.218232 0.347674 -34.21159 0.771715 -0.96307 -17.733437 2.621062 1e-06 0.0 -0.0 -17.346458 -20.095211 -4.2018 21.757599 -1.63836 3.866458 -5e-06 -6.338828 1e-05 -1.697625 -22.59181 -6.194031 0.0 -3e-06 -3e-06 23.500757 -82.783272 169.153046 65.066322 11.227733 -52.000137 73.425713 3.413457 4.654354 17.929714 51.386295 64.216621 22.182096 -20.37594 49.933521 -16.701889 -16.743498 28.476679 -1.1e-05 -12.690603 4e-06 15.991286 -17.397936 4.006302 -0.105922 -1.513864 -4.275894 -5.039039 -5.612899 -2.95358 1e-05 -11.020595 -2e-05 -6.111279 -15.895486 -3.840533 1e-06 -1e-06 -1e-06 -10.283362 -5.680308 -4.341861 11.028289 -11.302452 -2.372652 -1.384249 -14.238672 -6.320184 -0.625377 -26.924448 -3.827703 -4.943947 -50.567066 -3.250841 -13.708513 -7.363503 -3.720965 18.141146 -14.052802 -3.242702 2.5e-05 -18.78738 -3.2e-05 -0.429708 -8.45611 2.555514 2e-06 5e-06 -1e-06 -15.923512 -20.094551 -5.473628 30.41918 -7.190845 1.73591 6e-06 -8.162964 -1e-05 -1.861839 -22.861649 -6.168034 0.0 -1e-06 -3e-06 176.894974 -2.5515 9.573892 5.502089 -0.078295 0.132732 -75.752419 7.113431 -4.164378 -4.540164 1.497448 2.130556 -0.999994 -0.0 -0.0 1.209133 -3.2318 -13.346498 5.648063 -0.066624 0.140328 -78.471741 -4.133132 -5.444299 -4.716569 0.527834 1.625221 -1.0 -0.0 -0.0 
0.0 0.0 0.0 0.0 -0.0 0.0 -1.379898 100.25489 0.269553 91.56945 -2.904164 101.2472 -2.226674 0.588876 0.837169 -11.438883 0.349734 3.02993 15.562473 -2.651061 0.361444 11.247921 5.513338 1.970045 -2.525398 -1.139356 -10.664434 -39.76479 -5.170895 -12.957694 7e-06 -0.0 1e-06 0.014708 -0.015338 -0.010888 0.117006 -0.177905 -0.032806 0.140414 0.136394 -0.019555 -118.771103 -68.828743 133.418274 38.359646 -59.748684 1.851497 22.945824 -0.290161 -0.152814 -2.60574 7.052465 4.544411 17.636621 -26.322737 52.411182 -19.4667 -14.395638 29.410437 -4e-06 -8.774852 2e-06 15.810206 -17.856745 6.136194 -0.609775 -1.795653 -3.889328 -4.807095 -11.046821 -2.937852 1.2e-05 -20.97607 -1e-06 -5.019983 -25.033669 -4.031904 5e-06 -1e-06 -0.0 -10.634537 -5.686972 -3.565583 10.573296 -17.922972 -3.113911 6e-06 -13.821246 1e-06 -0.501763 -31.181675 -4.027032 -11.2592 -59.619778 7.126436 -13.982723 -7.150198 -2.875034 13.772759 -8.401501 -3.218254 0.347745 -34.211662 0.771656 -0.963028 -17.733473 2.62104 0.0 -0.0 1e-06 -17.346432 -20.095221 -4.201771 21.757601 -1.63838 3.866423 4e-06 -6.338842 1e-06 -1.697585 -22.591871 -6.194045 -1e-06 -2e-06 -2e-06 26.761347 -83.384109 165.33168 66.386414 8.464606 -57.278019 74.296326 3.678653 4.990315 13.560362 63.812874 55.031929 22.182148 -20.375914 49.933315 -16.701832 -16.743521 28.476545 -7e-06 -12.690619 -8e-06 15.739104 -16.848263 4.268117 -0.105921 -1.513858 -4.275882 -5.039045 -5.612885 -2.953561 9e-06 -11.020576 -0.0 -6.111305 -15.895451 -3.840489 2e-06 1e-06 1e-06 -10.283374 -5.680292 -4.341843 11.028302 -11.302433 -2.372628 -1.384267 -14.238637 -6.320136 -0.625434 -26.924385 -3.827613 -4.622928 -49.440536 -3.145768 -13.708527 -7.363481 -3.720942 18.141163 -14.052778 -3.242669 1.6e-05 -18.787354 1e-06 -0.42971 -8.456102 2.555518 2e-06 2e-06 -3e-06 -15.923545 -20.094501 -5.473588 30.419231 -7.190851 1.735935 9e-06 -8.162959 -4e-06 -1.861881 -22.861641 -6.167982 3e-06 1e-06 2e-06 176.948212 -2.516154 9.690174 5.459876 -0.064108 0.187603 -75.693275 7.157073 -4.226153 -4.736339 1.474673 2.123388 -0.999998 -0.0 -1e-06 1.234877 -3.34175 -13.514256 5.65338 -0.022258 0.195928 -78.38781 -3.949759 -5.595891 -4.701388 0.502429 1.621392 -1.000002 0.0 0.0 
0.0 0.0 0.0 0.0 -0.0 0.0 -1.303935 100.258026 0.205696 91.635445 -2.832954 101.076904 -2.329091 0.539427 0.896949 -11.406075 0.343429 2.958642 15.570641 -2.617315 0.549742 11.145106 5.148756 2.010103 -2.535231 -1.13259 -10.634136 -39.384052 -4.964369 -12.820189 5e-06 0.0 0.0 0.021173 -0.032524 -0.013069 0.090807 -0.215181 -0.051264 0.11791 0.140292 -0.001643 -119.053421 -68.845482 133.834335 38.563709 -59.578724 1.121945 23.309227 -0.429969 -0.179789 -2.41477 7.758859 4.360283 17.636604 -26.322599 52.410984 -19.466595 -14.395559 29.410263 4e-06 -8.774803 -8e-06 15.781551 -17.753056 6.074327 -0.609775 -1.795647 -3.889315 -4.807084 -11.046771 -2.937841 5e-06 -20.975924 -1.5e-05 -5.019939 -25.033445 -4.031901 6e-06 -4e-06 0.0 -10.634521 -5.686962 -3.565572 10.573242 -17.92288 -3.113893 4e-06 -13.821156 -9e-06 -0.501756 -31.181385 -4.02703 -10.902573 -59.244419 6.625708 -13.982696 -7.150185 -2.875029 13.772696 -8.401458 -3.21823 0.347742 -34.211403 0.771626 -0.963013 -17.733313 2.621003 1e-06 -0.0 1e-06 -17.346403 -20.095171 -4.201763 21.757517 -1.638362 3.86642 2e-06 -6.338797 -4e-06 -1.697579 -22.591656 -6.194009 -0.0 -2e-06 -1e-06 27.058462 -83.1726 164.817322 67.200378 7.094767 -58.782875 74.162308 3.296655 4.614913 6.157031 68.646523 41.213715 22.182089 -20.375891 49.9333 -16.701778 -16.743488 28.476501 -1e-05 -12.690577 -5e-06 15.806035 -16.233479 3.977726 -0.105923 -1.513852 -4.275877 -5.039031 -5.612861 -2.95356 1.4e-05 -11.020516 -1e-06 -6.111265 -15.895332 -3.840483 -2e-06 1e-06 2e-06 -10.283354 -5.68028 -4.341838 11.028275 -11.302388 -2.372626 -1.384255 -14.238558 -6.320123 -0.625405 -26.924181 -3.827598 -4.381775 -48.256313 -3.023967 -13.708505 -7.363463 -3.720942 18.141111 -14.05272 -3.242662 1.5e-05 -18.787247 5e-06 -0.429708 -8.456048 2.555517 2e-06 3e-06 -0.0 -15.923514 -20.09445 -5.473589 30.419149 -7.190817 1.73593 7e-06 -8.162917 3e-06 -1.861883 -22.861469 -6.167933 2e-06 -3e-06 -2e-06 177.08783 -2.43594 9.659203 5.379378 -0.096509 0.212687 -75.637642 7.123592 -4.1658 -4.991261 1.540317 2.122094 -0.999999 -0.0 0.0 1.284797 -3.44032 -13.739128 5.600856 -0.005018 0.28738 -78.221664 -3.691891 -5.55935 -4.766726 0.524321 1.620287 -1.000004 0.0 -1e-06 
0.0 0.0 0.0 0.0 -0.0 0.0 -1.242348 100.278679 0.145511 91.644653 -2.686078 100.700821 -2.385863 0.565058 0.845837 -11.443358 0.338201 2.833827 15.638666 -2.560562 0.507035 11.229379 5.094638 2.072176 -2.483513 -1.062377 -10.40215 -39.834545 -5.139355 -12.354589 6e-06 -0.0 1e-06 0.031305 -0.020074 0.008986 0.054707 -0.206287 -0.03317 0.077742 0.156738 0.025311 -118.686218 -68.827766 133.3013 38.105118 -59.863762 1.534185 23.706459 -0.310184 -0.125876 -2.457152 7.889723 3.807932 17.636492 -26.32268 52.411194 -19.466429 -14.395494 29.410282 1.3e-05 -8.774748 -5e-06 15.871758 -17.688593 6.002172 -0.60978 -1.795637 -3.889316 -4.807067 -11.046715 -2.93784 -2.9e-05 -20.975822 1.9e-05 -5.019947 -25.033342 -4.031874 6e-06 3e-06 -0.0 -10.634467 -5.686934 -3.565592 10.573151 -17.922775 -3.113849 -2.2e-05 -13.821083 2e-05 -0.501831 -31.181213 -4.026967 -10.736043 -59.216198 6.503633 -13.982623 -7.150159 -2.875054 13.772602 -8.401402 -3.218204 0.347646 -34.211224 0.77172 -0.963076 -17.733238 2.621035 -0.0 1e-06 -0.0 -17.346302 -20.095074 -4.201797 21.75738 -1.638336 3.866425 -8e-06 -6.33877 1.3e-05 -1.697607 -22.591549 -6.193964 0.0 -3e-06 -2e-06 25.948587 -82.18885 166.618561 67.217522 7.686344 -54.330475 73.386726 1.937251 3.28478 9.507422 64.320427 42.243809 22.181845 -20.375704 49.933132 -16.701681 -16.743317 28.476398 -6e-06 -12.690426 1.4e-05 15.841703 -16.850389 3.619822 -0.105921 -1.513854 -4.275863 -5.038985 -5.612838 -2.953557 -1e-06 -11.020447 -2.3e-05 -6.111184 -15.895247 -3.840482 -3e-06 -3e-06 1e-06 -10.283267 -5.680263 -4.341833 11.028154 -11.302318 -2.372631 -1.38423 -14.238479 -6.320113 -0.625376 -26.923983 -3.827649 -4.729713 -48.946083 -2.876371 -13.708385 -7.363442 -3.720939 18.140919 -14.052628 -3.242668 1.1e-05 -18.787121 -3e-05 -0.429711 -8.455983 2.555475 -2e-06 -1e-06 -0.0 -15.923359 -20.094376 -5.473598 30.418831 -7.190741 1.735888 0.0 -8.162862 -1.3e-05 -1.861834 -22.861307 -6.167932 -3e-06 -6e-06 1e-06 177.251389 -2.444014 9.416318 5.386641 -0.096484 0.182706 -75.62384 7.061436 -4.234047 -4.907668 1.554193 2.129645 -0.999999 0.0 -0.0 1.354714 -3.459733 -13.677622 5.521838 -0.028796 0.370047 -78.053795 -3.460724 -5.411411 -4.656838 0.583769 1.638249 -1.0 -0.0 0.0 
0.0 0.0 0.0 0.0 -0.0 0.0 -1.160002 100.285599 0.05199 91.636993 -2.606544 100.121788 -2.432916 0.618432 0.798285 -11.534964 0.321706 2.773465 15.615841 -2.528868 0.321751 11.547948 5.252231 2.165236 -2.417921 -1.024019 -10.099256 -40.267342 -5.400336 -11.776329 6e-06 0.0 1e-06 0.056595 -0.009692 0.015824 0.072983 -0.177918 -0.027962 0.092213 0.148082 0.032824 -118.227104 -68.711716 132.553665 37.619713 -60.159077 2.538135 23.703791 -0.171862 -0.127001 -2.568437 7.651875 3.322278 17.636705 -26.322817 52.411297 -19.466848 -14.395679 29.410553 -1e-05 -8.774892 1e-06 15.885142 -17.694441 6.021112 -0.609775 -1.79567 -3.889341 -4.807107 -11.046899 -2.937866 2.6e-05 -20.976246 -1.5e-05 -5.019993 -25.033905 -4.031923 7e-06 2e-06 -0.0 -10.634576 -5.687 -3.56559 10.573359 -17.9231 -3.113942 1.7e-05 -13.821347 -9e-06 -0.501729 -31.181946 -4.027077 -10.899489 -59.475273 6.727716 -13.98277 -7.150235 -2.875039 13.772822 -8.401567 -3.218276 0.347783 -34.211948 0.771626 -0.963017 -17.733622 2.621047 1e-06 2e-06 -2e-06 -17.346491 -20.095335 -4.201779 21.757694 -1.638398 3.866434 7e-06 -6.338889 -6e-06 -1.697571 -22.592064 -6.194096 0.0 -2e-06 -2e-06 25.68873 -80.903938 167.964935 66.942162 9.503698 -46.811035 72.012955 0.908886 2.230563 18.265297 52.657993 53.413616 22.182394 -20.375959 49.933388 -16.701946 -16.743662 28.476597 -1.5e-05 -12.69075 -2.8e-05 16.528055 -17.609007 3.002763 -0.105918 -1.513862 -4.275889 -5.03909 -5.612899 -2.953563 2.1e-05 -11.020617 2e-06 -6.11137 -15.8955 -3.840505 -3e-06 -3e-06 0.0 -10.28346 -5.680307 -4.341846 11.028415 -11.302481 -2.372633 -1.384283 -14.238686 -6.320151 -0.625414 -26.924486 -3.82761 -5.233801 -50.370117 -2.928737 -13.708645 -7.363501 -3.720944 18.141346 -14.052843 -3.242672 3.9e-05 -18.787422 2e-06 -0.429689 -8.456137 2.555538 -0.0 0.0 2e-06 -15.923683 -20.094566 -5.473588 30.419521 -7.19093 1.735979 2e-05 -8.162993 -1e-06 -1.861889 -22.861719 -6.168007 1e-06 -3e-06 -0.0 177.332199 -2.443789 8.960586 5.426056 -0.088205 0.144993 -75.611824 6.876302 -4.264395 -4.803269 1.583302 2.145212 -1.0 1e-06 -1e-06 1.306895 -3.509564 -13.732057 5.472297 -0.048018 0.359296 -78.052612 -2.888278 -5.183285 -4.68537 0.617904 1.651251 -1.000003 -0.0 1e-06 
0.0 0.0 0.0 0.0 -0.0 0.0 -1.061753 100.269463 -0.063727 91.639938 -2.556536 99.472511 -2.454173 0.648041 0.785197 -11.61104 0.319291 2.796205 15.539353 -2.512123 0.090839 11.845329 5.497293 2.187519 -2.431711 -1.027758 -9.645593 -40.376247 -5.467713 -11.275953 4e-06 0.0 1e-06 0.079708 -0.017204 -0.009217 0.10738 -0.16483 -0.053723 0.113701 0.119626 0.007952 -117.967575 -68.628288 132.334457 37.908989 -60.173542 2.808655 23.287897 -0.163339 -0.116601 -2.756248 7.499004 3.113744 17.636568 -26.322664 52.411072 -19.466534 -14.395505 29.410265 -8e-06 -8.774757 -7e-06 15.968218 -17.820869 6.01264 -0.609775 -1.795643 -3.889314 -4.807046 -11.046733 -2.937844 2.5e-05 -20.975859 1e-05 -5.019891 -25.033346 -4.031848 6e-06 -1e-06 0.0 -10.634479 -5.686936 -3.565588 10.573213 -17.922846 -3.113872 1.3e-05 -13.821115 1.4e-05 -0.501754 -31.181273 -4.026948 -11.159292 -59.827518 6.972382 -13.982637 -7.150152 -2.875051 13.772642 -8.401451 -3.218213 0.34775 -34.211296 0.771688 -0.963028 -17.733261 2.621047 -0.0 -1e-06 -0.0 -17.346298 -20.095102 -4.201797 21.757408 -1.638386 3.866418 9e-06 -6.33878 7e-06 -1.697549 -22.591568 -6.193957 0.0 -1e-06 -1e-06 26.426306 -80.073341 168.00531 66.667198 10.505255 -39.600216 71.474167 0.303588 2.301217 22.508553 41.781765 60.428871 22.182104 -20.375893 49.933353 -16.701805 -16.743553 28.476547 -1.5e-05 -12.690603 6e-06 17.320433 -17.443119 2.563082 -0.105918 -1.513851 -4.27588 -5.039036 -5.612852 -2.953559 1.7e-05 -11.020495 -7e-06 -6.111267 -15.895304 -3.840497 0.0 -2e-06 -0.0 -10.28337 -5.680269 -4.34184 11.028299 -11.302373 -2.372638 -1.38425 -14.238532 -6.32013 -0.625378 -26.924133 -3.827618 -5.370406 -50.937077 -3.018672 -13.708522 -7.363452 -3.720944 18.141161 -14.052701 -3.242681 2.1e-05 -18.787216 4e-06 -0.429705 -8.456027 2.555517 -2e-06 -1e-06 0.0 -15.923524 -20.094418 -5.473599 30.419214 -7.190826 1.735914 1e-05 -8.162896 7e-06 -1.861884 -22.861395 -6.167926 0.0 -3e-06 -2e-06 177.373566 -2.398179 8.596075 5.49934 -0.091402 0.123508 -75.537193 6.502684 -4.202584 -4.773234 1.635964 2.159284 -0.999997 -0.0 -1e-06 1.205338 -3.592326 -13.700569 5.470806 -0.063199 0.293776 -78.080627 -2.232958 -5.083322 -4.86811 0.622489 1.643266 -1.000002 -0.0 1e-06 
0.0 0.0 0.0 0.0 -0.0 0.0 -0.99621 100.270691 -0.186929 91.630714 -2.506704 98.869186 -2.487012 0.647848 0.76338 -11.645006 0.296442 2.779457 15.465876 -2.51577 -0.002964 12.096225 5.747255 2.183542 -2.475386 -1.02175 -9.186988 -40.365639 -5.227464 -10.769095 6e-06 0.0 -0.0 0.087827 -0.020205 -0.015243 0.11849 -0.166515 -0.049937 0.128616 0.114803 -0.007323 -118.003609 -68.671196 132.530045 38.349552 -60.106853 2.52146 23.055183 -0.17955 -0.108553 -2.91374 7.475133 3.044994 17.636602 -26.322748 52.411125 -19.466654 -14.395557 29.410368 -1.9e-05 -8.774793 1e-06 15.98055 -17.811831 5.995584 -0.609772 -1.795652 -3.889324 -4.807055 -11.046797 -2.937849 3.7e-05 -20.97603 1.5e-05 -5.019919 -25.033596 -4.031837 7e-06 3e-06 -1e-06 -10.634496 -5.686949 -3.565588 10.573268 -17.922962 -3.113893 2.2e-05 -13.821226 1.5e-05 -0.50174 -31.181606 -4.026959 -11.186874 -59.883533 7.080099 -13.982661 -7.15017 -2.875045 13.772695 -8.401509 -3.218237 0.347777 -34.211601 0.771684 -0.963024 -17.73344 2.621066 0.0 -3e-06 0.0 -17.346331 -20.095167 -4.201786 21.757479 -1.638405 3.866413 1.3e-05 -6.338831 6e-06 -1.697534 -22.591801 -6.193991 0.0 -5e-06 -3e-06 26.885767 -79.645447 168.086456 66.429825 9.421668 -35.023548 71.882332 0.148181 2.532673 22.848083 37.925381 61.596722 22.182186 -20.375887 49.933212 -16.701777 -16.743542 28.476452 -2.2e-05 -12.690619 -1.4e-05 17.338335 -17.292809 2.727503 -0.105921 -1.513848 -4.27587 -5.039039 -5.612843 -2.95355 2.8e-05 -11.020495 4e-06 -6.111278 -15.895289 -3.840478 -0.0 -1e-06 -1e-06 -10.283375 -5.680256 -4.341832 11.028316 -11.302382 -2.372615 -1.384252 -14.238527 -6.320106 -0.62539 -26.92415 -3.827559 -5.302407 -50.918827 -3.047377 -13.708529 -7.363435 -3.720935 18.141178 -14.052717 -3.242647 3.7e-05 -18.787226 2.7e-05 -0.429695 -8.456045 2.555532 2e-06 -1e-06 -1e-06 -15.923532 -20.094387 -5.473579 30.419241 -7.190862 1.735951 2e-05 -8.162909 1.5e-05 -1.861878 -22.861437 -6.1679 3e-06 -4e-06 -2e-06 177.430817 -2.372963 8.384601 5.534806 -0.085838 0.122579 -75.493973 6.007533 -4.153657 -4.812891 1.642268 2.164568 -0.999999 -0.0 -0.0 1.074927 -3.652643 -13.541427 5.521929 -0.049134 0.280744 -78.031387 -1.78735 -4.985018 -5.023347 0.623673 1.638588 -1.0 -0.0 0.0 
0.0 0.0 0.0 0.0 -0.0 0.0 -0.959268 100.285843 -0.341279 91.62439 -2.476218 98.346008 -2.537958 0.581283 0.714566 -11.665864 0.25026 2.711117 15.400513 -2.519124 -0.048952 12.332539 5.953165 2.262134 -2.496041 -1.007628 -8.813096 -40.288414 -4.853476 -10.290015 5e-06 -0.0 -1e-06 0.084796 -0.02555 -0.023941 0.103467 -0.177708 -0.057794 0.12154 0.115171 -0.016563 -118.220551 -68.750824 132.857834 38.753239 -60.004017 2.174001 22.987871 -0.143205 -0.085979 -3.006838 7.55984 2.997173 17.636641 -26.322695 52.411201 -19.466635 -14.395616 29.410395 5e-06 -8.774841 -6e-06 15.943673 -17.766932 5.974281 -0.609778 -1.795649 -3.889325 -4.807101 -11.046794 -2.937853 3e-06 -20.975996 -4e-06 -5.019974 -25.033583 -4.031919 7e-06 0.0 -0.0 -10.634545 -5.686967 -3.565587 10.573275 -17.922913 -3.113897 0.0 -13.821197 2e-06 -0.50177 -31.181536 -4.027038 -11.149211 -59.854069 7.013093 -13.982728 -7.150192 -2.875043 13.772739 -8.401471 -3.218238 0.347726 -34.211521 0.771663 -0.963036 -17.733398 2.621035 0.0 3e-06 2e-06 -17.346445 -20.095188 -4.201783 21.757591 -1.638367 3.86644 -0.0 -6.33882 3e-06 -1.697592 -22.591776 -6.19404 -0.0 -4e-06 -3e-06 27.078884 -79.229538 168.215302 65.701256 6.964122 -31.95183 72.608818 0.022123 2.467381 22.836287 36.076954 61.060806 22.182062 -20.375896 49.933407 -16.701895 -16.743557 28.476656 -1e-05 -12.690637 1.1e-05 17.174507 -17.291998 2.90899 -0.105918 -1.513865 -4.275894 -5.039046 -5.612895 -2.953568 1e-05 -11.020585 -1.4e-05 -6.111301 -15.895468 -3.840514 0.0 -2e-06 -2e-06 -10.283369 -5.680308 -4.341843 11.02831 -11.302444 -2.372656 -1.384261 -14.238668 -6.320168 -0.625391 -26.924435 -3.827675 -5.237881 -50.780071 -3.070458 -13.708522 -7.363501 -3.720944 18.141178 -14.052788 -3.24271 1.6e-05 -18.787384 -2.7e-05 -0.429711 -8.456117 2.555514 0.0 1e-06 0.0 -15.923534 -20.094543 -5.473595 30.419245 -7.190834 1.735897 3e-06 -8.162962 -9e-06 -1.861867 -22.861649 -6.168015 2e-06 -3e-06 -2e-06 177.470322 -2.348615 8.198151 5.530495 -0.078841 0.129098 -75.422386 5.55777 -4.127791 -4.817664 1.619323 2.167168 -0.999998 -0.0 -0.0 0.908273 -3.721952 -13.415998 5.587606 -0.034618 0.286688 -77.98011 -1.343451 -4.915413 -5.099825 0.617531 1.636098 -1.0 0.0 -0.0 
0.0 0.0 0.0 0.0 -0.0 0.0 -0.930262 100.297546 -0.504312 91.60672 -2.447506 97.860847 -2.598357 0.466908 0.671545 -11.675008 0.182502 2.631748 15.325909 -2.491955 -0.08945 12.550954 6.116827 2.362795 -2.487378 -0.998343 -8.425517 -40.065247 -4.450855 -9.884965 7e-06 -0.0 0.0 0.088381 -0.030306 -0.030424 0.093837 -0.186551 -0.065938 0.11854 0.114971 -0.019879 -118.559166 -68.861198 133.210617 39.11882 -59.87133 1.830495 23.007044 -0.151693 -0.074041 -3.030149 7.624161 3.037055 17.636568 -26.322514 52.410866 -19.466497 -14.395524 29.41017 1e-05 -8.774779 -9e-06 15.906981 -17.744652 5.950614 -0.609776 -1.795644 -3.889305 -4.807079 -11.046729 -2.937829 -1e-05 -20.97583 -1e-06 -5.019947 -25.033339 -4.031884 6e-06 2e-06 1e-06 -10.634499 -5.686946 -3.565565 10.573207 -17.92281 -3.113869 -6e-06 -13.821098 1e-06 -0.501794 -31.181248 -4.026994 -11.147979 -59.799175 6.914579 -13.982667 -7.150166 -2.875022 13.772657 -8.401417 -3.218212 0.347704 -34.211239 0.771658 -0.963033 -17.733223 2.621006 1e-06 -3e-06 0.0 -17.346373 -20.095108 -4.201754 21.757467 -1.638349 3.866421 -3e-06 -6.338772 2e-06 -1.697604 -22.591549 -6.193971 0.0 -5e-06 -1e-06 27.048492 -78.616768 168.549042 64.541565 3.655542 -29.184982 73.406586 -0.168558 2.227149 23.051647 34.765778 60.198124 22.18207 -20.375807 49.933144 -16.701809 -16.743483 28.476448 -6e-06 -12.690576 2e-06 16.976313 -17.419403 2.968763 -0.105918 -1.51386 -4.275873 -5.039029 -5.612872 -2.953548 9e-06 -11.02054 -7e-06 -6.111279 -15.895379 -3.84046 0.0 -2e-06 0.0 -10.283351 -5.680285 -4.341823 11.028275 -11.302412 -2.372633 -1.384261 -14.238593 -6.320107 -0.625412 -26.92429 -3.827612 -5.165697 -50.477379 -3.184886 -13.7085 -7.363467 -3.720925 18.141119 -14.052743 -3.24268 2.2e-05 -18.787294 -2.2e-05 -0.429701 -8.45607 2.555492 3e-06 -0.0 0.0 -15.923504 -20.094471 -5.473563 30.419153 -7.190826 1.735915 7e-06 -8.162934 -1.3e-05 -1.861857 -22.861538 -6.167972 -2e-06 -4e-06 -3e-06 177.50528 -2.35348 8.066617 5.495799 -0.075128 0.134351 -75.35405 5.13717 -4.146749 -4.863911 1.612068 2.170797 -0.999996 0.0 0.0 0.733186 -3.770734 -13.342772 5.660632 -0.031742 0.301698 -77.959778 -0.914194 -4.824219 -5.165326 0.604881 1.635052 -0.999997 -0.0 0.0 
0.0 0.0 0.0 0.0 -0.0 0.0 -0.897273 100.29464 -0.652953 91.566658 -2.397134 97.409088 -2.653314 0.337032 0.621026 -11.67827 0.108695 2.551706 15.240444 -2.445353 -0.129477 12.785356 6.251375 2.437112 -2.478751 -0.992115 -7.975878 -39.687347 -4.046213 -9.505754 4e-06 0.0 0.0 0.097822 -0.030755 -0.026789 0.102061 -0.186676 -0.061483 0.130169 0.11513 -0.014305 -118.888199 -69.021996 133.557358 39.588947 -59.696728 1.437933 23.077267 -0.178103 -0.069757 -2.966854 7.630512 3.205955 17.636648 -26.322752 52.411171 -19.466616 -14.395576 29.410343 -1e-06 -8.774816 -1e-05 15.861313 -17.760941 5.952453 -0.609777 -1.79565 -3.889324 -4.807085 -11.046802 -2.937843 4e-06 -20.976023 1.8e-05 -5.019972 -25.0336 -4.03187 5e-06 2e-06 1e-06 -10.634528 -5.686963 -3.565587 10.573258 -17.922939 -3.11388 1e-06 -13.821213 1.5e-05 -0.501789 -31.181559 -4.026988 -11.187591 -59.712963 6.870724 -13.982703 -7.15019 -2.875043 13.772714 -8.401486 -3.218226 0.347722 -34.211578 0.771693 -0.96304 -17.733423 2.621051 -0.0 -1e-06 -1e-06 -17.346409 -20.095194 -4.201779 21.75754 -1.638378 3.866438 3e-06 -6.338826 7e-06 -1.697588 -22.591787 -6.194002 -0.0 -3e-06 -3e-06 26.936247 -77.742706 169.065201 63.089058 -0.165688 -26.047535 74.059891 -0.291482 1.983247 23.51049 33.577305 59.649403 22.182169 -20.376003 49.933449 -16.701899 -16.743639 28.47666 -1.3e-05 -12.690686 7e-06 16.725351 -17.637924 2.960742 -0.105918 -1.513859 -4.275892 -5.039062 -5.612889 -2.953563 1.4e-05 -11.020593 7e-06 -6.11133 -15.895459 -3.84049 -0.0 1e-06 0.0 -10.283401 -5.680301 -4.341845 11.028354 -11.302455 -2.372643 -1.384265 -14.238665 -6.320151 -0.625421 -26.924444 -3.82761 -5.042729 -50.039631 -3.408467 -13.708568 -7.363488 -3.720941 18.141254 -14.052805 -3.242691 1.7e-05 -18.787395 1.5e-05 -0.429708 -8.456124 2.55554 -1e-06 -0.0 0.0 -15.923589 -20.094534 -5.473582 30.419371 -7.190866 1.735917 2e-06 -8.162982 5e-06 -1.861897 -22.861689 -6.167972 -3e-06 -4e-06 -1e-06 177.558868 -2.397733 7.988669 5.450429 -0.071791 0.126294 -75.317787 4.753468 -4.206085 -4.937771 1.6246 2.176711 -0.999996 -0.0 0.0 0.579938 -3.772568 -13.284183 5.7425 -0.03668 0.311969 -77.951607 -0.543928 -4.710058 -5.251516 0.597269 1.635905 -1.000001 0.0 -0.0 
0.0 0.0 0.0 0.0 -0.0 0.0 -0.87513 100.290741 -0.784751 91.509003 -2.313529 96.998566 -2.68974 0.205349 0.553267 -11.678992 0.035517 2.469813 15.165202 -2.380361 -0.188269 13.060325 6.362911 2.473367 -2.479156 -0.981903 -7.474317 -39.236332 -3.647996 -9.086832 7e-06 0.0 -1e-06 0.104716 -0.028031 -0.016662 0.113823 -0.175855 -0.048845 0.142798 0.110954 -0.002814 -119.185829 -69.218529 133.893188 40.179504 -59.461395 0.973941 23.192156 -0.211695 -0.071696 -2.887033 7.52659 3.525208 17.636831 -26.32292 52.411423 -19.466978 -14.395768 29.410648 -8e-06 -8.774961 -2e-06 15.806204 -17.806622 5.968823 -0.609776 -1.795677 -3.889354 -4.807143 -11.046964 -2.937873 2.9e-05 -20.976379 -1.6e-05 -5.020045 -25.034081 -4.031945 6e-06 1e-06 -0.0 -10.634644 -5.687032 -3.565595 10.573442 -17.923212 -3.113964 2.1e-05 -13.821441 -1.6e-05 -0.501731 -31.182198 -4.027111 -11.210291 -59.608768 6.855167 -13.982859 -7.150274 -2.875038 13.772924 -8.401619 -3.218294 0.347801 -34.212204 0.771612 -0.963004 -17.733747 2.621053 -0.0 -3e-06 -1e-06 -17.346615 -20.095448 -4.201773 21.757849 -1.63841 3.866452 7e-06 -6.338924 -9e-06 -1.697585 -22.592209 -6.194134 0.0 -5e-06 -2e-06 26.814962 -76.698784 169.683167 61.411842 -4.304687 -22.475746 74.404716 -0.30086 1.773383 24.214415 32.336708 59.63131 22.182533 -20.376192 49.933933 -16.702015 -16.743629 28.476862 -3e-06 -12.690769 -4.1e-05 16.387533 -17.919279 2.987766 -0.105933 -1.513876 -4.275923 -5.039106 -5.612945 -2.953608 1.1e-05 -11.020706 -4e-06 -6.111378 -15.895657 -3.840571 -1e-06 1e-06 1e-06 -10.283489 -5.680349 -4.341911 11.028425 -11.302564 -2.372632 -1.384283 -14.238814 -6.320236 -0.625419 -26.924759 -3.827688 -4.895119 -49.519966 -3.692499 -13.70868 -7.36356 -3.721013 18.141363 -14.052946 -3.242675 2.9e-05 -18.78759 -4e-06 -0.429709 -8.456214 2.555565 -1e-06 0.0 1e-06 -15.923714 -20.094725 -5.473689 30.419535 -7.190965 1.736022 1.6e-05 -8.163059 3e-06 -1.861876 -22.861946 -6.16808 -4e-06 -3e-06 0.0 177.645309 -2.472119 7.945523 5.408328 -0.066355 0.111038 -75.291389 4.402866 -4.296973 -5.018743 1.650517 2.185735 -0.999997 0.0 -0.0 0.483168 -3.734334 -13.229836 5.798711 -0.040123 0.322837 -77.907692 -0.220428 -4.589563 -5.351023 0.594297 1.636101 -1.000002 -0.0 0.0 
0.0 0.0 0.0 0.0 -0.0 0.0 -0.864037 100.286819 -0.895621 91.451477 -2.179399 96.626732 -2.699793 0.076425 0.476901 -11.683457 -0.037281 2.389424 15.12528 -2.299297 -0.285277 13.350441 6.408091 2.472389 -2.476782 -0.958875 -6.897509 -38.739143 -3.286421 -8.634874 7e-06 -0.0 -0.0 0.106162 -0.021151 0.00088 0.12647 -0.15504 -0.026951 0.150715 0.105249 0.014079 -119.408646 -69.423134 134.215347 40.915077 -59.100506 0.63555 23.347126 -0.237358 -0.088842 -2.852013 7.261906 3.935451 17.636652 -26.322802 52.411331 -19.466705 -14.39563 29.410484 7e-06 -8.774857 -3e-06 15.766279 -17.88451 5.979952 -0.60978 -1.795657 -3.889336 -4.807112 -11.046845 -2.937858 -1.4e-05 -20.97611 2e-06 -5.020012 -25.033741 -4.031922 6e-06 3e-06 -1e-06 -10.63456 -5.686988 -3.565595 10.573291 -17.922997 -3.113906 -9e-06 -13.821277 1e-06 -0.501797 -31.181761 -4.027058 -11.192868 -59.533474 6.826257 -13.982746 -7.150221 -2.875046 13.772762 -8.401507 -3.21825 0.347703 -34.211742 0.771667 -0.963051 -17.733511 2.621039 -1e-06 -1e-06 1e-06 -17.346468 -20.09527 -4.201786 21.75762 -1.638364 3.866443 -4e-06 -6.338855 4e-06 -1.697607 -22.591927 -6.194067 0.0 -3e-06 -0.0 26.879395 -75.553032 170.228851 59.599884 -8.641107 -18.621861 74.308098 -0.223946 1.579704 25.185272 30.914795 59.95525 22.182062 -20.375898 49.933273 -16.701826 -16.74353 28.476536 -6e-06 -12.690598 1.4e-05 15.945782 -18.23246 3.116782 -0.105916 -1.513861 -4.275882 -5.039037 -5.61288 -2.953551 3e-06 -11.020557 0.0 -6.111292 -15.895408 -3.840464 -1e-06 1e-06 0.0 -10.283362 -5.680291 -4.34183 11.028286 -11.30242 -2.372638 -1.384261 -14.238616 -6.320117 -0.625438 -26.924314 -3.827601 -4.741961 -48.92741 -3.976377 -13.708515 -7.363482 -3.720926 18.14114 -14.052766 -3.242689 2e-06 -18.787334 -4e-06 -0.429715 -8.45609 2.555507 2e-06 -0.0 0.0 -15.923526 -20.094498 -5.473567 30.419193 -7.190819 1.735905 -0.0 -8.162947 -4e-06 -1.861896 -22.861582 -6.167962 -2e-06 -3e-06 -1e-06 177.793304 -2.555391 7.934335 5.371855 -0.060522 0.09554 -75.312363 4.066388 -4.410591 -5.068902 1.686605 2.197456 -1.000001 0.0 -1e-06 0.47329 -3.679693 -13.208865 5.826905 -0.041035 0.324987 -77.846466 0.109232 -4.498911 -5.437945 0.593632 1.633931 -1.000004 0.0 0.0 
0.0 0.0 0.0 0.0 -0.0 0.0 -0.851287 100.275841 -0.993576 91.40226 -2.016493 96.280495 -2.684436 -0.044544 0.410986 -11.686752 -0.114434 2.304439 15.110776 -2.205733 -0.408985 13.626216 6.336752 2.430727 -2.474289 -0.920458 -6.260476 -38.211601 -2.960019 -8.160058 4e-06 0.0 -1e-06 0.101771 -0.01049 0.0265 0.137513 -0.129758 0.00406 0.155764 0.102452 0.03775 -119.585793 -69.61573 134.532013 41.778763 -58.622013 0.43725 23.523495 -0.254902 -0.119402 -2.892129 6.871664 4.680219 17.636593 -26.322699 52.411121 -19.466663 -14.395591 29.41036 -1.3e-05 -8.774813 0.0 15.756889 -17.971521 5.97989 -0.609772 -1.795651 -3.889324 -4.807067 -11.046782 -2.937849 3.8e-05 -20.975981 -7e-06 -5.019921 -25.033522 -4.031875 5e-06 3e-06 2e-06 -10.634514 -5.686953 -3.565585 10.573281 -17.92293 -3.113909 2.4e-05 -13.821189 1e-06 -0.501727 -31.181488 -4.026999 -11.230578 -59.501049 6.827534 -13.982687 -7.150176 -2.875041 13.772717 -8.401492 -3.218244 0.347785 -34.21151 0.771647 -0.963009 -17.733376 2.621037 -0.0 3e-06 0.0 -17.346369 -20.095169 -4.201787 21.757526 -1.638398 3.866413 1e-05 -6.338816 1e-06 -1.697543 -22.591743 -6.194007 0.0 0.0 -2e-06 27.208826 -74.440956 170.562683 57.689358 -13.219475 -14.889141 73.640411 -0.224869 1.442669 26.024082 29.355808 59.725182 22.182171 -20.375975 49.933464 -16.701883 -16.743618 28.476654 -2.5e-05 -12.690672 3e-06 15.448758 -18.543957 3.311104 -0.105917 -1.513849 -4.275894 -5.039053 -5.612872 -2.953569 2.3e-05 -11.020555 -5e-06 -6.111303 -15.89541 -3.840515 1e-06 -0.0 0.0 -10.283393 -5.680282 -4.34185 11.028353 -11.302429 -2.372646 -1.384246 -14.238611 -6.320156 -0.625371 -26.924328 -3.827622 -4.619422 -48.43251 -4.201711 -13.708559 -7.363467 -3.720949 18.141245 -14.052776 -3.242689 3.3e-05 -18.787334 1.3e-05 -0.429705 -8.456097 2.555541 -1e-06 0.0 -1e-06 -15.923567 -20.094471 -5.473603 30.41934 -7.190873 1.735921 1.2e-05 -8.162955 9e-06 -1.861878 -22.861605 -6.167963 -3e-06 -3e-06 -1e-06 177.977356 -2.633734 7.900982 5.341948 -0.053262 0.083301 -75.347038 3.794491 -4.53414 -5.055543 1.719932 2.207421 -1.0 0.0 -0.0 0.520096 -3.631254 -13.196726 5.825243 -0.039037 0.314432 -77.771568 0.440018 -4.438458 -5.499827 0.588211 1.628852 -0.999999 -0.0 -0.0 
0.0 0.0 0.0 0.0 -0.0 0.0 -0.83492 100.263786 -1.084363 91.372108 -1.834354 95.945503 -2.644346 -0.155666 0.352242 -11.678433 -0.186162 2.208042 15.116887 -2.11671 -0.513046 13.88164 6.135605 2.375639 -2.480286 -0.885869 -5.658164 -37.695549 -2.668072 -7.708804 7e-06 0.0 0.0 0.093301 0.00023 0.049942 0.140002 -0.10799 0.030323 0.152294 0.103135 0.061536 -119.763924 -69.787544 134.909454 42.654415 -58.05262 0.308785 23.818872 -0.262552 -0.139582 -2.985877 6.513516 5.566647 17.63669 -26.322851 52.411442 -19.466778 -14.395672 29.410576 8e-06 -8.774894 -3e-06 15.718405 -18.038666 6.008923 -0.609781 -1.795663 -3.889344 -4.807129 -11.046883 -2.937868 -1.2e-05 -20.976185 -9e-06 -5.020026 -25.033844 -4.03195 6e-06 0.0 -1e-06 -10.634585 -5.687008 -3.5656 10.573325 -17.923052 -3.113926 -6e-06 -13.821319 -4e-06 -0.501785 -31.181881 -4.027089 -11.27642 -59.433575 6.837153 -13.982788 -7.150245 -2.87505 13.772808 -8.401531 -3.218266 0.347712 -34.211884 0.771647 -0.963049 -17.733587 2.621043 -1e-06 4e-06 2e-06 -17.346525 -20.095331 -4.201789 21.75769 -1.638365 3.866454 -3e-06 -6.338875 -1e-06 -1.697615 -22.592022 -6.194101 0.0 -1e-06 -2e-06 27.874685 -73.458351 170.547211 55.750919 -17.925844 -11.547755 72.200256 -0.344595 1.363465 26.17281 27.761127 58.242718 22.182184 -20.375942 49.933521 -16.701902 -16.743578 28.476677 -2e-06 -12.690665 -2e-06 14.983272 -18.782915 3.497727 -0.105923 -1.513866 -4.275896 -5.039064 -5.612902 -2.953576 8e-06 -11.02059 -1.3e-05 -6.111321 -15.895469 -3.840529 1e-06 0.0 -0.0 -10.283408 -5.680315 -4.341856 11.028335 -11.302457 -2.372649 -1.384268 -14.238672 -6.320182 -0.625398 -26.924435 -3.82768 -4.561848 -48.231632 -4.319316 -13.708574 -7.363512 -3.720956 18.141228 -14.0528 -3.2427 1.5e-05 -18.787384 -1.8e-05 -0.429715 -8.456116 2.555526 1e-06 2e-06 -1e-06 -15.923595 -20.09457 -5.473612 30.419331 -7.190853 1.735934 3e-06 -8.162968 -4e-06 -1.861884 -22.861649 -6.168019 0.0 -3e-06 -2e-06 178.186798 -2.690054 7.804985 5.32621 -0.053992 0.075431 -75.37339 3.606445 -4.64884 -5.040307 1.742895 2.215133 -1.0 -0.0 -0.0 0.61858 -3.599595 -13.192018 5.784166 -0.034819 0.289437 -77.686943 0.774015 -4.396997 -5.548735 0.583622 1.621844 -1.000001 0.0 0.0 
0.0 0.0 0.0 0.0 -0.0 0.0 -0.829189 100.263336 -1.177358 91.350891 -1.648176 95.625023 -2.587878 -0.248422 0.283938 -11.662994 -0.237379 2.123842 15.140326 -2.042628 -0.617621 14.122491 5.843463 2.348667 -2.490706 -0.878047 -5.124462 -37.283276 -2.407509 -7.269526 6e-06 0.0 -0.0 0.081988 0.008574 0.061901 0.135939 -0.087434 0.044806 0.140878 0.100238 0.073647 -119.895737 -69.928032 135.226471 43.32439 -57.481979 0.28207 24.356216 -0.253375 -0.161368 -3.091773 6.265463 6.399836 17.636604 -26.322718 52.411175 -19.4666 -14.395555 29.410358 3e-06 -8.774799 -4e-06 15.658583 -18.074263 6.039095 -0.609776 -1.79565 -3.889324 -4.807083 -11.046796 -2.93785 -5e-06 -20.975996 7e-06 -5.019961 -25.033564 -4.031885 7e-06 3e-06 -2e-06 -10.634518 -5.686965 -3.565588 10.573238 -17.922918 -3.113884 -3e-06 -13.821198 6e-06 -0.501784 -31.181522 -4.027008 -11.212129 -59.321812 6.763899 -13.982691 -7.150191 -2.875045 13.772692 -8.401473 -3.218229 0.347711 -34.211529 0.771676 -0.963041 -17.733387 2.621037 -0.0 -1e-06 -1e-06 -17.346392 -20.095194 -4.201784 21.757507 -1.638366 3.86643 1e-06 -6.338821 3e-06 -1.69758 -22.591766 -6.194017 -0.0 -3e-06 -2e-06 28.892752 -72.636971 170.116348 53.833961 -22.737406 -8.718821 69.767281 -0.603525 1.211824 25.488768 26.205717 55.480083 22.182117 -20.375893 49.933308 -16.701849 -16.743551 28.476549 -1.3e-05 -12.690624 5e-06 14.645758 -18.758732 3.632195 -0.10592 -1.51386 -4.275881 -5.039038 -5.612875 -2.953558 1.2e-05 -11.020548 -3e-06 -6.111296 -15.895388 -3.84048 -0.0 0.0 -0.0 -10.283375 -5.680289 -4.341837 11.028313 -11.302416 -2.37264 -1.384258 -14.238605 -6.320131 -0.625408 -26.924297 -3.827615 -4.593138 -48.438122 -4.213637 -13.70853 -7.363477 -3.720936 18.141178 -14.052758 -3.242686 2.1e-05 -18.787308 -5e-06 -0.429704 -8.456079 2.555514 -1e-06 -0.0 -1e-06 -15.923545 -20.09449 -5.473579 30.419249 -7.190841 1.735916 9e-06 -8.162944 -3e-06 -1.861875 -22.861567 -6.167967 -0.0 -1e-06 -1e-06 178.38945 -2.725874 7.672201 5.337796 -0.0644 0.067494 -75.386703 3.488747 -4.734169 -5.013961 1.748472 2.218859 -1.000002 -0.0 0.0 0.744818 -3.570316 -13.146815 5.707665 -0.031493 0.252907 -77.570091 1.038456 -4.356973 -5.575359 0.584351 1.616537 -1.000003 0.0 -0.0 
0.0 0.0 0.0 0.0 -0.0 0.0 -0.821906 100.265823 -1.254045 91.340767 -1.469258 95.33596 -2.515426 -0.319061 0.221559 -11.634541 -0.27973 2.065846 15.150248 -1.983841 -0.731429 14.371636 5.502381 2.354294 -2.493705 -0.893364 -4.688744 -37.029934 -2.182277 -6.850252 6e-06 0.0 -0.0 0.069928 0.013062 0.05958 0.123669 -0.070568 0.044586 0.121144 0.093237 0.071224 -119.853951 -70.065857 135.330261 43.822205 -57.009529 0.270222 25.010187 -0.222588 -0.184484 -3.181916 6.133203 7.126648 17.636658 -26.322683 52.411064 -19.466827 -14.395628 29.410433 -3.2e-05 -8.774848 1e-06 15.611871 -18.10928 6.06448 -0.609769 -1.795665 -3.88933 -4.807061 -11.04684 -2.937866 8.6e-05 -20.976131 -3.3e-05 -5.019884 -25.033722 -4.031891 6e-06 -2e-06 1e-06 -10.634529 -5.686965 -3.565581 10.573356 -17.923042 -3.113947 5.6e-05 -13.821272 -1.5e-05 -0.501642 -31.181723 -4.027033 -11.117223 -59.22504 6.650589 -13.98271 -7.150189 -2.875035 13.772781 -8.401563 -3.218272 0.347886 -34.211758 0.771586 -0.962962 -17.733511 2.621042 -0.0 3e-06 2e-06 -17.346384 -20.095234 -4.201786 21.757591 -1.638437 3.866403 2.3e-05 -6.338852 -1e-05 -1.697485 -22.591906 -6.194056 0.0 -3e-06 -4e-06 30.276255 -72.071251 169.173431 52.080906 -27.575804 -6.594173 66.277176 -0.960517 0.953019 23.620367 24.616949 51.949936 22.182236 -20.376163 49.933701 -16.701843 -16.743589 28.476709 -1.7e-05 -12.690648 -6e-06 14.616972 -18.404968 3.598186 -0.105923 -1.513855 -4.275904 -5.039056 -5.612882 -2.953578 1.8e-05 -11.020585 1.2e-05 -6.1113 -15.895442 -3.840508 0.0 -0.0 0.0 -10.2834 -5.680291 -4.341875 11.028335 -11.302452 -2.372623 -1.384255 -14.238642 -6.320157 -0.625417 -26.9244 -3.827586 -4.706393 -48.993263 -3.89044 -13.70856 -7.363483 -3.720977 18.141216 -14.052805 -3.242661 1.1e-05 -18.787388 4.5e-05 -0.429717 -8.456124 2.555563 1e-06 -3e-06 -0.0 -15.923567 -20.094521 -5.473631 30.419289 -7.190877 1.735948 4e-06 -8.162981 2.3e-05 -1.861899 -22.861671 -6.167938 0.0 0.0 -0.0 178.572205 -2.742077 7.518385 5.378965 -0.074391 0.06257 -75.406464 3.418338 -4.787824 -4.990941 1.729145 2.214434 -0.999999 -0.0 -1e-06 0.87074 -3.552805 -13.041046 5.636205 -0.028366 0.208385 -77.469894 1.1896 -4.348466 -5.587044 0.591397 1.613662 -1.000003 -0.0 0.0 
0.0 0.0 0.0 0.0 -0.0 0.0 -0.810736 100.262871 -1.320964 91.336975 -1.271158 95.064461 -2.419603 -0.367275 0.178341 -11.594369 -0.318031 2.014822 15.147949 -1.931853 -0.842953 14.681661 5.136185 2.397352 -2.503188 -0.914595 -4.343235 -36.925972 -1.9706 -6.4495 6e-06 0.0 0.0 0.062467 0.015976 0.049377 0.106357 -0.056551 0.035983 0.10265 0.085401 0.060974 -119.720215 -70.248146 135.265091 44.164536 -56.703358 0.311707 25.645739 -0.124075 -0.203593 -3.302274 6.064769 7.678431 17.636688 -26.322742 52.411083 -19.466902 -14.395617 29.410458 -6.4e-05 -8.774838 -3e-06 15.601592 -18.131317 6.077984 -0.609764 -1.795664 -3.889332 -4.807018 -11.046835 -2.937871 0.00016 -20.976168 -3.2e-05 -5.019797 -25.033741 -4.031847 7e-06 -2e-06 2e-06 -10.634501 -5.686938 -3.565594 10.573402 -17.923096 -3.113958 0.000103 -13.8213 -1e-05 -0.501547 -31.181801 -4.026981 -11.113034 -59.203098 6.65457 -13.982677 -7.15015 -2.875052 13.77279 -8.401615 -3.218277 0.34801 -34.211796 0.771583 -0.962917 -17.733528 2.621083 0.0 -1e-06 -3e-06 -17.3463 -20.095192 -4.201817 21.757557 -1.638504 3.86639 4.6e-05 -6.33886 -7e-06 -1.697396 -22.591919 -6.194041 0.0 -2e-06 -2e-06 31.978495 -71.75959 167.736755 50.551876 -32.524868 -5.139009 61.678673 -1.240241 0.623542 20.51807 23.019592 48.710743 22.182037 -20.376257 49.933712 -16.701761 -16.7437 28.476742 -2.7e-05 -12.690628 4.4e-05 14.960457 -17.987009 3.34723 -0.105916 -1.513835 -4.275903 -5.03903 -5.612831 -2.953558 1.9e-05 -11.020483 3.4e-05 -6.11128 -15.895269 -3.840461 -1e-06 3e-06 -0.0 -10.283364 -5.680243 -4.341856 11.028319 -11.302364 -2.372628 -1.384242 -14.238506 -6.320112 -0.625432 -26.924116 -3.827507 -4.837615 -49.480247 -3.574802 -13.708514 -7.363421 -3.720952 18.141186 -14.052696 -3.242678 -2.1e-05 -18.787224 0.000107 -0.429744 -8.456052 2.555579 -2e-06 -3e-06 0.0 -15.923511 -20.094358 -5.473598 30.419262 -7.190817 1.735864 -1.2e-05 -8.162922 5.6e-05 -1.861985 -22.861465 -6.167793 1e-06 -1e-06 0.0 178.773849 -2.752734 7.354627 5.43154 -0.072524 0.068952 -75.425781 3.36798 -4.814119 -4.987619 1.705315 2.21198 -0.999996 0.0 -0.0 1.016886 -3.54211 -12.874375 5.589756 -0.026392 0.164243 -77.421059 1.229313 -4.389773 -5.595788 0.596507 1.612151 -1.000003 -0.0 1e-06 
0.0 0.0 0.0 0.0 -0.0 0.0 -0.792186 100.250778 -1.376132 91.347404 -1.048124 94.780197 -2.301526 -0.410321 0.164709 -11.550668 -0.358156 1.952094 15.143724 -1.877327 -0.927495 14.999986 4.795416 2.442783 -2.512097 -0.925728 -4.08276 -36.841106 -1.750983 -6.087159 3e-06 0.0 -0.0 0.06585 0.017393 0.040327 0.106463 -0.046347 0.031121 0.107133 0.078013 0.049605 -119.615044 -70.460129 135.168442 44.429237 -56.485527 0.419745 26.109938 -0.038753 -0.20732 -3.517182 6.097715 8.218931 17.636621 -26.322725 52.411243 -19.466574 -14.395604 29.410378 2.4e-05 -8.774843 -9e-06 15.647477 -18.12582 6.083246 -0.60978 -1.795648 -3.889326 -4.807124 -11.046804 -2.937843 -4.8e-05 -20.976002 1e-05 -5.02004 -25.033602 -4.031934 7e-06 -3e-06 -0.0 -10.634551 -5.686981 -3.565587 10.573238 -17.922901 -3.113877 -3.1e-05 -13.821205 4e-06 -0.501847 -31.181576 -4.027057 -11.181794 -59.245586 6.778176 -13.982736 -7.150212 -2.87504 13.772726 -8.401448 -3.218229 0.347635 -34.211559 0.771691 -0.963076 -17.733421 2.621027 -1e-06 4e-06 -1e-06 -17.346474 -20.095217 -4.201767 21.757591 -1.638331 3.866452 -1.4e-05 -6.338824 5e-06 -1.697656 -22.591797 -6.194044 0.0 -7e-06 -1e-06 33.782921 -71.550591 166.095993 49.279743 -37.184952 -3.90433 56.111443 -1.219111 0.404863 16.733875 21.680225 46.077858 22.182192 -20.375767 49.933079 -16.701761 -16.743452 28.476366 -5e-06 -12.690585 -2.9e-05 15.708416 -17.913637 2.977998 -0.105923 -1.513854 -4.275863 -5.039041 -5.61286 -2.953547 1.2e-05 -11.020511 -3e-06 -6.111285 -15.895334 -3.840483 0.0 2e-06 0.0 -10.283366 -5.680279 -4.341826 11.02828 -11.302383 -2.372607 -1.384269 -14.238552 -6.320105 -0.625416 -26.924183 -3.827592 -4.905054 -49.783646 -3.489566 -13.708521 -7.363462 -3.720932 18.141127 -14.052719 -3.242634 2.5e-05 -18.787245 -8e-06 -0.429693 -8.456051 2.555506 3e-06 4e-06 3e-06 -15.923532 -20.094446 -5.473572 30.41917 -7.190841 1.73598 1.4e-05 -8.162914 -5e-06 -1.861857 -22.861467 -6.167956 -3e-06 -3e-06 -1e-06 179.003922 -2.742883 7.213901 5.496241 -0.063921 0.07585 -75.484535 3.285937 -4.829047 -4.994042 1.696422 2.212711 -0.999995 -0.0 -0.0 1.18647 -3.555033 -12.692428 5.583253 -0.026784 0.127189 -77.444397 1.224424 -4.439664 -5.640385 0.592963 1.611045 -0.999999 -0.0 0.0 
0.0 0.0 0.0 0.0 -0.0 0.0 -0.750277 100.23439 -1.422773 91.362564 -0.820037 94.516655 -2.178106 -0.450273 0.177814 -11.526087 -0.389479 1.883371 15.182435 -1.830016 -1.022901 15.263018 4.510382 2.494091 -2.510446 -0.937382 -3.899139 -36.767361 -1.561331 -5.775861 7e-06 0.0 -0.0 0.072961 0.016883 0.032788 0.112586 -0.042402 0.027359 0.117633 0.073157 0.03995 -119.550034 -70.641205 135.072388 44.715416 -56.293549 0.62969 26.365969 0.030454 -0.19226 -3.807432 6.245471 8.860229 17.63665 -26.322725 52.411259 -19.466715 -14.395619 29.410454 1e-06 -8.774854 -2e-06 15.701478 -18.113661 6.095789 -0.609776 -1.795658 -3.889333 -4.807102 -11.04683 -2.937861 1e-05 -20.976067 -2e-05 -5.019965 -25.033663 -4.031937 5e-06 -1e-06 -0.0 -10.634551 -5.686985 -3.565593 10.573297 -17.922977 -3.113923 8e-06 -13.821244 -9e-06 -0.501748 -31.181648 -4.027064 -11.292048 -59.313351 6.961587 -13.982737 -7.150212 -2.875044 13.772758 -8.401503 -3.218254 0.347752 -34.211655 0.771629 -0.96302 -17.733456 2.621027 0.0 3e-06 0.0 -17.346453 -20.095257 -4.201788 21.757607 -1.638372 3.866436 0.0 -6.338838 -5e-06 -1.697577 -22.591852 -6.194067 0.0 -3e-06 -4e-06 35.247211 -71.319054 164.764175 48.115051 -41.260406 -2.894593 50.174282 -0.978333 0.260246 13.134074 20.636292 43.274578 22.182154 -20.375999 49.933498 -16.701899 -16.743612 28.476681 -1e-05 -12.690668 1.2e-05 16.654789 -18.157333 2.581028 -0.105917 -1.513861 -4.275898 -5.039059 -5.612903 -2.953567 5e-06 -11.020602 -2e-06 -6.11133 -15.895492 -3.8405 1e-06 1e-06 0.0 -10.283399 -5.680311 -4.34185 11.028339 -11.302461 -2.372648 -1.384268 -14.238679 -6.320163 -0.625424 -26.924465 -3.827641 -4.883204 -50.055622 -3.60116 -13.708566 -7.363505 -3.720945 18.141232 -14.052812 -3.242701 7e-06 -18.787422 -4e-06 -0.429715 -8.456133 2.555529 2e-06 -0.0 1e-06 -15.923587 -20.094559 -5.473594 30.419336 -7.190853 1.735912 0.0 -8.16298 -3e-06 -1.861901 -22.86171 -6.168006 3e-06 -3e-06 -1e-06 179.246552 -2.712504 7.11299 5.562708 -0.056918 0.079787 -75.55191 3.14879 -4.817336 -5.006126 1.700471 2.214103 -0.999996 -0.0 -0.0 1.367406 -3.58113 -12.510179 5.597484 -0.026428 0.108961 -77.476654 1.175502 -4.499937 -5.705151 0.583127 1.60907 -1.000003 0.0 0.0 
0.0 0.0 0.0 0.0 -0.0 0.0 -0.689434 100.226044 -1.464849 91.385162 -0.586425 94.277199 -2.064507 -0.492246 0.1848 -11.505175 -0.419455 1.789082 15.256937 -1.781402 -1.113403 15.476095 4.281448 2.536185 -2.501137 -0.94121 -3.77722 -36.754154 -1.402729 -5.451114 7e-06 -0.0 0.0 0.07465 0.014141 0.024652 0.112336 -0.041373 0.021904 0.120437 0.066883 0.029927 -119.39814 -70.80378 134.896286 45.062805 -56.18116 0.753425 26.479145 0.080752 -0.15863 -4.062789 6.466311 9.365193 17.636644 -26.322702 52.41114 -19.466585 -14.395592 29.410334 1.1e-05 -8.774827 -1e-05 15.73915 -18.090229 6.08436 -0.60978 -1.79565 -3.88932 -4.807102 -11.046788 -2.937842 -1.6e-05 -20.975977 1.2e-05 -5.019995 -25.033541 -4.031898 6e-06 0.0 -1e-06 -10.63454 -5.686969 -3.565583 10.573251 -17.922907 -3.113879 -1.1e-05 -13.821189 1.2e-05 -0.501813 -31.181494 -4.027015 -11.345269 -59.341694 7.051168 -13.98272 -7.150195 -2.875036 13.772721 -8.401463 -3.218224 0.347689 -34.211498 0.771689 -0.963053 -17.733374 2.621045 -1e-06 4e-06 -1e-06 -17.346441 -20.095192 -4.20177 21.757566 -1.638359 3.866443 -5e-06 -6.338812 5e-06 -1.697619 -22.591728 -6.194012 0.0 -4e-06 -4e-06 36.355167 -71.041214 163.776443 46.839649 -44.747345 -2.156862 44.400784 -0.70102 0.1311 10.112062 19.622856 39.96664 22.182074 -20.375834 49.933212 -16.70182 -16.743502 28.476503 0.0 -12.690593 6e-06 17.22665 -18.457994 2.241256 -0.105918 -1.513859 -4.275876 -5.039039 -5.612885 -2.953553 -3e-06 -11.020567 -4e-06 -6.111304 -15.89543 -3.840481 -0.0 -1e-06 0.0 -10.283362 -5.680296 -4.341828 11.028279 -11.302414 -2.372637 -1.384272 -14.238626 -6.320128 -0.625429 -26.924324 -3.827643 -4.758169 -50.113461 -3.827319 -13.708511 -7.363484 -3.720929 18.141129 -14.052754 -3.24268 5e-06 -18.787329 -2.2e-05 -0.429708 -8.456087 2.555496 -1e-06 0.0 -0.0 -15.923532 -20.094505 -5.473563 30.419176 -7.190814 1.735918 1e-06 -8.162945 -1.4e-05 -1.861875 -22.861584 -6.168002 -1e-06 -3e-06 -1e-06 179.51944 -2.661235 7.048602 5.602196 -0.055088 0.083994 -75.622887 2.949464 -4.810678 -5.02208 1.70625 2.215419 -0.999995 -0.0 -0.0 1.567975 -3.619994 -12.300015 5.60426 -0.023195 0.106892 -77.477859 1.099242 -4.555084 -5.751848 0.572881 1.60832 -1.000002 -0.0 0.0 
0.0 0.0 0.0 0.0 -0.0 0.0 -0.61481 100.220802 -1.508215 91.40657 -0.359699 94.06678 -1.957734 -0.533159 0.171796 -11.486437 -0.451327 1.673325 15.354665 -1.723255 -1.191591 15.63022 4.089497 2.569608 -2.482022 -0.946429 -3.721771 -36.822456 -1.304371 -5.146564 5e-06 -0.0 0.0 0.072277 0.011283 0.014075 0.111258 -0.040527 0.012978 0.120988 0.060622 0.018227 -119.170441 -70.959007 134.686295 45.487774 -56.136108 0.684967 26.536528 0.080878 -0.117948 -4.287803 6.736757 9.697104 17.636703 -26.322821 52.411324 -19.466763 -14.395717 29.410519 2.4e-05 -8.774917 -1e-06 15.750693 -18.062759 6.066993 -0.60978 -1.795664 -3.889342 -4.807158 -11.046898 -2.937848 -5.2e-05 -20.976202 9e-06 -5.02011 -25.033875 -4.031939 5e-06 3e-06 -2e-06 -10.634616 -5.687022 -3.56558 10.573327 -17.923054 -3.113917 -3.3e-05 -13.821334 -2e-06 -0.501864 -31.181921 -4.027097 -11.380543 -59.31572 7.076422 -13.982821 -7.150264 -2.875025 13.772837 -8.401518 -3.218268 0.347648 -34.21191 0.771666 -0.963073 -17.733595 2.621028 -1e-06 3e-06 -0.0 -17.346598 -20.095367 -4.201746 21.757765 -1.638336 3.866451 -1.6e-05 -6.338879 -2e-06 -1.697685 -22.59203 -6.194087 0.0 -3e-06 -3e-06 37.187248 -70.707382 163.043549 45.237514 -47.686077 -1.60364 39.255573 -0.477037 0.04238 7.61601 18.554655 36.198296 22.182123 -20.375946 49.933468 -16.701971 -16.743629 28.476721 1.3e-05 -12.690695 2.2e-05 17.240467 -18.582844 2.068677 -0.105915 -1.51387 -4.275899 -5.039073 -5.612939 -2.953564 -1.3e-05 -11.020669 -8e-06 -6.111379 -15.895615 -3.840497 -1e-06 -0.0 2e-06 -10.283415 -5.680347 -4.341838 11.028347 -11.3025 -2.372673 -1.384291 -14.23877 -6.320176 -0.625457 -26.924627 -3.827693 -4.566584 -49.91497 -4.048064 -13.708587 -7.363554 -3.720927 18.141253 -14.052855 -3.242737 -1.1e-05 -18.787512 -4.2e-05 -0.429721 -8.456173 2.555503 -1e-06 -0.0 -0.0 -15.923636 -20.094681 -5.473563 30.419395 -7.190826 1.735891 -8e-06 -8.163018 -2.7e-05 -1.86191 -22.861841 -6.168091 1e-06 -3e-06 -0.0 179.806946 -2.606409 7.037667 5.597982 -0.053545 0.095459 -75.674194 2.697047 -4.842384 -5.057312 1.701262 2.213713 -1.000001 1e-06 0.0 1.775776 -3.66872 -12.065061 5.598597 -0.020967 0.106515 -77.444511 1.026282 -4.601049 -5.789045 0.565208 1.609893 -1.000002 0.0 -0.0 
0.0 0.0 0.0 0.0 -0.0 0.0 -0.525319 100.215088 -1.551108 91.428429 -0.148181 93.874527 -1.856519 -0.559174 0.153002 -11.461173 -0.48276 1.551104 15.453282 -1.663563 -1.266644 15.730655 3.887236 2.599222 -2.462574 -0.948643 -3.727224 -36.9491 -1.295418 -4.874411 7e-06 -0.0 0.0 0.067176 0.009321 0.001437 0.117128 -0.041351 0.000715 0.12579 0.057885 0.005538 -119.032318 -71.102089 134.589737 45.823696 -56.142372 0.604817 26.679794 0.046309 -0.075256 -4.497139 7.012004 9.823505 17.636698 -26.322893 52.41148 -19.466677 -14.395631 29.410519 7e-06 -8.774856 -1e-05 15.760464 -18.036358 6.037961 -0.609783 -1.795655 -3.889343 -4.807116 -11.046843 -2.937861 -1.7e-05 -20.976105 1.8e-05 -5.020011 -25.033722 -4.031917 4e-06 -0.0 4e-06 -10.63457 -5.686988 -3.565608 10.573288 -17.922995 -3.113891 -1.2e-05 -13.82127 1.7e-05 -0.501821 -31.181719 -4.027029 -11.379473 -59.265614 7.043928 -13.982759 -7.150223 -2.875062 13.772763 -8.401505 -3.21824 0.347682 -34.211742 0.771713 -0.963071 -17.733513 2.621067 -0.0 3e-06 -2e-06 -17.346483 -20.095276 -4.201803 21.757624 -1.638366 3.866462 -4e-06 -6.338853 9e-06 -1.697615 -22.591904 -6.194052 -0.0 -5e-06 -2e-06 37.754017 -70.324203 162.524826 43.263805 -50.116608 -1.099094 34.790051 -0.331648 0.005272 5.366253 17.30592 32.18325 22.182205 -20.376019 49.933434 -16.701788 -16.74357 28.476562 6e-06 -12.690637 -6e-06 16.869812 -18.462729 2.09518 -0.105921 -1.513855 -4.275887 -5.039057 -5.612876 -2.953557 -1e-06 -11.020552 1.4e-05 -6.111333 -15.895391 -3.840472 0.0 0.0 1e-06 -10.283397 -5.680297 -4.341844 11.028313 -11.302422 -2.372617 -1.384285 -14.238613 -6.320122 -0.625471 -26.924297 -3.82758 -4.361719 -49.668392 -4.152987 -13.708559 -7.363487 -3.720945 18.141178 -14.052756 -3.242654 -1.6e-05 -18.787327 3.1e-05 -0.429729 -8.45609 2.555536 -1e-06 0.0 -0.0 -15.923586 -20.094511 -5.473581 30.419279 -7.190823 1.735954 -6e-06 -8.162957 1.4e-05 -1.861947 -22.861595 -6.167933 1e-06 -2e-06 -3e-06 -179.909454 -2.542176 7.075676 5.564511 -0.047911 0.111919 -75.728241 2.414818 -4.904589 -5.117707 1.687426 2.209697 -1.0 0.0 -0.0 1.98171 -3.7265 -11.80586 5.574704 -0.018237 0.092601 -77.394127 0.96616 -4.647857 -5.835549 0.566885 1.615173 -0.999999 0.0 -0.0 
0.0 0.0 0.0 0.0 -0.0 0.0 -0.422544 100.216614 -1.585886 91.46756 0.047583 93.675926 -1.772348 -0.578209 0.147047 -11.430262 -0.513032 1.429863 15.55975 -1.609806 -1.349149 15.787815 3.652737 2.60347 -2.447737 -0.952205 -3.751392 -37.115559 -1.342641 -4.687057 5e-06 -0.0 0.0 0.066303 0.007652 -0.011755 0.125821 -0.040553 -0.012969 0.13621 0.053746 -0.006705 -119.044258 -71.23188 134.688019 46.0793 -56.15501 0.696378 26.869064 0.038103 -0.027843 -4.712105 7.202569 9.833363 17.636644 -26.322832 52.411381 -19.466738 -14.395611 29.410528 -8e-06 -8.774843 -3e-06 15.783393 -18.031263 6.020486 -0.609779 -1.795657 -3.889336 -4.807086 -11.046847 -2.937869 2.3e-05 -20.976145 -6e-06 -5.019957 -25.033785 -4.031904 7e-06 2e-06 -0.0 -10.634542 -5.686981 -3.565604 10.573302 -17.923027 -3.113916 1.3e-05 -13.821291 1e-06 -0.501737 -31.181812 -4.027043 -11.411539 -59.265026 7.053462 -13.982721 -7.150208 -2.875059 13.77275 -8.401529 -3.218253 0.347758 -34.211784 0.771664 -0.963035 -17.733538 2.621059 0.0 1e-06 -0.0 -17.346418 -20.095257 -4.201809 21.757584 -1.638392 3.866435 8e-06 -6.338862 3e-06 -1.697553 -22.591953 -6.194065 -1e-06 -3e-06 -0.0 38.021271 -69.944542 162.251663 40.965771 -52.101074 -0.565398 30.869867 -0.223736 0.000465 3.073934 15.735079 28.180449 22.182106 -20.375875 49.933327 -16.701851 -16.743538 28.476578 -9e-06 -12.690616 6e-06 16.434267 -18.179626 2.269377 -0.105917 -1.513852 -4.275883 -5.039042 -5.612879 -2.953561 9e-06 -11.02055 -1.1e-05 -6.111293 -15.895406 -3.840503 -0.0 -0.0 -0.0 -10.283373 -5.68029 -4.341838 11.028306 -11.30242 -2.372643 -1.384257 -14.238613 -6.320149 -0.625387 -26.924311 -3.827654 -4.223822 -49.634922 -4.100544 -13.708529 -7.363479 -3.720941 18.141171 -14.052756 -3.242691 1.9e-05 -18.787312 -1.5e-05 -0.429707 -8.456079 2.555512 2e-06 0.0 -0.0 -15.923536 -20.094496 -5.473588 30.419231 -7.190834 1.735915 6e-06 -8.162939 -6e-06 -1.861872 -22.861561 -6.167987 -3e-06 -2e-06 0.0 -179.641266 -2.448755 7.092045 5.525337 -0.039245 0.124296 -75.748123 2.149677 -4.971269 -5.168423 1.68162 2.206439 -0.999996 -0.0 -0.0 2.178431 -3.812399 -11.556317 5.539495 -0.021756 0.075076 -77.344582 0.943341 -4.682422 -5.881852 0.567273 1.619913 -0.999999 -0.0 0.0 
0.0 0.0 0.0 0.0 -0.0 0.0 -0.30921 100.22274 -1.610414 91.50988 0.214771 93.447342 -1.717354 -0.584392 0.162888 -11.402171 -0.543144 1.31001 15.682722 -1.554096 -1.439695 15.816273 3.404245 2.583593 -2.441519 -0.953449 -3.744174 -37.279285 -1.430302 -4.57282 5e-06 -0.0 0.0 0.068557 0.00648 -0.020045 0.134349 -0.038066 -0.021457 0.149203 0.048498 -0.014094 -119.38958 -71.295166 135.119995 46.144962 -56.128372 1.062635 27.058168 0.032222 0.004571 -4.927246 7.229691 9.679105 17.636679 -26.322697 52.411057 -19.466673 -14.3956 29.410311 -2.4e-05 -8.774819 -1.2e-05 15.808449 -18.040749 6.016548 -0.609771 -1.79565 -3.88932 -4.807055 -11.046771 -2.937845 6.9e-05 -20.975973 5e-06 -5.019899 -25.033491 -4.031847 7e-06 1e-06 -0.0 -10.634515 -5.686934 -3.565584 10.57331 -17.922932 -3.113898 4.3e-05 -13.821179 1.1e-05 -0.501707 -31.181446 -4.026945 -11.457479 -59.306 7.10534 -13.982689 -7.150152 -2.875043 13.772735 -8.401507 -3.218235 0.347833 -34.211491 0.771669 -0.962989 -17.733366 2.621063 1e-06 -1e-06 -0.0 -17.346359 -20.095135 -4.201788 21.757538 -1.638433 3.866416 2.3e-05 -6.338813 4e-06 -1.697517 -22.591709 -6.193982 -1e-06 -3e-06 -2e-06 37.944206 -69.567833 162.315628 38.486706 -53.508854 0.223001 27.545135 -0.11559 -0.001925 0.757093 13.683624 24.72732 22.182089 -20.375837 49.933258 -16.701897 -16.743526 28.476549 -5e-05 -12.690594 1.1e-05 16.21591 -17.85957 2.45288 -0.105912 -1.513861 -4.275877 -5.039021 -5.612852 -2.953559 4.3e-05 -11.020512 -2.6e-05 -6.111219 -15.895321 -3.840501 -0.0 0.0 3e-06 -10.283353 -5.680261 -4.341836 11.028317 -11.302411 -2.372652 -1.384211 -14.238556 -6.320139 -0.625301 -26.924187 -3.82763 -4.164428 -49.855858 -3.961299 -13.708499 -7.363439 -3.720941 18.14118 -14.052761 -3.242708 7.8e-05 -18.787239 -2.3e-05 -0.429679 -8.45604 2.555503 -1e-06 2e-06 5e-06 -15.923473 -20.094418 -5.473607 30.419207 -7.190893 1.73588 3e-05 -8.16291 -8e-06 -1.861791 -22.861441 -6.167952 -1e-06 -3e-06 1e-06 -179.409653 -2.337864 6.99843 5.505271 -0.03504 0.124954 -75.737335 1.975145 -4.999494 -5.182457 1.690475 2.20496 -0.999999 0.0 -0.0 2.332036 -3.913403 -11.338138 5.514035 -0.030536 0.060822 -77.318726 0.993269 -4.688139 -5.881167 0.567314 1.62457 -1.000003 0.0 0.0 
0.0 0.0 0.0 0.0 -0.0 0.0 -0.184853 100.228355 -1.633115 91.555969 0.347334 93.189667 -1.701001 -0.582302 0.189259 -11.382891 -0.567422 1.193797 15.822016 -1.50058 -1.549495 15.853168 3.164335 2.542273 -2.44325 -0.944059 -3.677798 -37.42334 -1.549678 -4.46822 6e-06 0.0 -0.0 0.069085 0.006138 -0.02383 0.146402 -0.036113 -0.025793 0.16429 0.045608 -0.016668 -120.131897 -71.251801 135.926834 46.012466 -56.055779 1.63998 27.14216 0.046359 0.027366 -5.116155 7.125122 9.361134 17.636641 -26.322599 52.410965 -19.466646 -14.395548 29.410273 -1e-05 -8.774801 -1.2e-05 15.821066 -18.058659 6.023673 -0.609773 -1.795652 -3.889319 -4.807071 -11.046782 -2.937844 3.8e-05 -20.975969 -1.6e-05 -5.019907 -25.033503 -4.031886 3e-06 3e-06 1e-06 -10.634519 -5.686954 -3.565578 10.573275 -17.922924 -3.113901 2.7e-05 -13.82118 -9e-06 -0.501708 -31.181463 -4.02702 -11.471127 -59.359173 7.151325 -13.982691 -7.150177 -2.875031 13.772711 -8.401491 -3.218234 0.347809 -34.211483 0.771608 -0.962984 -17.73336 2.621017 -0.0 -1e-06 1e-06 -17.346378 -20.095175 -4.201778 21.757521 -1.638393 3.866425 1e-05 -6.33881 -2e-06 -1.69754 -22.591709 -6.194019 1e-06 -4e-06 -1e-06 37.747337 -69.200264 162.486343 35.860626 -54.41016 1.451882 24.931833 -0.036694 -0.016566 -1.4012 11.173556 21.942232 22.182146 -20.375895 49.933338 -16.701864 -16.743502 28.476557 -2.4e-05 -12.690593 -6e-06 16.234678 -17.59782 2.534426 -0.105918 -1.513862 -4.275885 -5.039035 -5.612874 -2.953566 2.4e-05 -11.020551 -1.2e-05 -6.111252 -15.895386 -3.840503 -0.0 0.0 2e-06 -10.283371 -5.680285 -4.341847 11.028303 -11.30243 -2.372638 -1.38424 -14.238606 -6.320147 -0.625369 -26.92429 -3.82763 -4.118547 -50.103123 -3.88184 -13.708523 -7.363474 -3.720949 18.141167 -14.05278 -3.242683 4.5e-05 -18.787306 -1.5e-05 -0.429694 -8.456072 2.555513 -0.0 2e-06 -0.0 -15.923524 -20.094498 -5.473604 30.419201 -7.19087 1.735922 1.8e-05 -8.162939 -5e-06 -1.861834 -22.861538 -6.167971 3e-06 -3e-06 -1e-06 -179.211487 -2.213485 6.758774 5.496093 -0.034937 0.108303 -75.721733 1.93805 -4.955063 -5.172164 1.708322 2.204567 -1.0 0.0 -0.0 2.435597 -4.031187 -11.126443 5.5024 -0.035881 0.04799 -77.312897 1.109261 -4.676701 -5.839757 0.569531 1.629859 -1.000004 1e-06 1e-06 
0.0 0.0 0.0 0.0 -0.0 0.0 -0.058952 100.230339 -1.650479 91.598473 0.462486 92.885582 -1.707809 -0.576521 0.205197 -11.37676 -0.579501 1.082383 15.956528 -1.451532 -1.671656 15.973292 2.942343 2.49345 -2.456354 -0.930978 -3.55687 -37.563656 -1.659155 -4.30347 7e-06 -0.0 -1e-06 0.063843 0.006694 -0.024664 0.154113 -0.035936 -0.029214 0.172679 0.0466 -0.014613 -120.961243 -71.154068 136.854721 45.84547 -56.021099 2.068187 27.017246 0.072831 0.049101 -5.245552 7.009871 8.996322 17.63657 -26.322775 52.411324 -19.466526 -14.395583 29.410402 1.6e-05 -8.774806 -2e-06 15.828945 -18.065247 6.038662 -0.609783 -1.795642 -3.88933 -4.807099 -11.046773 -2.937845 -4e-05 -20.975948 2.7e-05 -5.020008 -25.033516 -4.031891 6e-06 -3e-06 -2e-06 -10.634521 -5.686965 -3.565598 10.57321 -17.922861 -3.113868 -2.7e-05 -13.821166 2.1e-05 -0.501844 -31.181446 -4.026999 -11.440642 -59.396446 7.182414 -13.982694 -7.150193 -2.875049 13.772682 -8.401436 -3.218224 0.34763 -34.211445 0.771737 -0.963086 -17.733355 2.621053 0.0 -1e-06 -0.0 -17.346411 -20.095171 -4.201785 21.757515 -1.638336 3.866442 -1.3e-05 -6.338807 1.8e-05 -1.697637 -22.591711 -6.194002 -0.0 -4e-06 -2e-06 37.887741 -68.957825 162.318176 33.411503 -55.046227 2.980701 23.19025 0.036447 -0.025727 -3.129364 8.751203 19.947599 22.182049 -20.375891 49.933392 -16.701736 -16.743521 28.476547 2e-05 -12.690593 8e-06 16.328278 -17.455574 2.535379 -0.105925 -1.513851 -4.275883 -5.039045 -5.61287 -2.953561 -1.7e-05 -11.020507 -1e-06 -6.11132 -15.895353 -3.840501 1e-06 -0.0 -2e-06 -10.283361 -5.680294 -4.341844 11.028255 -11.302361 -2.372625 -1.384293 -14.238567 -6.320136 -0.625464 -26.924192 -3.827651 -4.070936 -50.23777 -3.885916 -13.70851 -7.36349 -3.720944 18.141094 -14.052675 -3.242663 -3.2e-05 -18.787254 1e-06 -0.429734 -8.456051 2.555512 2e-06 -2e-06 -3e-06 -15.923539 -20.094477 -5.473589 30.419159 -7.190747 1.735942 -1.7e-05 -8.162916 7e-06 -1.861941 -22.861485 -6.167965 -1e-06 -3e-06 0.0 -179.020264 -2.090367 6.42495 5.486851 -0.036703 0.080565 -75.731323 1.960019 -4.881649 -5.188736 1.732747 2.205434 -0.999999 -0.0 0.0 2.505112 -4.156582 -10.880496 5.503544 -0.035907 0.038482 -77.287529 1.283633 -4.664042 -5.803956 0.571594 1.631866 -1.0 -0.0 -0.0 
0.0 0.0 0.0 0.0 -0.0 0.0 0.053657 100.231277 -1.644559 91.63237 0.586013 92.535614 -1.709536 -0.566594 0.205748 -11.386876 -0.581313 0.98516 16.066557 -1.406504 -1.816948 16.211119 2.740698 2.465228 -2.471293 -0.913125 -3.401759 -37.721451 -1.745393 -4.054177 7e-06 0.0 0.0 0.056689 0.006533 -0.026794 0.158621 -0.036021 -0.034053 0.175754 0.04661 -0.014472 -121.462692 -71.093636 137.476593 45.71413 -56.143951 2.187982 26.752384 0.08473 0.062909 -5.328208 6.975331 8.675137 17.636696 -26.322712 52.411133 -19.466705 -14.395647 29.410393 1e-06 -8.774867 -7e-06 15.855508 -18.044535 6.035649 -0.609776 -1.795656 -3.88933 -4.807107 -11.046824 -2.937849 9e-06 -20.976067 -6e-06 -5.019994 -25.033653 -4.031918 5e-06 1e-06 1e-06 -10.634564 -5.686978 -3.565578 10.573312 -17.922968 -3.11391 8e-06 -13.821232 -4e-06 -0.501762 -31.181606 -4.027043 -11.330964 -59.399479 7.148069 -13.982756 -7.150205 -2.875035 13.77278 -8.401505 -3.218243 0.347751 -34.211636 0.771644 -0.963017 -17.733444 2.621028 3e-06 1e-06 -1e-06 -17.346476 -20.095234 -4.201764 21.757643 -1.638383 3.866436 2e-06 -6.338834 -1e-06 -1.697592 -22.591833 -6.194047 -0.0 -6e-06 -4e-06 38.630726 -68.90419 161.565506 31.370752 -55.627068 4.390656 22.469408 0.111944 -0.009854 -4.172218 7.148489 18.519751 22.182226 -20.376003 49.933384 -16.701872 -16.743635 28.476601 0.0 -12.690693 1e-06 16.368742 -17.407074 2.525985 -0.105917 -1.513858 -4.275887 -5.039069 -5.612893 -2.953553 4e-06 -11.020597 1.5e-05 -6.11136 -15.895471 -3.840475 -0.0 -1e-06 2e-06 -10.283416 -5.680301 -4.341838 11.028354 -11.302456 -2.372626 -1.384288 -14.238667 -6.320132 -0.625472 -26.924446 -3.82759 -4.028146 -50.254406 -3.919206 -13.708587 -7.363495 -3.720933 18.141254 -14.052807 -3.242673 -6e-06 -18.787409 2.2e-05 -0.429717 -8.456131 2.555533 -1e-06 2e-06 -0.0 -15.923618 -20.094547 -5.473564 30.419382 -7.190858 1.735935 -2e-06 -8.162985 1e-06 -1.86194 -22.861696 -6.167971 0.0 -3e-06 -1e-06 -178.806747 -1.985762 6.078395 5.475069 -0.03508 0.057646 -75.760674 1.964142 -4.84516 -5.202479 1.747002 2.204566 -1.0 -0.0 0.0 2.588009 -4.276194 -10.58279 5.499232 -0.030559 0.02761 -77.23671 1.430005 -4.658881 -5.786061 0.574336 1.629267 -1.000003 0.0 -0.0 
0.0 0.0 0.0 0.0 -0.0 0.0 0.147904 100.222687 -1.611121 91.650253 0.742882 92.1502 -1.694364 -0.552205 0.175557 -11.399941 -0.573047 0.895919 16.145048 -1.369573 -1.951883 16.552652 2.544652 2.472715 -2.480785 -0.888626 -3.246433 -37.83794 -1.816562 -3.757654 8e-06 0.0 -0.0 0.052273 0.008675 -0.024606 0.160886 -0.03406 -0.033175 0.174797 0.049249 -0.011441 -121.623734 -71.060623 137.770157 45.564526 -56.38232 2.187407 26.44146 0.075282 0.054208 -5.398943 7.032882 8.418433 17.636618 -26.322699 52.411175 -19.466732 -14.395624 29.410423 -1.6e-05 -8.774838 3e-06 15.861922 -18.006548 6.040601 -0.609772 -1.795658 -3.88933 -4.807075 -11.04681 -2.937864 4.7e-05 -20.976044 -2.3e-05 -5.019921 -25.033613 -4.031911 5e-06 2e-06 1e-06 -10.63453 -5.686963 -3.565589 10.573316 -17.92297 -3.113927 2.9e-05 -13.821226 -7e-06 -0.501699 -31.181604 -4.02704 -11.224643 -59.376263 7.083263 -13.982714 -7.150185 -2.875041 13.772758 -8.401514 -3.218261 0.347811 -34.211601 0.771615 -0.962991 -17.733425 2.621032 2e-06 1e-06 1e-06 -17.346401 -20.095203 -4.201789 21.757586 -1.638403 3.866413 1.2e-05 -6.338829 -5e-06 -1.697537 -22.591801 -6.194052 -2e-06 -5e-06 -1e-06 39.696854 -68.909241 160.542419 29.691055 -56.123596 5.205607 22.656515 0.142609 0.031407 -4.502677 6.547296 17.109243 22.182186 -20.376015 49.93351 -16.701996 -16.74361 28.476744 -4.2e-05 -12.690683 1.1e-05 16.370975 -17.388069 2.507498 -0.105915 -1.513864 -4.275899 -5.039051 -5.612904 -2.953578 3.6e-05 -11.020641 -1e-05 -6.111289 -15.895541 -3.840517 1e-06 0.0 -2e-06 -10.283393 -5.680298 -4.341858 11.028376 -11.302512 -2.372663 -1.384228 -14.238722 -6.320184 -0.625347 -26.924595 -3.827642 -3.995106 -50.221096 -3.949259 -13.708554 -7.363488 -3.720959 18.141279 -14.052883 -3.242721 5.8e-05 -18.78747 -5e-06 -0.429692 -8.456168 2.555535 1e-06 -0.0 1e-06 -15.923548 -20.094553 -5.473619 30.419352 -7.190935 1.735894 2.2e-05 -8.16301 -2e-06 -1.861828 -22.861794 -6.168011 -2e-06 -3e-06 0.0 -178.539505 -1.907912 5.756989 5.463043 -0.0283 0.047089 -75.838661 1.873621 -4.851844 -5.215488 1.745481 2.201927 -0.999994 0.0 -0.0 2.712819 -4.375854 -10.241582 5.495245 -0.019501 0.021661 -77.164032 1.543461 -4.676711 -5.787343 0.575814 1.625296 -1.0 0.0 -0.0 
0.0 0.0 0.0 0.0 -0.0 0.0 0.223892 100.202652 -1.557841 91.648285 0.947259 91.724846 -1.657351 -0.544464 0.12314 -11.401404 -0.569569 0.807793 16.192415 -1.327962 -2.066973 16.988935 2.375491 2.518389 -2.491927 -0.865508 -3.087656 -37.859676 -1.876924 -3.412082 6e-06 0.0 -0.0 0.051103 0.009334 -0.026892 0.162218 -0.034451 -0.03527 0.17165 0.051288 -0.014248 -121.452988 -71.04731 137.740143 45.388748 -56.701378 2.310048 26.135916 0.068205 0.034881 -5.451465 7.096264 8.158384 17.63665 -26.322832 52.411388 -19.466778 -14.395633 29.410549 -1.6e-05 -8.774853 -0.0 15.881382 -17.967564 6.035772 -0.609775 -1.795658 -3.889341 -4.807085 -11.046846 -2.937871 3.9e-05 -20.976139 -1e-05 -5.019937 -25.033754 -4.031913 5e-06 -3e-06 1e-06 -10.634542 -5.686975 -3.565605 10.573324 -17.923035 -3.113929 2.4e-05 -13.82129 0.0 -0.501709 -31.181801 -4.027045 -11.174564 -59.381481 7.034457 -13.982726 -7.150206 -2.875057 13.772772 -8.401546 -3.218268 0.347796 -34.211811 0.771643 -0.963012 -17.733551 2.621058 -1e-06 1e-06 1e-06 -17.346418 -20.095257 -4.201808 21.757601 -1.638403 3.866428 1.2e-05 -6.338861 2e-06 -1.697533 -22.59194 -6.19407 3e-06 -4e-06 -3e-06 40.704277 -68.890083 159.627884 28.408636 -56.492043 5.435903 23.474691 0.164395 0.083449 -4.39232 6.586491 15.528915 22.182114 -20.375904 49.9333 -16.701788 -16.743502 28.476498 -1.8e-05 -12.690576 -3e-06 16.378681 -17.372196 2.473206 -0.10592 -1.513852 -4.27588 -5.03903 -5.612856 -2.953555 1.7e-05 -11.020505 -4e-06 -6.111263 -15.895312 -3.84048 -0.0 -1e-06 4e-06 -10.283357 -5.680271 -4.341842 11.028284 -11.302387 -2.372625 -1.384249 -14.238546 -6.320119 -0.625396 -26.924152 -3.827588 -4.001724 -50.179131 -3.951786 -13.708505 -7.363453 -3.720945 18.14113 -14.052728 -3.242661 2.5e-05 -18.787239 1e-05 -0.429704 -8.456047 2.555518 0.0 2e-06 -1e-06 -15.923498 -20.094439 -5.473603 30.419153 -7.190839 1.73593 8e-06 -8.16291 9e-06 -1.86187 -22.861429 -6.167913 1e-06 1e-06 -1e-06 -178.209976 -1.863138 5.436059 5.462767 -0.018563 0.048461 -75.979118 1.695044 -4.890555 -5.221624 1.726344 2.199991 -1.000003 -0.0 0.0 2.872593 -4.445333 -9.887627 5.516869 -0.009374 0.016422 -77.102699 1.675191 -4.697462 -5.796778 0.570966 1.621919 -1.000005 1e-06 -0.0 
0.0 0.0 0.0 0.0 -0.0 0.0 0.278147 100.186661 -1.497557 91.623047 1.177 91.23494 -1.622555 -0.547829 0.071489 -11.405117 -0.567513 0.730063 16.238482 -1.277639 -2.150225 17.478807 2.262621 2.568761 -2.505287 -0.852529 -2.884905 -37.752365 -1.897766 -3.026445 7e-06 -0.0 -0.0 0.051958 0.01162 -0.025226 0.157816 -0.033364 -0.034263 0.165932 0.054812 -0.011787 -121.09565 -71.04892 137.526581 45.168697 -57.040226 2.677158 25.884323 0.068861 0.025724 -5.469903 7.095808 7.867482 17.636553 -26.322634 52.411022 -19.466511 -14.395559 29.410263 3.2e-05 -8.774811 -5e-06 15.893448 -17.917805 6.026185 -0.60978 -1.795648 -3.889309 -4.807119 -11.046793 -2.937825 -7.8e-05 -20.975973 2.2e-05 -5.020063 -25.033573 -4.031895 7e-06 -1e-06 -1e-06 -10.634527 -5.686983 -3.565563 10.573189 -17.922873 -3.113864 -4.6e-05 -13.821185 5e-06 -0.501882 -31.181507 -4.02704 -11.158446 -59.395729 7.018816 -13.982703 -7.150215 -2.875017 13.772676 -8.401425 -3.218217 0.347586 -34.211502 0.771694 -0.963086 -17.733387 2.620998 -1e-06 -3e-06 -3e-06 -17.346451 -20.095205 -4.201725 21.757534 -1.638301 3.866431 -2.1e-05 -6.338818 4e-06 -1.697677 -22.591782 -6.194011 2e-06 -3e-06 -6e-06 41.441788 -68.789215 159.003845 27.668079 -56.698067 5.260234 24.578754 0.209463 0.136221 -4.092142 6.964935 13.984344 22.182028 -20.375761 49.933136 -16.701746 -16.743546 28.476442 3.1e-05 -12.690612 9e-06 16.399084 -17.379992 2.442181 -0.10592 -1.513852 -4.275869 -5.039052 -5.612876 -2.953536 -2.5e-05 -11.020518 -1e-06 -6.111354 -15.895373 -3.840467 0.0 -0.0 1e-06 -10.283373 -5.6803 -4.34181 11.028265 -11.302357 -2.372633 -1.384311 -14.238577 -6.320108 -0.625492 -26.924196 -3.827637 -4.007131 -50.144157 -3.956439 -13.708529 -7.363493 -3.720905 18.141111 -14.052669 -3.242672 -4.3e-05 -18.787254 -1.6e-05 -0.429727 -8.456049 2.555485 -3e-06 2e-06 0.0 -15.923584 -20.094484 -5.473527 30.419228 -7.190733 1.735925 -1.8e-05 -8.162917 -1e-05 -1.861951 -22.861509 -6.167991 -1e-06 -3e-06 -2e-06 -177.844559 -1.851725 5.089589 5.471688 -0.012243 0.055748 -76.144478 1.469589 -4.955101 -5.224259 1.699276 2.198512 -1.0 -1e-06 0.0 3.041994 -4.477286 -9.518099 5.549962 -0.007114 0.008687 -77.038704 1.817931 -4.680353 -5.800036 0.567095 1.622333 -1.000005 0.0 0.0 
0.0 0.0 0.0 0.0 -0.0 0.0 0.31923 100.176491 -1.436738 91.581703 1.403111 90.696617 -1.614387 -0.566199 0.0404 -11.41784 -0.572434 0.664017 16.296413 -1.219335 -2.21281 17.991472 2.234863 2.618104 -2.525133 -0.852943 -2.625148 -37.520184 -1.918919 -2.588456 6e-06 -0.0 -0.0 0.053707 0.01448 -0.022567 0.142399 -0.031602 -0.033336 0.148422 0.05887 -0.007052 -120.610718 -71.071213 137.177673 44.948032 -57.383816 3.196793 25.641882 0.077703 0.023037 -5.493815 6.969522 7.615705 17.636635 -26.322794 52.411331 -19.466698 -14.395631 29.41049 1.1e-05 -8.77486 -2e-06 15.915403 -17.882086 6.014633 -0.60978 -1.79566 -3.889333 -4.807118 -11.046853 -2.937855 -2.5e-05 -20.976124 1e-06 -5.020021 -25.03376 -4.031926 4e-06 -0.0 0.0 -10.63456 -5.686996 -3.565591 10.57328 -17.922998 -3.113911 -1.8e-05 -13.82128 1e-06 -0.501803 -31.181784 -4.027068 -11.17529 -59.418556 7.037625 -13.982746 -7.150232 -2.875041 13.772756 -8.401501 -3.218251 0.347684 -34.211754 0.771666 -0.963059 -17.733519 2.621036 0.0 2e-06 -0.0 -17.346478 -20.095285 -4.201776 21.75762 -1.638351 3.866439 -9e-06 -6.338852 0.0 -1.697618 -22.591915 -6.194067 3e-06 -5e-06 -6e-06 41.830338 -68.614845 158.7341 27.633312 -56.742844 4.691873 25.610746 0.265215 0.179625 -3.741603 7.394831 12.761959 22.182144 -20.375883 49.933407 -16.701822 -16.743595 28.476595 2.6e-05 -12.690668 0.0 16.394566 -17.394238 2.440603 -0.105921 -1.513858 -4.275888 -5.039071 -5.612893 -2.953562 -1.8e-05 -11.020555 -6e-06 -6.111367 -15.895433 -3.840506 0.0 0.0 -4e-06 -10.283409 -5.680317 -4.34184 11.028312 -11.302399 -2.372636 -1.384306 -14.238621 -6.320151 -0.625463 -26.924295 -3.827669 -3.995117 -50.101025 -3.956847 -13.708577 -7.363513 -3.720932 18.141191 -14.052726 -3.242681 -2.9e-05 -18.787323 -1.5e-05 -0.429727 -8.456088 2.555508 2e-06 1e-06 1e-06 -15.923625 -20.094549 -5.473575 30.419323 -7.190781 1.735949 -1.2e-05 -8.162948 -6e-06 -1.861944 -22.861584 -6.168019 -2e-06 -3e-06 -1e-06 -177.480515 -1.862171 4.724623 5.489924 -0.010394 0.066858 -76.310287 1.21648 -5.005549 -5.228837 1.673177 2.196058 -0.999996 -0.0 0.0 3.198437 -4.480837 -9.169463 5.588148 -0.009996 0.004468 -76.970375 2.00535 -4.632626 -5.793294 0.556111 1.623582 -1.0 0.0 -0.0 
0.0 0.0 0.0 0.0 -0.0 0.0 0.345722 100.168953 -1.374181 91.534935 1.609613 90.132904 -1.624953 -0.590807 0.024743 -11.431919 -0.589219 0.609003 16.343346 -1.155625 -2.23805 18.481577 2.241996 2.655956 -2.544921 -0.849452 -2.345947 -37.183773 -1.943639 -2.154579 5e-06 0.0 0.0 0.056777 0.017607 -0.01871 0.129807 -0.029335 -0.030083 0.131192 0.063138 -0.002532 -120.134529 -71.103333 136.817429 44.735016 -57.721504 3.757638 25.367859 0.078987 0.020968 -5.55287 6.786773 7.38168 17.636543 -26.322577 52.410984 -19.466518 -14.395525 29.410238 2e-05 -8.774783 -2e-06 15.951478 -17.875387 6.012393 -0.609777 -1.795645 -3.889313 -4.807095 -11.046769 -2.937835 -4.2e-05 -20.975908 -4e-06 -5.019982 -25.033463 -4.031909 3e-06 -1e-06 -1e-06 -10.634504 -5.686965 -3.565568 10.57319 -17.922842 -3.113879 -2.4e-05 -13.821139 -7e-06 -0.501809 -31.181372 -4.027049 -11.233413 -59.445881 7.085065 -13.982677 -7.150193 -2.875025 13.772655 -8.401424 -3.218224 0.347664 -34.211361 0.771641 -0.963046 -17.733301 2.620986 -0.0 1e-06 -1e-06 -17.346394 -20.095169 -4.201756 21.757483 -1.638326 3.866424 -1.2e-05 -6.338794 -4e-06 -1.697624 -22.591669 -6.194018 1e-06 -6e-06 -1e-06 41.88089 -68.410744 158.748444 28.245163 -56.664806 3.88762 26.381876 0.316329 0.205751 -3.428067 7.697978 12.086671 22.182009 -20.375751 49.933075 -16.701588 -16.743382 28.476282 8e-06 -12.690474 -1.4e-05 16.36467 -17.403275 2.471755 -0.105924 -1.51384 -4.275854 -5.03901 -5.612818 -2.953538 -2e-06 -11.020397 1e-06 -6.111232 -15.895148 -3.840465 -0.0 -1e-06 2e-06 -10.283314 -5.68025 -4.341823 11.028187 -11.302277 -2.372593 -1.384268 -14.238409 -6.320071 -0.62543 -26.92383 -3.827563 -3.997869 -50.062263 -3.920514 -13.708447 -7.363427 -3.720928 18.140978 -14.052577 -3.242611 -6e-06 -18.787052 1.5e-05 -0.429712 -8.455955 2.555496 0.0 2e-06 1e-06 -15.923449 -20.09432 -5.473567 30.418941 -7.190736 1.735958 -3e-06 -8.162832 1.3e-05 -1.861896 -22.861174 -6.167857 0.0 -2e-06 -1e-06 -177.132767 -1.879759 4.338168 5.505505 -0.011585 0.069484 -76.47892 0.969371 -5.039449 -5.239728 1.656246 2.191941 -0.999998 -0.0 0.0 3.324171 -4.475501 -8.840816 5.635196 -0.011118 0.006097 -76.909851 2.245662 -4.58678 -5.775773 0.547611 1.625841 -1.000001 -0.0 0.0 
0.0 0.0 0.0 0.0 -0.0 0.0 0.364332 100.166931 -1.318032 91.488426 1.791379 89.565102 -1.65475 -0.609035 0.015711 -11.444576 -0.617817 0.558532 16.392521 -1.092961 -2.22635 18.912355 2.247644 2.685106 -2.559161 -0.839072 -2.083482 -36.778557 -1.965268 -1.764168 4e-06 0.0 0.0 0.060978 0.020097 -0.013816 0.120627 -0.028776 -0.024646 0.116829 0.067961 0.002223 -119.83448 -71.11573 136.606018 44.49905 -58.033207 4.264071 25.068001 0.062939 0.018278 -5.643053 6.601687 7.079143 17.636608 -26.32268 52.411079 -19.466578 -14.395556 29.410295 8e-06 -8.774808 -8e-06 15.980756 -17.877523 6.019083 -0.609778 -1.795647 -3.889319 -4.807091 -11.046789 -2.937839 -1.9e-05 -20.975988 1.5e-05 -5.019992 -25.033571 -4.031878 7e-06 2e-06 -0.0 -10.634518 -5.686961 -3.565584 10.573234 -17.922911 -3.113877 -9e-06 -13.821196 9e-06 -0.501805 -31.181528 -4.026997 -11.296041 -59.446209 7.132307 -13.982692 -7.15019 -2.875035 13.772693 -8.401464 -3.218222 0.347693 -34.211525 0.771684 -0.963047 -17.7334 2.621026 0.0 2e-06 0.0 -17.346403 -20.095182 -4.201766 21.757523 -1.638357 3.86643 -3e-06 -6.33882 3e-06 -1.697606 -22.59177 -6.194006 1e-06 -3e-06 -2e-06 41.755749 -68.196472 158.907013 29.373219 -56.499733 2.80524 26.949072 0.300756 0.212442 -3.129952 7.909103 11.79815 22.182125 -20.375914 49.933407 -16.701904 -16.743578 28.476645 -1.4e-05 -12.690651 1e-05 16.308208 -17.403193 2.525776 -0.105916 -1.513862 -4.275891 -5.03905 -5.612893 -2.953566 1.2e-05 -11.020587 -1.4e-05 -6.111305 -15.895466 -3.840509 -0.0 -1e-06 -0.0 -10.283387 -5.680304 -4.341843 11.02833 -11.302449 -2.372653 -1.384257 -14.238664 -6.320163 -0.625393 -26.924421 -3.827658 -4.030987 -50.023129 -3.844235 -13.708548 -7.363495 -3.720944 18.141209 -14.052795 -3.242709 2.3e-05 -18.787373 -1.8e-05 -0.429706 -8.456113 2.555519 -0.0 3e-06 2e-06 -15.923562 -20.094538 -5.473596 30.419296 -7.190851 1.735909 6e-06 -8.162963 -7e-06 -1.861869 -22.861656 -6.168015 0.0 -1e-06 -1e-06 -176.807846 -1.893605 3.964162 5.519058 -0.010277 0.068581 -76.645195 0.723194 -5.086244 -5.228623 1.656709 2.191314 -1.0 -0.0 0.0 3.42726 -4.473929 -8.542021 5.679899 -0.012409 0.014415 -76.883751 2.529409 -4.561432 -5.760165 0.543152 1.627431 -1.000004 -0.0 -0.0 
0.0 0.0 0.0 0.0 -0.0 0.0 0.377253 100.16732 -1.266362 91.440559 1.952063 89.004883 -1.69617 -0.613704 0.016288 -11.458964 -0.651344 0.510246 16.451967 -1.032265 -2.194614 19.28334 2.256498 2.697749 -2.559149 -0.827453 -1.85617 -36.379116 -1.976428 -1.423442 6e-06 -0.0 0.0 0.06671 0.021237 -0.009876 0.117445 -0.030938 -0.019515 0.110753 0.072636 0.005443 -119.748177 -71.112907 136.588745 44.252663 -58.294708 4.674495 24.757895 0.009936 0.020107 -5.750962 6.366493 6.692321 17.636642 -26.32271 52.41106 -19.466745 -14.395596 29.410389 -3.5e-05 -8.774822 -0.0 16.010921 -17.870899 6.014277 -0.609769 -1.795656 -3.889319 -4.807043 -11.0468 -2.937859 8.8e-05 -20.976063 -1e-05 -5.019866 -25.033628 -4.031854 5e-06 1e-06 -1e-06 -10.634502 -5.686943 -3.56558 10.573323 -17.922995 -3.113919 5.5e-05 -13.821237 4e-06 -0.501655 -31.181627 -4.026969 -11.346872 -59.427708 7.151885 -13.982676 -7.15016 -2.875046 13.772741 -8.401545 -3.218256 0.347879 -34.211655 0.771643 -0.962976 -17.733463 2.621073 2e-06 -1e-06 -0.0 -17.346331 -20.095165 -4.201789 21.757524 -1.638441 3.866404 2.5e-05 -6.338837 1e-06 -1.697481 -22.591824 -6.194011 3e-06 -3e-06 -6e-06 41.54512 -67.991234 159.139008 30.871189 -56.239555 1.681415 27.454462 0.246754 0.206209 -2.823476 8.019342 11.617099 22.182066 -20.375832 49.93314 -16.701857 -16.743481 28.47649 -4e-05 -12.690576 5e-06 16.238194 -17.417135 2.594189 -0.105913 -1.513859 -4.275873 -5.039015 -5.612859 -2.953552 3.7e-05 -11.020535 -1.2e-05 -6.111228 -15.895356 -3.840477 0.0 0.0 -0.0 -10.283336 -5.680265 -4.341829 11.028295 -11.302424 -2.372638 -1.384224 -14.238592 -6.32012 -0.62535 -26.924286 -3.827598 -4.089137 -49.998703 -3.754726 -13.708475 -7.363445 -3.720933 18.141142 -14.052773 -3.24269 6.2e-05 -18.787287 -1.2e-05 -0.429686 -8.456072 2.55551 0.0 1e-06 0.0 -15.923454 -20.094431 -5.473577 30.419146 -7.190881 1.73589 2.4e-05 -8.162926 -5e-06 -1.861818 -22.861509 -6.167947 0.0 -6e-06 -3e-06 -176.510651 -1.907732 3.608649 5.534028 -0.009168 0.063323 -76.798729 0.496721 -5.128286 -5.20962 1.666233 2.192069 -0.999997 0.0 -0.0 3.512197 -4.473956 -8.260259 5.722175 -0.014615 0.025525 -76.869614 2.807355 -4.538878 -5.739496 0.545537 1.629567 -0.999999 1e-06 0.0 
0.0 0.0 0.0 0.0 -0.0 0.0 0.391046 100.165413 -1.21589 91.398674 2.089827 88.485817 -1.748444 -0.607961 0.018275 -11.47392 -0.676756 0.467925 16.51601 -0.99143 -2.156596 19.594944 2.274459 2.680532 -2.547969 -0.814957 -1.666092 -35.990738 -1.969258 -1.145118 6e-06 0.0 -0.0 0.072259 0.021471 -0.00761 0.118281 -0.034075 -0.016366 0.11169 0.07625 0.007002 -119.859932 -71.100075 136.745529 43.986965 -58.473633 5.090541 24.469639 -0.055564 0.029386 -5.854286 6.042163 6.246323 17.636728 -26.322878 52.411407 -19.466803 -14.39566 29.410557 -2.2e-05 -8.77487 -4e-06 16.043751 -17.862747 5.999438 -0.609776 -1.795661 -3.889343 -4.807086 -11.046853 -2.937872 5.6e-05 -20.976156 2e-06 -5.019936 -25.033762 -4.031895 3e-06 2e-06 1e-06 -10.634562 -5.686975 -3.56561 10.573358 -17.923059 -3.113926 3.5e-05 -13.821301 1.1e-05 -0.501706 -31.181795 -4.027005 -11.375739 -59.411781 7.127508 -13.982752 -7.150202 -2.875061 13.7728 -8.401559 -3.218261 0.347818 -34.211815 0.771672 -0.963008 -17.733543 2.621081 1e-06 1e-06 -0.0 -17.346445 -20.095268 -4.201817 21.757643 -1.638428 3.866441 1.7e-05 -6.338866 4e-06 -1.697529 -22.591953 -6.194057 -1e-06 -3e-06 0.0 41.248531 -67.788094 159.409546 32.479237 -55.890167 0.854302 28.005056 0.16677 0.194565 -2.474103 7.995368 11.385419 22.182137 -20.375948 49.93335 -16.701862 -16.743513 28.476562 -3.9e-05 -12.69058 1e-06 16.146757 -17.439028 2.656283 -0.105918 -1.513859 -4.275884 -5.039025 -5.612865 -2.953562 3.4e-05 -11.02054 -6e-06 -6.111231 -15.895356 -3.840481 -1e-06 -1e-06 0.0 -10.28336 -5.680274 -4.341845 11.028304 -11.302433 -2.372636 -1.384223 -14.23859 -6.32013 -0.625353 -26.924269 -3.827588 -4.148478 -49.955334 -3.693242 -13.708509 -7.363459 -3.720949 18.141163 -14.052787 -3.242684 5.5e-05 -18.787292 5e-06 -0.429693 -8.456067 2.555527 1e-06 -1e-06 -0.0 -15.923491 -20.094471 -5.473607 30.41918 -7.19089 1.735903 2.1e-05 -8.162938 6e-06 -1.861827 -22.861515 -6.167927 -1e-06 -4e-06 0.0 -176.245987 -1.908961 3.292864 5.546391 -0.012149 0.049466 -76.928116 0.282195 -5.152552 -5.185119 1.680864 2.193781 -1.000002 0.0 -0.0 3.581377 -4.482325 -8.021506 5.758865 -0.016812 0.041427 -76.858124 3.082216 -4.51657 -5.714578 0.558712 1.633073 -1.000005 -0.0 -0.0 
0.0 0.0 0.0 0.0 -0.0 0.0 0.409166 100.161194 -1.161034 91.361732 2.191485 87.990295 -1.805638 -0.592105 0.028257 -11.49166 -0.689767 0.444825 16.562149 -0.965669 -2.145545 19.847729 2.281125 2.647077 -2.5302 -0.791416 -1.510345 -35.626133 -1.941393 -0.894311 6e-06 0.0 0.0 0.075766 0.020309 -0.011091 0.118501 -0.036554 -0.019141 0.11241 0.076383 0.002916 -120.104668 -71.040581 136.996841 43.710281 -58.579597 5.59341 24.189156 -0.069119 0.042912 -5.974439 5.58462 5.759492 17.636539 -26.322569 52.410904 -19.466501 -14.395488 29.410187 -1.3e-05 -8.774738 -7e-06 16.089466 -17.86503 5.985713 -0.609772 -1.795638 -3.889309 -4.807034 -11.046706 -2.937839 3.8e-05 -20.975809 4e-06 -5.019864 -25.033276 -4.031835 5e-06 2e-06 -0.0 -10.634459 -5.686919 -3.565577 10.573199 -17.922804 -3.113872 2.1e-05 -13.821076 1.2e-05 -0.501728 -31.181166 -4.026936 -11.452866 -59.453327 7.150117 -13.982612 -7.150131 -2.875038 13.772619 -8.401437 -3.21821 0.347775 -34.211197 0.771674 -0.963012 -17.733208 2.621038 1e-06 3e-06 -2e-06 -17.34627 -20.095053 -4.20178 21.757374 -1.638389 3.866404 1.2e-05 -6.338766 6e-06 -1.697524 -22.591507 -6.193947 -1e-06 -4e-06 -5e-06 40.793945 -67.619583 159.814728 34.07843 -55.456207 0.387087 28.647945 0.071569 0.175864 -2.075591 7.819366 11.23969 22.18202 -20.375872 49.933144 -16.701712 -16.743416 28.47641 -2.5e-05 -12.690505 -2e-06 16.051079 -17.445724 2.696858 -0.10592 -1.513848 -4.275865 -5.039001 -5.612837 -2.953549 2.4e-05 -11.020487 6e-06 -6.111214 -15.895287 -3.840459 0.0 1e-06 -1e-06 -10.283306 -5.680246 -4.341833 11.02823 -11.302369 -2.372608 -1.38423 -14.238519 -6.320094 -0.625395 -26.924131 -3.827553 -4.186376 -49.87854 -3.669606 -13.708432 -7.36342 -3.720938 18.141037 -14.052704 -3.242643 2.6e-05 -18.787207 2.7e-05 -0.429706 -8.456039 2.555522 -2e-06 0.0 1e-06 -15.923407 -20.094358 -5.473585 30.418999 -7.190831 1.735914 1.4e-05 -8.162907 1.4e-05 -1.861853 -22.861443 -6.167886 -3e-06 1e-06 2e-06 -176.034454 -1.898837 2.974085 5.56059 -0.017366 0.034711 -77.011284 0.116922 -5.14854 -5.173775 1.686185 2.193766 -0.999999 -0.0 -0.0 3.62597 -4.501238 -7.798935 5.769826 -0.017304 0.052804 -76.835075 3.35547 -4.507373 -5.702764 0.567113 1.633395 -1.000002 -0.0 -0.0 
0.0 0.0 0.0 0.0 -0.0 0.0 0.438827 100.145676 -1.106681 91.325409 2.256863 87.542984 -1.859224 -0.574288 0.044975 -11.511783 -0.688286 0.44038 16.579901 -0.946509 -2.134514 20.039616 2.2894 2.591174 -2.519982 -0.766935 -1.356687 -35.262402 -1.907485 -0.709623 6e-06 -0.0 -0.0 0.076163 0.019885 -0.011927 0.114992 -0.036861 -0.01917 0.110127 0.075847 0.001278 -120.36956 -70.958244 137.233185 43.495155 -58.644524 5.981143 23.962036 -0.057213 0.04728 -6.073231 5.122232 5.367488 17.636591 -26.322653 52.411083 -19.466606 -14.395578 29.410324 1.2e-05 -8.77482 -4e-06 16.143599 -17.871439 5.97158 -0.609777 -1.79565 -3.889324 -4.807098 -11.046797 -2.937846 -2e-05 -20.975985 -0.0 -5.019987 -25.033545 -4.031896 5e-06 3e-06 -1e-06 -10.634533 -5.686977 -3.565578 10.573237 -17.922905 -3.113893 -1.4e-05 -13.821189 -2e-06 -0.501793 -31.181501 -4.027037 -11.544378 -59.546417 7.205773 -13.982712 -7.150207 -2.875031 13.772709 -8.401461 -3.218235 0.347692 -34.211502 0.77165 -0.963039 -17.733372 2.62101 -1e-06 -3e-06 0.0 -17.346432 -20.095215 -4.20176 21.757544 -1.638343 3.866421 -7e-06 -6.338817 -0.0 -1.697613 -22.591759 -6.194024 1e-06 -4e-06 -0.0 40.259476 -67.518539 160.288345 35.615757 -55.01228 0.24087 29.27166 0.025021 0.158129 -1.697729 7.477092 11.201642 22.182072 -20.375769 49.933178 -16.701754 -16.743525 28.476435 2.7e-05 -12.690609 -2e-06 15.963181 -17.467754 2.736912 -0.10592 -1.513853 -4.27587 -5.039052 -5.612872 -2.953544 -1.9e-05 -11.020505 -5e-06 -6.111337 -15.895343 -3.84048 -0.0 1e-06 -0.0 -10.283377 -5.6803 -4.341821 11.02827 -11.302361 -2.372627 -1.384304 -14.238567 -6.320116 -0.625466 -26.924183 -3.827644 -4.231226 -49.808132 -3.652979 -13.708532 -7.363491 -3.720914 18.141121 -14.052677 -3.242668 -2.4e-05 -18.787245 -2.2e-05 -0.429719 -8.45604 2.555495 0.0 -2e-06 -2e-06 -15.923575 -20.094482 -5.473549 30.419205 -7.190753 1.735944 -1e-05 -8.162906 -1e-05 -1.861926 -22.861452 -6.16799 1e-06 -3e-06 -0.0 -175.876328 -1.884563 2.677562 5.574689 -0.020483 0.019054 -77.069641 -0.029986 -5.129267 -5.168033 1.679345 2.188925 -0.999997 -0.0 0.0 3.659425 -4.52183 -7.601279 5.734126 -0.01788 0.055592 -76.802132 3.611304 -4.510306 -5.709376 0.568457 1.629521 -1.000005 -0.0 0.0 
0.0 0.0 0.0 0.0 -0.0 0.0 0.480037 100.123772 -1.055495 91.290001 2.288809 87.178703 -1.902374 -0.558528 0.064893 -11.526934 -0.675586 0.448483 16.571783 -0.92126 -2.106257 20.171164 2.296578 2.553521 -2.52081 -0.738228 -1.253344 -34.931393 -1.880775 -0.574057 6e-06 -0.0 0.0 0.073906 0.018892 -0.011823 0.109548 -0.034962 -0.018202 0.104157 0.072046 0.000123 -120.641212 -70.873619 137.410461 43.25449 -58.703674 6.158512 23.888681 -0.042339 0.044722 -6.048046 4.896706 5.020024 17.6366 -26.322598 52.410938 -19.466537 -14.395574 29.410231 1.3e-05 -8.77481 -8e-06 16.160873 -17.868189 5.955179 -0.609775 -1.795646 -3.88931 -4.807095 -11.046763 -2.937831 -2.1e-05 -20.975918 1.3e-05 -5.019994 -25.033457 -4.031876 7e-06 3e-06 -1e-06 -10.634523 -5.68696 -3.565562 10.57323 -17.922853 -3.113875 -1.3e-05 -13.821145 7e-06 -0.501818 -31.181372 -4.02699 -11.569891 -59.59523 7.204459 -13.982701 -7.150185 -2.875017 13.772696 -8.401436 -3.218224 0.34768 -34.21138 0.771684 -0.963048 -17.733309 2.621019 0.0 0.0 -0.0 -17.346424 -20.095156 -4.201742 21.757534 -1.638346 3.866431 -7e-06 -6.338798 4e-06 -1.697627 -22.591661 -6.193981 0.0 -3e-06 -2e-06 39.76733 -67.489319 160.702606 37.018257 -54.637608 0.155978 29.815012 0.013749 0.143328 -1.42233 7.100942 11.193584 22.182076 -20.375776 49.933121 -16.701752 -16.743526 28.47641 1.7e-05 -12.690605 -1e-06 15.901073 -17.490572 2.762539 -0.105917 -1.51385 -4.27587 -5.039047 -5.612864 -2.953538 -1.2e-05 -11.020504 -0.0 -6.111329 -15.895332 -3.840467 -0.0 1e-06 -1e-06 -10.283371 -5.680289 -4.341814 11.028272 -11.302361 -2.372622 -1.384297 -14.238558 -6.3201 -0.625469 -26.924162 -3.82761 -4.262675 -49.755238 -3.658176 -13.708525 -7.363479 -3.720909 18.141119 -14.052679 -3.242659 -2e-05 -18.787239 -9e-06 -0.429715 -8.456042 2.555493 -0.0 -1e-06 0.0 -15.923562 -20.094463 -5.473541 30.419201 -7.190764 1.73594 -8e-06 -8.162909 -5e-06 -1.861929 -22.861458 -6.167959 -1e-06 -3e-06 -3e-06 -175.762726 -1.869944 2.422751 5.581592 -0.021527 0.000144 -77.128433 -0.162068 -5.107204 -5.177927 1.670942 2.18258 -0.999997 0.0 0.0 3.678445 -4.545184 -7.458902 5.678369 -0.017342 0.055383 -76.765968 3.884817 -4.532857 -5.727243 0.571305 1.624526 -1.0 -0.0 -0.0 
0.0 0.0 0.0 0.0 -0.0 0.0 0.523172 100.100449 -1.007774 91.261948 2.291538 86.929352 -1.936784 -0.543711 0.068998 -11.534622 -0.658224 0.466789 16.549486 -0.901387 -2.061838 20.236397 2.330425 2.55147 -2.531723 -0.723394 -1.196881 -34.649982 -1.861098 -0.488072 6e-06 -0.0 -0.0 0.070087 0.017866 -0.011499 0.102666 -0.032489 -0.017505 0.097092 0.067603 -0.000327 -120.906441 -70.807304 137.535889 43.00658 -58.748165 6.145368 23.956558 -0.013031 0.039757 -5.889781 4.957534 4.752068 17.636763 -26.322844 52.411224 -19.466848 -14.395679 29.410515 -2.6e-05 -8.77489 -4e-06 16.156778 -17.854433 5.927721 -0.609774 -1.795663 -3.889338 -4.807087 -11.046873 -2.937865 6.9e-05 -20.976217 3e-06 -5.01995 -25.033836 -4.031879 6e-06 5e-06 -1e-06 -10.63457 -5.686979 -3.565596 10.573389 -17.923109 -3.113929 4.2e-05 -13.821347 7e-06 -0.501699 -31.181948 -4.027016 -11.520247 -59.590649 7.128877 -13.982762 -7.150206 -2.875048 13.772833 -8.401586 -3.218264 0.347844 -34.211948 0.771657 -0.962994 -17.733622 2.621085 1e-06 -2e-06 -0.0 -17.34646 -20.095285 -4.201789 21.757683 -1.63844 3.866439 2e-05 -6.338883 -3e-06 -1.697524 -22.592043 -6.194067 2e-06 -7e-06 -2e-06 39.401711 -67.517197 160.995468 38.260391 -54.371265 -0.112308 30.204449 0.002132 0.131651 -1.245927 6.87636 11.229025 22.18219 -20.375988 49.933418 -16.702026 -16.743662 28.476728 -4.3e-05 -12.690712 1.8e-05 15.873606 -17.503893 2.774059 -0.105912 -1.513867 -4.275896 -5.039053 -5.612908 -2.953567 3.6e-05 -11.020648 -6e-06 -6.111309 -15.895542 -3.840493 -0.0 1e-06 -0.0 -10.283403 -5.680301 -4.341843 11.028396 -11.302518 -2.37267 -1.384233 -14.238729 -6.320166 -0.625363 -26.924597 -3.827624 -4.288041 -49.74905 -3.663313 -13.708576 -7.363493 -3.720936 18.141315 -14.052897 -3.242733 6e-05 -18.787489 -9e-06 -0.429696 -8.456172 2.555537 0.0 2e-06 0.0 -15.92358 -20.094576 -5.473589 30.419422 -7.190938 1.735879 2.3e-05 -8.163014 -5e-06 -1.861849 -22.861795 -6.168006 0.0 -3e-06 -1e-06 -175.687973 -1.854792 2.224379 5.577828 -0.020583 -0.013679 -77.190842 -0.272249 -5.073363 -5.18512 1.666244 2.179516 -1.000002 0.0 0.0 3.68576 -4.572765 -7.410633 5.62663 -0.012996 0.05488 -76.732178 4.17318 -4.570044 -5.751943 0.580066 1.621597 -1.000003 1e-06 -0.0 
0.0 0.0 0.0 0.0 -0.0 0.0 0.560883 100.079514 -0.96806 91.242271 2.259437 86.769699 -1.965915 -0.529881 0.061106 -11.541464 -0.644939 0.495556 16.511978 -0.886149 -2.00992 20.250978 2.399803 2.564945 -2.542464 -0.723139 -1.157578 -34.427574 -1.826529 -0.455012 5e-06 -0.0 -1e-06 0.067048 0.017619 -0.008554 0.098573 -0.028607 -0.014315 0.09525 0.06315 0.001797 -121.195045 -70.767471 137.663406 42.807663 -58.743359 6.093089 24.095724 0.048158 0.03017 -5.715269 5.168776 4.595659 17.636837 -26.323 52.411495 -19.467005 -14.395756 29.410696 -2.9e-05 -8.774946 -1e-06 16.135822 -17.842165 5.920325 -0.609774 -1.795676 -3.889359 -4.807112 -11.046954 -2.937881 7.1e-05 -20.976406 -5e-06 -5.019987 -25.034103 -4.031903 2e-06 1e-06 1e-06 -10.634619 -5.687012 -3.565605 10.573456 -17.923239 -3.113962 4.5e-05 -13.821461 1e-06 -0.501683 -31.182255 -4.027061 -11.456611 -59.561859 7.062131 -13.98283 -7.150248 -2.875054 13.772913 -8.401648 -3.218292 0.347856 -34.212273 0.771641 -0.962991 -17.733797 2.621092 -1e-06 -1e-06 -2e-06 -17.34655 -20.095415 -4.201801 21.757799 -1.638451 3.866448 2.1e-05 -6.338935 -5e-06 -1.697521 -22.592255 -6.194118 -1e-06 -5e-06 -3e-06 39.121899 -67.598923 161.201584 39.35783 -54.210762 -0.529877 30.413538 0.009296 0.129237 -1.122808 6.802815 11.302863 22.18227 -20.375996 49.933548 -16.702038 -16.743635 28.476748 -4.4e-05 -12.690705 -1e-06 15.863423 -17.509235 2.788693 -0.105915 -1.513873 -4.275907 -5.039062 -5.612903 -2.953581 4.1e-05 -11.020621 -1.9e-05 -6.111288 -15.89549 -3.840533 0.0 2e-06 3e-06 -10.283427 -5.680309 -4.341864 11.028409 -11.302513 -2.372672 -1.384227 -14.2387 -6.320185 -0.625323 -26.9245 -3.827662 -4.319551 -49.772835 -3.645756 -13.708601 -7.363501 -3.720962 18.141329 -14.052887 -3.242731 7.6e-05 -18.787434 -2.3e-05 -0.42968 -8.456136 2.555538 1e-06 -2e-06 -1e-06 -15.923599 -20.094591 -5.473636 30.419443 -7.19096 1.735907 3.1e-05 -8.162988 -3e-06 -1.861818 -22.861689 -6.168008 3e-06 -2e-06 -1e-06 -175.664185 -1.839193 2.060269 5.57374 -0.018502 -0.023482 -77.253471 -0.347295 -5.033627 -5.198289 1.662463 2.177464 -0.999998 -0.0 -0.0 3.66892 -4.60622 -7.440991 5.577188 -0.006823 0.057507 -76.697609 4.443539 -4.59215 -5.769714 0.582747 1.618811 -1.000004 0.0 -0.0 
0.0 0.0 0.0 0.0 -0.0 0.0 0.604299 100.066879 -0.934504 91.237022 2.200793 86.708488 -1.980325 -0.528727 0.046768 -11.550131 -0.632813 0.528329 16.457323 -0.883086 -1.973435 20.220488 2.508895 2.58345 -2.552051 -0.735046 -1.123801 -34.267025 -1.76875 -0.474233 6e-06 -0.0 -0.0 0.063987 0.018557 -0.001848 0.09394 -0.024024 -0.006886 0.092961 0.060291 0.007155 -121.429138 -70.755173 137.752563 42.699261 -58.676655 6.033596 24.28162 0.13239 0.017363 -5.56905 5.404243 4.557952 17.63656 -26.322695 52.411098 -19.466509 -14.395557 29.410278 -1e-06 -8.774779 -1e-06 16.102661 -17.836327 5.936348 -0.609776 -1.79564 -3.889313 -4.807063 -11.046731 -2.937834 4e-06 -20.975864 3.1e-05 -5.019941 -25.033365 -4.031838 6e-06 -1e-06 0.0 -10.634488 -5.686933 -3.565579 10.573216 -17.922834 -3.113866 -3e-06 -13.821115 2.9e-05 -0.501806 -31.181282 -4.026929 -11.412277 -59.53484 7.047099 -13.982656 -7.150154 -2.875039 13.772661 -8.401439 -3.218215 0.347697 -34.211311 0.771734 -0.963055 -17.733284 2.621057 -1e-06 -1e-06 1e-06 -17.34634 -20.095095 -4.201776 21.757456 -1.638374 3.866417 1e-06 -6.338784 1.5e-05 -1.697586 -22.591595 -6.193948 0.0 -3e-06 -2e-06 38.875626 -67.720428 161.375488 40.266941 -54.133953 -1.029895 30.460711 0.012641 0.142358 -1.041756 6.81676 11.463238 22.182043 -20.375916 49.93327 -16.701809 -16.7435 28.476538 -3.3e-05 -12.690561 1.2e-05 15.858958 -17.511175 2.808547 -0.105916 -1.513852 -4.275879 -5.039015 -5.612852 -2.953554 2.9e-05 -11.020514 -4e-06 -6.111225 -15.895328 -3.840478 1e-06 -1e-06 2e-06 -10.283334 -5.680264 -4.341837 11.028275 -11.302402 -2.372638 -1.384223 -14.238567 -6.32012 -0.625367 -26.92424 -3.827585 -4.361652 -49.793167 -3.606404 -13.708473 -7.363441 -3.720937 18.141113 -14.05274 -3.242682 4.2e-05 -18.787254 1e-05 -0.429703 -8.45606 2.555525 1e-06 2e-06 -3e-06 -15.923454 -20.094416 -5.473592 30.419115 -7.190851 1.735888 1.4e-05 -8.162921 9e-06 -1.861847 -22.861486 -6.167907 -0.0 -5e-06 1e-06 -175.695557 -1.812579 1.92942 5.576359 -0.016065 -0.029171 -77.289375 -0.379099 -4.975508 -5.206183 1.657796 2.178017 -0.999998 0.0 0.0 3.628171 -4.644994 -7.506872 5.538264 -0.002562 0.05716 -76.665886 4.641994 -4.601676 -5.78263 0.578725 1.616383 -1.000001 0.0 0.0 
0.0 0.0 0.0 0.0 -0.0 0.0 0.652308 100.06604 -0.898953 91.236633 2.120315 86.731178 -1.977441 -0.539878 0.035851 -11.556036 -0.620381 0.557294 16.379904 -0.887065 -1.962378 20.149921 2.635305 2.59424 -2.549418 -0.73869 -1.086108 -34.162289 -1.706263 -0.524536 6e-06 -0.0 -1e-06 0.059552 0.018994 0.002158 0.090787 -0.021318 -0.00226 0.09108 0.058374 0.009927 -121.539978 -70.77243 137.738022 42.663563 -58.576611 5.942303 24.501278 0.195723 -0.000826 -5.457751 5.597043 4.643371 17.636541 -26.322552 52.410919 -19.466591 -14.395556 29.410265 -2e-06 -8.774791 3e-06 16.058084 -17.84436 5.954464 -0.609771 -1.795648 -3.889311 -4.807067 -11.046754 -2.937842 1.6e-05 -20.975901 -1.4e-05 -5.019922 -25.03343 -4.031887 5e-06 0.0 -0.0 -10.634495 -5.686946 -3.565568 10.573236 -17.922863 -3.113898 8e-06 -13.821136 -4e-06 -0.501748 -31.181347 -4.027016 -11.379142 -59.505333 7.0476 -13.982661 -7.150167 -2.875026 13.77268 -8.401456 -3.218239 0.347751 -34.211361 0.771631 -0.963012 -17.733297 2.621006 -1e-06 -3e-06 -1e-06 -17.346348 -20.095129 -4.201766 21.757477 -1.638369 3.866401 4e-06 -6.338793 -3e-06 -1.697566 -22.591644 -6.194001 1e-06 -5e-06 -1e-06 38.675362 -67.87207 161.48201 40.934464 -54.135944 -1.511309 30.384165 -0.029559 0.161807 -1.000036 6.807457 11.671129 22.182024 -20.375778 49.933167 -16.701872 -16.743521 28.476526 -1.8e-05 -12.690607 1.3e-05 15.852835 -17.512762 2.815277 -0.105914 -1.513858 -4.275874 -5.03903 -5.612875 -2.953555 1.7e-05 -11.020547 -1.9e-05 -6.111277 -15.895403 -3.840487 1e-06 -1e-06 -2e-06 -10.283348 -5.680283 -4.341825 11.028296 -11.302415 -2.372658 -1.384245 -14.238612 -6.320137 -0.625376 -26.924314 -3.827651 -4.392328 -49.811863 -3.585865 -13.708497 -7.363467 -3.720924 18.141153 -14.052754 -3.242709 3.8e-05 -18.787302 -3.9e-05 -0.429695 -8.456077 2.555493 -1e-06 1e-06 -0.0 -15.923498 -20.094471 -5.473572 30.419205 -7.190836 1.735883 1.1e-05 -8.162933 -1.5e-05 -1.861847 -22.861551 -6.168003 -1e-06 -5e-06 1e-06 -175.772476 -1.786716 1.840877 5.584789 -0.012685 -0.028131 -77.283798 -0.361648 -4.905904 -5.195361 1.647794 2.178531 -0.999998 -0.0 -0.0 3.574632 -4.678658 -7.583551 5.503533 -0.001 0.056958 -76.637314 4.742675 -4.608586 -5.790247 0.57321 1.615324 -1.000004 0.0 0.0 
0.0 0.0 0.0 0.0 -0.0 0.0 0.694552 100.071465 -0.863769 91.240623 2.030419 86.826485 -1.95881 -0.558877 0.02799 -11.550972 -0.618671 0.571546 16.285208 -0.899899 -1.959797 20.043802 2.783981 2.596559 -2.542278 -0.737422 -1.052957 -34.099411 -1.648202 -0.598477 6e-06 -0.0 -0.0 0.054369 0.017941 -0.002297 0.088934 -0.021285 -0.006032 0.089282 0.056212 0.003749 -121.533928 -70.838226 137.623795 42.691353 -58.47892 5.84422 24.723108 0.221377 -0.013962 -5.337427 5.736169 4.770679 17.636726 -26.322824 52.411293 -19.466856 -14.395664 29.410524 -2.7e-05 -8.774881 -3e-06 16.019032 -17.870474 5.962982 -0.609773 -1.795664 -3.889343 -4.807083 -11.04687 -2.937871 7.1e-05 -20.976202 -1.3e-05 -5.019936 -25.033827 -4.031897 8e-06 -3e-06 -1e-06 -10.634562 -5.686979 -3.5656 10.57338 -17.923092 -3.113945 4.5e-05 -13.821329 -1e-06 -0.501675 -31.18189 -4.027033 -11.373919 -59.477287 7.050927 -13.982752 -7.150203 -2.875051 13.772818 -8.40158 -3.218268 0.347857 -34.211887 0.771634 -0.962985 -17.733595 2.621072 -2e-06 2e-06 0.0 -17.346441 -20.095282 -4.201804 21.757664 -1.638439 3.866435 2.2e-05 -6.338881 -2e-06 -1.697514 -22.59202 -6.194071 1e-06 -5e-06 -2e-06 38.551544 -68.024536 161.471786 41.372047 -54.197754 -1.828495 30.206812 -0.103869 0.171062 -0.99033 6.69565 11.939256 22.182138 -20.37598 49.933453 -16.701954 -16.743593 28.476683 -4.3e-05 -12.690644 1.6e-05 15.860479 -17.527031 2.799209 -0.105914 -1.513863 -4.275896 -5.039037 -5.612883 -2.95357 3.8e-05 -11.020584 -1.1e-05 -6.111261 -15.895428 -3.840497 -2e-06 1e-06 -4e-06 -10.283378 -5.680289 -4.341852 11.028348 -11.302471 -2.372662 -1.38422 -14.238643 -6.320153 -0.625338 -26.924385 -3.827621 -4.411261 -49.822037 -3.603081 -13.708542 -7.363476 -3.720951 18.141241 -14.052835 -3.242714 6e-05 -18.787371 -6e-06 -0.429695 -8.45611 2.555531 0.0 0.0 -1e-06 -15.923526 -20.094517 -5.473613 30.4193 -7.190914 1.735883 2.1e-05 -8.162964 1e-06 -1.861831 -22.861614 -6.167964 3e-06 -1e-06 -0.0 -175.868896 -1.763293 1.768175 5.589942 -0.011143 -0.01739 -77.261559 -0.272367 -4.824905 -5.174143 1.628484 2.178498 -0.999999 0.0 0.0 3.522993 -4.70997 -7.67267 5.476485 -0.001173 0.056733 -76.635994 4.7698 -4.625046 -5.787711 0.565811 1.615957 -1.000002 -0.0 0.0 
0.0 0.0 0.0 0.0 -0.0 0.0 0.727863 100.079437 -0.826064 91.248474 1.943972 86.975906 -1.922225 -0.581073 0.024906 -11.533808 -0.627388 0.576834 16.182951 -0.922437 -1.960803 19.932795 2.943288 2.609056 -2.540959 -0.730827 -1.061172 -34.097919 -1.600435 -0.667175 6e-06 0.0 -0.0 0.052325 0.015684 -0.012043 0.087791 -0.02243 -0.015348 0.087813 0.052868 -0.007404 -121.435318 -70.933296 137.419357 42.713058 -58.406738 5.738686 24.948215 0.205773 -0.024466 -5.165639 5.841281 4.905425 17.636831 -26.322926 52.411465 -19.466917 -14.395717 29.410624 5e-06 -8.774944 -8e-06 15.985802 -17.892967 5.971957 -0.60978 -1.795678 -3.88935 -4.807152 -11.046965 -2.937875 -7e-06 -20.976368 -1.2e-05 -5.020064 -25.034086 -4.031965 7e-06 4e-06 -1e-06 -10.634643 -5.687041 -3.565599 10.573396 -17.923193 -3.113947 2e-06 -13.821435 -1.4e-05 -0.501761 -31.182194 -4.027133 -11.374037 -59.463619 7.051399 -13.982857 -7.150284 -2.875042 13.772884 -8.401595 -3.218279 0.347742 -34.212181 0.771621 -0.963025 -17.733734 2.621038 -1e-06 2e-06 1e-06 -17.346621 -20.095459 -4.201773 21.757816 -1.638382 3.866468 -0.0 -6.338922 -1e-05 -1.697611 -22.592213 -6.194147 1e-06 -3e-06 -3e-06 38.459232 -68.172691 161.40947 41.584797 -54.298931 -1.943553 29.983154 -0.170515 0.168179 -1.033079 6.487846 12.209986 22.182318 -20.376013 49.933697 -16.702093 -16.743742 28.476866 -4e-06 -12.690805 5e-06 15.89258 -17.546904 2.758572 -0.105917 -1.513876 -4.275919 -5.039109 -5.61295 -2.953585 5e-06 -11.0207 -1.9e-05 -6.111403 -15.895648 -3.840549 -1e-06 1e-06 4e-06 -10.283487 -5.680363 -4.34186 11.028445 -11.30255 -2.372687 -1.384285 -14.238819 -6.320228 -0.625404 -26.924751 -3.827732 -4.397772 -49.831238 -3.655694 -13.708681 -7.363569 -3.720951 18.141403 -14.052915 -3.242748 2.1e-05 -18.787565 -4.5e-05 -0.429708 -8.456196 2.555526 1e-06 -1e-06 0.0 -15.923739 -20.094738 -5.473612 30.419638 -7.190908 1.735926 6e-06 -8.163043 -1.9e-05 -1.861898 -22.861919 -6.168114 4e-06 -8e-06 -3e-06 -175.96846 -1.740623 1.680581 5.59634 -0.012304 -0.004971 -77.250023 -0.110554 -4.768356 -5.166216 1.605035 2.178485 -1.000002 0.0 -0.0 3.476988 -4.738639 -7.737889 5.467069 -0.001729 0.052498 -76.639122 4.732666 -4.647237 -5.783926 0.560539 1.619069 -1.000005 -0.0 0.0 
0.0 0.0 0.0 0.0 -0.0 0.0 0.760224 100.087967 -0.785004 91.262604 1.865131 87.147659 -1.874485 -0.602562 0.026936 -11.514851 -0.640415 0.58131 16.081348 -0.950146 -1.957946 19.847343 3.087273 2.626542 -2.541079 -0.726234 -1.115339 -34.140907 -1.544801 -0.741434 6e-06 -0.0 0.0 0.053411 0.012907 -0.020745 0.08676 -0.024025 -0.024126 0.087343 0.048861 -0.016443 -121.335213 -71.017448 137.225067 42.690857 -58.343449 5.638046 25.148518 0.175341 -0.030419 -5.010199 5.907355 5.036302 17.636667 -26.322792 52.411274 -19.466835 -14.395674 29.410536 -2.1e-05 -8.774879 4e-06 15.967888 -17.903629 5.983107 -0.609772 -1.795664 -3.889339 -4.807085 -11.046858 -2.937871 5.6e-05 -20.976171 -1.9e-05 -5.019939 -25.033794 -4.031907 6e-06 0.0 -2e-06 -10.634555 -5.68698 -3.565589 10.573358 -17.923059 -3.113944 3.2e-05 -13.821309 -8e-06 -0.501692 -31.181839 -4.027051 -11.36542 -59.464653 7.047454 -13.982743 -7.150206 -2.875044 13.772809 -8.401561 -3.218279 0.347831 -34.211849 0.771623 -0.962994 -17.733564 2.621054 -1e-06 0.0 2e-06 -17.346441 -20.09527 -4.201789 21.75765 -1.638415 3.866417 1.6e-05 -6.338866 -6e-06 -1.697532 -22.591963 -6.194077 0.0 -4e-06 -2e-06 38.440346 -68.322105 161.278549 41.64468 -54.423298 -1.973026 29.703114 -0.201569 0.160258 -1.161287 6.285359 12.543764 22.182123 -20.375975 49.93343 -16.701899 -16.743563 28.476648 -3.2e-05 -12.69062 9e-06 15.930516 -17.562431 2.724281 -0.105918 -1.51386 -4.275889 -5.039036 -5.612879 -2.95357 2.8e-05 -11.020582 -7e-06 -6.111264 -15.89544 -3.840492 -1e-06 1e-06 -2e-06 -10.283371 -5.680285 -4.341853 11.028324 -11.302456 -2.372644 -1.384231 -14.238644 -6.32015 -0.625374 -26.924406 -3.827617 -4.368273 -49.847565 -3.702867 -13.708521 -7.36347 -3.720953 18.141195 -14.05281 -3.242698 4.3e-05 -18.787369 3e-06 -0.429703 -8.456111 2.555529 1e-06 0.0 -3e-06 -15.923511 -20.094496 -5.473608 30.419245 -7.190888 1.735894 1.6e-05 -8.162964 2e-06 -1.861842 -22.861647 -6.167964 2e-06 0.0 -4e-06 -176.059814 -1.712504 1.588427 5.604066 -0.016704 0.009202 -77.24453 0.077328 -4.715557 -5.168149 1.586738 2.177732 -0.999999 -0.0 -0.0 3.438085 -4.773017 -7.794124 5.474375 -0.004523 0.040671 -76.636398 4.675836 -4.650945 -5.785684 0.561258 1.624607 -0.999999 -0.0 0.0 
0.0 0.0 0.0 0.0 -0.0 0.0 0.802035 100.094749 -0.740333 91.277969 1.799221 87.303452 -1.829806 -0.61438 0.036107 -11.49753 -0.654624 0.580318 15.997021 -0.978353 -1.945434 19.801653 3.189485 2.652242 -2.538396 -0.723969 -1.205917 -34.192127 -1.484699 -0.820136 6e-06 -0.0 0.0 0.056647 0.010531 -0.024956 0.091817 -0.026539 -0.027612 0.093436 0.04653 -0.02129 -121.306595 -71.053841 137.125748 42.628716 -58.299294 5.464228 25.262028 0.1568 -0.030832 -4.882786 5.949876 5.071246 17.636442 -26.322542 52.410881 -19.466433 -14.395444 29.410152 -2.7e-05 -8.774692 1e-06 15.96611 -17.894541 5.998717 -0.609769 -1.795631 -3.8893 -4.806997 -11.046652 -2.937835 6.5e-05 -20.9757 1e-05 -5.019791 -25.033119 -4.031798 6e-06 -2e-06 1e-06 -10.634407 -5.68689 -3.565572 10.573164 -17.922733 -3.113862 3.4e-05 -13.821012 2e-05 -0.501703 -31.180983 -4.026885 -11.371089 -59.475101 7.070938 -13.982544 -7.150093 -2.875044 13.772557 -8.401415 -3.218204 0.347798 -34.211025 0.771697 -0.963006 -17.733122 2.621055 -1e-06 -1e-06 0.0 -17.346159 -20.094952 -4.201801 21.757256 -1.638402 3.866382 1.8e-05 -6.338735 1.2e-05 -1.697492 -22.591372 -6.19389 1e-06 -3e-06 -1e-06 38.479813 -68.47084 161.099747 41.607418 -54.560165 -2.055858 29.3298 -0.206624 0.147922 -1.313015 6.169649 12.891851 22.181959 -20.375883 49.933056 -16.701712 -16.743444 28.476389 -3.9e-05 -12.690503 1.5e-05 15.962455 -17.572786 2.708523 -0.105916 -1.513843 -4.275858 -5.038988 -5.612822 -2.95354 3.1e-05 -11.020472 1.3e-05 -6.111206 -15.895254 -3.840425 -1e-06 0.0 0.0 -10.283284 -5.680225 -4.341818 11.028231 -11.30236 -2.37261 -1.384219 -14.238497 -6.320063 -0.625395 -26.924112 -3.827507 -4.346803 -49.849068 -3.724537 -13.708406 -7.363396 -3.720926 18.141035 -14.052691 -3.242649 3.6e-05 -18.787191 3.8e-05 -0.429708 -8.456033 2.555521 0.0 -0.0 0.0 -15.923368 -20.094301 -5.473561 30.418978 -7.190829 1.735876 1.1e-05 -8.162896 2e-05 -1.861854 -22.861403 -6.167834 -1e-06 -4e-06 -4e-06 -176.129974 -1.68215 1.505855 5.610905 -0.019597 0.026257 -77.234306 0.242389 -4.665028 -5.16404 1.575183 2.176608 -0.999997 -0.0 -0.0 3.409909 -4.812758 -7.83855 5.489882 -0.005954 0.023017 -76.629669 4.61477 -4.637436 -5.798601 0.563 1.630666 -1.000001 -0.0 -0.0 
0.0 0.0 0.0 0.0 -0.0 0.0 0.851997 100.099792 -0.694125 91.294075 1.747276 87.451988 -1.795686 -0.612123 0.049221 -11.476787 -0.665526 0.584081 15.932858 -1.015452 -1.937733 19.79277 3.265262 2.682197 -2.535171 -0.723723 -1.31892 -34.221283 -1.435791 -0.922028 9e-06 -0.0 -0.0 0.059637 0.008517 -0.02713 0.09896 -0.029482 -0.028092 0.102019 0.045323 -0.024559 -121.393051 -71.049294 137.166733 42.531586 -58.273632 5.185925 25.270561 0.141067 -0.028901 -4.789716 6.023938 4.919245 17.636578 -26.322584 52.410892 -19.466532 -14.395539 29.410198 1.7e-05 -8.774792 -6e-06 15.96765 -17.893421 6.025777 -0.609776 -1.795647 -3.889308 -4.807096 -11.046779 -2.937826 -4e-05 -20.975945 1.5e-05 -5.02001 -25.033501 -4.031871 4e-06 4e-06 -1e-06 -10.634515 -5.686967 -3.565564 10.573202 -17.922871 -3.113874 -2.2e-05 -13.821164 3e-06 -0.501831 -31.181446 -4.027003 -11.38953 -59.484001 7.113853 -13.982687 -7.150196 -2.875015 13.772668 -8.401439 -3.218214 0.347657 -34.21143 0.771667 -0.96305 -17.733337 2.620998 0.0 -3e-06 2e-06 -17.346409 -20.095179 -4.201733 21.7575 -1.638331 3.866419 -1e-05 -6.338804 1e-06 -1.697628 -22.591707 -6.193991 -0.0 -6e-06 1e-06 38.57983 -68.613373 160.882614 41.555008 -54.680416 -2.274313 28.873262 -0.217792 0.127626 -1.480998 6.145186 13.300088 22.182098 -20.375811 49.93322 -16.701788 -16.743532 28.476482 2.1e-05 -12.690625 -2e-06 15.983598 -17.572319 2.701682 -0.105919 -1.513854 -4.275874 -5.039054 -5.612885 -2.953549 -1.8e-05 -11.020547 -2e-06 -6.111348 -15.895418 -3.840483 -0.0 1e-06 1e-06 -10.283381 -5.680304 -4.341826 11.028281 -11.302393 -2.372627 -1.3843 -14.238622 -6.320128 -0.625474 -26.924314 -3.827647 -4.332536 -49.81876 -3.725386 -13.708541 -7.363495 -3.720924 18.141138 -14.052715 -3.242665 -2.3e-05 -18.787308 -1.7e-05 -0.429718 -8.456079 2.555496 1e-06 0.0 -2e-06 -15.92358 -20.094511 -5.473557 30.419231 -7.190779 1.735945 -7e-06 -8.162938 -1.3e-05 -1.861919 -22.861591 -6.16801 -1e-06 -2e-06 2e-06 -176.180328 -1.647771 1.437902 5.615448 -0.021822 0.040243 -77.194275 0.399959 -4.609042 -5.160449 1.580738 2.179495 -1.000001 -0.0 0.0 3.398287 -4.852906 -7.887061 5.502443 -0.0055 0.005668 -76.627808 4.552344 -4.641273 -5.817525 0.566561 1.636283 -1.000001 -0.0 -0.0 
0.0 0.0 0.0 0.0 -0.0 0.0 0.899119 100.10228 -0.641531 91.304504 1.697443 87.568588 -1.785068 -0.60016 0.064399 -11.464059 -0.666751 0.589896 15.899067 -1.057808 -1.945728 19.803946 3.324882 2.697361 -2.524428 -0.728374 -1.421326 -34.225883 -1.407645 -1.050785 9e-06 -0.0 0.0 0.062429 0.007763 -0.023969 0.108308 -0.031474 -0.022509 0.112197 0.045737 -0.022802 -121.559662 -70.995094 137.28801 42.385025 -58.264267 4.888044 25.170963 0.118485 -0.026347 -4.774137 6.151902 4.675141 17.636744 -26.32288 52.411385 -19.466789 -14.395652 29.410549 -1.9e-05 -8.774871 -8e-06 15.966761 -17.899288 6.056118 -0.609776 -1.795659 -3.889343 -4.807093 -11.046861 -2.937871 4.7e-05 -20.976179 7e-06 -5.019951 -25.033796 -4.031898 5e-06 0.0 -1e-06 -10.634564 -5.686979 -3.565604 10.573352 -17.923063 -3.113916 2.8e-05 -13.821312 1.4e-05 -0.50172 -31.181849 -4.027012 -11.411544 -59.490566 7.1623 -13.982753 -7.150207 -2.875063 13.772802 -8.401561 -3.218256 0.347803 -34.211857 0.771684 -0.963017 -17.733582 2.621092 -5e-06 2e-06 -0.0 -17.346455 -20.095278 -4.201812 21.757652 -1.638423 3.866452 1.5e-05 -6.338868 3e-06 -1.697533 -22.591967 -6.194061 1e-06 -4e-06 -2e-06 38.725666 -68.759087 160.600967 41.426529 -54.793861 -2.48419 28.403282 -0.230651 0.104672 -1.655026 6.191515 13.805467 22.182199 -20.375963 49.933434 -16.701998 -16.743624 28.476692 -3.7e-05 -12.690682 1.2e-05 15.987248 -17.563101 2.705088 -0.105911 -1.513864 -4.275898 -5.039054 -5.612903 -2.953566 3.1e-05 -11.020624 -1.3e-05 -6.111296 -15.895509 -3.840502 2e-06 -1e-06 -3e-06 -10.283405 -5.680305 -4.341849 11.028379 -11.302503 -2.372667 -1.384234 -14.238707 -6.320168 -0.625355 -26.92453 -3.827639 -4.310925 -49.772919 -3.723494 -13.708573 -7.363496 -3.720946 18.141285 -14.052865 -3.242724 5.9e-05 -18.787439 -2e-05 -0.429691 -8.456141 2.555526 -1e-06 2e-06 0.0 -15.923579 -20.094572 -5.473601 30.419386 -7.19092 1.735892 2.1e-05 -8.162991 -1e-05 -1.861836 -22.861729 -6.168013 1e-06 -4e-06 -2e-06 -176.22464 -1.615071 1.396392 5.625171 -0.024391 0.044058 -77.144913 0.543701 -4.554097 -5.163468 1.599879 2.18499 -0.999998 -0.0 -0.0 3.396247 -4.886851 -7.927255 5.507989 -0.003156 -0.006807 -76.629112 4.481604 -4.665726 -5.839399 0.568759 1.639586 -1.000001 0.0 0.0 
0.0 0.0 0.0 0.0 -0.0 0.0 0.938894 100.097061 -0.580305 91.310883 1.649377 87.652557 -1.794632 -0.583324 0.076189 -11.460906 -0.661596 0.593342 15.89047 -1.104632 -1.978816 19.829863 3.368358 2.693948 -2.517102 -0.732661 -1.486321 -34.209251 -1.393719 -1.163523 8e-06 0.0 1e-06 0.062147 0.005938 -0.022895 0.114723 -0.034026 -0.019048 0.121113 0.044517 -0.023085 -121.72937 -70.918983 137.432083 42.213669 -58.282326 4.601481 24.920052 0.109299 -0.014224 -4.843023 6.265456 4.389285 17.636721 -26.322815 52.411247 -19.466831 -14.39563 29.41049 -3.5e-05 -8.774852 -2e-06 15.987128 -17.903273 6.063807 -0.609772 -1.795661 -3.889337 -4.807065 -11.046855 -2.937866 8.5e-05 -20.976171 -9e-06 -5.019897 -25.033777 -4.03187 5e-06 2e-06 1e-06 -10.634545 -5.686968 -3.565599 10.573365 -17.92308 -3.113932 5.6e-05 -13.821312 1e-06 -0.501657 -31.181831 -4.026999 -11.394355 -59.503357 7.194018 -13.982728 -7.150193 -2.875054 13.772792 -8.401579 -3.218262 0.347876 -34.211853 0.771636 -0.962974 -17.733572 2.621078 -2e-06 3e-06 2e-06 -17.346405 -20.095257 -4.201803 21.757605 -1.638445 3.866425 2.6e-05 -6.338868 -3e-06 -1.697485 -22.591957 -6.194051 -0.0 -6e-06 -1e-06 38.94252 -68.926544 160.250809 41.253563 -54.932064 -2.67057 27.986578 -0.229709 0.088059 -1.801381 6.251697 14.318208 22.182182 -20.375919 49.933376 -16.701979 -16.743601 28.476645 -3.5e-05 -12.690677 4e-06 15.975307 -17.550901 2.723071 -0.105914 -1.513864 -4.275895 -5.039053 -5.612896 -2.953566 3.1e-05 -11.020602 -2e-05 -6.111299 -15.895476 -3.840506 -1e-06 -1e-06 2e-06 -10.283401 -5.680298 -4.341847 11.028371 -11.302485 -2.37266 -1.384239 -14.238682 -6.320162 -0.625346 -26.924477 -3.827652 -4.290249 -49.744102 -3.705886 -13.708563 -7.363487 -3.720944 18.14127 -14.052846 -3.242722 6.3e-05 -18.787401 -2.7e-05 -0.429686 -8.456125 2.555521 -2e-06 1e-06 -3e-06 -15.923569 -20.094543 -5.473601 30.419369 -7.190917 1.735898 2.3e-05 -8.162978 -1.3e-05 -1.861828 -22.861687 -6.168014 -1e-06 -6e-06 -3e-06 -176.260391 -1.588927 1.341346 5.636593 -0.025671 0.042514 -77.102486 0.677369 -4.48345 -5.161574 1.621265 2.190878 -0.999999 -0.0 0.0 3.39822 -4.915842 -7.951295 5.508115 0.00235 -0.01126 -76.628067 4.416825 -4.68982 -5.847306 0.573406 1.641008 -1.000005 0.0 -0.0 
0.0 0.0 0.0 0.0 -0.0 0.0 0.977059 100.087532 -0.518514 91.315369 1.60195 87.705376 -1.800598 -0.568106 0.082179 -11.459198 -0.650727 0.60512 15.876662 -1.148634 -2.030216 19.851456 3.38686 2.679287 -2.516752 -0.721459 -1.520659 -34.189316 -1.386929 -1.210884 8e-06 -0.0 0.0 0.058003 0.004958 -0.020861 0.116648 -0.034004 -0.016713 0.125022 0.042482 -0.020759 -121.83847 -70.834763 137.515686 41.993057 -58.335743 4.460497 24.550423 0.107942 0.001159 -4.939178 6.283257 4.142744 17.636765 -26.323009 52.411598 -19.466915 -14.395741 29.4107 -1.8e-05 -8.774928 0.0 16.000662 -17.906624 6.061731 -0.609777 -1.795666 -3.889355 -4.807113 -11.046919 -2.937881 4.3e-05 -20.976311 0.0 -5.019996 -25.033989 -4.031919 6e-06 -0.0 0.0 -10.634603 -5.687003 -3.56561 10.573409 -17.923159 -3.113946 2.7e-05 -13.821401 9e-06 -0.501729 -31.182095 -4.027051 -11.352538 -59.503735 7.199036 -13.982805 -7.150237 -2.875062 13.772872 -8.4016 -3.218284 0.347798 -34.212078 0.771675 -0.963025 -17.733694 2.621095 -0.0 -1e-06 2e-06 -17.346521 -20.095364 -4.20181 21.757751 -1.638425 3.866449 1.4e-05 -6.338911 2e-06 -1.697553 -22.592157 -6.1941 -0.0 -3e-06 -3e-06 39.193821 -69.086525 159.878632 40.996464 -55.071007 -2.732528 27.720736 -0.230016 0.078595 -1.911635 6.291382 14.657316 22.18223 -20.37598 49.933483 -16.701963 -16.743637 28.476683 -2.7e-05 -12.690695 3e-06 15.970067 -17.54665 2.73099 -0.105917 -1.513866 -4.275897 -5.039063 -5.612896 -2.95357 2.7e-05 -11.020599 -1.4e-05 -6.111314 -15.895464 -3.840509 2e-06 -1e-06 -3e-06 -10.283419 -5.680305 -4.341849 11.02838 -11.302474 -2.372657 -1.384252 -14.238667 -6.320161 -0.625372 -26.924431 -3.827634 -4.266483 -49.73476 -3.704151 -13.708588 -7.363495 -3.720944 18.141291 -14.052839 -3.242716 4.6e-05 -18.787394 -1.2e-05 -0.429694 -8.456117 2.555527 -2e-06 3e-06 1e-06 -15.923601 -20.094561 -5.473604 30.419416 -7.190912 1.735913 1.7e-05 -8.162976 -3e-06 -1.86186 -22.861666 -6.167993 -1e-06 -3e-06 -3e-06 -176.28801 -1.567384 1.292445 5.644167 -0.024972 0.032585 -77.077682 0.791066 -4.399129 -5.159918 1.62966 2.193437 -1.0 -0.0 -0.0 3.395725 -4.937663 -7.946356 5.503307 0.01086 -0.015217 -76.62571 4.359108 -4.720551 -5.840283 0.581912 1.641469 -0.999999 0.0 -0.0 
0.0 0.0 0.0 0.0 -0.0 0.0 1.007315 100.080261 -0.455627 91.317657 1.55836 87.739906 -1.78546 -0.556034 0.084797 -11.45627 -0.634496 0.631413 15.845079 -1.186251 -2.096624 19.86875 3.39258 2.651595 -2.518564 -0.704597 -1.525225 -34.201744 -1.3795 -1.215447 7e-06 0.0 -0.0 0.050888 0.005615 -0.016321 0.114079 -0.032433 -0.014234 0.125744 0.042063 -0.01416 -121.852013 -70.78862 137.530762 41.801189 -58.416294 4.433815 24.128376 0.087828 0.014635 -5.019254 6.219846 4.057486 17.636446 -26.322521 52.410965 -19.466434 -14.395496 29.410204 6e-06 -8.774734 3e-06 16.015654 -17.899662 6.051233 -0.609774 -1.795635 -3.889303 -4.807053 -11.04669 -2.937832 -1e-05 -20.975746 -0.0 -5.019906 -25.033232 -4.031868 8e-06 0.0 -2e-06 -10.634459 -5.686929 -3.565572 10.573159 -17.922741 -3.113872 -5e-06 -13.821043 5e-06 -0.501778 -31.181087 -4.026971 -11.307364 -59.479671 7.200856 -13.982613 -7.150145 -2.875031 13.772598 -8.401388 -3.218216 0.34769 -34.211102 0.771675 -0.963044 -17.73316 2.621008 -2e-06 0.0 2e-06 -17.346287 -20.095039 -4.201776 21.757364 -1.63834 3.866395 -3e-06 -6.338749 5e-06 -1.697581 -22.591457 -6.193954 -2e-06 -4e-06 -1e-06 39.485172 -69.220703 159.508514 40.766666 -55.193668 -2.708518 27.569166 -0.213283 0.077662 -1.995254 6.316237 14.7605 22.181959 -20.375719 49.933048 -16.701622 -16.743393 28.476307 7e-06 -12.690485 -3e-06 15.977498 -17.550253 2.72709 -0.105925 -1.513842 -4.275858 -5.039009 -5.612826 -2.95354 -3e-06 -11.020418 -9e-06 -6.111244 -15.895192 -3.840468 0.0 -0.0 1e-06 -10.283307 -5.680256 -4.341821 11.02819 -11.302291 -2.372604 -1.384264 -14.238438 -6.320084 -0.625417 -26.923899 -3.827601 -4.248663 -49.749542 -3.710212 -13.708439 -7.363433 -3.720921 18.140984 -14.052589 -3.242634 -6e-06 -18.787077 -3e-06 -0.429714 -8.455961 2.555485 -2e-06 -0.0 -0.0 -15.923439 -20.094337 -5.473564 30.418959 -7.190731 1.735936 -5e-06 -8.162843 3e-06 -1.861887 -22.861235 -6.167906 0.0 -3e-06 0.0 -176.307999 -1.549888 1.256657 5.650478 -0.024372 0.019798 -77.058525 0.887454 -4.345639 -5.16187 1.628095 2.191858 -0.999995 0.0 0.0 3.398815 -4.94982 -7.954638 5.484708 0.018409 -0.015464 -76.626373 4.307401 -4.734828 -5.836775 0.586837 1.63998 -0.999999 -1e-06 0.0 
0.0 0.0 0.0 0.0 -0.0 0.0 1.029399 100.075897 -0.389169 91.323677 1.501895 87.753784 -1.762128 -0.553978 0.078755 -11.4523 -0.617871 0.653286 15.794993 -1.213199 -2.156463 19.880817 3.398113 2.621799 -2.515933 -0.696312 -1.493383 -34.261681 -1.365121 -1.211403 6e-06 0.0 -0.0 0.046689 0.005637 -0.015802 0.116785 -0.031752 -0.015952 0.132645 0.041304 -0.011857 -121.726967 -70.781151 137.42157 41.664707 -58.541061 4.492498 23.697239 0.074258 0.019864 -5.10206 6.073519 4.16508 17.636539 -26.322664 52.411045 -19.46666 -14.395537 29.410358 -3.2e-05 -8.774776 4e-06 16.024466 -17.885923 6.044415 -0.609771 -1.795647 -3.889318 -4.807027 -11.046766 -2.937852 7.7e-05 -20.975994 -7e-06 -5.01985 -25.033548 -4.031843 7e-06 -1e-06 1e-06 -10.634463 -5.686926 -3.565592 10.573265 -17.922924 -3.113904 4.6e-05 -13.821189 7e-06 -0.501672 -31.181519 -4.026963 -11.273585 -59.458759 7.193618 -13.982619 -7.150141 -2.875048 13.772672 -8.401505 -3.218245 0.347844 -34.211517 0.771651 -0.962988 -17.733397 2.621062 0.0 -0.0 2e-06 -17.346258 -20.095097 -4.201801 21.757421 -1.638423 3.866388 2.1e-05 -6.338813 2e-06 -1.697474 -22.591747 -6.193993 -0.0 -3e-06 -2e-06 39.786633 -69.335541 159.160553 40.581997 -55.334999 -2.69132 27.448084 -0.173258 0.076494 -2.014819 6.358187 14.672336 22.181946 -20.375839 49.933075 -16.701738 -16.743431 28.476397 -3.6e-05 -12.690496 1.3e-05 15.996209 -17.559126 2.716782 -0.105915 -1.513847 -4.275861 -5.03899 -5.612831 -2.95354 2.9e-05 -11.020473 -1e-06 -6.111196 -15.895252 -3.84044 1e-06 -0.0 0.0 -10.283291 -5.680238 -4.341819 11.02823 -11.302362 -2.372623 -1.384214 -14.238496 -6.320076 -0.625376 -26.924076 -3.827539 -4.252796 -49.767689 -3.725415 -13.70842 -7.363412 -3.720927 18.141037 -14.052693 -3.242665 4e-05 -18.787182 1.4e-05 -0.4297 -8.45602 2.555502 3e-06 -1e-06 1e-06 -15.923383 -20.094337 -5.473564 30.418978 -7.190827 1.735874 1.3e-05 -8.162887 5e-06 -1.861836 -22.861378 -6.167869 -2e-06 -3e-06 1e-06 -176.344193 -1.534268 1.241391 5.664513 -0.021443 0.009481 -77.039154 0.962033 -4.330057 -5.152971 1.611651 2.18505 -0.999993 0.0 -0.0 3.383737 -4.962135 -7.989315 5.461925 0.024398 -0.009604 -76.636955 4.272922 -4.72547 -5.823997 0.583406 1.637545 -0.999998 -0.0 -0.0 
0.0 0.0 0.0 0.0 -0.0 0.0 1.04245 100.074493 -0.326646 91.337585 1.447756 87.748528 -1.735658 -0.554076 0.065802 -11.446162 -0.612149 0.65291 15.743596 -1.230567 -2.177457 19.905518 3.398799 2.60196 -2.514443 -0.691489 -1.482293 -34.38768 -1.356226 -1.188849 7e-06 -0.0 -0.0 0.04651 0.005851 -0.016074 0.125136 -0.032413 -0.017747 0.142326 0.042449 -0.011374 -121.469086 -70.802086 137.179382 41.571453 -58.709419 4.593408 23.381239 0.098506 0.021591 -5.131177 5.879849 4.351858 17.636755 -26.322849 52.411312 -19.466757 -14.395684 29.410488 4e-06 -8.774896 -5e-06 16.018791 -17.866802 6.039106 -0.609779 -1.795662 -3.889342 -4.807127 -11.046871 -2.937851 -4e-06 -20.976171 1.2e-05 -5.020041 -25.03381 -4.031914 3e-06 1e-06 2e-06 -10.634593 -5.686997 -3.565595 10.573342 -17.92305 -3.113904 -2e-06 -13.821312 6e-06 -0.501801 -31.181835 -4.027044 -11.266349 -59.449524 7.18234 -13.982795 -7.150233 -2.875041 13.772823 -8.401532 -3.218251 0.347725 -34.211826 0.77168 -0.963039 -17.733549 2.621054 -1e-06 2e-06 -0.0 -17.346531 -20.095314 -4.201772 21.757708 -1.638383 3.866451 -1e-06 -6.338866 4e-06 -1.697613 -22.591955 -6.194057 -0.0 -5e-06 -0.0 40.011108 -69.434402 158.921829 40.441288 -55.501877 -2.759509 27.321472 -0.140013 0.069351 -1.939873 6.454089 14.624193 22.182289 -20.376074 49.933655 -16.702044 -16.743654 28.476822 -3.2e-05 -12.690732 2e-06 16.013235 -17.564642 2.702431 -0.105917 -1.51387 -4.275911 -5.039074 -5.612925 -2.953588 2.9e-05 -11.020677 -1.2e-05 -6.111322 -15.895606 -3.840536 0.0 -1e-06 3e-06 -10.283433 -5.680323 -4.341872 11.028406 -11.302546 -2.372667 -1.384242 -14.238775 -6.320209 -0.625364 -26.924709 -3.827669 -4.258069 -49.758343 -3.763429 -13.708609 -7.363521 -3.720972 18.141333 -14.052922 -3.242722 5.5e-05 -18.78754 -1.5e-05 -0.429697 -8.456201 2.555551 0.0 2e-06 1e-06 -15.923623 -20.094631 -5.473632 30.41946 -7.190947 1.735921 2e-05 -8.163032 -6e-06 -1.861843 -22.861868 -6.168052 1e-06 -3e-06 1e-06 -176.384277 -1.516956 1.20474 5.683801 -0.014795 0.005635 -77.035225 1.01323 -4.318354 -5.122959 1.598923 2.181457 -0.999998 -0.0 -0.0 3.357528 -4.975557 -8.004271 5.450164 0.028525 -0.005547 -76.650253 4.248343 -4.690684 -5.794687 0.572091 1.635219 -1.000001 -0.0 0.0 
0.0 0.0 0.0 0.0 -0.0 0.0 1.049705 100.077393 -0.275192 91.352249 1.400969 87.736061 -1.701834 -0.544933 0.049981 -11.438437 -0.616389 0.637608 15.692695 -1.239107 -2.154081 19.937893 3.392039 2.601274 -2.514485 -0.691218 -1.497669 -34.521099 -1.356536 -1.151606 9e-06 -0.0 -0.0 0.049514 0.004392 -0.023075 0.141747 -0.037586 -0.024581 0.1581 0.044898 -0.0193 -121.196983 -70.829811 136.907013 41.431507 -58.870228 4.706484 23.26388 0.120853 0.022863 -5.112701 5.72834 4.525377 17.636604 -26.322729 52.411125 -19.466541 -14.395527 29.410273 -1e-05 -8.774769 -9e-06 15.99236 -17.85302 6.040407 -0.609776 -1.795644 -3.88932 -4.807051 -11.046742 -2.937839 2.7e-05 -20.975897 2.5e-05 -5.019907 -25.033396 -4.031831 6e-06 3e-06 -0.0 -10.634487 -5.686934 -3.56559 10.573228 -17.922873 -3.113862 1.4e-05 -13.821141 2.4e-05 -0.501772 -31.181343 -4.026923 -11.265453 -59.455479 7.171531 -13.982651 -7.150153 -2.87505 13.772661 -8.401466 -3.218216 0.347742 -34.21138 0.771716 -0.963034 -17.73332 2.621062 -0.0 2e-06 -0.0 -17.346323 -20.095112 -4.201791 21.757442 -1.638394 3.866417 8e-06 -6.338795 1.2e-05 -1.697555 -22.591642 -6.193949 1e-06 -4e-06 -1e-06 40.212002 -69.511581 158.708984 40.33305 -55.694389 -2.907415 27.185389 -0.15558 0.05555 -1.836226 6.571552 14.775663 22.182106 -20.375929 49.933346 -16.701735 -16.743464 28.47648 -1.8e-05 -12.69054 -8e-06 16.025297 -17.572403 2.692364 -0.105922 -1.513848 -4.275876 -5.039019 -5.612839 -2.953561 1.9e-05 -11.020472 -0.0 -6.111238 -15.895254 -3.840485 -0.0 1e-06 -0.0 -10.283344 -5.680261 -4.341847 11.028255 -11.302361 -2.372613 -1.384241 -14.238497 -6.32011 -0.625387 -26.924055 -3.827574 -4.24916 -49.743034 -3.80874 -13.708482 -7.363439 -3.720954 18.141081 -14.052691 -3.242643 2.3e-05 -18.787178 2.3e-05 -0.429708 -8.456015 2.555521 -0.0 -2e-06 3e-06 -15.923468 -20.094395 -5.473608 30.419077 -7.190828 1.735936 9e-06 -8.162889 1.5e-05 -1.861867 -22.861359 -6.16789 0.0 -3e-06 -2e-06 -176.421463 -1.502966 1.144312 5.701279 -0.008616 0.002434 -77.030975 1.076764 -4.283594 -5.091582 1.594356 2.18016 -0.999996 0.0 -0.0 3.325136 -4.982533 -8.012874 5.450584 0.026797 -0.001195 -76.663368 4.222705 -4.643569 -5.764378 0.560757 1.634248 -1.000003 -0.0 0.0 
0.0 0.0 0.0 0.0 -0.0 0.0 1.054747 100.082054 -0.228872 91.36602 1.358833 87.72879 -1.661721 -0.525188 0.039316 -11.433286 -0.624648 0.628615 15.653269 -1.244524 -2.10967 19.963045 3.385534 2.622988 -2.508409 -0.695981 -1.524653 -34.631413 -1.367777 -1.11974 8e-06 -0.0 0.0 0.054131 0.002577 -0.033058 0.15753 -0.045474 -0.034328 0.170211 0.049445 -0.029949 -120.955887 -70.859131 136.656097 41.272781 -58.974041 4.784816 23.318874 0.119587 0.01363 -5.055256 5.654268 4.648574 17.636627 -26.322802 52.411312 -19.466742 -14.395613 29.410484 -2.4e-05 -8.77483 0.0 15.960783 -17.85508 6.045257 -0.609774 -1.795656 -3.889336 -4.807059 -11.046812 -2.937864 6.3e-05 -20.976063 -9e-06 -5.019896 -25.033632 -4.031881 2e-06 3e-06 1e-06 -10.634519 -5.686954 -3.5656 10.573319 -17.922993 -3.113925 3.8e-05 -13.821237 5e-06 -0.501686 -31.181614 -4.027 -11.2858 -59.472801 7.170764 -13.982693 -7.150177 -2.875058 13.772745 -8.401531 -3.218253 0.34782 -34.211643 0.771658 -0.963004 -17.733454 2.621065 2e-06 2e-06 1e-06 -17.346363 -20.095198 -4.201815 21.757547 -1.638424 3.866415 1.5e-05 -6.338838 3e-06 -1.697511 -22.591835 -6.194035 3e-06 -3e-06 -5e-06 40.402184 -69.562141 158.509857 40.252533 -55.882927 -3.08411 27.033298 -0.229191 0.036746 -1.722698 6.694627 15.090827 22.182108 -20.376011 49.933498 -16.70191 -16.743557 28.476675 -4.1e-05 -12.690609 1.7e-05 16.038033 -17.580141 2.683619 -0.105915 -1.513859 -4.275896 -5.039027 -5.612874 -2.953572 3.3e-05 -11.020564 -8e-06 -6.111245 -15.895404 -3.840496 -0.0 -1e-06 0.0 -10.283362 -5.680276 -4.341854 11.028326 -11.302455 -2.372656 -1.384217 -14.238623 -6.320151 -0.625343 -26.924345 -3.827614 -4.211539 -49.744999 -3.868025 -13.708513 -7.363463 -3.720959 18.141195 -14.052813 -3.242709 5.1e-05 -18.78735 6e-06 -0.429699 -8.456105 2.555534 -2e-06 2e-06 -1e-06 -15.923493 -20.094484 -5.473621 30.419235 -7.190896 1.735878 1.9e-05 -8.162958 5e-06 -1.861836 -22.861591 -6.167949 -0.0 -3e-06 0.0 -176.452255 -1.491994 1.092533 5.712313 -0.004834 0.001479 -77.035767 1.128428 -4.250608 -5.079875 1.598757 2.179459 -0.999996 0.0 -0.0 3.295061 -4.981509 -8.041975 5.454964 0.022726 0.003146 -76.680336 4.206359 -4.583017 -5.746534 0.553334 1.635152 -1.000001 -0.0 0.0 
0.0 0.0 0.0 0.0 -0.0 0.0 1.045726 100.091591 -0.180558 91.381187 1.32168 87.741653 -1.618465 -0.50593 0.034524 -11.425105 -0.635635 0.628458 15.616955 -1.242905 -2.068205 20.007616 3.367176 2.663671 -2.502679 -0.692001 -1.566103 -34.738686 -1.399101 -1.078053 7e-06 -0.0 -0.0 0.058494 -0.000781 -0.049193 0.168959 -0.054492 -0.050209 0.173856 0.052206 -0.046637 -120.728172 -70.884727 136.420013 41.186638 -59.014153 4.831013 23.425755 0.119967 -0.005467 -4.975602 5.628316 4.729237 17.636673 -26.322718 52.411129 -19.466661 -14.395617 29.410368 4e-06 -8.774848 -9e-06 15.947795 -17.892668 6.055938 -0.609777 -1.795655 -3.889324 -4.807104 -11.046821 -2.937848 -1e-06 -20.976057 5e-06 -5.02 -25.033655 -4.031899 5e-06 -2e-06 -0.0 -10.63455 -5.686975 -3.565581 10.573288 -17.92296 -3.113895 -0.0 -13.821231 3e-06 -0.501788 -31.18162 -4.027027 -11.364471 -59.510784 7.20217 -13.982736 -7.150203 -2.875036 13.772753 -8.401493 -3.218237 0.347725 -34.211601 0.771665 -0.963033 -17.733431 2.621038 -1e-06 2e-06 -2e-06 -17.346453 -20.095228 -4.201766 21.757605 -1.638375 3.866438 2e-06 -6.338836 1e-06 -1.6976 -22.591837 -6.194032 0.0 -2e-06 -1e-06 40.520798 -69.592354 158.395737 40.148178 -56.033981 -3.140326 26.930532 -0.309769 0.02718 -1.669456 6.800944 15.414601 22.182173 -20.375956 49.933418 -16.701941 -16.74361 28.476679 -1.5e-05 -12.690688 8e-06 16.056908 -17.573963 2.664969 -0.105917 -1.513865 -4.275895 -5.039063 -5.612907 -2.953568 1.3e-05 -11.020631 -5e-06 -6.111337 -15.895542 -3.840505 0.0 -1e-06 -1e-06 -10.283401 -5.680308 -4.341846 11.028356 -11.302483 -2.372653 -1.384261 -14.238711 -6.320167 -0.625411 -26.924564 -3.827644 -4.14736 -49.759373 -3.938057 -13.708568 -7.3635 -3.720943 18.141254 -14.052839 -3.242707 2.3e-05 -18.787453 -8e-06 -0.429709 -8.45616 2.555534 -0.0 3e-06 -1e-06 -15.923584 -20.094563 -5.47359 30.419357 -7.19088 1.735915 1e-05 -8.162997 -3e-06 -1.861886 -22.861771 -6.168019 -0.0 -4e-06 0.0 -176.476532 -1.485828 1.060364 5.71027 -0.003887 0.00065 -77.069443 1.200813 -4.237775 -5.137668 1.596184 2.177224 -1.000002 0.0 -0.0 3.270931 -4.977327 -8.10674 5.461261 0.019947 0.006563 -76.716743 4.229527 -4.527793 -5.734552 0.546963 1.63718 -1.000005 -0.0 0.0 
0.0 0.0 0.0 0.0 -0.0 0.0 1.020614 100.1017 -0.125097 91.400742 1.295775 87.809746 -1.582423 -0.497278 0.02427 -11.405204 -0.642435 0.629467 15.58623 -1.239995 -2.036332 20.051508 3.317944 2.661277 -2.50616 -0.668843 -1.555527 -34.793045 -1.460009 -1.099692 9e-06 0.0 0.0 0.060091 -0.00403 -0.061479 0.180398 -0.061675 -0.06236 0.177361 0.05332 -0.059076 -120.562386 -70.897156 136.286682 41.201294 -58.993122 4.785148 23.53573 0.159594 -0.009315 -4.930682 5.664786 4.824359 17.636753 -26.322947 52.411472 -19.466908 -14.39568 29.410637 -3.6e-05 -8.774892 -1e-06 15.971145 -17.957428 6.075506 -0.609774 -1.795667 -3.88935 -4.807077 -11.046892 -2.937883 8.9e-05 -20.976276 -6e-06 -5.019921 -25.033932 -4.031891 8e-06 -2e-06 -1e-06 -10.634562 -5.686979 -3.565612 10.573403 -17.923145 -3.113945 5.7e-05 -13.821376 8e-06 -0.501647 -31.182034 -4.02702 -11.461524 -59.592213 7.239321 -13.982753 -7.150206 -2.875062 13.772833 -8.401609 -3.218277 0.347873 -34.212006 0.771654 -0.96299 -17.733654 2.621099 -1e-06 1e-06 2e-06 -17.346434 -20.095304 -4.201828 21.757671 -1.638458 3.866437 2.7e-05 -6.338896 0.0 -1.697486 -22.592087 -6.194085 2e-06 -7e-06 -1e-06 40.599319 -69.5979 158.321884 40.006706 -56.174454 -2.978487 26.931641 -0.322915 0.047336 -1.697829 6.873818 15.54331 22.182213 -20.37595 49.933422 -16.701975 -16.743568 28.47665 -5e-05 -12.690654 -3e-06 16.046673 -17.551262 2.638605 -0.105916 -1.513863 -4.275898 -5.039044 -5.612885 -2.953572 4.5e-05 -11.020587 -2e-05 -6.11126 -15.895442 -3.840508 -1e-06 2e-06 -1e-06 -10.283392 -5.680286 -4.341856 11.028367 -11.302485 -2.372656 -1.384216 -14.23866 -6.320166 -0.625316 -26.924438 -3.827634 -4.069072 -49.752129 -3.99669 -13.708549 -7.36347 -3.720963 18.14126 -14.052851 -3.242707 8.2e-05 -18.787376 -1.7e-05 -0.429674 -8.456112 2.555525 -1e-06 1e-06 -0.0 -15.923536 -20.094515 -5.473624 30.419336 -7.190946 1.735906 3.6e-05 -8.162969 -9e-06 -1.861799 -22.861637 -6.167991 1e-06 -2e-06 -1e-06 -176.497223 -1.475024 1.094598 5.704325 -0.003486 -0.006609 -77.08622 1.276384 -4.236373 -5.265211 1.591547 2.17762 -1.000001 0.0 0.0 3.255799 -4.974462 -8.161941 5.47872 0.014259 0.014228 -76.762199 4.202424 -4.47262 -5.77936 0.550917 1.641064 -1.000001 0.0 -0.0 
0.0 0.0 0.0 0.0 -0.0 0.0 0.993728 100.105179 -0.066042 91.42807 1.251375 87.952805 -1.575045 -0.497086 0.015049 -11.374804 -0.646511 0.631714 15.565865 -1.231812 -2.044981 20.062656 3.236393 2.59694 -2.51811 -0.64489 -1.49189 -34.76244 -1.553253 -1.213453 7e-06 0.0 0.0 0.06728 -0.008454 -0.070903 0.199584 -0.074045 -0.07059 0.189584 0.057112 -0.070144 -120.516777 -70.887115 136.277283 41.183044 -58.906776 4.683313 23.733685 0.185729 0.001079 -4.958414 5.770118 4.848088 17.63666 -26.322901 52.411449 -19.466753 -14.395667 29.41057 -7e-06 -8.774871 5e-06 16.026056 -18.042986 6.082112 -0.609778 -1.795656 -3.889338 -4.8071 -11.046855 -2.937864 1.3e-05 -20.976154 1.1e-05 -5.01999 -25.033781 -4.031903 5e-06 -2e-06 -0.0 -10.634559 -5.686979 -3.565599 10.573321 -17.923033 -3.113914 8e-06 -13.821297 1.3e-05 -0.501772 -31.181816 -4.02702 -11.515321 -59.665977 7.227709 -13.982744 -7.150209 -2.875054 13.772783 -8.401532 -3.218259 0.347738 -34.211811 0.771695 -0.963047 -17.733553 2.621078 1e-06 -0.0 1e-06 -17.346457 -20.095266 -4.201796 21.757635 -1.638393 3.866434 4e-06 -6.338865 7e-06 -1.697577 -22.591951 -6.194055 0.0 -7e-06 1e-06 40.612324 -69.552658 158.284531 39.747131 -56.280613 -2.721497 27.021048 -0.31986 0.088378 -1.729738 6.890719 15.61162 22.182144 -20.375879 49.933357 -16.701864 -16.743498 28.476559 -2.9e-05 -12.690595 -9e-06 16.019228 -17.540874 2.638111 -0.10592 -1.513861 -4.275884 -5.039033 -5.612864 -2.95357 3e-05 -11.020525 -1.9e-05 -6.111242 -15.895345 -3.840515 -0.0 1e-06 -1e-06 -10.283369 -5.68028 -4.341849 11.028306 -11.302415 -2.372641 -1.384231 -14.238572 -6.320148 -0.62533 -26.924213 -3.827643 -4.047565 -49.724346 -3.968978 -13.708519 -7.363464 -3.720957 18.141167 -14.05276 -3.242684 5.8e-05 -18.787258 -1.9e-05 -0.429689 -8.456047 2.555511 -0.0 -2e-06 3e-06 -15.923509 -20.094471 -5.473622 30.419205 -7.190878 1.735926 2.3e-05 -8.162917 -5e-06 -1.861817 -22.861458 -6.16796 -1e-06 -3e-06 -1e-06 -176.563736 -1.456192 1.263842 5.721682 -0.002648 -0.02684 -77.104843 1.288162 -4.256178 -5.358994 1.598577 2.180641 -0.999997 0.0 -0.0 3.225823 -4.971931 -8.249693 5.502412 0.008779 0.029578 -76.777946 4.071978 -4.43299 -5.88927 0.557358 1.642656 -1.000002 -0.0 -0.0 
